[Message:   BepInEx] BepInEx 5.4.23.3 - valheim (7/1/2026 1:45:56 AM)
[Message:   BepInEx] User is running BepInExPack Valheim version 5.4.2333 from Thunderstore
[Info   :   BepInEx] Running under Unity v6000.0.61.7643309
[Info   :   BepInEx] CLR runtime version: 4.0.30319.42000
[Info   :   BepInEx] Supports SRE: True
[Info   :   BepInEx] System platform: Bits64, Windows
[Message:   BepInEx] Preloader started
[Info   :   BepInEx] Loaded 1 patcher method from [BepInEx.Preloader 5.4.23.3]
[Info   :   BepInEx] 1 patcher plugin loaded
[Info   :   BepInEx] Patching [UnityEngine.CoreModule] with [BepInEx.Chainloader]
[Message:   BepInEx] Preloader finished
[Message:   BepInEx] Chainloader ready
[Message:   BepInEx] Chainloader started
[Info   :   BepInEx] 3 plugins to load
[Info   :   BepInEx] Loading [Comfy Camera Proof 0.1.0]
[Info   :Comfy Camera Proof] Comfy Camera Proof loaded. F8/status and F9/move proof commands are available.
[Info   :   BepInEx] Loading [ComfyControlSurface 0.6.0]
[Info   :ComfyControlSurface] [07/31/2026 06:16:05] Comfy control surface loaded.
[Info   :   BepInEx] Loading [ComfyNetworkSense 0.5.45]
[Info   :ComfyNetworkSense] [07/31/2026 06:16:05] Authoritative consumer init: enabled=True, manifest=p7-primary-v1, gateway=http://8.231.129.249:42317
[Info   :ComfyNetworkSense] [07/31/2026 06:16:05] Authoritative consumer init: authoritative consumer armed
[Info   :ComfyNetworkSense] [07/31/2026 06:16:05] Panel input patch applied: GameCamera.UpdateMouseCapture
[Info   :ComfyNetworkSense] [07/31/2026 06:16:05] Panel input patch applied: Character.TakeInput
[Info   :ComfyNetworkSense] [07/31/2026 06:16:05] GameplayEventPatches: patched Character.RPC_Damage
[Info   :ComfyNetworkSense] [07/31/2026 06:16:05] GameplayEventPatches: patched Character.Damage
[Info   :ComfyNetworkSense] [07/31/2026 06:16:05] GameplayEventPatches: patched Character.OnDeath
[Info   :ComfyNetworkSense] [07/31/2026 06:16:05] Lab auto-join patch applied: FejdStartup.Start
[Info   :ComfyNetworkSense] [07/31/2026 06:16:05] Quest view loaded: 4 tracked quest(s) for Derek from C:\Program Files (x86)\Steam\steamapps\common\Valheim\BepInEx\config\comfy-network-sense\quest-view.json
[Info   :ComfyNetworkSense] [07/31/2026 06:16:05] Telemetry scaffold ready.
[Info   :ComfyNetworkSense] [07/31/2026 06:16:05] Lumberjacks contract release=m30-rolecontrol-20260723-r1 schema_version=2 operation=zdo_redirect
[Message:   BepInEx] Chainloader startup complete
[Info   : Unity Log] 07/31/2026 06:16:06: Using environment steamid 892970

[Info   : Unity Log] 07/31/2026 06:16:06: Using steam APPID:892970

[Info   : Unity Log] 07/31/2026 06:16:06: Authentication:k_ESteamNetworkingAvailability_Attempting

[Info   : Unity Log] 07/31/2026 06:16:06: Platform doesn't implement Process Lifetime Management! Don't initialize suspend manager.

[Info   : Unity Log] 07/31/2026 06:16:06: Initialized platform!

[Info   : Unity Log] 07/31/2026 06:16:06: Platform doesn't implement matchmaking! Don't initialize matchmaking manager.

[Info   : Unity Log] 07/31/2026 06:16:06: All files in local storage save data:
C:/Users/derek/AppData/LocalLow/IronGate/Valheim\adminlist.txt (40)
C:/Users/derek/AppData/LocalLow/IronGate/Valheim\bannedlist.txt (41)
C:/Users/derek/AppData/LocalLow/IronGate/Valheim\permittedlist.txt (43)
C:/Users/derek/AppData/LocalLow/IronGate/Valheim\Player-prev.log (290310)
C:/Users/derek/AppData/LocalLow/IronGate/Valheim\Player.log (4356)

[Info   : Unity Log] 07/31/2026 06:16:06: All files in platform save data:
characters/durracktu.fch (29392463)
characters/durracktu.fch.old (29391517)
serverlist/favorite (331)
serverlist/favorite.old (292)
serverlist/recent (500)
serverlist/recent.old (500)
characters/durracktu_backup_auto-20260721144325.fch (29391516)
characters/durracktu_backup_auto-20260715013753.fch (29390697)
characters/durracktu_backup_auto-20260715033754.fch (29390697)
characters/durracktu_backup_auto-20260721103453.fch (29390870)
characters/tugcorp_backup_auto-20260723002552.fch (8402422)
characters/tugcorp_backup_auto-20260723103120.fch (8402611)
characters/tugcorp_backup_auto-20260729185603.fch (8402640)
characters/tugcorp.fch (8402928)
characters/tugcorp.fch.old.stmp (0)
characters/tugcorp_backup_auto-20260730233300.fch (8402907)
characters/tugcorp.fch.old (8402928)

[Info   : Unity Log] 07/31/2026 06:16:06: Initializing preferences provider...

[Info   : Unity Log] 07/31/2026 06:16:06: No preference provider available for this platform!

[Info   : Unity Log] 07/31/2026 06:16:06: Set background loading budget to Low

[Info   : Unity Log] 07/31/2026 06:16:06: Loading first scene!

[Info   : Unity Log] 07/31/2026 06:16:06: Preferences initialized! Activating first scene!

[Info   : Unity Log] 07/31/2026 06:16:06: 

[Info   : Unity Log] 07/31/2026 06:16:06: Starting to load scene:start.unity (169d7618616154c03be07e9ad3af5893)

[Info   : Unity Log] 07/31/2026 06:16:06: Set background loading budget to Normal

[Info   : Unity Log] 07/31/2026 06:16:06: Loaded localization file #0 - 'localization' language: 'English'

[Info   : Unity Log] 07/31/2026 06:16:06: Loaded localization file #1 - 'localization_extra' language: 'English'

[Info   : Unity Log] 07/31/2026 06:16:06: Loaded localization file #2 - 'heightmap_message' language: 'English'

[Info   : Unity Log] 07/31/2026 06:16:06: Loaded localization file #3 - 'localization_witch' language: 'English'

[Info   : Unity Log] 07/31/2026 06:16:06: Loaded localization file #4 - 'localization_ashlands' language: 'English'

[Info   : Unity Log] 07/31/2026 06:16:06: Loaded localization file #5 - 'localization_captions' language: 'English'

[Info   : Unity Log] 07/31/2026 06:16:06: Loaded localization file #6 - 'localization_combatupdate' language: 'English'

[Info   : Unity Log] 07/31/2026 06:16:06: Loaded localization file #7 - 'localization_celebrationupdate' language: 'English'

[Info   : Unity Log] 07/31/2026 06:16:06: Loaded localization file #0 - 'localization' language: 'English'

[Info   : Unity Log] 07/31/2026 06:16:06: Loaded localization file #1 - 'localization_extra' language: 'English'

[Info   : Unity Log] 07/31/2026 06:16:06: Loaded localization file #2 - 'heightmap_message' language: 'English'

[Info   : Unity Log] 07/31/2026 06:16:06: Loaded localization file #3 - 'localization_witch' language: 'English'

[Info   : Unity Log] 07/31/2026 06:16:06: Loaded localization file #4 - 'localization_ashlands' language: 'English'

[Info   : Unity Log] 07/31/2026 06:16:06: Loaded localization file #5 - 'localization_captions' language: 'English'

[Info   : Unity Log] 07/31/2026 06:16:06: Loaded localization file #6 - 'localization_combatupdate' language: 'English'

[Info   : Unity Log] 07/31/2026 06:16:06: Loaded localization file #7 - 'localization_celebrationupdate' language: 'English'

[Info   : Unity Log] 07/31/2026 06:16:10: Set background loading budget to High

[Info   : Unity Log] 07/31/2026 06:16:10: GPU Device: 10DE:2F04 (NVIDIA)

[Info   : Unity Log] 07/31/2026 06:16:11: Set background loading budget to Low

[Warning: Unity Log] Only custom filters can be played. Please add a custom filter or an audioclip to the audiosource (Amb_MainMenu).
[Warning: Unity Log] 07/31/2026 06:16:11: Missing audio clip in music respawn

[Info   : Unity Log] 07/31/2026 06:16:11: Steam initialized, persona:wary.fool

[Info   : Unity Log] 07/31/2026 06:16:11: Valheim version: 0.221.12 (network version 36)

[Info   : Unity Log] 07/31/2026 06:16:11: Worldgenerator version setup:2

[Info   : Unity Log] 07/31/2026 06:16:11: Render threading mode:LegacyJobified

[Info   : Unity Log] 07/31/2026 06:16:11: Checking for installed DLCs

[Info   : Unity Log] 07/31/2026 06:16:11: DLC:beta installed:False

[Info   : Unity Log] 07/31/2026 06:16:11:   failed to load: /characters/tugcorp.fch.old.stmp.fch (Unable to find the specified file.)

[Warning: Unity Log] 07/31/2026 06:16:11: No player data

[Info   : Unity Log] 07/31/2026 06:16:11: Failed to load tugcorp.fch.old.stmp

[Info   :ComfyNetworkSense] [07/31/2026 06:16:11] AUTOTEST_READY run_id=native-20260731-c8-full26 client=omen character=Tugcorp server=100.116.82.60:2456 renderer=NVIDIA_GeForce_RTX_5070 renderer_type=Direct3D11 native_poison=true
[Info   : Unity Log] 07/31/2026 06:16:11: Sending PlayFab login request (attempt 1)

[Info   :ComfyNetworkSense] [07/31/2026 06:16:11] CUTOVER_SCENARIO state=scenario_loaded run_id=native-20260731-c8-full26 client=omen action=none detail=actions=25
[Info   : Unity Log] 07/31/2026 06:16:11: Starting music menu

[Info   : Unity Log] 07/31/2026 06:16:11: Session auth respons callback

[Info   : Unity Log] 07/31/2026 06:16:12: Logged in PlayFab user via Steam auth session ticket

[Info   : Unity Log] 07/31/2026 06:16:12: PlayFab local entity ID is BA21E16F96FD7DF7

[Info   : Unity Log] 07/31/2026 06:16:12: Released session ticket

[Info   : Unity Log] 07/31/2026 06:16:20: OnCharacterStart

[Info   :ComfyNetworkSense] [07/31/2026 06:16:20] AUTOTEST_STEAM_FREE_SCENE_REQUESTED run_id=native-20260731-c8-full26 client=omen character=Tugcorp server=100.116.82.60:2456 native_connect=false native_handshake=false
[Info   :ComfyNetworkSense] [07/31/2026 06:16:20] Lab auto-join started existing character 'Tugcorp' at profile index 0.
[Info   :ComfyNetworkSense] [07/31/2026 06:16:20] AUTOTEST_CHARACTER_SELECTED run_id=native-20260731-c8-full26 client=omen character=Tugcorp server=100.116.82.60:2456 profile_index=0
[Info   : Unity Log] 07/31/2026 06:16:20: Audioman already exist, destroying self

[Info   : Unity Log] 07/31/2026 06:16:20: Steam initialized, persona:wary.fool

[Info   : Unity Log] 07/31/2026 06:16:20: Loading player profile tugcorp

[Info   : Unity Log] 07/31/2026 06:16:20: isModded: True

[Info   : Unity Log] 07/31/2026 06:16:20: Zonesystem Awake 760

[Info   : Unity Log] 07/31/2026 06:16:20: DungeonDB Awake 760

[Info   : Unity Log] 07/31/2026 06:16:20: Steam initialized, persona:wary.fool

[Info   : Unity Log] 07/31/2026 06:16:20: Checking for installed DLCs

[Info   : Unity Log] 07/31/2026 06:16:20: DLC:beta installed:False

[Info   : Unity Log] 07/31/2026 06:16:20: Zonesystem Start 760

[Info   : Unity Log] 07/31/2026 06:16:20: Added 3 locations, 0 vegetations, 0 environments, 0 biome env-setups, 0 clutter  from main

[Info   : Unity Log] 07/31/2026 06:16:20: Added 1 locations, 0 vegetations, 2 environments, 0 biome env-setups, 0 clutter  from main

[Info   : Unity Log] 07/31/2026 06:16:20: Added 27 locations, 25 vegetations, 5 environments, 1 biome env-setups, 3 clutter  from main

[Info   : Unity Log] 07/31/2026 06:16:20: Added 4 locations, 0 vegetations, 1 environments, 0 biome env-setups, 0 clutter  from main

[Info   : Unity Log] 07/31/2026 06:16:20: Added 25 locations, 33 vegetations, 8 environments, 2 biome env-setups, 2 clutter  from main

[Info   : Unity Log] 07/31/2026 06:16:20: DungeonDB Start 760

[Info   : Unity Log] 07/31/2026 06:16:20: ZRpc timeout set to 30s 

[Info   : Unity Log] 07/31/2026 06:16:20: ZNET START

[Info   :ComfyNetworkSense] [07/31/2026 06:16:20] LOGICAL_PEER_CUTOVER state=native_client_connect_suppressed run_id=native-20260731-c8-full26 detail=source=request_manifest_native_target=false_logical_connection_status=connecting
[Info   :ComfyNetworkSense] [07/31/2026 06:16:20] Registered routed RPC: ComfyNetworkSense_ServerPulse
[Info   :ComfyNetworkSense] [07/31/2026 06:16:20] Registered routed RPC: ComfyNetworkSense_GameplayEvent
[Info   :ComfyNetworkSense] [07/31/2026 06:16:20] LUMBERJACKS_SESSION state=session_started run_id=native-20260731-c8-full26 client=omen action=none detail=sequence=0_connection_id=d23547c316aa429fa35ae0a407ad978e_resumed=false_reincarnated=false_logical_peer_id=lp_c63184ad7fe2fd0616f8f0cd84f7c6150d9687b039d568454b911e5f7dd544f1_server_instance_id=am4-gateway-dev_world_id=am4-cutover-world_udp_ready=true
[Info   :ComfyNetworkSense] [07/31/2026 06:16:20] LUMBERJACKS_SESSION state=peer_bind_queued run_id=native-20260731-c8-full26 client=omen action=none detail=sequence=0_connection_id=d23547c316aa429fa35ae0a407ad978e_role=client_peer_uid=258831700
[Info   :ComfyNetworkSense] [07/31/2026 06:16:20] LUMBERJACKS_SESSION state=motion_region_join_queued run_id=native-20260731-c8-full26 client=omen action=none detail=sequence=0_connection_id=d23547c316aa429fa35ae0a407ad978e_region_id=region-spawn
[Info   :ComfyNetworkSense] [07/31/2026 06:16:20] WORLD_ZONE_CUTOVER state=descriptor_requested run_id=native-20260731-c8-full26 client=client detail=fault_mode=none
[Info   :ComfyNetworkSense] [07/31/2026 06:16:20] LOGICAL_PEER_CUTOVER state=logical_server_announced run_id=native-20260731-c8-full26 detail=peer_uid=1179166357_logical_peer_id=lp_c9b96e29024c30948164b6025b7d6b67ef3e40eb243b767a108cf27e4657b0da
[Info   :ComfyNetworkSense] [07/31/2026 06:16:20] WORLD_ZONE_CUTOVER state=descriptor_accepted run_id=native-20260731-c8-full26 client=client detail=world_epoch=world-ffffffff63e5be34_world_generation_version=2_initial_zone=35,-1_global_keys=8_location_icons=10
[Info   : Unity Log] 07/31/2026 06:16:20: Worldgenerator version setup:2

[Info   :ComfyNetworkSense] [07/31/2026 06:16:22] LOGICAL_PEER_CUTOVER state=logical_peer_constructed run_id=native-20260731-c8-full26 detail=role=server_peer_uid=1179166357_logical_peer_id=lp_c9b96e29024c30948164b6025b7d6b67ef3e40eb243b767a108cf27e4657b0da_socket_type=LogicalSocket_native_socket=false
[Info   :ComfyNetworkSense] [07/31/2026 06:16:22] LOGICAL_PEER_CUTOVER state=client_logical_peer_ready run_id=native-20260731-c8-full26 detail=remote_peer_uid=1179166357_remote_logical_peer_id=lp_c9b96e29024c30948164b6025b7d6b67ef3e40eb243b767a108cf27e4657b0da_world_epoch=world-ffffffff63e5be34_native_socket=false_native_handshake=false
[Info   : Unity Log] 07/31/2026 06:16:27: Generating new world minimap done [4667ms]

[Info   : Unity Log] 07/31/2026 06:16:27: Minimap: unpacking compressed mapData 8644 => 8388789 bytes

[Info   : Unity Log] 07/31/2026 06:16:27: Starting respawn

[Info   :ComfyNetworkSense] [07/31/2026 06:16:27] WORLD_ZONE_CUTOVER state=world_bootstrap_applied_typed run_id=native-20260731-c8-full26 client=client detail=start_location=StartTemple_global_keys=8_location_icons=10_native_routed_rpc=false
[Info   :ComfyNetworkSense] [07/31/2026 06:16:27] WORLD_ZONE_CUTOVER state=bootstrap_progress run_id=native-20260731-c8-full26 client=omen detail=bootstrap_applied=True_start_icon=True_start_position=2211,33,-69_reference_position=2215,33.16,-69_reference_zone=35,-1_zone_loaded=False_area_ready=False_local_player=False_banked=0_inbound=0_applied=0_superseded=0_apply_failures=0
[Info   : Unity Log] 07/31/2026 06:16:27: tip:$loadscreen_tip12

[Info   :ComfyNetworkSense] [07/31/2026 06:16:29] LOGICAL_PEER_CUTOVER state=logical_native_invoke_suppressed run_id=native-20260731-c8-full26 detail=count=1_method=ServerSyncedPlayerData_semantic_fallback=false
[Info   :ComfyNetworkSense] [07/31/2026 06:16:29] WORLD_ZONE_CUTOVER state=bootstrap_progress run_id=native-20260731-c8-full26 client=omen detail=bootstrap_applied=True_start_icon=True_start_position=2211,33,-69_reference_position=2215,33.16,-69_reference_zone=35,-1_zone_loaded=True_area_ready=False_local_player=False_banked=1308_inbound=0_applied=1299_superseded=0_apply_failures=0
[Info   : Unity Log] 07/31/2026 06:16:31: Done fading color

[Info   : Unity Log] 07/31/2026 06:16:31: Done fading color

[Info   : Unity Log] 07/31/2026 06:16:31: Done fading color

[Info   : Unity Log] 07/31/2026 06:16:31: Done fading color

[Info   : Unity Log] 07/31/2026 06:16:31: Done fading color

[Info   : Unity Log] 07/31/2026 06:16:31: Done fading color

[Info   : Unity Log] 07/31/2026 06:16:31: Done fading color

[Info   :ComfyNetworkSense] [07/31/2026 06:16:31] LOGICAL_PEER_CUTOVER state=logical_native_invoke_suppressed run_id=native-20260731-c8-full26 detail=count=2_method=ServerSyncedPlayerData_semantic_fallback=false
[Info   :ComfyNetworkSense] [07/31/2026 06:16:31] WORLD_ZONE_CUTOVER state=bootstrap_progress run_id=native-20260731-c8-full26 client=omen detail=bootstrap_applied=True_start_icon=True_start_position=2211,33,-69_reference_position=2215,33.16,-69_reference_zone=35,-1_zone_loaded=True_area_ready=True_local_player=False_banked=1308_inbound=0_applied=1299_superseded=0_apply_failures=0
[Info   : Unity Log] 07/31/2026 06:16:31: Done fading color

[Warning: Unity Log] 07/31/2026 06:16:31: Failed to get attach prefab for item FlametalOre

[Warning: Unity Log] 07/31/2026 06:16:31: Failed to get attach prefab for item FlametalOre

[Warning:ComfyNetworkSense] [07/31/2026 06:16:32] Authoritative consumer poll failed: TimeoutException: connect timeout to 8.231.129.249:42317
[Info   :ComfyNetworkSense] [07/31/2026 06:16:33] LOGICAL_PEER_CUTOVER state=logical_native_invoke_suppressed run_id=native-20260731-c8-full26 detail=count=3_method=ServerSyncedPlayerData_semantic_fallback=false
[Info   :ComfyNetworkSense] [07/31/2026 06:16:33] WORLD_ZONE_CUTOVER state=bootstrap_progress run_id=native-20260731-c8-full26 client=omen detail=bootstrap_applied=True_start_icon=True_start_position=2211,33,-69_reference_position=2215,33.16,-69_reference_zone=35,-1_zone_loaded=True_area_ready=True_local_player=False_banked=1308_inbound=0_applied=1299_superseded=0_apply_failures=0
[Info   :ComfyNetworkSense] [07/31/2026 06:16:35] LOGICAL_PEER_CUTOVER state=logical_native_invoke_suppressed run_id=native-20260731-c8-full26 detail=count=4_method=ServerSyncedPlayerData_semantic_fallback=false
[Info   : Unity Log] 07/31/2026 06:16:35: Spawned after 8.019993

[Info   :ComfyNetworkSense] [07/31/2026 06:16:35] LOGICAL_PEER_CUTOVER state=character_id_queued run_id=native-20260731-c8-full26 detail=target_logical_peer_id=lp_c9b96e29024c30948164b6025b7d6b67ef3e40eb243b767a108cf27e4657b0da_character_id=258831700:1
[Error  : Unity Log] 07/31/2026 06:16:35: Failed to get player info for player Steam_76561198088711642 who sent the chat message "I HAVE ARRIVED!"!

[Info   : Unity Log] 07/31/2026 06:16:35: Skipping unloading unused assets

[Info   :ComfyNetworkSense] [07/31/2026 06:16:35] AUTOTEST_JOINED run_id=native-20260731-c8-full26 client=omen character=Tugcorp server=100.116.82.60:2456 peer_count=1 player=Tugcorp renderer=NVIDIA_GeForce_RTX_5070 renderer_type=Direct3D11 graphics_memory_mb=11943
[Info   :ComfyNetworkSense] [07/31/2026 06:16:35] WORLD_ZONE_CUTOVER state=bootstrap_ready run_id=native-20260731-c8-full26 client=omen detail=bootstrap_applied=True_start_icon=True_start_position=2211,33,-69_reference_position=2215,33.41,-69_reference_zone=35,-1_zone_loaded=True_area_ready=True_local_player=True_banked=1308_inbound=0_applied=1299_superseded=0_apply_failures=0
[Info   :ComfyNetworkSense] [07/31/2026 06:16:35] MOTION_AUTHORITY state=local_motion_identity run_id=native-20260731-c8-full26 client=omen action=none detail=uid=258831700:1_position=2214.996,33.406,-69
[Info   :ComfyNetworkSense] [07/31/2026 06:16:35] CUTOVER_SCENARIO state=teleport_safeguard_enabled run_id=native-20260731-c8-full26 client=omen action=none detail=god=True_fly=False_dead=False
[Info   :ComfyNetworkSense] [07/31/2026 06:16:35] CUTOVER_SCENARIO state=action_started run_id=native-20260731-c8-full26 client=omen action=omen-settle detail=kind=wait
[Info   : Unity Log] 07/31/2026 06:16:35: Minimap: Adding unique location (-4269.00, 40.00, 4415.00)

[Info   : Unity Log] 07/31/2026 06:16:35: Minimap: Adding unique location (-4424.00, 42.00, 4431.00)

[Info   : Unity Log] 07/31/2026 06:16:35: Minimap: Adding unique location (2211.00, 33.00, -69.00)

[Info   : Unity Log] 07/31/2026 06:16:35: Minimap: Adding unique location (-4357.00, 49.00, 4361.00)

[Info   :ComfyNetworkSense] [07/31/2026 06:16:35] LOGICAL_PEER_CUTOVER state=logical_native_invoke_suppressed run_id=native-20260731-c8-full26 detail=count=8_method=ZDOData_semantic_fallback=false
[Info   :ComfyNetworkSense] [07/31/2026 06:16:35] LOGICAL_PEER_CUTOVER state=logical_native_invoke_suppressed run_id=native-20260731-c8-full26 detail=count=16_method=ZDOData_semantic_fallback=false
[Info   :ComfyNetworkSense] [07/31/2026 06:16:36] LOGICAL_PEER_CUTOVER state=logical_native_invoke_suppressed run_id=native-20260731-c8-full26 detail=count=32_method=ZDOData_semantic_fallback=false
[Info   :ComfyNetworkSense] [07/31/2026 06:16:37] CUTOVER_SCENARIO state=completed run_id=native-20260731-c8-full26 client=omen action=omen-settle detail=wait_elapsed
[Info   :ComfyNetworkSense] [07/31/2026 06:16:37] CUTOVER_SCENARIO state=action_started run_id=native-20260731-c8-full26 client=omen action=omen-c8-safe-origin detail=kind=teleport_to
[Info   :ComfyNetworkSense] [07/31/2026 06:16:37] CUTOVER_SCENARIO state=teleport_safeguard_enabled run_id=native-20260731-c8-full26 client=omen action=omen-c8-safe-origin detail=god=True_fly=False_dead=False
[Info   :ComfyNetworkSense] [07/31/2026 06:16:37] CUTOVER_SCENARIO state=coordinate_teleport_started run_id=native-20260731-c8-full26 client=omen action=omen-c8-safe-origin detail=target=2211,80,-69
[Info   : Unity Log] 07/31/2026 06:16:37: Starting music blackforest

[Info   : Unity Log] 07/31/2026 06:16:37: Resumed music blackforest at 0

[Warning:ComfyNetworkSense] [07/31/2026 06:16:37] Authoritative consumer telemetry failed: TimeoutException: connect timeout to 8.231.129.249:42317
[Info   :ComfyNetworkSense] [07/31/2026 06:16:38] LOGICAL_PEER_CUTOVER state=logical_native_invoke_suppressed run_id=native-20260731-c8-full26 detail=count=64_method=ZDOData_semantic_fallback=false
[Info   :ComfyNetworkSense] [07/31/2026 06:16:39] MOTION_AUTHORITY state=remote_player_descriptor_applied run_id=native-20260731-c8-full26 client=omen action=none detail=logical_peer_id=lp_19f2670527be6f633c140c5938e5ff4c85d4bbe309e63007f20327439f837d5c_uid=2754264836:1_generation=1_ack_queued=true
[Info   :ComfyNetworkSense] [07/31/2026 06:16:39] MOTION_AUTHORITY state=remote_motion_discovered run_id=native-20260731-c8-full26 client=omen action=none detail=uid=2754264836:1_position=2211,33.3,-59.01_transport=udp
[Info   :ComfyNetworkSense] [07/31/2026 06:16:39] MOTION_AUTHORITY state=logical_remote_seeded run_id=native-20260731-c8-full26 client=omen action=none detail=uid=2754264836:1_prefab=Player_owner=2754264836_generation=1_source=reliable_aoi_descriptor
[Info   :ComfyNetworkSense] [07/31/2026 06:16:39] MOTION_AUTHORITY state=remote_instance_missing run_id=native-20260731-c8-full26 client=omen action=none detail=uid=2754264836:1_known_player_uids=258831700:1
[Info   :ComfyNetworkSense] [07/31/2026 06:16:39] MOTION_AUTHORITY state=native_transform_writer_suppressed run_id=native-20260731-c8-full26 client=omen action=none detail=count=1_writer=ZSyncTransform.CustomFixedUpdate
[Info   :ComfyNetworkSense] [07/31/2026 06:16:39] MOTION_AUTHORITY state=native_transform_writer_suppressed run_id=native-20260731-c8-full26 client=omen action=none detail=count=2_writer=ZSyncTransform.CustomFixedUpdate
[Info   :ComfyNetworkSense] [07/31/2026 06:16:39] MOTION_AUTHORITY state=native_transform_writer_suppressed run_id=native-20260731-c8-full26 client=omen action=none detail=count=3_writer=ZSyncTransform.CustomFixedUpdate
[Info   :ComfyNetworkSense] [07/31/2026 06:16:39] MOTION_AUTHORITY state=native_transform_writer_suppressed run_id=native-20260731-c8-full26 client=omen action=none detail=count=4_writer=ZSyncTransform.CustomFixedUpdate
[Info   :ComfyNetworkSense] [07/31/2026 06:16:39] MOTION_AUTHORITY state=native_transform_writer_suppressed run_id=native-20260731-c8-full26 client=omen action=none detail=count=8_writer=ZSyncTransform.CustomFixedUpdate
[Info   :ComfyNetworkSense] [07/31/2026 06:16:39] MOTION_AUTHORITY state=native_transform_writer_suppressed run_id=native-20260731-c8-full26 client=omen action=none detail=count=16_writer=ZSyncTransform.CustomFixedUpdate
[Info   :ComfyNetworkSense] [07/31/2026 06:16:39] MOTION_AUTHORITY state=native_transform_writer_suppressed run_id=native-20260731-c8-full26 client=omen action=none detail=count=32_writer=ZSyncTransform.CustomFixedUpdate
[Info   :ComfyNetworkSense] [07/31/2026 06:16:40] MOTION_AUTHORITY state=native_transform_writer_suppressed run_id=native-20260731-c8-full26 client=omen action=none detail=count=64_writer=ZSyncTransform.CustomFixedUpdate
[Info   :ComfyNetworkSense] [07/31/2026 06:16:40] MOTION_AUTHORITY state=native_transform_writer_suppressed run_id=native-20260731-c8-full26 client=omen action=none detail=count=128_writer=ZSyncTransform.CustomFixedUpdate
[Info   :ComfyNetworkSense] [07/31/2026 06:16:41] LOGICAL_PEER_CUTOVER state=logical_native_invoke_suppressed run_id=native-20260731-c8-full26 detail=count=128_method=ZDOData_semantic_fallback=false
[Info   :ComfyNetworkSense] [07/31/2026 06:16:41] MOTION_AUTHORITY state=native_transform_writer_suppressed run_id=native-20260731-c8-full26 client=omen action=none detail=count=256_writer=ZSyncTransform.CustomFixedUpdate
[Info   :ComfyNetworkSense] [07/31/2026 06:16:42] CUTOVER_SCENARIO state=coordinate_teleport_progress run_id=native-20260731-c8-full26 client=omen action=omen-c8-safe-origin detail=teleporting=True_distance=0_target_zone=35,-1_reference_zone=35,-1_zone_loaded=True_area_ready=True_sector_objects=1241_valid_prefabs=1241_instantiated=1241_missing=0_banked=1317_inbound=0_applied=1308_superseded=0_apply_failures=0
[Warning:ComfyNetworkSense] [07/31/2026 06:16:42] Authoritative consumer poll failed: TimeoutException: connect timeout to 8.231.129.249:42317
[Info   :ComfyNetworkSense] [07/31/2026 06:16:43] MOTION_AUTHORITY state=target_rejected run_id=native-20260731-c8-full26 client=omen action=none detail=sequence=65_target_error_mm=47899_native_fallback=false
[Info   :ComfyNetworkSense] [07/31/2026 06:16:43] MOTION_AUTHORITY state=target_rejected run_id=native-20260731-c8-full26 client=omen action=none detail=sequence=65_target_error_mm=47901_native_fallback=false
[Info   :ComfyNetworkSense] [07/31/2026 06:16:43] MOTION_AUTHORITY state=target_rejected run_id=native-20260731-c8-full26 client=omen action=none detail=sequence=65_target_error_mm=47904_native_fallback=false
[Info   :ComfyNetworkSense] [07/31/2026 06:16:43] MOTION_AUTHORITY state=target_rejected run_id=native-20260731-c8-full26 client=omen action=none detail=sequence=65_target_error_mm=47907_native_fallback=false
[Info   :ComfyNetworkSense] [07/31/2026 06:16:43] MOTION_AUTHORITY state=target_rejected run_id=native-20260731-c8-full26 client=omen action=none detail=sequence=65_target_error_mm=47910_native_fallback=false
[Info   :ComfyNetworkSense] [07/31/2026 06:16:43] MOTION_AUTHORITY state=target_rejected run_id=native-20260731-c8-full26 client=omen action=none detail=sequence=65_target_error_mm=47913_native_fallback=false
[Info   :ComfyNetworkSense] [07/31/2026 06:16:43] MOTION_AUTHORITY state=target_rejected run_id=native-20260731-c8-full26 client=omen action=none detail=sequence=66_target_error_mm=47916_native_fallback=false
[Info   :ComfyNetworkSense] [07/31/2026 06:16:43] MOTION_AUTHORITY state=target_rejected run_id=native-20260731-c8-full26 client=omen action=none detail=sequence=66_target_error_mm=47919_native_fallback=false
[Info   :ComfyNetworkSense] [07/31/2026 06:16:43] MOTION_AUTHORITY state=target_rejected run_id=native-20260731-c8-full26 client=omen action=none detail=sequence=66_target_error_mm=47922_native_fallback=false
[Info   :ComfyNetworkSense] [07/31/2026 06:16:43] MOTION_AUTHORITY state=target_rejected run_id=native-20260731-c8-full26 client=omen action=none detail=sequence=66_target_error_mm=47925_native_fallback=false
[Info   :ComfyNetworkSense] [07/31/2026 06:16:43] MOTION_AUTHORITY state=target_rejected run_id=native-20260731-c8-full26 client=omen action=none detail=sequence=66_target_error_mm=47928_native_fallback=false
[Info   :ComfyNetworkSense] [07/31/2026 06:16:43] MOTION_AUTHORITY state=target_rejected run_id=native-20260731-c8-full26 client=omen action=none detail=sequence=66_target_error_mm=47931_native_fallback=false
[Info   :ComfyNetworkSense] [07/31/2026 06:16:43] MOTION_AUTHORITY state=target_rejected run_id=native-20260731-c8-full26 client=omen action=none detail=sequence=66_target_error_mm=47934_native_fallback=false
[Info   :ComfyNetworkSense] [07/31/2026 06:16:43] MOTION_AUTHORITY state=target_rejected run_id=native-20260731-c8-full26 client=omen action=none detail=sequence=67_target_error_mm=47927_native_fallback=false
[Info   :ComfyNetworkSense] [07/31/2026 06:16:43] MOTION_AUTHORITY state=target_rejected run_id=native-20260731-c8-full26 client=omen action=none detail=sequence=67_target_error_mm=47930_native_fallback=false
[Info   :ComfyNetworkSense] [07/31/2026 06:16:43] MOTION_AUTHORITY state=target_rejected run_id=native-20260731-c8-full26 client=omen action=none detail=sequence=67_target_error_mm=47933_native_fallback=false
[Info   :ComfyNetworkSense] [07/31/2026 06:16:43] MOTION_AUTHORITY state=target_rejected run_id=native-20260731-c8-full26 client=omen action=none detail=sequence=67_target_error_mm=47936_native_fallback=false
[Info   :ComfyNetworkSense] [07/31/2026 06:16:43] MOTION_AUTHORITY state=target_rejected run_id=native-20260731-c8-full26 client=omen action=none detail=sequence=67_target_error_mm=47938_native_fallback=false
[Info   :ComfyNetworkSense] [07/31/2026 06:16:43] MOTION_AUTHORITY state=target_rejected run_id=native-20260731-c8-full26 client=omen action=none detail=sequence=67_target_error_mm=47941_native_fallback=false
[Info   :ComfyNetworkSense] [07/31/2026 06:16:43] MOTION_AUTHORITY state=target_rejected run_id=native-20260731-c8-full26 client=omen action=none detail=sequence=68_target_error_mm=47944_native_fallback=false
[Info   :ComfyNetworkSense] [07/31/2026 06:16:43] MOTION_AUTHORITY state=target_rejected run_id=native-20260731-c8-full26 client=omen action=none detail=sequence=68_target_error_mm=47947_native_fallback=false
[Info   :ComfyNetworkSense] [07/31/2026 06:16:43] MOTION_AUTHORITY state=target_rejected run_id=native-20260731-c8-full26 client=omen action=none detail=sequence=68_target_error_mm=47950_native_fallback=false
[Info   :ComfyNetworkSense] [07/31/2026 06:16:43] MOTION_AUTHORITY state=target_rejected run_id=native-20260731-c8-full26 client=omen action=none detail=sequence=68_target_error_mm=47953_native_fallback=false
[Info   :ComfyNetworkSense] [07/31/2026 06:16:43] MOTION_AUTHORITY state=target_rejected run_id=native-20260731-c8-full26 client=omen action=none detail=sequence=68_target_error_mm=47956_native_fallback=false
[Info   :ComfyNetworkSense] [07/31/2026 06:16:43] MOTION_AUTHORITY state=target_rejected run_id=native-20260731-c8-full26 client=omen action=none detail=sequence=68_target_error_mm=47959_native_fallback=false
[Info   :ComfyNetworkSense] [07/31/2026 06:16:43] MOTION_AUTHORITY state=target_rejected run_id=native-20260731-c8-full26 client=omen action=none detail=sequence=68_target_error_mm=47962_native_fallback=false
[Info   :ComfyNetworkSense] [07/31/2026 06:16:43] MOTION_AUTHORITY state=target_rejected run_id=native-20260731-c8-full26 client=omen action=none detail=sequence=68_target_error_mm=47965_native_fallback=false
[Info   :ComfyNetworkSense] [07/31/2026 06:16:43] MOTION_AUTHORITY state=target_rejected run_id=native-20260731-c8-full26 client=omen action=none detail=sequence=69_target_error_mm=47968_native_fallback=false
[Info   :ComfyNetworkSense] [07/31/2026 06:16:43] MOTION_AUTHORITY state=target_rejected run_id=native-20260731-c8-full26 client=omen action=none detail=sequence=69_target_error_mm=47971_native_fallback=false
[Info   :ComfyNetworkSense] [07/31/2026 06:16:43] MOTION_AUTHORITY state=target_rejected run_id=native-20260731-c8-full26 client=omen action=none detail=sequence=69_target_error_mm=47974_native_fallback=false
[Info   :ComfyNetworkSense] [07/31/2026 06:16:43] MOTION_AUTHORITY state=target_rejected run_id=native-20260731-c8-full26 client=omen action=none detail=sequence=69_target_error_mm=47977_native_fallback=false
[Info   :ComfyNetworkSense] [07/31/2026 06:16:43] MOTION_AUTHORITY state=target_rejected run_id=native-20260731-c8-full26 client=omen action=none detail=sequence=69_target_error_mm=47980_native_fallback=false
[Info   :ComfyNetworkSense] [07/31/2026 06:16:43] MOTION_AUTHORITY state=target_rejected run_id=native-20260731-c8-full26 client=omen action=none detail=sequence=69_target_error_mm=47983_native_fallback=false
[Info   :ComfyNetworkSense] [07/31/2026 06:16:43] MOTION_AUTHORITY state=target_rejected run_id=native-20260731-c8-full26 client=omen action=none detail=sequence=69_target_error_mm=47986_native_fallback=false
[Info   :ComfyNetworkSense] [07/31/2026 06:16:43] MOTION_AUTHORITY state=target_rejected run_id=native-20260731-c8-full26 client=omen action=none detail=sequence=70_target_error_mm=47998_native_fallback=false
[Info   :ComfyNetworkSense] [07/31/2026 06:16:43] MOTION_AUTHORITY state=target_rejected run_id=native-20260731-c8-full26 client=omen action=none detail=sequence=70_target_error_mm=48001_native_fallback=false
[Info   :ComfyNetworkSense] [07/31/2026 06:16:43] MOTION_AUTHORITY state=target_rejected run_id=native-20260731-c8-full26 client=omen action=none detail=sequence=70_target_error_mm=48004_native_fallback=false
[Info   :ComfyNetworkSense] [07/31/2026 06:16:43] MOTION_AUTHORITY state=target_rejected run_id=native-20260731-c8-full26 client=omen action=none detail=sequence=70_target_error_mm=48007_native_fallback=false
[Info   :ComfyNetworkSense] [07/31/2026 06:16:43] MOTION_AUTHORITY state=target_rejected run_id=native-20260731-c8-full26 client=omen action=none detail=sequence=70_target_error_mm=48010_native_fallback=false
[Info   :ComfyNetworkSense] [07/31/2026 06:16:43] MOTION_AUTHORITY state=target_rejected run_id=native-20260731-c8-full26 client=omen action=none detail=sequence=70_target_error_mm=48013_native_fallback=false
[Info   :ComfyNetworkSense] [07/31/2026 06:16:43] MOTION_AUTHORITY state=target_rejected run_id=native-20260731-c8-full26 client=omen action=none detail=sequence=71_target_error_mm=48006_native_fallback=false
[Info   :ComfyNetworkSense] [07/31/2026 06:16:43] MOTION_AUTHORITY state=target_rejected run_id=native-20260731-c8-full26 client=omen action=none detail=sequence=71_target_error_mm=48009_native_fallback=false
[Info   :ComfyNetworkSense] [07/31/2026 06:16:43] MOTION_AUTHORITY state=target_rejected run_id=native-20260731-c8-full26 client=omen action=none detail=sequence=71_target_error_mm=48012_native_fallback=false
[Info   :ComfyNetworkSense] [07/31/2026 06:16:43] MOTION_AUTHORITY state=target_rejected run_id=native-20260731-c8-full26 client=omen action=none detail=sequence=71_target_error_mm=48015_native_fallback=false
[Info   :ComfyNetworkSense] [07/31/2026 06:16:43] MOTION_AUTHORITY state=target_rejected run_id=native-20260731-c8-full26 client=omen action=none detail=sequence=71_target_error_mm=48018_native_fallback=false
[Info   :ComfyNetworkSense] [07/31/2026 06:16:43] MOTION_AUTHORITY state=target_rejected run_id=native-20260731-c8-full26 client=omen action=none detail=sequence=71_target_error_mm=48021_native_fallback=false
[Info   :ComfyNetworkSense] [07/31/2026 06:16:43] MOTION_AUTHORITY state=target_rejected run_id=native-20260731-c8-full26 client=omen action=none detail=sequence=71_target_error_mm=48024_native_fallback=false
[Info   :ComfyNetworkSense] [07/31/2026 06:16:43] MOTION_AUTHORITY state=target_rejected run_id=native-20260731-c8-full26 client=omen action=none detail=sequence=71_target_error_mm=48027_native_fallback=false
[Info   :ComfyNetworkSense] [07/31/2026 06:16:43] MOTION_AUTHORITY state=target_rejected run_id=native-20260731-c8-full26 client=omen action=none detail=sequence=72_target_error_mm=48030_native_fallback=false
[Info   :ComfyNetworkSense] [07/31/2026 06:16:43] MOTION_AUTHORITY state=target_rejected run_id=native-20260731-c8-full26 client=omen action=none detail=sequence=72_target_error_mm=48033_native_fallback=false
[Info   :ComfyNetworkSense] [07/31/2026 06:16:43] MOTION_AUTHORITY state=target_rejected run_id=native-20260731-c8-full26 client=omen action=none detail=sequence=72_target_error_mm=48036_native_fallback=false
[Info   :ComfyNetworkSense] [07/31/2026 06:16:43] MOTION_AUTHORITY state=target_rejected run_id=native-20260731-c8-full26 client=omen action=none detail=sequence=72_target_error_mm=48039_native_fallback=false
[Info   :ComfyNetworkSense] [07/31/2026 06:16:43] MOTION_AUTHORITY state=target_rejected run_id=native-20260731-c8-full26 client=omen action=none detail=sequence=72_target_error_mm=48042_native_fallback=false
[Info   :ComfyNetworkSense] [07/31/2026 06:16:43] MOTION_AUTHORITY state=target_rejected run_id=native-20260731-c8-full26 client=omen action=none detail=sequence=72_target_error_mm=48045_native_fallback=false
[Info   :ComfyNetworkSense] [07/31/2026 06:16:43] MOTION_AUTHORITY state=target_rejected run_id=native-20260731-c8-full26 client=omen action=none detail=sequence=72_target_error_mm=48048_native_fallback=false
[Info   :ComfyNetworkSense] [07/31/2026 06:16:43] MOTION_AUTHORITY state=target_rejected run_id=native-20260731-c8-full26 client=omen action=none detail=sequence=73_target_error_mm=48061_native_fallback=false
[Info   :ComfyNetworkSense] [07/31/2026 06:16:43] MOTION_AUTHORITY state=target_rejected run_id=native-20260731-c8-full26 client=omen action=none detail=sequence=73_target_error_mm=48064_native_fallback=false
[Info   :ComfyNetworkSense] [07/31/2026 06:16:43] MOTION_AUTHORITY state=target_rejected run_id=native-20260731-c8-full26 client=omen action=none detail=sequence=73_target_error_mm=48067_native_fallback=false
[Info   :ComfyNetworkSense] [07/31/2026 06:16:43] MOTION_AUTHORITY state=target_rejected run_id=native-20260731-c8-full26 client=omen action=none detail=sequence=73_target_error_mm=48070_native_fallback=false
[Info   :ComfyNetworkSense] [07/31/2026 06:16:43] MOTION_AUTHORITY state=target_rejected run_id=native-20260731-c8-full26 client=omen action=none detail=sequence=73_target_error_mm=48073_native_fallback=false
[Info   :ComfyNetworkSense] [07/31/2026 06:16:43] MOTION_AUTHORITY state=target_rejected run_id=native-20260731-c8-full26 client=omen action=none detail=sequence=73_target_error_mm=48076_native_fallback=false
[Info   :ComfyNetworkSense] [07/31/2026 06:16:43] MOTION_AUTHORITY state=target_rejected run_id=native-20260731-c8-full26 client=omen action=none detail=sequence=73_target_error_mm=48079_native_fallback=false
[Info   :ComfyNetworkSense] [07/31/2026 06:16:43] MOTION_AUTHORITY state=target_rejected run_id=native-20260731-c8-full26 client=omen action=none detail=sequence=73_target_error_mm=48082_native_fallback=false
[Info   :ComfyNetworkSense] [07/31/2026 06:16:43] MOTION_AUTHORITY state=target_rejected run_id=native-20260731-c8-full26 client=omen action=none detail=sequence=74_target_error_mm=48085_native_fallback=false
[Info   :ComfyNetworkSense] [07/31/2026 06:16:43] MOTION_AUTHORITY state=target_rejected run_id=native-20260731-c8-full26 client=omen action=none detail=sequence=74_target_error_mm=48088_native_fallback=false
[Info   :ComfyNetworkSense] [07/31/2026 06:16:43] MOTION_AUTHORITY state=target_rejected run_id=native-20260731-c8-full26 client=omen action=none detail=sequence=74_target_error_mm=48091_native_fallback=false
[Info   :ComfyNetworkSense] [07/31/2026 06:16:43] MOTION_AUTHORITY state=target_rejected run_id=native-20260731-c8-full26 client=omen action=none detail=sequence=74_target_error_mm=48094_native_fallback=false
[Info   :ComfyNetworkSense] [07/31/2026 06:16:43] MOTION_AUTHORITY state=target_rejected run_id=native-20260731-c8-full26 client=omen action=none detail=sequence=74_target_error_mm=48097_native_fallback=false
[Info   :ComfyNetworkSense] [07/31/2026 06:16:43] MOTION_AUTHORITY state=target_rejected run_id=native-20260731-c8-full26 client=omen action=none detail=sequence=74_target_error_mm=48100_native_fallback=false
[Info   :ComfyNetworkSense] [07/31/2026 06:16:43] MOTION_AUTHORITY state=target_rejected run_id=native-20260731-c8-full26 client=omen action=none detail=sequence=74_target_error_mm=48103_native_fallback=false
[Info   :ComfyNetworkSense] [07/31/2026 06:16:43] MOTION_AUTHORITY state=target_rejected run_id=native-20260731-c8-full26 client=omen action=none detail=sequence=74_target_error_mm=48105_native_fallback=false
[Info   :ComfyNetworkSense] [07/31/2026 06:16:43] MOTION_AUTHORITY state=target_rejected run_id=native-20260731-c8-full26 client=omen action=none detail=sequence=75_target_error_mm=48108_native_fallback=false
[Info   :ComfyNetworkSense] [07/31/2026 06:16:43] MOTION_AUTHORITY state=target_rejected run_id=native-20260731-c8-full26 client=omen action=none detail=sequence=75_target_error_mm=48111_native_fallback=false
[Info   :ComfyNetworkSense] [07/31/2026 06:16:43] MOTION_AUTHORITY state=target_rejected run_id=native-20260731-c8-full26 client=omen action=none detail=sequence=75_target_error_mm=48114_native_fallback=false
[Info   :ComfyNetworkSense] [07/31/2026 06:16:43] MOTION_AUTHORITY state=target_rejected run_id=native-20260731-c8-full26 client=omen action=none detail=sequence=75_target_error_mm=48117_native_fallback=false
[Info   :ComfyNetworkSense] [07/31/2026 06:16:43] MOTION_AUTHORITY state=target_rejected run_id=native-20260731-c8-full26 client=omen action=none detail=sequence=75_target_error_mm=48120_native_fallback=false
[Info   :ComfyNetworkSense] [07/31/2026 06:16:43] MOTION_AUTHORITY state=target_rejected run_id=native-20260731-c8-full26 client=omen action=none detail=sequence=75_target_error_mm=48123_native_fallback=false
[Info   :ComfyNetworkSense] [07/31/2026 06:16:43] MOTION_AUTHORITY state=target_rejected run_id=native-20260731-c8-full26 client=omen action=none detail=sequence=75_target_error_mm=48126_native_fallback=false
[Info   :ComfyNetworkSense] [07/31/2026 06:16:43] MOTION_AUTHORITY state=target_rejected run_id=native-20260731-c8-full26 client=omen action=none detail=sequence=75_target_error_mm=48129_native_fallback=false
[Info   :ComfyNetworkSense] [07/31/2026 06:16:43] MOTION_AUTHORITY state=target_rejected run_id=native-20260731-c8-full26 client=omen action=none detail=sequence=76_target_error_mm=48132_native_fallback=false
[Info   :ComfyNetworkSense] [07/31/2026 06:16:43] MOTION_AUTHORITY state=target_rejected run_id=native-20260731-c8-full26 client=omen action=none detail=sequence=76_target_error_mm=48135_native_fallback=false
[Info   :ComfyNetworkSense] [07/31/2026 06:16:43] MOTION_AUTHORITY state=target_rejected run_id=native-20260731-c8-full26 client=omen action=none detail=sequence=76_target_error_mm=48138_native_fallback=false
[Info   :ComfyNetworkSense] [07/31/2026 06:16:43] MOTION_AUTHORITY state=target_rejected run_id=native-20260731-c8-full26 client=omen action=none detail=sequence=76_target_error_mm=48141_native_fallback=false
[Info   :ComfyNetworkSense] [07/31/2026 06:16:43] MOTION_AUTHORITY state=target_rejected run_id=native-20260731-c8-full26 client=omen action=none detail=sequence=76_target_error_mm=48144_native_fallback=false
[Info   :ComfyNetworkSense] [07/31/2026 06:16:43] MOTION_AUTHORITY state=target_rejected run_id=native-20260731-c8-full26 client=omen action=none detail=sequence=76_target_error_mm=48147_native_fallback=false
[Info   :ComfyNetworkSense] [07/31/2026 06:16:43] MOTION_AUTHORITY state=target_rejected run_id=native-20260731-c8-full26 client=omen action=none detail=sequence=76_target_error_mm=48150_native_fallback=false
[Info   :ComfyNetworkSense] [07/31/2026 06:16:43] MOTION_AUTHORITY state=target_rejected run_id=native-20260731-c8-full26 client=omen action=none detail=sequence=77_target_error_mm=48153_native_fallback=false
[Info   :ComfyNetworkSense] [07/31/2026 06:16:44] MOTION_AUTHORITY state=target_rejected run_id=native-20260731-c8-full26 client=omen action=none detail=sequence=77_target_error_mm=48155_native_fallback=false
[Info   :ComfyNetworkSense] [07/31/2026 06:16:44] MOTION_AUTHORITY state=target_rejected run_id=native-20260731-c8-full26 client=omen action=none detail=sequence=77_target_error_mm=48158_native_fallback=false
[Info   :ComfyNetworkSense] [07/31/2026 06:16:44] MOTION_AUTHORITY state=target_rejected run_id=native-20260731-c8-full26 client=omen action=none detail=sequence=77_target_error_mm=48161_native_fallback=false
[Info   :ComfyNetworkSense] [07/31/2026 06:16:44] MOTION_AUTHORITY state=target_rejected run_id=native-20260731-c8-full26 client=omen action=none detail=sequence=77_target_error_mm=48164_native_fallback=false
[Info   :ComfyNetworkSense] [07/31/2026 06:16:44] MOTION_AUTHORITY state=target_rejected run_id=native-20260731-c8-full26 client=omen action=none detail=sequence=77_target_error_mm=48167_native_fallback=false
[Info   :ComfyNetworkSense] [07/31/2026 06:16:44] MOTION_AUTHORITY state=target_rejected run_id=native-20260731-c8-full26 client=omen action=none detail=sequence=77_target_error_mm=48170_native_fallback=false
[Info   :ComfyNetworkSense] [07/31/2026 06:16:44] MOTION_AUTHORITY state=target_rejected run_id=native-20260731-c8-full26 client=omen action=none detail=sequence=78_target_error_mm=48163_native_fallback=false
[Info   :ComfyNetworkSense] [07/31/2026 06:16:44] MOTION_AUTHORITY state=target_rejected run_id=native-20260731-c8-full26 client=omen action=none detail=sequence=78_target_error_mm=48166_native_fallback=false
[Info   :ComfyNetworkSense] [07/31/2026 06:16:44] MOTION_AUTHORITY state=target_rejected run_id=native-20260731-c8-full26 client=omen action=none detail=sequence=78_target_error_mm=48169_native_fallback=false
[Info   :ComfyNetworkSense] [07/31/2026 06:16:44] MOTION_AUTHORITY state=target_rejected run_id=native-20260731-c8-full26 client=omen action=none detail=sequence=78_target_error_mm=48172_native_fallback=false
[Info   :ComfyNetworkSense] [07/31/2026 06:16:44] MOTION_AUTHORITY state=target_rejected run_id=native-20260731-c8-full26 client=omen action=none detail=sequence=78_target_error_mm=48175_native_fallback=false
[Info   :ComfyNetworkSense] [07/31/2026 06:16:44] MOTION_AUTHORITY state=target_rejected run_id=native-20260731-c8-full26 client=omen action=none detail=sequence=78_target_error_mm=48178_native_fallback=false
[Info   :ComfyNetworkSense] [07/31/2026 06:16:44] MOTION_AUTHORITY state=target_rejected run_id=native-20260731-c8-full26 client=omen action=none detail=sequence=78_target_error_mm=48181_native_fallback=false
[Info   :ComfyNetworkSense] [07/31/2026 06:16:44] MOTION_AUTHORITY state=target_rejected run_id=native-20260731-c8-full26 client=omen action=none detail=sequence=78_target_error_mm=48184_native_fallback=false
[Info   :ComfyNetworkSense] [07/31/2026 06:16:44] MOTION_AUTHORITY state=target_rejected run_id=native-20260731-c8-full26 client=omen action=none detail=sequence=79_target_error_mm=48187_native_fallback=false
[Info   :ComfyNetworkSense] [07/31/2026 06:16:44] MOTION_AUTHORITY state=target_rejected run_id=native-20260731-c8-full26 client=omen action=none detail=sequence=79_target_error_mm=48190_native_fallback=false
[Info   :ComfyNetworkSense] [07/31/2026 06:16:44] MOTION_AUTHORITY state=target_rejected run_id=native-20260731-c8-full26 client=omen action=none detail=sequence=79_target_error_mm=48193_native_fallback=false
[Info   :ComfyNetworkSense] [07/31/2026 06:16:44] MOTION_AUTHORITY state=target_rejected run_id=native-20260731-c8-full26 client=omen action=none detail=sequence=79_target_error_mm=48196_native_fallback=false
[Info   :ComfyNetworkSense] [07/31/2026 06:16:44] MOTION_AUTHORITY state=target_rejected run_id=native-20260731-c8-full26 client=omen action=none detail=sequence=79_target_error_mm=48199_native_fallback=false
[Info   :ComfyNetworkSense] [07/31/2026 06:16:44] MOTION_AUTHORITY state=target_rejected run_id=native-20260731-c8-full26 client=omen action=none detail=sequence=79_target_error_mm=48202_native_fallback=false
[Info   :ComfyNetworkSense] [07/31/2026 06:16:44] MOTION_AUTHORITY state=target_rejected run_id=native-20260731-c8-full26 client=omen action=none detail=sequence=79_target_error_mm=48205_native_fallback=false
[Info   :ComfyNetworkSense] [07/31/2026 06:16:44] MOTION_AUTHORITY state=target_rejected run_id=native-20260731-c8-full26 client=omen action=none detail=sequence=80_target_error_mm=48217_native_fallback=false
[Info   :ComfyNetworkSense] [07/31/2026 06:16:44] MOTION_AUTHORITY state=target_rejected run_id=native-20260731-c8-full26 client=omen action=none detail=sequence=80_target_error_mm=48220_native_fallback=false
[Info   :ComfyNetworkSense] [07/31/2026 06:16:44] MOTION_AUTHORITY state=target_rejected run_id=native-20260731-c8-full26 client=omen action=none detail=sequence=80_target_error_mm=48223_native_fallback=false
[Info   :ComfyNetworkSense] [07/31/2026 06:16:44] MOTION_AUTHORITY state=target_rejected run_id=native-20260731-c8-full26 client=omen action=none detail=sequence=80_target_error_mm=48226_native_fallback=false
[Info   :ComfyNetworkSense] [07/31/2026 06:16:44] MOTION_AUTHORITY state=target_rejected run_id=native-20260731-c8-full26 client=omen action=none detail=sequence=80_target_error_mm=48229_native_fallback=false
[Info   :ComfyNetworkSense] [07/31/2026 06:16:44] MOTION_AUTHORITY state=target_rejected run_id=native-20260731-c8-full26 client=omen action=none detail=sequence=80_target_error_mm=48232_native_fallback=false
[Info   :ComfyNetworkSense] [07/31/2026 06:16:44] MOTION_AUTHORITY state=target_rejected run_id=native-20260731-c8-full26 client=omen action=none detail=sequence=80_target_error_mm=48235_native_fallback=false
[Info   :ComfyNetworkSense] [07/31/2026 06:16:44] MOTION_AUTHORITY state=target_rejected run_id=native-20260731-c8-full26 client=omen action=none detail=sequence=80_target_error_mm=48238_native_fallback=false
[Info   :ComfyNetworkSense] [07/31/2026 06:16:44] MOTION_AUTHORITY state=target_rejected run_id=native-20260731-c8-full26 client=omen action=none detail=sequence=81_target_error_mm=48241_native_fallback=false
[Info   :ComfyNetworkSense] [07/31/2026 06:16:44] MOTION_AUTHORITY state=target_rejected run_id=native-20260731-c8-full26 client=omen action=none detail=sequence=81_target_error_mm=48244_native_fallback=false
[Info   :ComfyNetworkSense] [07/31/2026 06:16:44] MOTION_AUTHORITY state=target_rejected run_id=native-20260731-c8-full26 client=omen action=none detail=sequence=81_target_error_mm=48247_native_fallback=false
[Info   :ComfyNetworkSense] [07/31/2026 06:16:44] MOTION_AUTHORITY state=target_rejected run_id=native-20260731-c8-full26 client=omen action=none detail=sequence=81_target_error_mm=48250_native_fallback=false
[Info   :ComfyNetworkSense] [07/31/2026 06:16:44] MOTION_AUTHORITY state=target_rejected run_id=native-20260731-c8-full26 client=omen action=none detail=sequence=81_target_error_mm=48253_native_fallback=false
[Info   :ComfyNetworkSense] [07/31/2026 06:16:44] MOTION_AUTHORITY state=target_rejected run_id=native-20260731-c8-full26 client=omen action=none detail=sequence=81_target_error_mm=48256_native_fallback=false
[Info   :ComfyNetworkSense] [07/31/2026 06:16:44] MOTION_AUTHORITY state=target_rejected run_id=native-20260731-c8-full26 client=omen action=none detail=sequence=81_target_error_mm=48259_native_fallback=false
[Info   :ComfyNetworkSense] [07/31/2026 06:16:44] MOTION_AUTHORITY state=target_rejected run_id=native-20260731-c8-full26 client=omen action=none detail=sequence=81_target_error_mm=48262_native_fallback=false
[Info   :ComfyNetworkSense] [07/31/2026 06:16:44] MOTION_AUTHORITY state=target_rejected run_id=native-20260731-c8-full26 client=omen action=none detail=sequence=82_target_error_mm=48265_native_fallback=false
[Info   :ComfyNetworkSense] [07/31/2026 06:16:44] MOTION_AUTHORITY state=target_rejected run_id=native-20260731-c8-full26 client=omen action=none detail=sequence=82_target_error_mm=48268_native_fallback=false
[Info   :ComfyNetworkSense] [07/31/2026 06:16:44] MOTION_AUTHORITY state=target_rejected run_id=native-20260731-c8-full26 client=omen action=none detail=sequence=82_target_error_mm=48271_native_fallback=false
[Info   :ComfyNetworkSense] [07/31/2026 06:16:44] MOTION_AUTHORITY state=target_rejected run_id=native-20260731-c8-full26 client=omen action=none detail=sequence=82_target_error_mm=48274_native_fallback=false
[Info   :ComfyNetworkSense] [07/31/2026 06:16:44] MOTION_AUTHORITY state=target_rejected run_id=native-20260731-c8-full26 client=omen action=none detail=sequence=82_target_error_mm=48277_native_fallback=false
[Info   :ComfyNetworkSense] [07/31/2026 06:16:44] MOTION_AUTHORITY state=target_rejected run_id=native-20260731-c8-full26 client=omen action=none detail=sequence=82_target_error_mm=48280_native_fallback=false
[Info   :ComfyNetworkSense] [07/31/2026 06:16:44] MOTION_AUTHORITY state=target_rejected run_id=native-20260731-c8-full26 client=omen action=none detail=sequence=82_target_error_mm=48282_native_fallback=false
[Info   :ComfyNetworkSense] [07/31/2026 06:16:44] MOTION_AUTHORITY state=target_rejected run_id=native-20260731-c8-full26 client=omen action=none detail=sequence=83_target_error_mm=48285_native_fallback=false
[Info   :ComfyNetworkSense] [07/31/2026 06:16:44] MOTION_AUTHORITY state=target_rejected run_id=native-20260731-c8-full26 client=omen action=none detail=sequence=83_target_error_mm=48288_native_fallback=false
[Info   :ComfyNetworkSense] [07/31/2026 06:16:44] MOTION_AUTHORITY state=target_rejected run_id=native-20260731-c8-full26 client=omen action=none detail=sequence=83_target_error_mm=48291_native_fallback=false
[Info   :ComfyNetworkSense] [07/31/2026 06:16:44] MOTION_AUTHORITY state=target_rejected run_id=native-20260731-c8-full26 client=omen action=none detail=sequence=83_target_error_mm=48294_native_fallback=false
[Info   :ComfyNetworkSense] [07/31/2026 06:16:44] MOTION_AUTHORITY state=target_rejected run_id=native-20260731-c8-full26 client=omen action=none detail=sequence=83_target_error_mm=48297_native_fallback=false
[Info   :ComfyNetworkSense] [07/31/2026 06:16:44] MOTION_AUTHORITY state=target_rejected run_id=native-20260731-c8-full26 client=omen action=none detail=sequence=83_target_error_mm=48300_native_fallback=false
[Info   :ComfyNetworkSense] [07/31/2026 06:16:44] MOTION_AUTHORITY state=target_rejected run_id=native-20260731-c8-full26 client=omen action=none detail=sequence=83_target_error_mm=48303_native_fallback=false
[Info   :ComfyNetworkSense] [07/31/2026 06:16:44] MOTION_AUTHORITY state=target_rejected run_id=native-20260731-c8-full26 client=omen action=none detail=sequence=83_target_error_mm=48306_native_fallback=false
[Info   :ComfyNetworkSense] [07/31/2026 06:16:44] MOTION_AUTHORITY state=target_rejected run_id=native-20260731-c8-full26 client=omen action=none detail=sequence=84_target_error_mm=48299_native_fallback=false
[Info   :ComfyNetworkSense] [07/31/2026 06:16:44] MOTION_AUTHORITY state=target_rejected run_id=native-20260731-c8-full26 client=omen action=none detail=sequence=84_target_error_mm=48302_native_fallback=false
[Info   :ComfyNetworkSense] [07/31/2026 06:16:44] MOTION_AUTHORITY state=target_rejected run_id=native-20260731-c8-full26 client=omen action=none detail=sequence=84_target_error_mm=48305_native_fallback=false
[Info   :ComfyNetworkSense] [07/31/2026 06:16:44] MOTION_AUTHORITY state=target_rejected run_id=native-20260731-c8-full26 client=omen action=none detail=sequence=84_target_error_mm=48308_native_fallback=false
[Info   :ComfyNetworkSense] [07/31/2026 06:16:44] MOTION_AUTHORITY state=target_rejected run_id=native-20260731-c8-full26 client=omen action=none detail=sequence=84_target_error_mm=48311_native_fallback=false
[Info   :ComfyNetworkSense] [07/31/2026 06:16:44] MOTION_AUTHORITY state=target_rejected run_id=native-20260731-c8-full26 client=omen action=none detail=sequence=84_target_error_mm=48314_native_fallback=false
[Info   :ComfyNetworkSense] [07/31/2026 06:16:44] MOTION_AUTHORITY state=target_rejected run_id=native-20260731-c8-full26 client=omen action=none detail=sequence=84_target_error_mm=48317_native_fallback=false
[Info   :ComfyNetworkSense] [07/31/2026 06:16:44] MOTION_AUTHORITY state=target_rejected run_id=native-20260731-c8-full26 client=omen action=none detail=sequence=84_target_error_mm=48320_native_fallback=false
[Info   :ComfyNetworkSense] [07/31/2026 06:16:44] MOTION_AUTHORITY state=target_rejected run_id=native-20260731-c8-full26 client=omen action=none detail=sequence=85_target_error_mm=48323_native_fallback=false
[Info   :ComfyNetworkSense] [07/31/2026 06:16:44] MOTION_AUTHORITY state=target_rejected run_id=native-20260731-c8-full26 client=omen action=none detail=sequence=85_target_error_mm=48326_native_fallback=false
[Info   :ComfyNetworkSense] [07/31/2026 06:16:44] MOTION_AUTHORITY state=target_rejected run_id=native-20260731-c8-full26 client=omen action=none detail=sequence=85_target_error_mm=48329_native_fallback=false
[Info   :ComfyNetworkSense] [07/31/2026 06:16:44] MOTION_AUTHORITY state=target_rejected run_id=native-20260731-c8-full26 client=omen action=none detail=sequence=85_target_error_mm=48332_native_fallback=false
[Info   :ComfyNetworkSense] [07/31/2026 06:16:44] MOTION_AUTHORITY state=target_rejected run_id=native-20260731-c8-full26 client=omen action=none detail=sequence=85_target_error_mm=48335_native_fallback=false
[Info   :ComfyNetworkSense] [07/31/2026 06:16:44] MOTION_AUTHORITY state=target_rejected run_id=native-20260731-c8-full26 client=omen action=none detail=sequence=85_target_error_mm=48337_native_fallback=false
[Info   :ComfyNetworkSense] [07/31/2026 06:16:44] MOTION_AUTHORITY state=target_rejected run_id=native-20260731-c8-full26 client=omen action=none detail=sequence=86_target_error_mm=48350_native_fallback=false
[Info   :ComfyNetworkSense] [07/31/2026 06:16:44] MOTION_AUTHORITY state=native_transform_writer_suppressed run_id=native-20260731-c8-full26 client=omen action=none detail=count=512_writer=ZSyncTransform.CustomFixedUpdate
[Info   :ComfyNetworkSense] [07/31/2026 06:16:44] MOTION_AUTHORITY state=target_rejected run_id=native-20260731-c8-full26 client=omen action=none detail=sequence=86_target_error_mm=48353_native_fallback=false
[Info   :ComfyNetworkSense] [07/31/2026 06:16:44] MOTION_AUTHORITY state=target_rejected run_id=native-20260731-c8-full26 client=omen action=none detail=sequence=86_target_error_mm=48356_native_fallback=false
[Info   :ComfyNetworkSense] [07/31/2026 06:16:44] MOTION_AUTHORITY state=target_rejected run_id=native-20260731-c8-full26 client=omen action=none detail=sequence=86_target_error_mm=48359_native_fallback=false
[Info   :ComfyNetworkSense] [07/31/2026 06:16:44] MOTION_AUTHORITY state=target_rejected run_id=native-20260731-c8-full26 client=omen action=none detail=sequence=86_target_error_mm=48362_native_fallback=false
[Info   :ComfyNetworkSense] [07/31/2026 06:16:44] MOTION_AUTHORITY state=target_rejected run_id=native-20260731-c8-full26 client=omen action=none detail=sequence=86_target_error_mm=48365_native_fallback=false
[Info   :ComfyNetworkSense] [07/31/2026 06:16:44] MOTION_AUTHORITY state=target_rejected run_id=native-20260731-c8-full26 client=omen action=none detail=sequence=86_target_error_mm=48368_native_fallback=false
[Info   :ComfyNetworkSense] [07/31/2026 06:16:44] MOTION_AUTHORITY state=target_rejected run_id=native-20260731-c8-full26 client=omen action=none detail=sequence=86_target_error_mm=48371_native_fallback=false
[Info   :ComfyNetworkSense] [07/31/2026 06:16:44] MOTION_AUTHORITY state=target_rejected run_id=native-20260731-c8-full26 client=omen action=none detail=sequence=86_target_error_mm=48374_native_fallback=false
[Info   :ComfyNetworkSense] [07/31/2026 06:16:44] MOTION_AUTHORITY state=target_rejected run_id=native-20260731-c8-full26 client=omen action=none detail=sequence=86_target_error_mm=48377_native_fallback=false
[Info   :ComfyNetworkSense] [07/31/2026 06:16:44] MOTION_AUTHORITY state=target_rejected run_id=native-20260731-c8-full26 client=omen action=none detail=sequence=86_target_error_mm=48380_native_fallback=false
[Info   :ComfyNetworkSense] [07/31/2026 06:16:44] MOTION_AUTHORITY state=target_rejected run_id=native-20260731-c8-full26 client=omen action=none detail=sequence=86_target_error_mm=48383_native_fallback=false
[Info   :ComfyNetworkSense] [07/31/2026 06:16:44] MOTION_AUTHORITY state=target_rejected run_id=native-20260731-c8-full26 client=omen action=none detail=sequence=87_target_error_mm=48386_native_fallback=false
[Info   :ComfyNetworkSense] [07/31/2026 06:16:44] MOTION_AUTHORITY state=target_rejected run_id=native-20260731-c8-full26 client=omen action=none detail=sequence=87_target_error_mm=48388_native_fallback=false
[Info   :ComfyNetworkSense] [07/31/2026 06:16:44] MOTION_AUTHORITY state=target_rejected run_id=native-20260731-c8-full26 client=omen action=none detail=sequence=87_target_error_mm=48391_native_fallback=false
[Info   :ComfyNetworkSense] [07/31/2026 06:16:44] MOTION_AUTHORITY state=target_rejected run_id=native-20260731-c8-full26 client=omen action=none detail=sequence=87_target_error_mm=48394_native_fallback=false
[Info   :ComfyNetworkSense] [07/31/2026 06:16:44] MOTION_AUTHORITY state=target_rejected run_id=native-20260731-c8-full26 client=omen action=none detail=sequence=88_target_error_mm=48397_native_fallback=false
[Info   :ComfyNetworkSense] [07/31/2026 06:16:44] MOTION_AUTHORITY state=target_rejected run_id=native-20260731-c8-full26 client=omen action=none detail=sequence=88_target_error_mm=48400_native_fallback=false
[Info   :ComfyNetworkSense] [07/31/2026 06:16:44] MOTION_AUTHORITY state=target_rejected run_id=native-20260731-c8-full26 client=omen action=none detail=sequence=88_target_error_mm=48403_native_fallback=false
[Info   :ComfyNetworkSense] [07/31/2026 06:16:44] MOTION_AUTHORITY state=target_rejected run_id=native-20260731-c8-full26 client=omen action=none detail=sequence=88_target_error_mm=48406_native_fallback=false
[Info   :ComfyNetworkSense] [07/31/2026 06:16:44] MOTION_AUTHORITY state=target_rejected run_id=native-20260731-c8-full26 client=omen action=none detail=sequence=88_target_error_mm=48409_native_fallback=false
[Info   :ComfyNetworkSense] [07/31/2026 06:16:44] MOTION_AUTHORITY state=target_rejected run_id=native-20260731-c8-full26 client=omen action=none detail=sequence=88_target_error_mm=48412_native_fallback=false
[Info   :ComfyNetworkSense] [07/31/2026 06:16:44] MOTION_AUTHORITY state=target_rejected run_id=native-20260731-c8-full26 client=omen action=none detail=sequence=88_target_error_mm=48415_native_fallback=false
[Info   :ComfyNetworkSense] [07/31/2026 06:16:44] MOTION_AUTHORITY state=target_rejected run_id=native-20260731-c8-full26 client=omen action=none detail=sequence=89_target_error_mm=48418_native_fallback=false
[Info   :ComfyNetworkSense] [07/31/2026 06:16:44] MOTION_AUTHORITY state=target_rejected run_id=native-20260731-c8-full26 client=omen action=none detail=sequence=89_target_error_mm=48421_native_fallback=false
[Info   :ComfyNetworkSense] [07/31/2026 06:16:44] MOTION_AUTHORITY state=target_rejected run_id=native-20260731-c8-full26 client=omen action=none detail=sequence=89_target_error_mm=48424_native_fallback=false
[Info   :ComfyNetworkSense] [07/31/2026 06:16:44] MOTION_AUTHORITY state=target_rejected run_id=native-20260731-c8-full26 client=omen action=none detail=sequence=89_target_error_mm=48427_native_fallback=false
[Info   :ComfyNetworkSense] [07/31/2026 06:16:44] MOTION_AUTHORITY state=target_rejected run_id=native-20260731-c8-full26 client=omen action=none detail=sequence=89_target_error_mm=48430_native_fallback=false
[Info   :ComfyNetworkSense] [07/31/2026 06:16:44] MOTION_AUTHORITY state=target_rejected run_id=native-20260731-c8-full26 client=omen action=none detail=sequence=89_target_error_mm=48433_native_fallback=false
[Info   :ComfyNetworkSense] [07/31/2026 06:16:44] MOTION_AUTHORITY state=target_rejected run_id=native-20260731-c8-full26 client=omen action=none detail=sequence=89_target_error_mm=48436_native_fallback=false
[Info   :ComfyNetworkSense] [07/31/2026 06:16:44] MOTION_AUTHORITY state=target_rejected run_id=native-20260731-c8-full26 client=omen action=none detail=sequence=89_target_error_mm=48438_native_fallback=false
[Info   :ComfyNetworkSense] [07/31/2026 06:16:44] MOTION_AUTHORITY state=target_rejected run_id=native-20260731-c8-full26 client=omen action=none detail=sequence=90_target_error_mm=48432_native_fallback=false
[Info   :ComfyNetworkSense] [07/31/2026 06:16:44] MOTION_AUTHORITY state=target_rejected run_id=native-20260731-c8-full26 client=omen action=none detail=sequence=90_target_error_mm=48435_native_fallback=false
[Info   :ComfyNetworkSense] [07/31/2026 06:16:44] MOTION_AUTHORITY state=target_rejected run_id=native-20260731-c8-full26 client=omen action=none detail=sequence=90_target_error_mm=48438_native_fallback=false
[Info   :ComfyNetworkSense] [07/31/2026 06:16:44] MOTION_AUTHORITY state=target_rejected run_id=native-20260731-c8-full26 client=omen action=none detail=sequence=90_target_error_mm=48440_native_fallback=false
[Info   :ComfyNetworkSense] [07/31/2026 06:16:44] MOTION_AUTHORITY state=target_rejected run_id=native-20260731-c8-full26 client=omen action=none detail=sequence=90_target_error_mm=48443_native_fallback=false
[Info   :ComfyNetworkSense] [07/31/2026 06:16:44] MOTION_AUTHORITY state=target_rejected run_id=native-20260731-c8-full26 client=omen action=none detail=sequence=90_target_error_mm=48446_native_fallback=false
[Info   :ComfyNetworkSense] [07/31/2026 06:16:44] MOTION_AUTHORITY state=target_rejected run_id=native-20260731-c8-full26 client=omen action=none detail=sequence=90_target_error_mm=48449_native_fallback=false
[Info   :ComfyNetworkSense] [07/31/2026 06:16:44] MOTION_AUTHORITY state=target_rejected run_id=native-20260731-c8-full26 client=omen action=none detail=sequence=91_target_error_mm=48462_native_fallback=false
[Info   :ComfyNetworkSense] [07/31/2026 06:16:44] MOTION_AUTHORITY state=target_rejected run_id=native-20260731-c8-full26 client=omen action=none detail=sequence=91_target_error_mm=48465_native_fallback=false
[Info   :ComfyNetworkSense] [07/31/2026 06:16:44] MOTION_AUTHORITY state=target_rejected run_id=native-20260731-c8-full26 client=omen action=none detail=sequence=91_target_error_mm=48468_native_fallback=false
[Info   :ComfyNetworkSense] [07/31/2026 06:16:44] MOTION_AUTHORITY state=target_rejected run_id=native-20260731-c8-full26 client=omen action=none detail=sequence=91_target_error_mm=48471_native_fallback=false
[Info   :ComfyNetworkSense] [07/31/2026 06:16:44] MOTION_AUTHORITY state=target_rejected run_id=native-20260731-c8-full26 client=omen action=none detail=sequence=91_target_error_mm=48474_native_fallback=false
[Info   :ComfyNetworkSense] [07/31/2026 06:16:44] MOTION_AUTHORITY state=target_rejected run_id=native-20260731-c8-full26 client=omen action=none detail=sequence=91_target_error_mm=48477_native_fallback=false
[Info   :ComfyNetworkSense] [07/31/2026 06:16:44] MOTION_AUTHORITY state=target_rejected run_id=native-20260731-c8-full26 client=omen action=none detail=sequence=92_target_error_mm=48470_native_fallback=false
[Info   :ComfyNetworkSense] [07/31/2026 06:16:44] MOTION_AUTHORITY state=target_rejected run_id=native-20260731-c8-full26 client=omen action=none detail=sequence=92_target_error_mm=48473_native_fallback=false
[Info   :ComfyNetworkSense] [07/31/2026 06:16:44] MOTION_AUTHORITY state=target_rejected run_id=native-20260731-c8-full26 client=omen action=none detail=sequence=92_target_error_mm=48476_native_fallback=false
[Info   :ComfyNetworkSense] [07/31/2026 06:16:44] MOTION_AUTHORITY state=target_rejected run_id=native-20260731-c8-full26 client=omen action=none detail=sequence=92_target_error_mm=48479_native_fallback=false
[Info   :ComfyNetworkSense] [07/31/2026 06:16:44] MOTION_AUTHORITY state=target_rejected run_id=native-20260731-c8-full26 client=omen action=none detail=sequence=92_target_error_mm=48482_native_fallback=false
[Info   :ComfyNetworkSense] [07/31/2026 06:16:44] MOTION_AUTHORITY state=target_rejected run_id=native-20260731-c8-full26 client=omen action=none detail=sequence=92_target_error_mm=48485_native_fallback=false
[Info   :ComfyNetworkSense] [07/31/2026 06:16:44] MOTION_AUTHORITY state=target_rejected run_id=native-20260731-c8-full26 client=omen action=none detail=sequence=92_target_error_mm=48488_native_fallback=false
[Info   :ComfyNetworkSense] [07/31/2026 06:16:44] MOTION_AUTHORITY state=target_rejected run_id=native-20260731-c8-full26 client=omen action=none detail=sequence=93_target_error_mm=48500_native_fallback=false
[Info   :ComfyNetworkSense] [07/31/2026 06:16:44] MOTION_AUTHORITY state=target_rejected run_id=native-20260731-c8-full26 client=omen action=none detail=sequence=93_target_error_mm=48503_native_fallback=false
[Info   :ComfyNetworkSense] [07/31/2026 06:16:44] MOTION_AUTHORITY state=target_rejected run_id=native-20260731-c8-full26 client=omen action=none detail=sequence=93_target_error_mm=48506_native_fallback=false
[Info   :ComfyNetworkSense] [07/31/2026 06:16:44] MOTION_AUTHORITY state=target_rejected run_id=native-20260731-c8-full26 client=omen action=none detail=sequence=93_target_error_mm=48509_native_fallback=false
[Info   :ComfyNetworkSense] [07/31/2026 06:16:44] MOTION_AUTHORITY state=target_rejected run_id=native-20260731-c8-full26 client=omen action=none detail=sequence=93_target_error_mm=48512_native_fallback=false
[Info   :ComfyNetworkSense] [07/31/2026 06:16:44] MOTION_AUTHORITY state=target_rejected run_id=native-20260731-c8-full26 client=omen action=none detail=sequence=93_target_error_mm=48515_native_fallback=false
[Info   :ComfyNetworkSense] [07/31/2026 06:16:44] MOTION_AUTHORITY state=target_rejected run_id=native-20260731-c8-full26 client=omen action=none detail=sequence=93_target_error_mm=48518_native_fallback=false
[Info   :ComfyNetworkSense] [07/31/2026 06:16:44] MOTION_AUTHORITY state=target_rejected run_id=native-20260731-c8-full26 client=omen action=none detail=sequence=94_target_error_mm=48521_native_fallback=false
[Info   :ComfyNetworkSense] [07/31/2026 06:16:44] MOTION_AUTHORITY state=target_rejected run_id=native-20260731-c8-full26 client=omen action=none detail=sequence=94_target_error_mm=48524_native_fallback=false
[Info   :ComfyNetworkSense] [07/31/2026 06:16:44] MOTION_AUTHORITY state=target_rejected run_id=native-20260731-c8-full26 client=omen action=none detail=sequence=94_target_error_mm=48527_native_fallback=false
[Info   :ComfyNetworkSense] [07/31/2026 06:16:44] MOTION_AUTHORITY state=target_rejected run_id=native-20260731-c8-full26 client=omen action=none detail=sequence=94_target_error_mm=48530_native_fallback=false
[Info   :ComfyNetworkSense] [07/31/2026 06:16:44] MOTION_AUTHORITY state=target_rejected run_id=native-20260731-c8-full26 client=omen action=none detail=sequence=94_target_error_mm=48533_native_fallback=false
[Info   :ComfyNetworkSense] [07/31/2026 06:16:44] MOTION_AUTHORITY state=target_rejected run_id=native-20260731-c8-full26 client=omen action=none detail=sequence=94_target_error_mm=48536_native_fallback=false
[Info   :ComfyNetworkSense] [07/31/2026 06:16:44] MOTION_AUTHORITY state=target_rejected run_id=native-20260731-c8-full26 client=omen action=none detail=sequence=94_target_error_mm=48539_native_fallback=false
[Info   :ComfyNetworkSense] [07/31/2026 06:16:44] MOTION_AUTHORITY state=target_rejected run_id=native-20260731-c8-full26 client=omen action=none detail=sequence=94_target_error_mm=48542_native_fallback=false
[Info   :ComfyNetworkSense] [07/31/2026 06:16:44] MOTION_AUTHORITY state=target_rejected run_id=native-20260731-c8-full26 client=omen action=none detail=sequence=95_target_error_mm=48544_native_fallback=false
[Info   :ComfyNetworkSense] [07/31/2026 06:16:45] MOTION_AUTHORITY state=target_rejected run_id=native-20260731-c8-full26 client=omen action=none detail=sequence=95_target_error_mm=48547_native_fallback=false
[Info   :ComfyNetworkSense] [07/31/2026 06:16:45] MOTION_AUTHORITY state=target_rejected run_id=native-20260731-c8-full26 client=omen action=none detail=sequence=95_target_error_mm=48550_native_fallback=false
[Info   :ComfyNetworkSense] [07/31/2026 06:16:45] MOTION_AUTHORITY state=target_rejected run_id=native-20260731-c8-full26 client=omen action=none detail=sequence=95_target_error_mm=48553_native_fallback=false
[Info   :ComfyNetworkSense] [07/31/2026 06:16:45] MOTION_AUTHORITY state=target_rejected run_id=native-20260731-c8-full26 client=omen action=none detail=sequence=95_target_error_mm=48556_native_fallback=false
[Info   :ComfyNetworkSense] [07/31/2026 06:16:45] MOTION_AUTHORITY state=target_rejected run_id=native-20260731-c8-full26 client=omen action=none detail=sequence=95_target_error_mm=48559_native_fallback=false
[Info   :ComfyNetworkSense] [07/31/2026 06:16:45] MOTION_AUTHORITY state=target_rejected run_id=native-20260731-c8-full26 client=omen action=none detail=sequence=95_target_error_mm=48562_native_fallback=false
[Info   :ComfyNetworkSense] [07/31/2026 06:16:45] MOTION_AUTHORITY state=target_rejected run_id=native-20260731-c8-full26 client=omen action=none detail=sequence=95_target_error_mm=48565_native_fallback=false
[Info   :ComfyNetworkSense] [07/31/2026 06:16:45] MOTION_AUTHORITY state=target_rejected run_id=native-20260731-c8-full26 client=omen action=none detail=sequence=96_target_error_mm=48568_native_fallback=false
[Info   :ComfyNetworkSense] [07/31/2026 06:16:45] MOTION_AUTHORITY state=target_rejected run_id=native-20260731-c8-full26 client=omen action=none detail=sequence=96_target_error_mm=48571_native_fallback=false
[Info   :ComfyNetworkSense] [07/31/2026 06:16:45] MOTION_AUTHORITY state=target_rejected run_id=native-20260731-c8-full26 client=omen action=none detail=sequence=96_target_error_mm=48574_native_fallback=false
[Info   :ComfyNetworkSense] [07/31/2026 06:16:45] MOTION_AUTHORITY state=target_rejected run_id=native-20260731-c8-full26 client=omen action=none detail=sequence=96_target_error_mm=48577_native_fallback=false
[Info   :ComfyNetworkSense] [07/31/2026 06:16:45] MOTION_AUTHORITY state=target_rejected run_id=native-20260731-c8-full26 client=omen action=none detail=sequence=96_target_error_mm=48580_native_fallback=false
[Info   :ComfyNetworkSense] [07/31/2026 06:16:45] MOTION_AUTHORITY state=target_rejected run_id=native-20260731-c8-full26 client=omen action=none detail=sequence=96_target_error_mm=48583_native_fallback=false
[Info   :ComfyNetworkSense] [07/31/2026 06:16:45] MOTION_AUTHORITY state=target_rejected run_id=native-20260731-c8-full26 client=omen action=none detail=sequence=96_target_error_mm=48586_native_fallback=false
[Info   :ComfyNetworkSense] [07/31/2026 06:16:45] MOTION_AUTHORITY state=target_rejected run_id=native-20260731-c8-full26 client=omen action=none detail=sequence=97_target_error_mm=48579_native_fallback=false
[Info   :ComfyNetworkSense] [07/31/2026 06:16:45] MOTION_AUTHORITY state=target_rejected run_id=native-20260731-c8-full26 client=omen action=none detail=sequence=97_target_error_mm=48582_native_fallback=false
[Info   :ComfyNetworkSense] [07/31/2026 06:16:45] MOTION_AUTHORITY state=target_rejected run_id=native-20260731-c8-full26 client=omen action=none detail=sequence=97_target_error_mm=48585_native_fallback=false
[Info   :ComfyNetworkSense] [07/31/2026 06:16:45] MOTION_AUTHORITY state=target_rejected run_id=native-20260731-c8-full26 client=omen action=none detail=sequence=97_target_error_mm=48588_native_fallback=false
[Info   :ComfyNetworkSense] [07/31/2026 06:16:45] MOTION_AUTHORITY state=target_rejected run_id=native-20260731-c8-full26 client=omen action=none detail=sequence=97_target_error_mm=48591_native_fallback=false
[Info   :ComfyNetworkSense] [07/31/2026 06:16:45] MOTION_AUTHORITY state=target_rejected run_id=native-20260731-c8-full26 client=omen action=none detail=sequence=97_target_error_mm=48594_native_fallback=false
[Info   :ComfyNetworkSense] [07/31/2026 06:16:45] MOTION_AUTHORITY state=target_rejected run_id=native-20260731-c8-full26 client=omen action=none detail=sequence=97_target_error_mm=48597_native_fallback=false
[Info   :ComfyNetworkSense] [07/31/2026 06:16:45] MOTION_AUTHORITY state=target_rejected run_id=native-20260731-c8-full26 client=omen action=none detail=sequence=98_target_error_mm=48609_native_fallback=false
[Info   :ComfyNetworkSense] [07/31/2026 06:16:45] MOTION_AUTHORITY state=target_rejected run_id=native-20260731-c8-full26 client=omen action=none detail=sequence=98_target_error_mm=48612_native_fallback=false
[Info   :ComfyNetworkSense] [07/31/2026 06:16:45] MOTION_AUTHORITY state=target_rejected run_id=native-20260731-c8-full26 client=omen action=none detail=sequence=98_target_error_mm=48615_native_fallback=false
[Info   :ComfyNetworkSense] [07/31/2026 06:16:45] MOTION_AUTHORITY state=target_rejected run_id=native-20260731-c8-full26 client=omen action=none detail=sequence=98_target_error_mm=48618_native_fallback=false
[Info   :ComfyNetworkSense] [07/31/2026 06:16:45] MOTION_AUTHORITY state=target_rejected run_id=native-20260731-c8-full26 client=omen action=none detail=sequence=98_target_error_mm=48621_native_fallback=false
[Info   :ComfyNetworkSense] [07/31/2026 06:16:45] MOTION_AUTHORITY state=target_rejected run_id=native-20260731-c8-full26 client=omen action=none detail=sequence=98_target_error_mm=48624_native_fallback=false
[Info   :ComfyNetworkSense] [07/31/2026 06:16:45] MOTION_AUTHORITY state=target_rejected run_id=native-20260731-c8-full26 client=omen action=none detail=sequence=98_target_error_mm=48627_native_fallback=false
[Info   :ComfyNetworkSense] [07/31/2026 06:16:45] MOTION_AUTHORITY state=target_rejected run_id=native-20260731-c8-full26 client=omen action=none detail=sequence=98_target_error_mm=48630_native_fallback=false
[Info   :ComfyNetworkSense] [07/31/2026 06:16:45] MOTION_AUTHORITY state=target_rejected run_id=native-20260731-c8-full26 client=omen action=none detail=sequence=99_target_error_mm=48633_native_fallback=false
[Info   :ComfyNetworkSense] [07/31/2026 06:16:45] MOTION_AUTHORITY state=target_rejected run_id=native-20260731-c8-full26 client=omen action=none detail=sequence=99_target_error_mm=48636_native_fallback=false
[Info   :ComfyNetworkSense] [07/31/2026 06:16:45] MOTION_AUTHORITY state=target_rejected run_id=native-20260731-c8-full26 client=omen action=none detail=sequence=99_target_error_mm=48639_native_fallback=false
[Info   :ComfyNetworkSense] [07/31/2026 06:16:45] MOTION_AUTHORITY state=target_rejected run_id=native-20260731-c8-full26 client=omen action=none detail=sequence=99_target_error_mm=48642_native_fallback=false
[Info   :ComfyNetworkSense] [07/31/2026 06:16:45] MOTION_AUTHORITY state=target_rejected run_id=native-20260731-c8-full26 client=omen action=none detail=sequence=99_target_error_mm=48645_native_fallback=false
[Info   :ComfyNetworkSense] [07/31/2026 06:16:45] MOTION_AUTHORITY state=target_rejected run_id=native-20260731-c8-full26 client=omen action=none detail=sequence=99_target_error_mm=48648_native_fallback=false
[Info   :ComfyNetworkSense] [07/31/2026 06:16:45] MOTION_AUTHORITY state=target_rejected run_id=native-20260731-c8-full26 client=omen action=none detail=sequence=99_target_error_mm=48651_native_fallback=false
[Info   :ComfyNetworkSense] [07/31/2026 06:16:45] MOTION_AUTHORITY state=target_rejected run_id=native-20260731-c8-full26 client=omen action=none detail=sequence=99_target_error_mm=48654_native_fallback=false
[Info   :ComfyNetworkSense] [07/31/2026 06:16:45] MOTION_AUTHORITY state=target_rejected run_id=native-20260731-c8-full26 client=omen action=none detail=sequence=100_target_error_mm=48657_native_fallback=false
[Info   :ComfyNetworkSense] [07/31/2026 06:16:45] MOTION_AUTHORITY state=target_rejected run_id=native-20260731-c8-full26 client=omen action=none detail=sequence=100_target_error_mm=48660_native_fallback=false
[Info   :ComfyNetworkSense] [07/31/2026 06:16:45] MOTION_AUTHORITY state=target_rejected run_id=native-20260731-c8-full26 client=omen action=none detail=sequence=100_target_error_mm=48663_native_fallback=false
[Info   :ComfyNetworkSense] [07/31/2026 06:16:45] MOTION_AUTHORITY state=target_rejected run_id=native-20260731-c8-full26 client=omen action=none detail=sequence=100_target_error_mm=48666_native_fallback=false
[Info   :ComfyNetworkSense] [07/31/2026 06:16:45] MOTION_AUTHORITY state=target_rejected run_id=native-20260731-c8-full26 client=omen action=none detail=sequence=100_target_error_mm=48668_native_fallback=false
[Info   :ComfyNetworkSense] [07/31/2026 06:16:45] MOTION_AUTHORITY state=target_rejected run_id=native-20260731-c8-full26 client=omen action=none detail=sequence=100_target_error_mm=48671_native_fallback=false
[Info   :ComfyNetworkSense] [07/31/2026 06:16:45] MOTION_AUTHORITY state=target_rejected run_id=native-20260731-c8-full26 client=omen action=none detail=sequence=101_target_error_mm=48665_native_fallback=false
[Info   :ComfyNetworkSense] [07/31/2026 06:16:45] MOTION_AUTHORITY state=target_rejected run_id=native-20260731-c8-full26 client=omen action=none detail=sequence=101_target_error_mm=48668_native_fallback=false
[Info   :ComfyNetworkSense] [07/31/2026 06:16:45] MOTION_AUTHORITY state=target_rejected run_id=native-20260731-c8-full26 client=omen action=none detail=sequence=101_target_error_mm=48670_native_fallback=false
[Info   :ComfyNetworkSense] [07/31/2026 06:16:45] MOTION_AUTHORITY state=target_rejected run_id=native-20260731-c8-full26 client=omen action=none detail=sequence=101_target_error_mm=48673_native_fallback=false
[Info   :ComfyNetworkSense] [07/31/2026 06:16:45] MOTION_AUTHORITY state=target_rejected run_id=native-20260731-c8-full26 client=omen action=none detail=sequence=101_target_error_mm=48676_native_fallback=false
[Info   :ComfyNetworkSense] [07/31/2026 06:16:45] MOTION_AUTHORITY state=target_rejected run_id=native-20260731-c8-full26 client=omen action=none detail=sequence=101_target_error_mm=48679_native_fallback=false
[Info   :ComfyNetworkSense] [07/31/2026 06:16:45] MOTION_AUTHORITY state=target_rejected run_id=native-20260731-c8-full26 client=omen action=none detail=sequence=101_target_error_mm=48682_native_fallback=false
[Info   :ComfyNetworkSense] [07/31/2026 06:16:45] MOTION_AUTHORITY state=target_rejected run_id=native-20260731-c8-full26 client=omen action=none detail=sequence=101_target_error_mm=48685_native_fallback=false
[Info   :ComfyNetworkSense] [07/31/2026 06:16:45] MOTION_AUTHORITY state=target_rejected run_id=native-20260731-c8-full26 client=omen action=none detail=sequence=101_target_error_mm=48688_native_fallback=false
[Info   :ComfyNetworkSense] [07/31/2026 06:16:45] MOTION_AUTHORITY state=target_rejected run_id=native-20260731-c8-full26 client=omen action=none detail=sequence=101_target_error_mm=48691_native_fallback=false
[Info   :ComfyNetworkSense] [07/31/2026 06:16:45] MOTION_AUTHORITY state=target_rejected run_id=native-20260731-c8-full26 client=omen action=none detail=sequence=101_target_error_mm=48694_native_fallback=false
[Info   :ComfyNetworkSense] [07/31/2026 06:16:45] CUTOVER_SCENARIO state=completed run_id=native-20260731-c8-full26 client=omen action=omen-c8-safe-origin detail=coordinate_teleport_complete_target=2211,80,-69
[Info   :ComfyNetworkSense] [07/31/2026 06:16:45] MOTION_AUTHORITY state=target_rejected run_id=native-20260731-c8-full26 client=omen action=none detail=sequence=102_target_error_mm=48697_native_fallback=false
[Info   :ComfyNetworkSense] [07/31/2026 06:16:45] CUTOVER_SCENARIO state=action_started run_id=native-20260731-c8-full26 client=omen action=omen-move detail=kind=move
[Info   :ComfyNetworkSense] [07/31/2026 06:16:45] MOTION_AUTHORITY state=target_rejected run_id=native-20260731-c8-full26 client=omen action=none detail=sequence=102_target_error_mm=48700_native_fallback=false
[Info   :ComfyNetworkSense] [07/31/2026 06:16:45] MOTION_AUTHORITY state=target_rejected run_id=native-20260731-c8-full26 client=omen action=none detail=sequence=102_target_error_mm=48703_native_fallback=false
[Info   :ComfyNetworkSense] [07/31/2026 06:16:45] MOTION_AUTHORITY state=target_rejected run_id=native-20260731-c8-full26 client=omen action=none detail=sequence=102_target_error_mm=48706_native_fallback=false
[Info   :ComfyNetworkSense] [07/31/2026 06:16:45] MOTION_AUTHORITY state=target_rejected run_id=native-20260731-c8-full26 client=omen action=none detail=sequence=102_target_error_mm=48709_native_fallback=false
[Info   :ComfyNetworkSense] [07/31/2026 06:16:45] MOTION_AUTHORITY state=target_rejected run_id=native-20260731-c8-full26 client=omen action=none detail=sequence=102_target_error_mm=48712_native_fallback=false
[Info   :ComfyNetworkSense] [07/31/2026 06:16:45] MOTION_AUTHORITY state=target_rejected run_id=native-20260731-c8-full26 client=omen action=none detail=sequence=103_target_error_mm=48715_native_fallback=false
[Info   :ComfyNetworkSense] [07/31/2026 06:16:45] MOTION_AUTHORITY state=target_rejected run_id=native-20260731-c8-full26 client=omen action=none detail=sequence=103_target_error_mm=48718_native_fallback=false
[Info   :ComfyNetworkSense] [07/31/2026 06:16:45] MOTION_AUTHORITY state=target_rejected run_id=native-20260731-c8-full26 client=omen action=none detail=sequence=103_target_error_mm=48721_native_fallback=false
[Info   :ComfyNetworkSense] [07/31/2026 06:16:45] MOTION_AUTHORITY state=target_rejected run_id=native-20260731-c8-full26 client=omen action=none detail=sequence=103_target_error_mm=48723_native_fallback=false
[Info   :ComfyNetworkSense] [07/31/2026 06:16:45] MOTION_AUTHORITY state=target_rejected run_id=native-20260731-c8-full26 client=omen action=none detail=sequence=103_target_error_mm=48726_native_fallback=false
[Info   :ComfyNetworkSense] [07/31/2026 06:16:45] MOTION_AUTHORITY state=target_rejected run_id=native-20260731-c8-full26 client=omen action=none detail=sequence=103_target_error_mm=48729_native_fallback=false
[Info   :ComfyNetworkSense] [07/31/2026 06:16:45] MOTION_AUTHORITY state=target_rejected run_id=native-20260731-c8-full26 client=omen action=none detail=sequence=103_target_error_mm=48732_native_fallback=false
[Info   :ComfyNetworkSense] [07/31/2026 06:16:45] MOTION_AUTHORITY state=target_rejected run_id=native-20260731-c8-full26 client=omen action=none detail=sequence=104_target_error_mm=48735_native_fallback=false
[Info   :ComfyNetworkSense] [07/31/2026 06:16:45] MOTION_AUTHORITY state=target_rejected run_id=native-20260731-c8-full26 client=omen action=none detail=sequence=104_target_error_mm=48738_native_fallback=false
[Info   :ComfyNetworkSense] [07/31/2026 06:16:45] MOTION_AUTHORITY state=target_rejected run_id=native-20260731-c8-full26 client=omen action=none detail=sequence=104_target_error_mm=48741_native_fallback=false
[Info   :ComfyNetworkSense] [07/31/2026 06:16:45] MOTION_AUTHORITY state=target_rejected run_id=native-20260731-c8-full26 client=omen action=none detail=sequence=104_target_error_mm=48744_native_fallback=false
[Info   :ComfyNetworkSense] [07/31/2026 06:16:45] MOTION_AUTHORITY state=target_rejected run_id=native-20260731-c8-full26 client=omen action=none detail=sequence=104_target_error_mm=48747_native_fallback=false
[Info   :ComfyNetworkSense] [07/31/2026 06:16:45] MOTION_AUTHORITY state=target_rejected run_id=native-20260731-c8-full26 client=omen action=none detail=sequence=104_target_error_mm=48750_native_fallback=false
[Info   :ComfyNetworkSense] [07/31/2026 06:16:45] MOTION_AUTHORITY state=target_rejected run_id=native-20260731-c8-full26 client=omen action=none detail=sequence=104_target_error_mm=48753_native_fallback=false
[Info   :ComfyNetworkSense] [07/31/2026 06:16:45] MOTION_AUTHORITY state=target_rejected run_id=native-20260731-c8-full26 client=omen action=none detail=sequence=105_target_error_mm=48766_native_fallback=false
[Info   :ComfyNetworkSense] [07/31/2026 06:16:45] MOTION_AUTHORITY state=target_rejected run_id=native-20260731-c8-full26 client=omen action=none detail=sequence=105_target_error_mm=48769_native_fallback=false
[Info   :ComfyNetworkSense] [07/31/2026 06:16:45] MOTION_AUTHORITY state=target_rejected run_id=native-20260731-c8-full26 client=omen action=none detail=sequence=105_target_error_mm=48772_native_fallback=false
[Info   :ComfyNetworkSense] [07/31/2026 06:16:45] MOTION_AUTHORITY state=target_rejected run_id=native-20260731-c8-full26 client=omen action=none detail=sequence=105_target_error_mm=48774_native_fallback=false
[Info   :ComfyNetworkSense] [07/31/2026 06:16:45] MOTION_AUTHORITY state=target_rejected run_id=native-20260731-c8-full26 client=omen action=none detail=sequence=105_target_error_mm=48777_native_fallback=false
[Info   :ComfyNetworkSense] [07/31/2026 06:16:45] MOTION_AUTHORITY state=target_rejected run_id=native-20260731-c8-full26 client=omen action=none detail=sequence=105_target_error_mm=48780_native_fallback=false
[Info   :ComfyNetworkSense] [07/31/2026 06:16:45] MOTION_AUTHORITY state=target_rejected run_id=native-20260731-c8-full26 client=omen action=none detail=sequence=105_target_error_mm=48783_native_fallback=false
[Info   :ComfyNetworkSense] [07/31/2026 06:16:45] MOTION_AUTHORITY state=target_rejected run_id=native-20260731-c8-full26 client=omen action=none detail=sequence=105_target_error_mm=48786_native_fallback=false
[Info   :ComfyNetworkSense] [07/31/2026 06:16:45] MOTION_AUTHORITY state=target_rejected run_id=native-20260731-c8-full26 client=omen action=none detail=sequence=106_target_error_mm=48789_native_fallback=false
[Info   :ComfyNetworkSense] [07/31/2026 06:16:45] MOTION_AUTHORITY state=target_rejected run_id=native-20260731-c8-full26 client=omen action=none detail=sequence=106_target_error_mm=48792_native_fallback=false
[Info   :ComfyNetworkSense] [07/31/2026 06:16:45] MOTION_AUTHORITY state=target_rejected run_id=native-20260731-c8-full26 client=omen action=none detail=sequence=106_target_error_mm=48795_native_fallback=false
[Info   :ComfyNetworkSense] [07/31/2026 06:16:45] MOTION_AUTHORITY state=target_rejected run_id=native-20260731-c8-full26 client=omen action=none detail=sequence=106_target_error_mm=48798_native_fallback=false
[Info   :ComfyNetworkSense] [07/31/2026 06:16:45] MOTION_AUTHORITY state=target_rejected run_id=native-20260731-c8-full26 client=omen action=none detail=sequence=106_target_error_mm=48801_native_fallback=false
[Info   :ComfyNetworkSense] [07/31/2026 06:16:45] MOTION_AUTHORITY state=target_rejected run_id=native-20260731-c8-full26 client=omen action=none detail=sequence=106_target_error_mm=48804_native_fallback=false
[Info   :ComfyNetworkSense] [07/31/2026 06:16:45] MOTION_AUTHORITY state=target_rejected run_id=native-20260731-c8-full26 client=omen action=none detail=sequence=107_target_error_mm=48807_native_fallback=false
[Info   :ComfyNetworkSense] [07/31/2026 06:16:45] MOTION_AUTHORITY state=target_rejected run_id=native-20260731-c8-full26 client=omen action=none detail=sequence=107_target_error_mm=48810_native_fallback=false
[Info   :ComfyNetworkSense] [07/31/2026 06:16:45] MOTION_AUTHORITY state=target_rejected run_id=native-20260731-c8-full26 client=omen action=none detail=sequence=107_target_error_mm=48813_native_fallback=false
[Info   :ComfyNetworkSense] [07/31/2026 06:16:45] MOTION_AUTHORITY state=target_rejected run_id=native-20260731-c8-full26 client=omen action=none detail=sequence=107_target_error_mm=48816_native_fallback=false
[Info   :ComfyNetworkSense] [07/31/2026 06:16:45] MOTION_AUTHORITY state=target_rejected run_id=native-20260731-c8-full26 client=omen action=none detail=sequence=107_target_error_mm=48819_native_fallback=false
[Info   :ComfyNetworkSense] [07/31/2026 06:16:45] MOTION_AUTHORITY state=target_rejected run_id=native-20260731-c8-full26 client=omen action=none detail=sequence=107_target_error_mm=48822_native_fallback=false
[Info   :ComfyNetworkSense] [07/31/2026 06:16:45] MOTION_AUTHORITY state=target_rejected run_id=native-20260731-c8-full26 client=omen action=none detail=sequence=107_target_error_mm=48824_native_fallback=false
[Info   :ComfyNetworkSense] [07/31/2026 06:16:45] MOTION_AUTHORITY state=target_rejected run_id=native-20260731-c8-full26 client=omen action=none detail=sequence=108_target_error_mm=48827_native_fallback=false
[Info   :ComfyNetworkSense] [07/31/2026 06:16:45] MOTION_AUTHORITY state=target_rejected run_id=native-20260731-c8-full26 client=omen action=none detail=sequence=108_target_error_mm=48830_native_fallback=false
[Info   :ComfyNetworkSense] [07/31/2026 06:16:45] MOTION_AUTHORITY state=target_rejected run_id=native-20260731-c8-full26 client=omen action=none detail=sequence=108_target_error_mm=48833_native_fallback=false
[Info   :ComfyNetworkSense] [07/31/2026 06:16:45] MOTION_AUTHORITY state=target_rejected run_id=native-20260731-c8-full26 client=omen action=none detail=sequence=108_target_error_mm=48836_native_fallback=false
[Info   :ComfyNetworkSense] [07/31/2026 06:16:45] MOTION_AUTHORITY state=target_rejected run_id=native-20260731-c8-full26 client=omen action=none detail=sequence=108_target_error_mm=48839_native_fallback=false
[Info   :ComfyNetworkSense] [07/31/2026 06:16:45] MOTION_AUTHORITY state=target_rejected run_id=native-20260731-c8-full26 client=omen action=none detail=sequence=108_target_error_mm=48842_native_fallback=false
[Info   :ComfyNetworkSense] [07/31/2026 06:16:45] MOTION_AUTHORITY state=target_rejected run_id=native-20260731-c8-full26 client=omen action=none detail=sequence=108_target_error_mm=48845_native_fallback=false
[Info   :ComfyNetworkSense] [07/31/2026 06:16:45] MOTION_AUTHORITY state=target_rejected run_id=native-20260731-c8-full26 client=omen action=none detail=sequence=108_target_error_mm=48848_native_fallback=false
[Info   :ComfyNetworkSense] [07/31/2026 06:16:45] MOTION_AUTHORITY state=target_rejected run_id=native-20260731-c8-full26 client=omen action=none detail=sequence=109_target_error_mm=48851_native_fallback=false
[Info   :ComfyNetworkSense] [07/31/2026 06:16:45] MOTION_AUTHORITY state=target_rejected run_id=native-20260731-c8-full26 client=omen action=none detail=sequence=109_target_error_mm=48854_native_fallback=false
[Info   :ComfyNetworkSense] [07/31/2026 06:16:45] MOTION_AUTHORITY state=target_rejected run_id=native-20260731-c8-full26 client=omen action=none detail=sequence=109_target_error_mm=48857_native_fallback=false
[Info   :ComfyNetworkSense] [07/31/2026 06:16:45] MOTION_AUTHORITY state=target_rejected run_id=native-20260731-c8-full26 client=omen action=none detail=sequence=109_target_error_mm=48860_native_fallback=false
[Info   :ComfyNetworkSense] [07/31/2026 06:16:45] MOTION_AUTHORITY state=target_rejected run_id=native-20260731-c8-full26 client=omen action=none detail=sequence=109_target_error_mm=48863_native_fallback=false
[Info   :ComfyNetworkSense] [07/31/2026 06:16:45] MOTION_AUTHORITY state=target_rejected run_id=native-20260731-c8-full26 client=omen action=none detail=sequence=109_target_error_mm=48866_native_fallback=false
[Info   :ComfyNetworkSense] [07/31/2026 06:16:45] MOTION_AUTHORITY state=target_rejected run_id=native-20260731-c8-full26 client=omen action=none detail=sequence=109_target_error_mm=48869_native_fallback=false
[Info   :ComfyNetworkSense] [07/31/2026 06:16:45] MOTION_AUTHORITY state=target_rejected run_id=native-20260731-c8-full26 client=omen action=none detail=sequence=109_target_error_mm=48872_native_fallback=false
[Info   :ComfyNetworkSense] [07/31/2026 06:16:45] MOTION_AUTHORITY state=target_rejected run_id=native-20260731-c8-full26 client=omen action=none detail=sequence=109_target_error_mm=48875_native_fallback=false
[Info   :ComfyNetworkSense] [07/31/2026 06:16:45] MOTION_AUTHORITY state=target_rejected run_id=native-20260731-c8-full26 client=omen action=none detail=sequence=110_target_error_mm=48877_native_fallback=false
[Info   :ComfyNetworkSense] [07/31/2026 06:16:45] MOTION_AUTHORITY state=target_rejected run_id=native-20260731-c8-full26 client=omen action=none detail=sequence=110_target_error_mm=48880_native_fallback=false
[Info   :ComfyNetworkSense] [07/31/2026 06:16:45] MOTION_AUTHORITY state=target_rejected run_id=native-20260731-c8-full26 client=omen action=none detail=sequence=110_target_error_mm=48883_native_fallback=false
[Info   :ComfyNetworkSense] [07/31/2026 06:16:45] MOTION_AUTHORITY state=target_rejected run_id=native-20260731-c8-full26 client=omen action=none detail=sequence=110_target_error_mm=48886_native_fallback=false
[Info   :ComfyNetworkSense] [07/31/2026 06:16:45] MOTION_AUTHORITY state=target_rejected run_id=native-20260731-c8-full26 client=omen action=none detail=sequence=110_target_error_mm=48889_native_fallback=false
[Info   :ComfyNetworkSense] [07/31/2026 06:16:45] MOTION_AUTHORITY state=target_rejected run_id=native-20260731-c8-full26 client=omen action=none detail=sequence=110_target_error_mm=48892_native_fallback=false
[Info   :ComfyNetworkSense] [07/31/2026 06:16:45] MOTION_AUTHORITY state=target_rejected run_id=native-20260731-c8-full26 client=omen action=none detail=sequence=111_target_error_mm=48895_native_fallback=false
[Info   :ComfyNetworkSense] [07/31/2026 06:16:45] MOTION_AUTHORITY state=target_rejected run_id=native-20260731-c8-full26 client=omen action=none detail=sequence=111_target_error_mm=48898_native_fallback=false
[Info   :ComfyNetworkSense] [07/31/2026 06:16:45] MOTION_AUTHORITY state=target_rejected run_id=native-20260731-c8-full26 client=omen action=none detail=sequence=111_target_error_mm=48901_native_fallback=false
[Info   :ComfyNetworkSense] [07/31/2026 06:16:45] MOTION_AUTHORITY state=target_rejected run_id=native-20260731-c8-full26 client=omen action=none detail=sequence=111_target_error_mm=48904_native_fallback=false
[Info   :ComfyNetworkSense] [07/31/2026 06:16:45] MOTION_AUTHORITY state=target_rejected run_id=native-20260731-c8-full26 client=omen action=none detail=sequence=111_target_error_mm=48907_native_fallback=false
[Info   :ComfyNetworkSense] [07/31/2026 06:16:45] MOTION_AUTHORITY state=target_rejected run_id=native-20260731-c8-full26 client=omen action=none detail=sequence=111_target_error_mm=48910_native_fallback=false
[Info   :ComfyNetworkSense] [07/31/2026 06:16:45] MOTION_AUTHORITY state=target_rejected run_id=native-20260731-c8-full26 client=omen action=none detail=sequence=111_target_error_mm=48913_native_fallback=false
[Info   :ComfyNetworkSense] [07/31/2026 06:16:45] MOTION_AUTHORITY state=target_rejected run_id=native-20260731-c8-full26 client=omen action=none detail=sequence=112_target_error_mm=48906_native_fallback=false
[Info   :ComfyNetworkSense] [07/31/2026 06:16:45] MOTION_AUTHORITY state=target_rejected run_id=native-20260731-c8-full26 client=omen action=none detail=sequence=112_target_error_mm=48909_native_fallback=false
[Info   :ComfyNetworkSense] [07/31/2026 06:16:45] MOTION_AUTHORITY state=target_rejected run_id=native-20260731-c8-full26 client=omen action=none detail=sequence=112_target_error_mm=48912_native_fallback=false
[Info   :ComfyNetworkSense] [07/31/2026 06:16:45] MOTION_AUTHORITY state=target_rejected run_id=native-20260731-c8-full26 client=omen action=none detail=sequence=112_target_error_mm=48915_native_fallback=false
[Info   :ComfyNetworkSense] [07/31/2026 06:16:45] MOTION_AUTHORITY state=target_rejected run_id=native-20260731-c8-full26 client=omen action=none detail=sequence=112_target_error_mm=48918_native_fallback=false
[Info   :ComfyNetworkSense] [07/31/2026 06:16:45] MOTION_AUTHORITY state=target_rejected run_id=native-20260731-c8-full26 client=omen action=none detail=sequence=112_target_error_mm=48921_native_fallback=false
[Info   :ComfyNetworkSense] [07/31/2026 06:16:45] MOTION_AUTHORITY state=target_rejected run_id=native-20260731-c8-full26 client=omen action=none detail=sequence=112_target_error_mm=48924_native_fallback=false
[Info   :ComfyNetworkSense] [07/31/2026 06:16:45] MOTION_AUTHORITY state=target_rejected run_id=native-20260731-c8-full26 client=omen action=none detail=sequence=112_target_error_mm=48927_native_fallback=false
[Info   :ComfyNetworkSense] [07/31/2026 06:16:46] MOTION_AUTHORITY state=target_rejected run_id=native-20260731-c8-full26 client=omen action=none detail=sequence=113_target_error_mm=48939_native_fallback=false
[Info   :ComfyNetworkSense] [07/31/2026 06:16:46] MOTION_AUTHORITY state=target_rejected run_id=native-20260731-c8-full26 client=omen action=none detail=sequence=113_target_error_mm=48942_native_fallback=false
[Info   :ComfyNetworkSense] [07/31/2026 06:16:46] MOTION_AUTHORITY state=target_rejected run_id=native-20260731-c8-full26 client=omen action=none detail=sequence=113_target_error_mm=48945_native_fallback=false
[Info   :ComfyNetworkSense] [07/31/2026 06:16:46] MOTION_AUTHORITY state=target_rejected run_id=native-20260731-c8-full26 client=omen action=none detail=sequence=113_target_error_mm=48948_native_fallback=false
[Info   :ComfyNetworkSense] [07/31/2026 06:16:46] MOTION_AUTHORITY state=target_rejected run_id=native-20260731-c8-full26 client=omen action=none detail=sequence=113_target_error_mm=48951_native_fallback=false
[Info   :ComfyNetworkSense] [07/31/2026 06:16:46] MOTION_AUTHORITY state=target_rejected run_id=native-20260731-c8-full26 client=omen action=none detail=sequence=113_target_error_mm=48954_native_fallback=false
[Info   :ComfyNetworkSense] [07/31/2026 06:16:46] MOTION_AUTHORITY state=target_rejected run_id=native-20260731-c8-full26 client=omen action=none detail=sequence=113_target_error_mm=48957_native_fallback=false
[Info   :ComfyNetworkSense] [07/31/2026 06:16:46] MOTION_AUTHORITY state=target_rejected run_id=native-20260731-c8-full26 client=omen action=none detail=sequence=113_target_error_mm=48960_native_fallback=false
[Info   :ComfyNetworkSense] [07/31/2026 06:16:46] MOTION_AUTHORITY state=target_rejected run_id=native-20260731-c8-full26 client=omen action=none detail=sequence=114_target_error_mm=48963_native_fallback=false
[Info   :ComfyNetworkSense] [07/31/2026 06:16:46] MOTION_AUTHORITY state=target_rejected run_id=native-20260731-c8-full26 client=omen action=none detail=sequence=114_target_error_mm=48966_native_fallback=false
[Info   :ComfyNetworkSense] [07/31/2026 06:16:46] MOTION_AUTHORITY state=target_rejected run_id=native-20260731-c8-full26 client=omen action=none detail=sequence=114_target_error_mm=48969_native_fallback=false
[Info   :ComfyNetworkSense] [07/31/2026 06:16:46] MOTION_AUTHORITY state=target_rejected run_id=native-20260731-c8-full26 client=omen action=none detail=sequence=114_target_error_mm=48972_native_fallback=false
[Info   :ComfyNetworkSense] [07/31/2026 06:16:46] MOTION_AUTHORITY state=target_rejected run_id=native-20260731-c8-full26 client=omen action=none detail=sequence=114_target_error_mm=48975_native_fallback=false
[Info   :ComfyNetworkSense] [07/31/2026 06:16:46] MOTION_AUTHORITY state=target_rejected run_id=native-20260731-c8-full26 client=omen action=none detail=sequence=114_target_error_mm=48978_native_fallback=false
[Info   :ComfyNetworkSense] [07/31/2026 06:16:46] MOTION_AUTHORITY state=target_rejected run_id=native-20260731-c8-full26 client=omen action=none detail=sequence=114_target_error_mm=48981_native_fallback=false
[Info   :ComfyNetworkSense] [07/31/2026 06:16:46] MOTION_AUTHORITY state=target_rejected run_id=native-20260731-c8-full26 client=omen action=none detail=sequence=115_target_error_mm=48983_native_fallback=false
[Info   :ComfyNetworkSense] [07/31/2026 06:16:46] MOTION_AUTHORITY state=target_rejected run_id=native-20260731-c8-full26 client=omen action=none detail=sequence=115_target_error_mm=48986_native_fallback=false
[Info   :ComfyNetworkSense] [07/31/2026 06:16:46] MOTION_AUTHORITY state=target_rejected run_id=native-20260731-c8-full26 client=omen action=none detail=sequence=115_target_error_mm=48989_native_fallback=false
[Info   :ComfyNetworkSense] [07/31/2026 06:16:46] MOTION_AUTHORITY state=target_rejected run_id=native-20260731-c8-full26 client=omen action=none detail=sequence=115_target_error_mm=48992_native_fallback=false
[Info   :ComfyNetworkSense] [07/31/2026 06:16:46] MOTION_AUTHORITY state=target_rejected run_id=native-20260731-c8-full26 client=omen action=none detail=sequence=115_target_error_mm=48995_native_fallback=false
[Info   :ComfyNetworkSense] [07/31/2026 06:16:46] MOTION_AUTHORITY state=target_rejected run_id=native-20260731-c8-full26 client=omen action=none detail=sequence=115_target_error_mm=48998_native_fallback=false
[Info   :ComfyNetworkSense] [07/31/2026 06:16:46] MOTION_AUTHORITY state=target_rejected run_id=native-20260731-c8-full26 client=omen action=none detail=sequence=115_target_error_mm=49001_native_fallback=false
[Info   :ComfyNetworkSense] [07/31/2026 06:16:46] MOTION_AUTHORITY state=target_rejected run_id=native-20260731-c8-full26 client=omen action=none detail=sequence=116_target_error_mm=48994_native_fallback=false
[Info   :ComfyNetworkSense] [07/31/2026 06:16:46] MOTION_AUTHORITY state=target_rejected run_id=native-20260731-c8-full26 client=omen action=none detail=sequence=116_target_error_mm=48997_native_fallback=false
[Info   :ComfyNetworkSense] [07/31/2026 06:16:46] MOTION_AUTHORITY state=target_rejected run_id=native-20260731-c8-full26 client=omen action=none detail=sequence=116_target_error_mm=49000_native_fallback=false
[Info   :ComfyNetworkSense] [07/31/2026 06:16:46] MOTION_AUTHORITY state=target_rejected run_id=native-20260731-c8-full26 client=omen action=none detail=sequence=116_target_error_mm=49003_native_fallback=false
[Info   :ComfyNetworkSense] [07/31/2026 06:16:46] MOTION_AUTHORITY state=target_rejected run_id=native-20260731-c8-full26 client=omen action=none detail=sequence=116_target_error_mm=49006_native_fallback=false
[Info   :ComfyNetworkSense] [07/31/2026 06:16:46] MOTION_AUTHORITY state=target_rejected run_id=native-20260731-c8-full26 client=omen action=none detail=sequence=116_target_error_mm=49009_native_fallback=false
[Info   :ComfyNetworkSense] [07/31/2026 06:16:46] MOTION_AUTHORITY state=target_rejected run_id=native-20260731-c8-full26 client=omen action=none detail=sequence=116_target_error_mm=49012_native_fallback=false
[Info   :ComfyNetworkSense] [07/31/2026 06:16:46] MOTION_AUTHORITY state=target_rejected run_id=native-20260731-c8-full26 client=omen action=none detail=sequence=116_target_error_mm=49015_native_fallback=false
[Info   :ComfyNetworkSense] [07/31/2026 06:16:46] MOTION_AUTHORITY state=target_rejected run_id=native-20260731-c8-full26 client=omen action=none detail=sequence=117_target_error_mm=49018_native_fallback=false
[Info   :ComfyNetworkSense] [07/31/2026 06:16:46] MOTION_AUTHORITY state=target_rejected run_id=native-20260731-c8-full26 client=omen action=none detail=sequence=117_target_error_mm=49021_native_fallback=false
[Info   :ComfyNetworkSense] [07/31/2026 06:16:46] MOTION_AUTHORITY state=target_rejected run_id=native-20260731-c8-full26 client=omen action=none detail=sequence=117_target_error_mm=49024_native_fallback=false
[Info   :ComfyNetworkSense] [07/31/2026 06:16:46] MOTION_AUTHORITY state=target_rejected run_id=native-20260731-c8-full26 client=omen action=none detail=sequence=117_target_error_mm=49027_native_fallback=false
[Info   :ComfyNetworkSense] [07/31/2026 06:16:46] MOTION_AUTHORITY state=target_rejected run_id=native-20260731-c8-full26 client=omen action=none detail=sequence=117_target_error_mm=49030_native_fallback=false
[Info   :ComfyNetworkSense] [07/31/2026 06:16:46] MOTION_AUTHORITY state=target_rejected run_id=native-20260731-c8-full26 client=omen action=none detail=sequence=117_target_error_mm=49033_native_fallback=false
[Info   :ComfyNetworkSense] [07/31/2026 06:16:46] MOTION_AUTHORITY state=target_rejected run_id=native-20260731-c8-full26 client=omen action=none detail=sequence=118_target_error_mm=49045_native_fallback=false
[Info   :ComfyNetworkSense] [07/31/2026 06:16:46] MOTION_AUTHORITY state=target_rejected run_id=native-20260731-c8-full26 client=omen action=none detail=sequence=118_target_error_mm=49048_native_fallback=false
[Info   :ComfyNetworkSense] [07/31/2026 06:16:46] MOTION_AUTHORITY state=target_rejected run_id=native-20260731-c8-full26 client=omen action=none detail=sequence=118_target_error_mm=49051_native_fallback=false
[Info   :ComfyNetworkSense] [07/31/2026 06:16:46] MOTION_AUTHORITY state=target_rejected run_id=native-20260731-c8-full26 client=omen action=none detail=sequence=118_target_error_mm=49054_native_fallback=false
[Info   :ComfyNetworkSense] [07/31/2026 06:16:46] MOTION_AUTHORITY state=target_rejected run_id=native-20260731-c8-full26 client=omen action=none detail=sequence=118_target_error_mm=49057_native_fallback=false
[Info   :ComfyNetworkSense] [07/31/2026 06:16:46] MOTION_AUTHORITY state=target_rejected run_id=native-20260731-c8-full26 client=omen action=none detail=sequence=118_target_error_mm=49060_native_fallback=false
[Info   :ComfyNetworkSense] [07/31/2026 06:16:46] MOTION_AUTHORITY state=target_rejected run_id=native-20260731-c8-full26 client=omen action=none detail=sequence=118_target_error_mm=49063_native_fallback=false
[Info   :ComfyNetworkSense] [07/31/2026 06:16:46] MOTION_AUTHORITY state=target_rejected run_id=native-20260731-c8-full26 client=omen action=none detail=sequence=119_target_error_mm=49056_native_fallback=false
[Info   :ComfyNetworkSense] [07/31/2026 06:16:46] MOTION_AUTHORITY state=target_rejected run_id=native-20260731-c8-full26 client=omen action=none detail=sequence=119_target_error_mm=49059_native_fallback=false
[Info   :ComfyNetworkSense] [07/31/2026 06:16:46] MOTION_AUTHORITY state=target_rejected run_id=native-20260731-c8-full26 client=omen action=none detail=sequence=119_target_error_mm=49062_native_fallback=false
[Info   :ComfyNetworkSense] [07/31/2026 06:16:46] MOTION_AUTHORITY state=target_rejected run_id=native-20260731-c8-full26 client=omen action=none detail=sequence=119_target_error_mm=49065_native_fallback=false
[Info   :ComfyNetworkSense] [07/31/2026 06:16:46] MOTION_AUTHORITY state=target_rejected run_id=native-20260731-c8-full26 client=omen action=none detail=sequence=119_target_error_mm=49068_native_fallback=false
[Info   :ComfyNetworkSense] [07/31/2026 06:16:46] MOTION_AUTHORITY state=target_rejected run_id=native-20260731-c8-full26 client=omen action=none detail=sequence=119_target_error_mm=49071_native_fallback=false
[Info   :ComfyNetworkSense] [07/31/2026 06:16:46] MOTION_AUTHORITY state=target_rejected run_id=native-20260731-c8-full26 client=omen action=none detail=sequence=119_target_error_mm=49074_native_fallback=false
[Info   :ComfyNetworkSense] [07/31/2026 06:16:46] MOTION_AUTHORITY state=target_rejected run_id=native-20260731-c8-full26 client=omen action=none detail=sequence=119_target_error_mm=49077_native_fallback=false
[Info   :ComfyNetworkSense] [07/31/2026 06:16:46] MOTION_AUTHORITY state=target_rejected run_id=native-20260731-c8-full26 client=omen action=none detail=sequence=120_target_error_mm=49080_native_fallback=false
[Info   :ComfyNetworkSense] [07/31/2026 06:16:46] MOTION_AUTHORITY state=target_rejected run_id=native-20260731-c8-full26 client=omen action=none detail=sequence=120_target_error_mm=49083_native_fallback=false
[Info   :ComfyNetworkSense] [07/31/2026 06:16:46] MOTION_AUTHORITY state=target_rejected run_id=native-20260731-c8-full26 client=omen action=none detail=sequence=120_target_error_mm=49086_native_fallback=false
[Info   :ComfyNetworkSense] [07/31/2026 06:16:46] MOTION_AUTHORITY state=target_rejected run_id=native-20260731-c8-full26 client=omen action=none detail=sequence=120_target_error_mm=49089_native_fallback=false
[Info   :ComfyNetworkSense] [07/31/2026 06:16:46] MOTION_AUTHORITY state=target_rejected run_id=native-20260731-c8-full26 client=omen action=none detail=sequence=120_target_error_mm=49092_native_fallback=false
[Info   :ComfyNetworkSense] [07/31/2026 06:16:46] MOTION_AUTHORITY state=target_rejected run_id=native-20260731-c8-full26 client=omen action=none detail=sequence=120_target_error_mm=49094_native_fallback=false
[Info   :ComfyNetworkSense] [07/31/2026 06:16:46] MOTION_AUTHORITY state=target_rejected run_id=native-20260731-c8-full26 client=omen action=none detail=sequence=120_target_error_mm=49097_native_fallback=false
[Info   :ComfyNetworkSense] [07/31/2026 06:16:46] MOTION_AUTHORITY state=target_rejected run_id=native-20260731-c8-full26 client=omen action=none detail=sequence=121_target_error_mm=49110_native_fallback=false
[Info   :ComfyNetworkSense] [07/31/2026 06:16:46] MOTION_AUTHORITY state=target_rejected run_id=native-20260731-c8-full26 client=omen action=none detail=sequence=121_target_error_mm=49113_native_fallback=false
[Info   :ComfyNetworkSense] [07/31/2026 06:16:46] MOTION_AUTHORITY state=target_rejected run_id=native-20260731-c8-full26 client=omen action=none detail=sequence=121_target_error_mm=49116_native_fallback=false
[Info   :ComfyNetworkSense] [07/31/2026 06:16:46] MOTION_AUTHORITY state=target_rejected run_id=native-20260731-c8-full26 client=omen action=none detail=sequence=121_target_error_mm=49119_native_fallback=false
[Info   :ComfyNetworkSense] [07/31/2026 06:16:46] MOTION_AUTHORITY state=target_rejected run_id=native-20260731-c8-full26 client=omen action=none detail=sequence=121_target_error_mm=49122_native_fallback=false
[Info   :ComfyNetworkSense] [07/31/2026 06:16:46] MOTION_AUTHORITY state=target_rejected run_id=native-20260731-c8-full26 client=omen action=none detail=sequence=121_target_error_mm=49125_native_fallback=false
[Info   :ComfyNetworkSense] [07/31/2026 06:16:46] MOTION_AUTHORITY state=target_rejected run_id=native-20260731-c8-full26 client=omen action=none detail=sequence=121_target_error_mm=49128_native_fallback=false
[Info   :ComfyNetworkSense] [07/31/2026 06:16:46] MOTION_AUTHORITY state=target_rejected run_id=native-20260731-c8-full26 client=omen action=none detail=sequence=121_target_error_mm=49131_native_fallback=false
[Info   :ComfyNetworkSense] [07/31/2026 06:16:46] MOTION_AUTHORITY state=target_rejected run_id=native-20260731-c8-full26 client=omen action=none detail=sequence=122_target_error_mm=49134_native_fallback=false
[Info   :ComfyNetworkSense] [07/31/2026 06:16:46] MOTION_AUTHORITY state=target_rejected run_id=native-20260731-c8-full26 client=omen action=none detail=sequence=122_target_error_mm=49137_native_fallback=false
[Info   :ComfyNetworkSense] [07/31/2026 06:16:46] MOTION_AUTHORITY state=target_rejected run_id=native-20260731-c8-full26 client=omen action=none detail=sequence=122_target_error_mm=49140_native_fallback=false
[Info   :ComfyNetworkSense] [07/31/2026 06:16:46] MOTION_AUTHORITY state=target_rejected run_id=native-20260731-c8-full26 client=omen action=none detail=sequence=122_target_error_mm=49143_native_fallback=false
[Info   :ComfyNetworkSense] [07/31/2026 06:16:46] MOTION_AUTHORITY state=target_rejected run_id=native-20260731-c8-full26 client=omen action=none detail=sequence=122_target_error_mm=49145_native_fallback=false
[Info   :ComfyNetworkSense] [07/31/2026 06:16:46] MOTION_AUTHORITY state=target_rejected run_id=native-20260731-c8-full26 client=omen action=none detail=sequence=122_target_error_mm=49148_native_fallback=false
[Info   :ComfyNetworkSense] [07/31/2026 06:16:46] MOTION_AUTHORITY state=target_rejected run_id=native-20260731-c8-full26 client=omen action=none detail=sequence=122_target_error_mm=49151_native_fallback=false
[Info   :ComfyNetworkSense] [07/31/2026 06:16:46] MOTION_AUTHORITY state=target_rejected run_id=native-20260731-c8-full26 client=omen action=none detail=sequence=122_target_error_mm=49154_native_fallback=false
[Info   :ComfyNetworkSense] [07/31/2026 06:16:46] MOTION_AUTHORITY state=target_rejected run_id=native-20260731-c8-full26 client=omen action=none detail=sequence=123_target_error_mm=49157_native_fallback=false
[Info   :ComfyNetworkSense] [07/31/2026 06:16:46] MOTION_AUTHORITY state=target_rejected run_id=native-20260731-c8-full26 client=omen action=none detail=sequence=123_target_error_mm=49160_native_fallback=false
[Info   :ComfyNetworkSense] [07/31/2026 06:16:46] MOTION_AUTHORITY state=target_rejected run_id=native-20260731-c8-full26 client=omen action=none detail=sequence=123_target_error_mm=49163_native_fallback=false
[Info   :ComfyNetworkSense] [07/31/2026 06:16:46] MOTION_AUTHORITY state=target_rejected run_id=native-20260731-c8-full26 client=omen action=none detail=sequence=123_target_error_mm=49166_native_fallback=false
[Info   :ComfyNetworkSense] [07/31/2026 06:16:46] MOTION_AUTHORITY state=target_rejected run_id=native-20260731-c8-full26 client=omen action=none detail=sequence=123_target_error_mm=49169_native_fallback=false
[Info   :ComfyNetworkSense] [07/31/2026 06:16:46] MOTION_AUTHORITY state=target_rejected run_id=native-20260731-c8-full26 client=omen action=none detail=sequence=123_target_error_mm=49172_native_fallback=false
[Info   :ComfyNetworkSense] [07/31/2026 06:16:46] MOTION_AUTHORITY state=target_rejected run_id=native-20260731-c8-full26 client=omen action=none detail=sequence=123_target_error_mm=49175_native_fallback=false
[Info   :ComfyNetworkSense] [07/31/2026 06:16:46] MOTION_AUTHORITY state=target_rejected run_id=native-20260731-c8-full26 client=omen action=none detail=sequence=123_target_error_mm=49178_native_fallback=false
[Info   :ComfyNetworkSense] [07/31/2026 06:16:46] MOTION_AUTHORITY state=target_rejected run_id=native-20260731-c8-full26 client=omen action=none detail=sequence=124_target_error_mm=49181_native_fallback=false
[Info   :ComfyNetworkSense] [07/31/2026 06:16:46] MOTION_AUTHORITY state=target_rejected run_id=native-20260731-c8-full26 client=omen action=none detail=sequence=124_target_error_mm=49184_native_fallback=false
[Info   :ComfyNetworkSense] [07/31/2026 06:16:46] MOTION_AUTHORITY state=target_rejected run_id=native-20260731-c8-full26 client=omen action=none detail=sequence=124_target_error_mm=49187_native_fallback=false
[Info   :ComfyNetworkSense] [07/31/2026 06:16:46] MOTION_AUTHORITY state=target_rejected run_id=native-20260731-c8-full26 client=omen action=none detail=sequence=124_target_error_mm=49190_native_fallback=false
[Info   :ComfyNetworkSense] [07/31/2026 06:16:46] MOTION_AUTHORITY state=target_rejected run_id=native-20260731-c8-full26 client=omen action=none detail=sequence=124_target_error_mm=49193_native_fallback=false
[Info   :ComfyNetworkSense] [07/31/2026 06:16:46] MOTION_AUTHORITY state=target_rejected run_id=native-20260731-c8-full26 client=omen action=none detail=sequence=124_target_error_mm=49196_native_fallback=false
[Info   :ComfyNetworkSense] [07/31/2026 06:16:46] MOTION_AUTHORITY state=target_rejected run_id=native-20260731-c8-full26 client=omen action=none detail=sequence=124_target_error_mm=49198_native_fallback=false
[Info   :ComfyNetworkSense] [07/31/2026 06:16:46] MOTION_AUTHORITY state=target_rejected run_id=native-20260731-c8-full26 client=omen action=none detail=sequence=125_target_error_mm=49201_native_fallback=false
[Info   :ComfyNetworkSense] [07/31/2026 06:16:46] MOTION_AUTHORITY state=target_rejected run_id=native-20260731-c8-full26 client=omen action=none detail=sequence=125_target_error_mm=49204_native_fallback=false
[Info   :ComfyNetworkSense] [07/31/2026 06:16:46] MOTION_AUTHORITY state=target_rejected run_id=native-20260731-c8-full26 client=omen action=none detail=sequence=125_target_error_mm=49207_native_fallback=false
[Info   :ComfyNetworkSense] [07/31/2026 06:16:46] MOTION_AUTHORITY state=target_rejected run_id=native-20260731-c8-full26 client=omen action=none detail=sequence=125_target_error_mm=49210_native_fallback=false
[Info   :ComfyNetworkSense] [07/31/2026 06:16:46] MOTION_AUTHORITY state=target_rejected run_id=native-20260731-c8-full26 client=omen action=none detail=sequence=125_target_error_mm=49213_native_fallback=false
[Info   :ComfyNetworkSense] [07/31/2026 06:16:46] MOTION_AUTHORITY state=target_rejected run_id=native-20260731-c8-full26 client=omen action=none detail=sequence=125_target_error_mm=49216_native_fallback=false
[Info   :ComfyNetworkSense] [07/31/2026 06:16:46] MOTION_AUTHORITY state=target_rejected run_id=native-20260731-c8-full26 client=omen action=none detail=sequence=126_target_error_mm=49209_native_fallback=false
[Info   :ComfyNetworkSense] [07/31/2026 06:16:46] MOTION_AUTHORITY state=target_rejected run_id=native-20260731-c8-full26 client=omen action=none detail=sequence=126_target_error_mm=49212_native_fallback=false
[Info   :ComfyNetworkSense] [07/31/2026 06:16:46] MOTION_AUTHORITY state=target_rejected run_id=native-20260731-c8-full26 client=omen action=none detail=sequence=126_target_error_mm=49215_native_fallback=false
[Info   :ComfyNetworkSense] [07/31/2026 06:16:46] MOTION_AUTHORITY state=target_rejected run_id=native-20260731-c8-full26 client=omen action=none detail=sequence=126_target_error_mm=49218_native_fallback=false
[Info   :ComfyNetworkSense] [07/31/2026 06:16:46] MOTION_AUTHORITY state=target_rejected run_id=native-20260731-c8-full26 client=omen action=none detail=sequence=126_target_error_mm=49221_native_fallback=false
[Info   :ComfyNetworkSense] [07/31/2026 06:16:46] MOTION_AUTHORITY state=target_rejected run_id=native-20260731-c8-full26 client=omen action=none detail=sequence=126_target_error_mm=49224_native_fallback=false
[Info   :ComfyNetworkSense] [07/31/2026 06:16:46] MOTION_AUTHORITY state=target_rejected run_id=native-20260731-c8-full26 client=omen action=none detail=sequence=126_target_error_mm=49227_native_fallback=false
[Info   :ComfyNetworkSense] [07/31/2026 06:16:46] MOTION_AUTHORITY state=target_rejected run_id=native-20260731-c8-full26 client=omen action=none detail=sequence=126_target_error_mm=49230_native_fallback=false
[Info   :ComfyNetworkSense] [07/31/2026 06:16:46] MOTION_AUTHORITY state=target_rejected run_id=native-20260731-c8-full26 client=omen action=none detail=sequence=126_target_error_mm=49233_native_fallback=false
[Info   :ComfyNetworkSense] [07/31/2026 06:16:46] MOTION_AUTHORITY state=target_rejected run_id=native-20260731-c8-full26 client=omen action=none detail=sequence=127_target_error_mm=49236_native_fallback=false
[Info   :ComfyNetworkSense] [07/31/2026 06:16:46] MOTION_AUTHORITY state=target_rejected run_id=native-20260731-c8-full26 client=omen action=none detail=sequence=127_target_error_mm=49239_native_fallback=false
[Info   :ComfyNetworkSense] [07/31/2026 06:16:46] MOTION_AUTHORITY state=target_rejected run_id=native-20260731-c8-full26 client=omen action=none detail=sequence=127_target_error_mm=49242_native_fallback=false
[Info   :ComfyNetworkSense] [07/31/2026 06:16:46] MOTION_AUTHORITY state=target_rejected run_id=native-20260731-c8-full26 client=omen action=none detail=sequence=127_target_error_mm=49245_native_fallback=false
[Info   :ComfyNetworkSense] [07/31/2026 06:16:46] MOTION_AUTHORITY state=target_rejected run_id=native-20260731-c8-full26 client=omen action=none detail=sequence=127_target_error_mm=49248_native_fallback=false
[Info   :ComfyNetworkSense] [07/31/2026 06:16:46] MOTION_AUTHORITY state=target_rejected run_id=native-20260731-c8-full26 client=omen action=none detail=sequence=127_target_error_mm=49251_native_fallback=false
[Info   :ComfyNetworkSense] [07/31/2026 06:16:46] MOTION_AUTHORITY state=target_rejected run_id=native-20260731-c8-full26 client=omen action=none detail=sequence=127_target_error_mm=49254_native_fallback=false
[Info   :ComfyNetworkSense] [07/31/2026 06:16:46] MOTION_AUTHORITY state=target_rejected run_id=native-20260731-c8-full26 client=omen action=none detail=sequence=127_target_error_mm=49257_native_fallback=false
[Info   :ComfyNetworkSense] [07/31/2026 06:16:46] MOTION_AUTHORITY state=target_rejected run_id=native-20260731-c8-full26 client=omen action=none detail=sequence=128_target_error_mm=49269_native_fallback=false
[Info   :ComfyNetworkSense] [07/31/2026 06:16:46] MOTION_AUTHORITY state=target_rejected run_id=native-20260731-c8-full26 client=omen action=none detail=sequence=128_target_error_mm=49272_native_fallback=false
[Info   :ComfyNetworkSense] [07/31/2026 06:16:46] MOTION_AUTHORITY state=target_rejected run_id=native-20260731-c8-full26 client=omen action=none detail=sequence=128_target_error_mm=49275_native_fallback=false
[Info   :ComfyNetworkSense] [07/31/2026 06:16:46] MOTION_AUTHORITY state=target_rejected run_id=native-20260731-c8-full26 client=omen action=none detail=sequence=128_target_error_mm=49278_native_fallback=false
[Info   :ComfyNetworkSense] [07/31/2026 06:16:46] MOTION_AUTHORITY state=target_rejected run_id=native-20260731-c8-full26 client=omen action=none detail=sequence=128_target_error_mm=49281_native_fallback=false
[Info   :ComfyNetworkSense] [07/31/2026 06:16:46] MOTION_AUTHORITY state=target_rejected run_id=native-20260731-c8-full26 client=omen action=none detail=sequence=128_target_error_mm=49284_native_fallback=false
[Info   :ComfyNetworkSense] [07/31/2026 06:16:46] MOTION_AUTHORITY state=target_rejected run_id=native-20260731-c8-full26 client=omen action=none detail=sequence=128_target_error_mm=49287_native_fallback=false
[Info   :ComfyNetworkSense] [07/31/2026 06:16:46] MOTION_AUTHORITY state=target_rejected run_id=native-20260731-c8-full26 client=omen action=none detail=sequence=128_target_error_mm=49290_native_fallback=false
[Info   :ComfyNetworkSense] [07/31/2026 06:16:46] MOTION_AUTHORITY state=target_rejected run_id=native-20260731-c8-full26 client=omen action=none detail=sequence=129_target_error_mm=49293_native_fallback=false
[Info   :ComfyNetworkSense] [07/31/2026 06:16:46] MOTION_AUTHORITY state=target_rejected run_id=native-20260731-c8-full26 client=omen action=none detail=sequence=129_target_error_mm=49296_native_fallback=false
[Info   :ComfyNetworkSense] [07/31/2026 06:16:46] MOTION_AUTHORITY state=target_rejected run_id=native-20260731-c8-full26 client=omen action=none detail=sequence=129_target_error_mm=49299_native_fallback=false
[Info   :ComfyNetworkSense] [07/31/2026 06:16:46] MOTION_AUTHORITY state=target_rejected run_id=native-20260731-c8-full26 client=omen action=none detail=sequence=129_target_error_mm=49302_native_fallback=false
[Info   :ComfyNetworkSense] [07/31/2026 06:16:46] MOTION_AUTHORITY state=target_rejected run_id=native-20260731-c8-full26 client=omen action=none detail=sequence=129_target_error_mm=49305_native_fallback=false
[Info   :ComfyNetworkSense] [07/31/2026 06:16:46] MOTION_AUTHORITY state=target_rejected run_id=native-20260731-c8-full26 client=omen action=none detail=sequence=129_target_error_mm=49308_native_fallback=false
[Info   :ComfyNetworkSense] [07/31/2026 06:16:46] MOTION_AUTHORITY state=target_rejected run_id=native-20260731-c8-full26 client=omen action=none detail=sequence=130_target_error_mm=49311_native_fallback=false
[Info   :ComfyNetworkSense] [07/31/2026 06:16:46] MOTION_AUTHORITY state=target_rejected run_id=native-20260731-c8-full26 client=omen action=none detail=sequence=130_target_error_mm=49314_native_fallback=false
[Info   :ComfyNetworkSense] [07/31/2026 06:16:46] MOTION_AUTHORITY state=target_rejected run_id=native-20260731-c8-full26 client=omen action=none detail=sequence=130_target_error_mm=49316_native_fallback=false
[Info   :ComfyNetworkSense] [07/31/2026 06:16:46] MOTION_AUTHORITY state=target_rejected run_id=native-20260731-c8-full26 client=omen action=none detail=sequence=130_target_error_mm=49319_native_fallback=false
[Info   :ComfyNetworkSense] [07/31/2026 06:16:46] MOTION_AUTHORITY state=target_rejected run_id=native-20260731-c8-full26 client=omen action=none detail=sequence=130_target_error_mm=49322_native_fallback=false
[Info   :ComfyNetworkSense] [07/31/2026 06:16:46] MOTION_AUTHORITY state=target_rejected run_id=native-20260731-c8-full26 client=omen action=none detail=sequence=130_target_error_mm=49325_native_fallback=false
[Info   :ComfyNetworkSense] [07/31/2026 06:16:46] MOTION_AUTHORITY state=target_rejected run_id=native-20260731-c8-full26 client=omen action=none detail=sequence=130_target_error_mm=49328_native_fallback=false
[Info   :ComfyNetworkSense] [07/31/2026 06:16:47] MOTION_AUTHORITY state=target_rejected run_id=native-20260731-c8-full26 client=omen action=none detail=sequence=130_target_error_mm=49331_native_fallback=false
[Info   :ComfyNetworkSense] [07/31/2026 06:16:47] MOTION_AUTHORITY state=target_rejected run_id=native-20260731-c8-full26 client=omen action=none detail=sequence=131_target_error_mm=49334_native_fallback=false
[Info   :ComfyNetworkSense] [07/31/2026 06:16:47] MOTION_AUTHORITY state=target_rejected run_id=native-20260731-c8-full26 client=omen action=none detail=sequence=131_target_error_mm=49337_native_fallback=false
[Info   :ComfyNetworkSense] [07/31/2026 06:16:47] MOTION_AUTHORITY state=target_rejected run_id=native-20260731-c8-full26 client=omen action=none detail=sequence=131_target_error_mm=49340_native_fallback=false
[Info   :ComfyNetworkSense] [07/31/2026 06:16:47] MOTION_AUTHORITY state=target_rejected run_id=native-20260731-c8-full26 client=omen action=none detail=sequence=131_target_error_mm=49343_native_fallback=false
[Info   :ComfyNetworkSense] [07/31/2026 06:16:47] MOTION_AUTHORITY state=target_rejected run_id=native-20260731-c8-full26 client=omen action=none detail=sequence=131_target_error_mm=49346_native_fallback=false
[Info   :ComfyNetworkSense] [07/31/2026 06:16:47] MOTION_AUTHORITY state=target_rejected run_id=native-20260731-c8-full26 client=omen action=none detail=sequence=131_target_error_mm=49349_native_fallback=false
[Info   :ComfyNetworkSense] [07/31/2026 06:16:47] MOTION_AUTHORITY state=target_rejected run_id=native-20260731-c8-full26 client=omen action=none detail=sequence=131_target_error_mm=49353_native_fallback=false
[Info   :ComfyNetworkSense] [07/31/2026 06:16:47] MOTION_AUTHORITY state=target_rejected run_id=native-20260731-c8-full26 client=omen action=none detail=sequence=132_target_error_mm=49346_native_fallback=false
[Info   :ComfyNetworkSense] [07/31/2026 06:16:47] MOTION_AUTHORITY state=target_rejected run_id=native-20260731-c8-full26 client=omen action=none detail=sequence=132_target_error_mm=49349_native_fallback=false
[Info   :ComfyNetworkSense] [07/31/2026 06:16:47] MOTION_AUTHORITY state=target_rejected run_id=native-20260731-c8-full26 client=omen action=none detail=sequence=132_target_error_mm=49352_native_fallback=false
[Info   :ComfyNetworkSense] [07/31/2026 06:16:47] MOTION_AUTHORITY state=target_rejected run_id=native-20260731-c8-full26 client=omen action=none detail=sequence=132_target_error_mm=49355_native_fallback=false
[Info   :ComfyNetworkSense] [07/31/2026 06:16:47] MOTION_AUTHORITY state=target_rejected run_id=native-20260731-c8-full26 client=omen action=none detail=sequence=132_target_error_mm=49358_native_fallback=false
[Info   :ComfyNetworkSense] [07/31/2026 06:16:47] MOTION_AUTHORITY state=target_rejected run_id=native-20260731-c8-full26 client=omen action=none detail=sequence=132_target_error_mm=49361_native_fallback=false
[Info   :ComfyNetworkSense] [07/31/2026 06:16:47] MOTION_AUTHORITY state=target_rejected run_id=native-20260731-c8-full26 client=omen action=none detail=sequence=132_target_error_mm=49364_native_fallback=false
[Info   :ComfyNetworkSense] [07/31/2026 06:16:47] MOTION_AUTHORITY state=target_rejected run_id=native-20260731-c8-full26 client=omen action=none detail=sequence=132_target_error_mm=49367_native_fallback=false
[Info   :ComfyNetworkSense] [07/31/2026 06:16:47] MOTION_AUTHORITY state=target_rejected run_id=native-20260731-c8-full26 client=omen action=none detail=sequence=133_target_error_mm=49370_native_fallback=false
[Info   :ComfyNetworkSense] [07/31/2026 06:16:47] MOTION_AUTHORITY state=target_rejected run_id=native-20260731-c8-full26 client=omen action=none detail=sequence=133_target_error_mm=49373_native_fallback=false
[Info   :ComfyNetworkSense] [07/31/2026 06:16:47] MOTION_AUTHORITY state=target_rejected run_id=native-20260731-c8-full26 client=omen action=none detail=sequence=133_target_error_mm=49376_native_fallback=false
[Info   :ComfyNetworkSense] [07/31/2026 06:16:47] MOTION_AUTHORITY state=target_rejected run_id=native-20260731-c8-full26 client=omen action=none detail=sequence=133_target_error_mm=49379_native_fallback=false
[Info   :ComfyNetworkSense] [07/31/2026 06:16:47] MOTION_AUTHORITY state=target_rejected run_id=native-20260731-c8-full26 client=omen action=none detail=sequence=133_target_error_mm=49381_native_fallback=false
[Info   :ComfyNetworkSense] [07/31/2026 06:16:47] MOTION_AUTHORITY state=target_rejected run_id=native-20260731-c8-full26 client=omen action=none detail=sequence=133_target_error_mm=49384_native_fallback=false
[Info   :ComfyNetworkSense] [07/31/2026 06:16:47] MOTION_AUTHORITY state=target_rejected run_id=native-20260731-c8-full26 client=omen action=none detail=sequence=133_target_error_mm=49387_native_fallback=false
[Info   :ComfyNetworkSense] [07/31/2026 06:16:47] MOTION_AUTHORITY state=target_rejected run_id=native-20260731-c8-full26 client=omen action=none detail=sequence=133_target_error_mm=49390_native_fallback=false
[Info   :ComfyNetworkSense] [07/31/2026 06:16:47] MOTION_AUTHORITY state=target_rejected run_id=native-20260731-c8-full26 client=omen action=none detail=sequence=134_target_error_mm=49393_native_fallback=false
[Info   :ComfyNetworkSense] [07/31/2026 06:16:47] MOTION_AUTHORITY state=target_rejected run_id=native-20260731-c8-full26 client=omen action=none detail=sequence=134_target_error_mm=49396_native_fallback=false
[Info   :ComfyNetworkSense] [07/31/2026 06:16:47] MOTION_AUTHORITY state=target_rejected run_id=native-20260731-c8-full26 client=omen action=none detail=sequence=134_target_error_mm=49399_native_fallback=false
[Info   :ComfyNetworkSense] [07/31/2026 06:16:47] MOTION_AUTHORITY state=target_rejected run_id=native-20260731-c8-full26 client=omen action=none detail=sequence=134_target_error_mm=49402_native_fallback=false
[Info   :ComfyNetworkSense] [07/31/2026 06:16:47] MOTION_AUTHORITY state=target_rejected run_id=native-20260731-c8-full26 client=omen action=none detail=sequence=134_target_error_mm=49405_native_fallback=false
[Info   :ComfyNetworkSense] [07/31/2026 06:16:47] MOTION_AUTHORITY state=target_rejected run_id=native-20260731-c8-full26 client=omen action=none detail=sequence=134_target_error_mm=49408_native_fallback=false
[Info   :ComfyNetworkSense] [07/31/2026 06:16:47] MOTION_AUTHORITY state=target_rejected run_id=native-20260731-c8-full26 client=omen action=none detail=sequence=134_target_error_mm=49411_native_fallback=false
[Info   :ComfyNetworkSense] [07/31/2026 06:16:47] MOTION_AUTHORITY state=target_rejected run_id=native-20260731-c8-full26 client=omen action=none detail=sequence=135_target_error_mm=49424_native_fallback=false
[Info   :ComfyNetworkSense] [07/31/2026 06:16:47] MOTION_AUTHORITY state=target_rejected run_id=native-20260731-c8-full26 client=omen action=none detail=sequence=135_target_error_mm=49427_native_fallback=false
[Info   :ComfyNetworkSense] [07/31/2026 06:16:47] MOTION_AUTHORITY state=target_rejected run_id=native-20260731-c8-full26 client=omen action=none detail=sequence=135_target_error_mm=49430_native_fallback=false
[Info   :ComfyNetworkSense] [07/31/2026 06:16:47] MOTION_AUTHORITY state=target_rejected run_id=native-20260731-c8-full26 client=omen action=none detail=sequence=135_target_error_mm=49433_native_fallback=false
[Info   :ComfyNetworkSense] [07/31/2026 06:16:47] MOTION_AUTHORITY state=target_rejected run_id=native-20260731-c8-full26 client=omen action=none detail=sequence=135_target_error_mm=49436_native_fallback=false
[Info   :ComfyNetworkSense] [07/31/2026 06:16:47] MOTION_AUTHORITY state=target_rejected run_id=native-20260731-c8-full26 client=omen action=none detail=sequence=135_target_error_mm=49439_native_fallback=false
[Info   :ComfyNetworkSense] [07/31/2026 06:16:47] MOTION_AUTHORITY state=target_rejected run_id=native-20260731-c8-full26 client=omen action=none detail=sequence=135_target_error_mm=49442_native_fallback=false
[Info   :ComfyNetworkSense] [07/31/2026 06:16:47] MOTION_AUTHORITY state=target_rejected run_id=native-20260731-c8-full26 client=omen action=none detail=sequence=136_target_error_mm=49445_native_fallback=false
[Info   :ComfyNetworkSense] [07/31/2026 06:16:47] MOTION_AUTHORITY state=target_rejected run_id=native-20260731-c8-full26 client=omen action=none detail=sequence=136_target_error_mm=49448_native_fallback=false
[Info   :ComfyNetworkSense] [07/31/2026 06:16:47] MOTION_AUTHORITY state=target_rejected run_id=native-20260731-c8-full26 client=omen action=none detail=sequence=136_target_error_mm=49451_native_fallback=false
[Info   :ComfyNetworkSense] [07/31/2026 06:16:47] MOTION_AUTHORITY state=target_rejected run_id=native-20260731-c8-full26 client=omen action=none detail=sequence=136_target_error_mm=49454_native_fallback=false
[Info   :ComfyNetworkSense] [07/31/2026 06:16:47] MOTION_AUTHORITY state=target_rejected run_id=native-20260731-c8-full26 client=omen action=none detail=sequence=136_target_error_mm=49457_native_fallback=false
[Info   :ComfyNetworkSense] [07/31/2026 06:16:47] MOTION_AUTHORITY state=target_rejected run_id=native-20260731-c8-full26 client=omen action=none detail=sequence=136_target_error_mm=49459_native_fallback=false
[Info   :ComfyNetworkSense] [07/31/2026 06:16:47] MOTION_AUTHORITY state=target_rejected run_id=native-20260731-c8-full26 client=omen action=none detail=sequence=136_target_error_mm=49462_native_fallback=false
[Info   :ComfyNetworkSense] [07/31/2026 06:16:47] MOTION_AUTHORITY state=target_rejected run_id=native-20260731-c8-full26 client=omen action=none detail=sequence=136_target_error_mm=49465_native_fallback=false
[Info   :ComfyNetworkSense] [07/31/2026 06:16:47] MOTION_AUTHORITY state=target_rejected run_id=native-20260731-c8-full26 client=omen action=none detail=sequence=136_target_error_mm=49468_native_fallback=false
[Info   :ComfyNetworkSense] [07/31/2026 06:16:47] MOTION_AUTHORITY state=target_rejected run_id=native-20260731-c8-full26 client=omen action=none detail=sequence=137_target_error_mm=49471_native_fallback=false
[Info   :ComfyNetworkSense] [07/31/2026 06:16:47] MOTION_AUTHORITY state=target_rejected run_id=native-20260731-c8-full26 client=omen action=none detail=sequence=137_target_error_mm=49474_native_fallback=false
[Info   :ComfyNetworkSense] [07/31/2026 06:16:47] MOTION_AUTHORITY state=target_rejected run_id=native-20260731-c8-full26 client=omen action=none detail=sequence=137_target_error_mm=49477_native_fallback=false
[Info   :ComfyNetworkSense] [07/31/2026 06:16:47] MOTION_AUTHORITY state=target_rejected run_id=native-20260731-c8-full26 client=omen action=none detail=sequence=137_target_error_mm=49480_native_fallback=false
[Info   :ComfyNetworkSense] [07/31/2026 06:16:47] MOTION_AUTHORITY state=target_rejected run_id=native-20260731-c8-full26 client=omen action=none detail=sequence=137_target_error_mm=49483_native_fallback=false
[Info   :ComfyNetworkSense] [07/31/2026 06:16:47] MOTION_AUTHORITY state=target_rejected run_id=native-20260731-c8-full26 client=omen action=none detail=sequence=137_target_error_mm=49486_native_fallback=false
[Info   :ComfyNetworkSense] [07/31/2026 06:16:47] MOTION_AUTHORITY state=target_rejected run_id=native-20260731-c8-full26 client=omen action=none detail=sequence=137_target_error_mm=49489_native_fallback=false
[Info   :ComfyNetworkSense] [07/31/2026 06:16:47] MOTION_AUTHORITY state=target_rejected run_id=native-20260731-c8-full26 client=omen action=none detail=sequence=137_target_error_mm=49492_native_fallback=false
[Info   :ComfyNetworkSense] [07/31/2026 06:16:47] MOTION_AUTHORITY state=target_rejected run_id=native-20260731-c8-full26 client=omen action=none detail=sequence=137_target_error_mm=49495_native_fallback=false
[Info   :ComfyNetworkSense] [07/31/2026 06:16:47] MOTION_AUTHORITY state=target_rejected run_id=native-20260731-c8-full26 client=omen action=none detail=sequence=137_target_error_mm=49498_native_fallback=false
[Info   :ComfyNetworkSense] [07/31/2026 06:16:47] MOTION_AUTHORITY state=target_rejected run_id=native-20260731-c8-full26 client=omen action=none detail=sequence=137_target_error_mm=49501_native_fallback=false
[Info   :ComfyNetworkSense] [07/31/2026 06:16:47] MOTION_AUTHORITY state=target_rejected run_id=native-20260731-c8-full26 client=omen action=none detail=sequence=137_target_error_mm=49504_native_fallback=false
[Info   :ComfyNetworkSense] [07/31/2026 06:16:47] MOTION_AUTHORITY state=target_rejected run_id=native-20260731-c8-full26 client=omen action=none detail=sequence=137_target_error_mm=49507_native_fallback=false
[Info   :ComfyNetworkSense] [07/31/2026 06:16:47] MOTION_AUTHORITY state=target_rejected run_id=native-20260731-c8-full26 client=omen action=none detail=sequence=138_target_error_mm=49510_native_fallback=false
[Info   :ComfyNetworkSense] [07/31/2026 06:16:47] MOTION_AUTHORITY state=target_rejected run_id=native-20260731-c8-full26 client=omen action=none detail=sequence=138_target_error_mm=49512_native_fallback=false
[Info   :ComfyNetworkSense] [07/31/2026 06:16:47] MOTION_AUTHORITY state=target_rejected run_id=native-20260731-c8-full26 client=omen action=none detail=sequence=138_target_error_mm=49515_native_fallback=false
[Info   :ComfyNetworkSense] [07/31/2026 06:16:47] MOTION_AUTHORITY state=target_rejected run_id=native-20260731-c8-full26 client=omen action=none detail=sequence=138_target_error_mm=49518_native_fallback=false
[Info   :ComfyNetworkSense] [07/31/2026 06:16:47] MOTION_AUTHORITY state=target_rejected run_id=native-20260731-c8-full26 client=omen action=none detail=sequence=138_target_error_mm=49521_native_fallback=false
[Info   :ComfyNetworkSense] [07/31/2026 06:16:47] MOTION_AUTHORITY state=target_rejected run_id=native-20260731-c8-full26 client=omen action=none detail=sequence=138_target_error_mm=49524_native_fallback=false
[Info   :ComfyNetworkSense] [07/31/2026 06:16:47] MOTION_AUTHORITY state=target_rejected run_id=native-20260731-c8-full26 client=omen action=none detail=sequence=139_target_error_mm=49527_native_fallback=false
[Info   :ComfyNetworkSense] [07/31/2026 06:16:47] MOTION_AUTHORITY state=target_rejected run_id=native-20260731-c8-full26 client=omen action=none detail=sequence=139_target_error_mm=49530_native_fallback=false
[Info   :ComfyNetworkSense] [07/31/2026 06:16:47] MOTION_AUTHORITY state=target_rejected run_id=native-20260731-c8-full26 client=omen action=none detail=sequence=139_target_error_mm=49533_native_fallback=false
[Info   :ComfyNetworkSense] [07/31/2026 06:16:47] MOTION_AUTHORITY state=target_rejected run_id=native-20260731-c8-full26 client=omen action=none detail=sequence=140_target_error_mm=49526_native_fallback=false
[Info   :ComfyNetworkSense] [07/31/2026 06:16:47] MOTION_AUTHORITY state=target_rejected run_id=native-20260731-c8-full26 client=omen action=none detail=sequence=140_target_error_mm=49529_native_fallback=false
[Info   :ComfyNetworkSense] [07/31/2026 06:16:47] MOTION_AUTHORITY state=target_rejected run_id=native-20260731-c8-full26 client=omen action=none detail=sequence=140_target_error_mm=49532_native_fallback=false
[Info   :ComfyNetworkSense] [07/31/2026 06:16:47] MOTION_AUTHORITY state=target_rejected run_id=native-20260731-c8-full26 client=omen action=none detail=sequence=140_target_error_mm=49535_native_fallback=false
[Info   :ComfyNetworkSense] [07/31/2026 06:16:47] MOTION_AUTHORITY state=target_rejected run_id=native-20260731-c8-full26 client=omen action=none detail=sequence=140_target_error_mm=49538_native_fallback=false
[Info   :ComfyNetworkSense] [07/31/2026 06:16:47] MOTION_AUTHORITY state=target_rejected run_id=native-20260731-c8-full26 client=omen action=none detail=sequence=140_target_error_mm=49541_native_fallback=false
[Info   :ComfyNetworkSense] [07/31/2026 06:16:47] MOTION_AUTHORITY state=target_rejected run_id=native-20260731-c8-full26 client=omen action=none detail=sequence=140_target_error_mm=49544_native_fallback=false
[Info   :ComfyNetworkSense] [07/31/2026 06:16:47] MOTION_AUTHORITY state=target_rejected run_id=native-20260731-c8-full26 client=omen action=none detail=sequence=141_target_error_mm=49547_native_fallback=false
[Info   :ComfyNetworkSense] [07/31/2026 06:16:47] MOTION_AUTHORITY state=target_rejected run_id=native-20260731-c8-full26 client=omen action=none detail=sequence=141_target_error_mm=49550_native_fallback=false
[Info   :ComfyNetworkSense] [07/31/2026 06:16:47] MOTION_AUTHORITY state=target_rejected run_id=native-20260731-c8-full26 client=omen action=none detail=sequence=141_target_error_mm=49553_native_fallback=false
[Info   :ComfyNetworkSense] [07/31/2026 06:16:47] MOTION_AUTHORITY state=target_rejected run_id=native-20260731-c8-full26 client=omen action=none detail=sequence=141_target_error_mm=49556_native_fallback=false
[Info   :ComfyNetworkSense] [07/31/2026 06:16:47] MOTION_AUTHORITY state=target_rejected run_id=native-20260731-c8-full26 client=omen action=none detail=sequence=141_target_error_mm=49559_native_fallback=false
[Info   :ComfyNetworkSense] [07/31/2026 06:16:47] MOTION_AUTHORITY state=target_rejected run_id=native-20260731-c8-full26 client=omen action=none detail=sequence=141_target_error_mm=49562_native_fallback=false
[Info   :ComfyNetworkSense] [07/31/2026 06:16:47] MOTION_AUTHORITY state=target_rejected run_id=native-20260731-c8-full26 client=omen action=none detail=sequence=141_target_error_mm=49565_native_fallback=false
[Info   :ComfyNetworkSense] [07/31/2026 06:16:47] MOTION_AUTHORITY state=target_rejected run_id=native-20260731-c8-full26 client=omen action=none detail=sequence=141_target_error_mm=49568_native_fallback=false
[Info   :ComfyNetworkSense] [07/31/2026 06:16:47] MOTION_AUTHORITY state=target_rejected run_id=native-20260731-c8-full26 client=omen action=none detail=sequence=142_target_error_mm=49571_native_fallback=false
[Info   :ComfyNetworkSense] [07/31/2026 06:16:47] MOTION_AUTHORITY state=target_rejected run_id=native-20260731-c8-full26 client=omen action=none detail=sequence=142_target_error_mm=49573_native_fallback=false
[Info   :ComfyNetworkSense] [07/31/2026 06:16:47] MOTION_AUTHORITY state=target_rejected run_id=native-20260731-c8-full26 client=omen action=none detail=sequence=142_target_error_mm=49576_native_fallback=false
[Info   :ComfyNetworkSense] [07/31/2026 06:16:47] MOTION_AUTHORITY state=target_rejected run_id=native-20260731-c8-full26 client=omen action=none detail=sequence=142_target_error_mm=49579_native_fallback=false
[Info   :ComfyNetworkSense] [07/31/2026 06:16:47] MOTION_AUTHORITY state=target_rejected run_id=native-20260731-c8-full26 client=omen action=none detail=sequence=142_target_error_mm=49582_native_fallback=false
[Info   :ComfyNetworkSense] [07/31/2026 06:16:47] MOTION_AUTHORITY state=target_rejected run_id=native-20260731-c8-full26 client=omen action=none detail=sequence=142_target_error_mm=49585_native_fallback=false
[Info   :ComfyNetworkSense] [07/31/2026 06:16:47] MOTION_AUTHORITY state=target_rejected run_id=native-20260731-c8-full26 client=omen action=none detail=sequence=142_target_error_mm=49588_native_fallback=false
[Info   :ComfyNetworkSense] [07/31/2026 06:16:47] MOTION_AUTHORITY state=target_rejected run_id=native-20260731-c8-full26 client=omen action=none detail=sequence=143_target_error_mm=49601_native_fallback=false
[Info   :ComfyNetworkSense] [07/31/2026 06:16:47] MOTION_AUTHORITY state=target_rejected run_id=native-20260731-c8-full26 client=omen action=none detail=sequence=143_target_error_mm=49604_native_fallback=false
[Info   :ComfyNetworkSense] [07/31/2026 06:16:47] MOTION_AUTHORITY state=target_rejected run_id=native-20260731-c8-full26 client=omen action=none detail=sequence=143_target_error_mm=49607_native_fallback=false
[Info   :ComfyNetworkSense] [07/31/2026 06:16:47] MOTION_AUTHORITY state=target_rejected run_id=native-20260731-c8-full26 client=omen action=none detail=sequence=143_target_error_mm=49610_native_fallback=false
[Info   :ComfyNetworkSense] [07/31/2026 06:16:47] MOTION_AUTHORITY state=target_rejected run_id=native-20260731-c8-full26 client=omen action=none detail=sequence=143_target_error_mm=49613_native_fallback=false
[Info   :ComfyNetworkSense] [07/31/2026 06:16:47] MOTION_AUTHORITY state=target_rejected run_id=native-20260731-c8-full26 client=omen action=none detail=sequence=143_target_error_mm=49616_native_fallback=false
[Info   :ComfyNetworkSense] [07/31/2026 06:16:47] MOTION_AUTHORITY state=target_rejected run_id=native-20260731-c8-full26 client=omen action=none detail=sequence=143_target_error_mm=49619_native_fallback=false
[Info   :ComfyNetworkSense] [07/31/2026 06:16:47] MOTION_AUTHORITY state=target_rejected run_id=native-20260731-c8-full26 client=omen action=none detail=sequence=144_target_error_mm=49612_native_fallback=false
[Info   :ComfyNetworkSense] [07/31/2026 06:16:47] MOTION_AUTHORITY state=target_rejected run_id=native-20260731-c8-full26 client=omen action=none detail=sequence=144_target_error_mm=49615_native_fallback=false
[Info   :ComfyNetworkSense] [07/31/2026 06:16:47] MOTION_AUTHORITY state=target_rejected run_id=native-20260731-c8-full26 client=omen action=none detail=sequence=144_target_error_mm=49618_native_fallback=false
[Info   :ComfyNetworkSense] [07/31/2026 06:16:47] MOTION_AUTHORITY state=target_rejected run_id=native-20260731-c8-full26 client=omen action=none detail=sequence=144_target_error_mm=49621_native_fallback=false
[Info   :ComfyNetworkSense] [07/31/2026 06:16:47] MOTION_AUTHORITY state=target_rejected run_id=native-20260731-c8-full26 client=omen action=none detail=sequence=144_target_error_mm=49624_native_fallback=false
[Info   :ComfyNetworkSense] [07/31/2026 06:16:47] MOTION_AUTHORITY state=target_rejected run_id=native-20260731-c8-full26 client=omen action=none detail=sequence=144_target_error_mm=49627_native_fallback=false
[Info   :ComfyNetworkSense] [07/31/2026 06:16:47] MOTION_AUTHORITY state=target_rejected run_id=native-20260731-c8-full26 client=omen action=none detail=sequence=144_target_error_mm=49629_native_fallback=false
[Info   :ComfyNetworkSense] [07/31/2026 06:16:47] MOTION_AUTHORITY state=target_rejected run_id=native-20260731-c8-full26 client=omen action=none detail=sequence=145_target_error_mm=49642_native_fallback=false
[Info   :ComfyNetworkSense] [07/31/2026 06:16:47] MOTION_AUTHORITY state=target_rejected run_id=native-20260731-c8-full26 client=omen action=none detail=sequence=145_target_error_mm=49645_native_fallback=false
[Info   :ComfyNetworkSense] [07/31/2026 06:16:47] MOTION_AUTHORITY state=target_rejected run_id=native-20260731-c8-full26 client=omen action=none detail=sequence=145_target_error_mm=49648_native_fallback=false
[Info   :ComfyNetworkSense] [07/31/2026 06:16:47] MOTION_AUTHORITY state=target_rejected run_id=native-20260731-c8-full26 client=omen action=none detail=sequence=145_target_error_mm=49651_native_fallback=false
[Info   :ComfyNetworkSense] [07/31/2026 06:16:47] MOTION_AUTHORITY state=target_rejected run_id=native-20260731-c8-full26 client=omen action=none detail=sequence=145_target_error_mm=49654_native_fallback=false
[Info   :ComfyNetworkSense] [07/31/2026 06:16:47] MOTION_AUTHORITY state=target_rejected run_id=native-20260731-c8-full26 client=omen action=none detail=sequence=145_target_error_mm=49657_native_fallback=false
[Info   :ComfyNetworkSense] [07/31/2026 06:16:47] MOTION_AUTHORITY state=target_rejected run_id=native-20260731-c8-full26 client=omen action=none detail=sequence=145_target_error_mm=49660_native_fallback=false
[Info   :ComfyNetworkSense] [07/31/2026 06:16:47] MOTION_AUTHORITY state=target_rejected run_id=native-20260731-c8-full26 client=omen action=none detail=sequence=145_target_error_mm=49663_native_fallback=false
[Info   :ComfyNetworkSense] [07/31/2026 06:16:47] MOTION_AUTHORITY state=target_rejected run_id=native-20260731-c8-full26 client=omen action=none detail=sequence=146_target_error_mm=49666_native_fallback=false
[Info   :ComfyNetworkSense] [07/31/2026 06:16:47] MOTION_AUTHORITY state=target_rejected run_id=native-20260731-c8-full26 client=omen action=none detail=sequence=146_target_error_mm=49669_native_fallback=false
[Info   :ComfyNetworkSense] [07/31/2026 06:16:47] MOTION_AUTHORITY state=target_rejected run_id=native-20260731-c8-full26 client=omen action=none detail=sequence=146_target_error_mm=49672_native_fallback=false
[Info   :ComfyNetworkSense] [07/31/2026 06:16:47] MOTION_AUTHORITY state=target_rejected run_id=native-20260731-c8-full26 client=omen action=none detail=sequence=146_target_error_mm=49675_native_fallback=false
[Info   :ComfyNetworkSense] [07/31/2026 06:16:47] MOTION_AUTHORITY state=target_rejected run_id=native-20260731-c8-full26 client=omen action=none detail=sequence=146_target_error_mm=49678_native_fallback=false
[Info   :ComfyNetworkSense] [07/31/2026 06:16:47] MOTION_AUTHORITY state=target_rejected run_id=native-20260731-c8-full26 client=omen action=none detail=sequence=146_target_error_mm=49681_native_fallback=false
[Info   :ComfyNetworkSense] [07/31/2026 06:16:47] MOTION_AUTHORITY state=target_rejected run_id=native-20260731-c8-full26 client=omen action=none detail=sequence=146_target_error_mm=49683_native_fallback=false
[Info   :ComfyNetworkSense] [07/31/2026 06:16:47] MOTION_AUTHORITY state=target_rejected run_id=native-20260731-c8-full26 client=omen action=none detail=sequence=146_target_error_mm=49686_native_fallback=false
[Info   :ComfyNetworkSense] [07/31/2026 06:16:47] MOTION_AUTHORITY state=target_rejected run_id=native-20260731-c8-full26 client=omen action=none detail=sequence=147_target_error_mm=49689_native_fallback=false
[Info   :ComfyNetworkSense] [07/31/2026 06:16:47] MOTION_AUTHORITY state=target_rejected run_id=native-20260731-c8-full26 client=omen action=none detail=sequence=147_target_error_mm=49692_native_fallback=false
[Info   :ComfyNetworkSense] [07/31/2026 06:16:47] MOTION_AUTHORITY state=target_rejected run_id=native-20260731-c8-full26 client=omen action=none detail=sequence=147_target_error_mm=49695_native_fallback=false
[Info   :ComfyNetworkSense] [07/31/2026 06:16:47] MOTION_AUTHORITY state=target_rejected run_id=native-20260731-c8-full26 client=omen action=none detail=sequence=147_target_error_mm=49698_native_fallback=false
[Info   :ComfyNetworkSense] [07/31/2026 06:16:47] MOTION_AUTHORITY state=target_rejected run_id=native-20260731-c8-full26 client=omen action=none detail=sequence=147_target_error_mm=49701_native_fallback=false
[Info   :ComfyNetworkSense] [07/31/2026 06:16:47] MOTION_AUTHORITY state=target_rejected run_id=native-20260731-c8-full26 client=omen action=none detail=sequence=147_target_error_mm=49704_native_fallback=false
[Info   :ComfyNetworkSense] [07/31/2026 06:16:47] MOTION_AUTHORITY state=target_rejected run_id=native-20260731-c8-full26 client=omen action=none detail=sequence=147_target_error_mm=49707_native_fallback=false
[Info   :ComfyNetworkSense] [07/31/2026 06:16:47] MOTION_AUTHORITY state=target_rejected run_id=native-20260731-c8-full26 client=omen action=none detail=sequence=147_target_error_mm=49710_native_fallback=false
[Info   :ComfyNetworkSense] [07/31/2026 06:16:47] MOTION_AUTHORITY state=target_rejected run_id=native-20260731-c8-full26 client=omen action=none detail=sequence=148_target_error_mm=49713_native_fallback=false
[Info   :ComfyNetworkSense] [07/31/2026 06:16:47] MOTION_AUTHORITY state=target_rejected run_id=native-20260731-c8-full26 client=omen action=none detail=sequence=148_target_error_mm=49716_native_fallback=false
[Info   :ComfyNetworkSense] [07/31/2026 06:16:47] MOTION_AUTHORITY state=target_rejected run_id=native-20260731-c8-full26 client=omen action=none detail=sequence=148_target_error_mm=49719_native_fallback=false
[Info   :ComfyNetworkSense] [07/31/2026 06:16:48] MOTION_AUTHORITY state=target_rejected run_id=native-20260731-c8-full26 client=omen action=none detail=sequence=148_target_error_mm=49722_native_fallback=false
[Info   :ComfyNetworkSense] [07/31/2026 06:16:48] MOTION_AUTHORITY state=target_rejected run_id=native-20260731-c8-full26 client=omen action=none detail=sequence=148_target_error_mm=49725_native_fallback=false
[Info   :ComfyNetworkSense] [07/31/2026 06:16:48] MOTION_AUTHORITY state=target_rejected run_id=native-20260731-c8-full26 client=omen action=none detail=sequence=148_target_error_mm=49728_native_fallback=false
[Info   :ComfyNetworkSense] [07/31/2026 06:16:48] MOTION_AUTHORITY state=target_rejected run_id=native-20260731-c8-full26 client=omen action=none detail=sequence=149_target_error_mm=49721_native_fallback=false
[Info   :ComfyNetworkSense] [07/31/2026 06:16:48] MOTION_AUTHORITY state=target_rejected run_id=native-20260731-c8-full26 client=omen action=none detail=sequence=149_target_error_mm=49724_native_fallback=false
[Info   :ComfyNetworkSense] [07/31/2026 06:16:48] MOTION_AUTHORITY state=target_rejected run_id=native-20260731-c8-full26 client=omen action=none detail=sequence=149_target_error_mm=49727_native_fallback=false
[Info   :ComfyNetworkSense] [07/31/2026 06:16:48] MOTION_AUTHORITY state=target_rejected run_id=native-20260731-c8-full26 client=omen action=none detail=sequence=149_target_error_mm=49730_native_fallback=false
[Info   :ComfyNetworkSense] [07/31/2026 06:16:48] MOTION_AUTHORITY state=target_rejected run_id=native-20260731-c8-full26 client=omen action=none detail=sequence=149_target_error_mm=49733_native_fallback=false
[Info   :ComfyNetworkSense] [07/31/2026 06:16:48] MOTION_AUTHORITY state=target_rejected run_id=native-20260731-c8-full26 client=omen action=none detail=sequence=149_target_error_mm=49736_native_fallback=false
[Info   :ComfyNetworkSense] [07/31/2026 06:16:48] MOTION_AUTHORITY state=target_rejected run_id=native-20260731-c8-full26 client=omen action=none detail=sequence=149_target_error_mm=49738_native_fallback=false
[Info   :ComfyNetworkSense] [07/31/2026 06:16:48] MOTION_AUTHORITY state=target_rejected run_id=native-20260731-c8-full26 client=omen action=none detail=sequence=149_target_error_mm=49741_native_fallback=false
[Info   :ComfyNetworkSense] [07/31/2026 06:16:48] MOTION_AUTHORITY state=target_rejected run_id=native-20260731-c8-full26 client=omen action=none detail=sequence=150_target_error_mm=49744_native_fallback=false
[Info   :ComfyNetworkSense] [07/31/2026 06:16:48] MOTION_AUTHORITY state=target_rejected run_id=native-20260731-c8-full26 client=omen action=none detail=sequence=150_target_error_mm=49747_native_fallback=false
[Info   :ComfyNetworkSense] [07/31/2026 06:16:48] MOTION_AUTHORITY state=target_rejected run_id=native-20260731-c8-full26 client=omen action=none detail=sequence=150_target_error_mm=49750_native_fallback=false
[Info   :ComfyNetworkSense] [07/31/2026 06:16:48] MOTION_AUTHORITY state=target_rejected run_id=native-20260731-c8-full26 client=omen action=none detail=sequence=150_target_error_mm=49753_native_fallback=false
[Info   :ComfyNetworkSense] [07/31/2026 06:16:48] MOTION_AUTHORITY state=target_rejected run_id=native-20260731-c8-full26 client=omen action=none detail=sequence=150_target_error_mm=49756_native_fallback=false
[Info   :ComfyNetworkSense] [07/31/2026 06:16:48] MOTION_AUTHORITY state=target_rejected run_id=native-20260731-c8-full26 client=omen action=none detail=sequence=150_target_error_mm=49759_native_fallback=false
[Info   :ComfyNetworkSense] [07/31/2026 06:16:48] MOTION_AUTHORITY state=target_rejected run_id=native-20260731-c8-full26 client=omen action=none detail=sequence=151_target_error_mm=49772_native_fallback=false
[Info   :ComfyNetworkSense] [07/31/2026 06:16:48] LOGICAL_PEER_CUTOVER state=logical_native_invoke_suppressed run_id=native-20260731-c8-full26 detail=count=256_method=ZDOData_semantic_fallback=false
[Info   :ComfyNetworkSense] [07/31/2026 06:16:48] MOTION_AUTHORITY state=target_rejected run_id=native-20260731-c8-full26 client=omen action=none detail=sequence=151_target_error_mm=49775_native_fallback=false
[Info   :ComfyNetworkSense] [07/31/2026 06:16:48] MOTION_AUTHORITY state=target_rejected run_id=native-20260731-c8-full26 client=omen action=none detail=sequence=151_target_error_mm=49778_native_fallback=false
[Info   :ComfyNetworkSense] [07/31/2026 06:16:48] MOTION_AUTHORITY state=target_rejected run_id=native-20260731-c8-full26 client=omen action=none detail=sequence=151_target_error_mm=49781_native_fallback=false
[Info   :ComfyNetworkSense] [07/31/2026 06:16:48] MOTION_AUTHORITY state=target_rejected run_id=native-20260731-c8-full26 client=omen action=none detail=sequence=151_target_error_mm=49784_native_fallback=false
[Info   :ComfyNetworkSense] [07/31/2026 06:16:48] MOTION_AUTHORITY state=target_rejected run_id=native-20260731-c8-full26 client=omen action=none detail=sequence=151_target_error_mm=49787_native_fallback=false
[Info   :ComfyNetworkSense] [07/31/2026 06:16:48] MOTION_AUTHORITY state=target_rejected run_id=native-20260731-c8-full26 client=omen action=none detail=sequence=151_target_error_mm=49790_native_fallback=false
[Info   :ComfyNetworkSense] [07/31/2026 06:16:48] MOTION_AUTHORITY state=target_rejected run_id=native-20260731-c8-full26 client=omen action=none detail=sequence=151_target_error_mm=49792_native_fallback=false
[Info   :ComfyNetworkSense] [07/31/2026 06:16:48] MOTION_AUTHORITY state=target_rejected run_id=native-20260731-c8-full26 client=omen action=none detail=sequence=151_target_error_mm=49795_native_fallback=false
[Info   :ComfyNetworkSense] [07/31/2026 06:16:48] MOTION_AUTHORITY state=target_rejected run_id=native-20260731-c8-full26 client=omen action=none detail=sequence=152_target_error_mm=49798_native_fallback=false
[Info   :ComfyNetworkSense] [07/31/2026 06:16:48] MOTION_AUTHORITY state=target_rejected run_id=native-20260731-c8-full26 client=omen action=none detail=sequence=152_target_error_mm=49801_native_fallback=false
[Info   :ComfyNetworkSense] [07/31/2026 06:16:48] MOTION_AUTHORITY state=target_rejected run_id=native-20260731-c8-full26 client=omen action=none detail=sequence=152_target_error_mm=49804_native_fallback=false
[Info   :ComfyNetworkSense] [07/31/2026 06:16:48] MOTION_AUTHORITY state=target_rejected run_id=native-20260731-c8-full26 client=omen action=none detail=sequence=152_target_error_mm=49807_native_fallback=false
[Info   :ComfyNetworkSense] [07/31/2026 06:16:48] MOTION_AUTHORITY state=target_rejected run_id=native-20260731-c8-full26 client=omen action=none detail=sequence=152_target_error_mm=49810_native_fallback=false
[Info   :ComfyNetworkSense] [07/31/2026 06:16:48] MOTION_AUTHORITY state=target_rejected run_id=native-20260731-c8-full26 client=omen action=none detail=sequence=152_target_error_mm=49813_native_fallback=false
[Info   :ComfyNetworkSense] [07/31/2026 06:16:48] MOTION_AUTHORITY state=target_rejected run_id=native-20260731-c8-full26 client=omen action=none detail=sequence=153_target_error_mm=49816_native_fallback=false
[Info   :ComfyNetworkSense] [07/31/2026 06:16:48] MOTION_AUTHORITY state=target_rejected run_id=native-20260731-c8-full26 client=omen action=none detail=sequence=153_target_error_mm=49819_native_fallback=false
[Info   :ComfyNetworkSense] [07/31/2026 06:16:48] MOTION_AUTHORITY state=target_rejected run_id=native-20260731-c8-full26 client=omen action=none detail=sequence=153_target_error_mm=49823_native_fallback=false
[Info   :ComfyNetworkSense] [07/31/2026 06:16:48] MOTION_AUTHORITY state=target_rejected run_id=native-20260731-c8-full26 client=omen action=none detail=sequence=153_target_error_mm=49826_native_fallback=false
[Info   :ComfyNetworkSense] [07/31/2026 06:16:48] MOTION_AUTHORITY state=target_rejected run_id=native-20260731-c8-full26 client=omen action=none detail=sequence=153_target_error_mm=49828_native_fallback=false
[Info   :ComfyNetworkSense] [07/31/2026 06:16:48] MOTION_AUTHORITY state=target_rejected run_id=native-20260731-c8-full26 client=omen action=none detail=sequence=153_target_error_mm=49831_native_fallback=false
[Info   :ComfyNetworkSense] [07/31/2026 06:16:48] MOTION_AUTHORITY state=target_rejected run_id=native-20260731-c8-full26 client=omen action=none detail=sequence=153_target_error_mm=49834_native_fallback=false
[Info   :ComfyNetworkSense] [07/31/2026 06:16:48] MOTION_AUTHORITY state=target_rejected run_id=native-20260731-c8-full26 client=omen action=none detail=sequence=154_target_error_mm=49837_native_fallback=false
[Info   :ComfyNetworkSense] [07/31/2026 06:16:48] MOTION_AUTHORITY state=target_rejected run_id=native-20260731-c8-full26 client=omen action=none detail=sequence=154_target_error_mm=49840_native_fallback=false
[Info   :ComfyNetworkSense] [07/31/2026 06:16:48] MOTION_AUTHORITY state=target_rejected run_id=native-20260731-c8-full26 client=omen action=none detail=sequence=154_target_error_mm=49843_native_fallback=false
[Info   :ComfyNetworkSense] [07/31/2026 06:16:48] MOTION_AUTHORITY state=target_rejected run_id=native-20260731-c8-full26 client=omen action=none detail=sequence=154_target_error_mm=49846_native_fallback=false
[Info   :ComfyNetworkSense] [07/31/2026 06:16:48] MOTION_AUTHORITY state=target_rejected run_id=native-20260731-c8-full26 client=omen action=none detail=sequence=154_target_error_mm=49849_native_fallback=false
[Info   :ComfyNetworkSense] [07/31/2026 06:16:48] MOTION_AUTHORITY state=target_rejected run_id=native-20260731-c8-full26 client=omen action=none detail=sequence=154_target_error_mm=49852_native_fallback=false
[Info   :ComfyNetworkSense] [07/31/2026 06:16:48] MOTION_AUTHORITY state=target_rejected run_id=native-20260731-c8-full26 client=omen action=none detail=sequence=154_target_error_mm=49855_native_fallback=false
[Info   :ComfyNetworkSense] [07/31/2026 06:16:48] MOTION_AUTHORITY state=target_rejected run_id=native-20260731-c8-full26 client=omen action=none detail=sequence=154_target_error_mm=49858_native_fallback=false
[Info   :ComfyNetworkSense] [07/31/2026 06:16:48] MOTION_AUTHORITY state=target_rejected run_id=native-20260731-c8-full26 client=omen action=none detail=sequence=155_target_error_mm=49861_native_fallback=false
[Info   :ComfyNetworkSense] [07/31/2026 06:16:48] MOTION_AUTHORITY state=target_rejected run_id=native-20260731-c8-full26 client=omen action=none detail=sequence=155_target_error_mm=49864_native_fallback=false
[Info   :ComfyNetworkSense] [07/31/2026 06:16:48] MOTION_AUTHORITY state=target_rejected run_id=native-20260731-c8-full26 client=omen action=none detail=sequence=155_target_error_mm=49867_native_fallback=false
[Info   :ComfyNetworkSense] [07/31/2026 06:16:48] MOTION_AUTHORITY state=target_rejected run_id=native-20260731-c8-full26 client=omen action=none detail=sequence=155_target_error_mm=49870_native_fallback=false
[Info   :ComfyNetworkSense] [07/31/2026 06:16:48] MOTION_AUTHORITY state=target_rejected run_id=native-20260731-c8-full26 client=omen action=none detail=sequence=155_target_error_mm=49873_native_fallback=false
[Info   :ComfyNetworkSense] [07/31/2026 06:16:48] MOTION_AUTHORITY state=target_rejected run_id=native-20260731-c8-full26 client=omen action=none detail=sequence=155_target_error_mm=49876_native_fallback=false
[Info   :ComfyNetworkSense] [07/31/2026 06:16:48] MOTION_AUTHORITY state=target_rejected run_id=native-20260731-c8-full26 client=omen action=none detail=sequence=155_target_error_mm=49879_native_fallback=false
[Info   :ComfyNetworkSense] [07/31/2026 06:16:48] MOTION_AUTHORITY state=target_rejected run_id=native-20260731-c8-full26 client=omen action=none detail=sequence=155_target_error_mm=49882_native_fallback=false
[Info   :ComfyNetworkSense] [07/31/2026 06:16:48] MOTION_AUTHORITY state=target_rejected run_id=native-20260731-c8-full26 client=omen action=none detail=sequence=156_target_error_mm=49884_native_fallback=false
[Info   :ComfyNetworkSense] [07/31/2026 06:16:48] CUTOVER_SCENARIO state=completed run_id=native-20260731-c8-full26 client=omen action=omen-move detail=distance_reached
[Info   :ComfyNetworkSense] [07/31/2026 06:16:48] MOTION_AUTHORITY state=target_rejected run_id=native-20260731-c8-full26 client=omen action=none detail=sequence=156_target_error_mm=49887_native_fallback=false
[Info   :ComfyNetworkSense] [07/31/2026 06:16:48] CUTOVER_SCENARIO state=action_started run_id=native-20260731-c8-full26 client=omen action=omen-c8-rendezvous-settle detail=kind=wait
[Info   :ComfyNetworkSense] [07/31/2026 06:16:48] MOTION_AUTHORITY state=target_rejected run_id=native-20260731-c8-full26 client=omen action=none detail=sequence=156_target_error_mm=49890_native_fallback=false
[Info   :ComfyNetworkSense] [07/31/2026 06:16:48] MOTION_AUTHORITY state=target_rejected run_id=native-20260731-c8-full26 client=omen action=none detail=sequence=156_target_error_mm=49893_native_fallback=false
[Info   :ComfyNetworkSense] [07/31/2026 06:16:48] MOTION_AUTHORITY state=target_rejected run_id=native-20260731-c8-full26 client=omen action=none detail=sequence=156_target_error_mm=49896_native_fallback=false
[Info   :ComfyNetworkSense] [07/31/2026 06:16:48] MOTION_AUTHORITY state=target_rejected run_id=native-20260731-c8-full26 client=omen action=none detail=sequence=156_target_error_mm=49899_native_fallback=false
[Info   :ComfyNetworkSense] [07/31/2026 06:16:48] MOTION_AUTHORITY state=target_rejected run_id=native-20260731-c8-full26 client=omen action=none detail=sequence=156_target_error_mm=49902_native_fallback=false
[Info   :ComfyNetworkSense] [07/31/2026 06:16:48] MOTION_AUTHORITY state=target_rejected run_id=native-20260731-c8-full26 client=omen action=none detail=sequence=157_target_error_mm=49895_native_fallback=false
[Info   :ComfyNetworkSense] [07/31/2026 06:16:48] MOTION_AUTHORITY state=target_rejected run_id=native-20260731-c8-full26 client=omen action=none detail=sequence=157_target_error_mm=49898_native_fallback=false
[Info   :ComfyNetworkSense] [07/31/2026 06:16:48] MOTION_AUTHORITY state=target_rejected run_id=native-20260731-c8-full26 client=omen action=none detail=sequence=157_target_error_mm=49901_native_fallback=false
[Info   :ComfyNetworkSense] [07/31/2026 06:16:48] MOTION_AUTHORITY state=target_rejected run_id=native-20260731-c8-full26 client=omen action=none detail=sequence=157_target_error_mm=49904_native_fallback=false
[Info   :ComfyNetworkSense] [07/31/2026 06:16:48] MOTION_AUTHORITY state=target_rejected run_id=native-20260731-c8-full26 client=omen action=none detail=sequence=157_target_error_mm=49907_native_fallback=false
[Info   :ComfyNetworkSense] [07/31/2026 06:16:48] MOTION_AUTHORITY state=target_rejected run_id=native-20260731-c8-full26 client=omen action=none detail=sequence=157_target_error_mm=49910_native_fallback=false
[Info   :ComfyNetworkSense] [07/31/2026 06:16:48] MOTION_AUTHORITY state=target_rejected run_id=native-20260731-c8-full26 client=omen action=none detail=sequence=157_target_error_mm=49913_native_fallback=false
[Info   :ComfyNetworkSense] [07/31/2026 06:16:48] MOTION_AUTHORITY state=target_rejected run_id=native-20260731-c8-full26 client=omen action=none detail=sequence=158_target_error_mm=49916_native_fallback=false
[Info   :ComfyNetworkSense] [07/31/2026 06:16:48] MOTION_AUTHORITY state=target_rejected run_id=native-20260731-c8-full26 client=omen action=none detail=sequence=158_target_error_mm=49919_native_fallback=false
[Info   :ComfyNetworkSense] [07/31/2026 06:16:48] MOTION_AUTHORITY state=target_rejected run_id=native-20260731-c8-full26 client=omen action=none detail=sequence=158_target_error_mm=49922_native_fallback=false
[Info   :ComfyNetworkSense] [07/31/2026 06:16:48] MOTION_AUTHORITY state=target_rejected run_id=native-20260731-c8-full26 client=omen action=none detail=sequence=158_target_error_mm=49925_native_fallback=false
[Info   :ComfyNetworkSense] [07/31/2026 06:16:48] MOTION_AUTHORITY state=target_rejected run_id=native-20260731-c8-full26 client=omen action=none detail=sequence=158_target_error_mm=49928_native_fallback=false
[Info   :ComfyNetworkSense] [07/31/2026 06:16:48] MOTION_AUTHORITY state=target_rejected run_id=native-20260731-c8-full26 client=omen action=none detail=sequence=158_target_error_mm=49931_native_fallback=false
[Info   :ComfyNetworkSense] [07/31/2026 06:16:48] MOTION_AUTHORITY state=target_rejected run_id=native-20260731-c8-full26 client=omen action=none detail=sequence=158_target_error_mm=49934_native_fallback=false
[Info   :ComfyNetworkSense] [07/31/2026 06:16:48] MOTION_AUTHORITY state=target_rejected run_id=native-20260731-c8-full26 client=omen action=none detail=sequence=158_target_error_mm=49937_native_fallback=false
[Info   :ComfyNetworkSense] [07/31/2026 06:16:48] MOTION_AUTHORITY state=target_rejected run_id=native-20260731-c8-full26 client=omen action=none detail=sequence=159_target_error_mm=49939_native_fallback=false
[Info   :ComfyNetworkSense] [07/31/2026 06:16:48] MOTION_AUTHORITY state=target_rejected run_id=native-20260731-c8-full26 client=omen action=none detail=sequence=159_target_error_mm=49942_native_fallback=false
[Info   :ComfyNetworkSense] [07/31/2026 06:16:48] MOTION_AUTHORITY state=target_rejected run_id=native-20260731-c8-full26 client=omen action=none detail=sequence=159_target_error_mm=49945_native_fallback=false
[Info   :ComfyNetworkSense] [07/31/2026 06:16:48] MOTION_AUTHORITY state=target_rejected run_id=native-20260731-c8-full26 client=omen action=none detail=sequence=159_target_error_mm=49948_native_fallback=false
[Info   :ComfyNetworkSense] [07/31/2026 06:16:48] MOTION_AUTHORITY state=target_rejected run_id=native-20260731-c8-full26 client=omen action=none detail=sequence=159_target_error_mm=49951_native_fallback=false
[Info   :ComfyNetworkSense] [07/31/2026 06:16:48] MOTION_AUTHORITY state=target_rejected run_id=native-20260731-c8-full26 client=omen action=none detail=sequence=159_target_error_mm=49954_native_fallback=false
[Info   :ComfyNetworkSense] [07/31/2026 06:16:48] MOTION_AUTHORITY state=target_rejected run_id=native-20260731-c8-full26 client=omen action=none detail=sequence=159_target_error_mm=49957_native_fallback=false
[Info   :ComfyNetworkSense] [07/31/2026 06:16:48] MOTION_AUTHORITY state=target_rejected run_id=native-20260731-c8-full26 client=omen action=none detail=sequence=159_target_error_mm=49960_native_fallback=false
[Info   :ComfyNetworkSense] [07/31/2026 06:16:48] MOTION_AUTHORITY state=target_rejected run_id=native-20260731-c8-full26 client=omen action=none detail=sequence=160_target_error_mm=49973_native_fallback=false
[Info   :ComfyNetworkSense] [07/31/2026 06:16:48] MOTION_AUTHORITY state=target_rejected run_id=native-20260731-c8-full26 client=omen action=none detail=sequence=160_target_error_mm=49976_native_fallback=false
[Info   :ComfyNetworkSense] [07/31/2026 06:16:48] MOTION_AUTHORITY state=target_rejected run_id=native-20260731-c8-full26 client=omen action=none detail=sequence=160_target_error_mm=49979_native_fallback=false
[Info   :ComfyNetworkSense] [07/31/2026 06:16:48] MOTION_AUTHORITY state=target_rejected run_id=native-20260731-c8-full26 client=omen action=none detail=sequence=160_target_error_mm=49982_native_fallback=false
[Info   :ComfyNetworkSense] [07/31/2026 06:16:48] MOTION_AUTHORITY state=target_rejected run_id=native-20260731-c8-full26 client=omen action=none detail=sequence=160_target_error_mm=49985_native_fallback=false
[Info   :ComfyNetworkSense] [07/31/2026 06:16:48] MOTION_AUTHORITY state=target_rejected run_id=native-20260731-c8-full26 client=omen action=none detail=sequence=160_target_error_mm=49988_native_fallback=false
[Info   :ComfyNetworkSense] [07/31/2026 06:16:48] MOTION_AUTHORITY state=target_rejected run_id=native-20260731-c8-full26 client=omen action=none detail=sequence=160_target_error_mm=49991_native_fallback=false
[Info   :ComfyNetworkSense] [07/31/2026 06:16:48] MOTION_AUTHORITY state=target_rejected run_id=native-20260731-c8-full26 client=omen action=none detail=sequence=160_target_error_mm=49993_native_fallback=false
[Info   :ComfyNetworkSense] [07/31/2026 06:16:48] MOTION_AUTHORITY state=target_rejected run_id=native-20260731-c8-full26 client=omen action=none detail=sequence=160_target_error_mm=49996_native_fallback=false
[Info   :ComfyNetworkSense] [07/31/2026 06:16:48] MOTION_AUTHORITY state=target_rejected run_id=native-20260731-c8-full26 client=omen action=none detail=sequence=161_target_error_mm=49999_native_fallback=false
[Info   :ComfyNetworkSense] [07/31/2026 06:16:48] MOTION_AUTHORITY state=target_rejected run_id=native-20260731-c8-full26 client=omen action=none detail=sequence=161_target_error_mm=50002_native_fallback=false
[Info   :ComfyNetworkSense] [07/31/2026 06:16:48] MOTION_AUTHORITY state=target_rejected run_id=native-20260731-c8-full26 client=omen action=none detail=sequence=161_target_error_mm=50005_native_fallback=false
[Info   :ComfyNetworkSense] [07/31/2026 06:16:48] MOTION_AUTHORITY state=target_rejected run_id=native-20260731-c8-full26 client=omen action=none detail=sequence=161_target_error_mm=50008_native_fallback=false
[Info   :ComfyNetworkSense] [07/31/2026 06:16:48] MOTION_AUTHORITY state=target_rejected run_id=native-20260731-c8-full26 client=omen action=none detail=sequence=161_target_error_mm=50011_native_fallback=false
[Info   :ComfyNetworkSense] [07/31/2026 06:16:48] MOTION_AUTHORITY state=target_rejected run_id=native-20260731-c8-full26 client=omen action=none detail=sequence=161_target_error_mm=50014_native_fallback=false
[Info   :ComfyNetworkSense] [07/31/2026 06:16:48] MOTION_AUTHORITY state=target_rejected run_id=native-20260731-c8-full26 client=omen action=none detail=sequence=162_target_error_mm=50017_native_fallback=false
[Info   :ComfyNetworkSense] [07/31/2026 06:16:48] MOTION_AUTHORITY state=target_rejected run_id=native-20260731-c8-full26 client=omen action=none detail=sequence=162_target_error_mm=50020_native_fallback=false
[Info   :ComfyNetworkSense] [07/31/2026 06:16:48] MOTION_AUTHORITY state=target_rejected run_id=native-20260731-c8-full26 client=omen action=none detail=sequence=162_target_error_mm=50023_native_fallback=false
[Info   :ComfyNetworkSense] [07/31/2026 06:16:48] MOTION_AUTHORITY state=target_rejected run_id=native-20260731-c8-full26 client=omen action=none detail=sequence=162_target_error_mm=50026_native_fallback=false
[Info   :ComfyNetworkSense] [07/31/2026 06:16:48] MOTION_AUTHORITY state=target_rejected run_id=native-20260731-c8-full26 client=omen action=none detail=sequence=162_target_error_mm=50029_native_fallback=false
[Info   :ComfyNetworkSense] [07/31/2026 06:16:48] MOTION_AUTHORITY state=target_rejected run_id=native-20260731-c8-full26 client=omen action=none detail=sequence=162_target_error_mm=50032_native_fallback=false
[Info   :ComfyNetworkSense] [07/31/2026 06:16:48] MOTION_AUTHORITY state=target_rejected run_id=native-20260731-c8-full26 client=omen action=none detail=sequence=162_target_error_mm=50035_native_fallback=false
[Info   :ComfyNetworkSense] [07/31/2026 06:16:48] MOTION_AUTHORITY state=target_rejected run_id=native-20260731-c8-full26 client=omen action=none detail=sequence=163_target_error_mm=50028_native_fallback=false
[Info   :ComfyNetworkSense] [07/31/2026 06:16:48] MOTION_AUTHORITY state=target_rejected run_id=native-20260731-c8-full26 client=omen action=none detail=sequence=163_target_error_mm=50031_native_fallback=false
[Info   :ComfyNetworkSense] [07/31/2026 06:16:48] MOTION_AUTHORITY state=target_rejected run_id=native-20260731-c8-full26 client=omen action=none detail=sequence=163_target_error_mm=50034_native_fallback=false
[Info   :ComfyNetworkSense] [07/31/2026 06:16:48] MOTION_AUTHORITY state=target_rejected run_id=native-20260731-c8-full26 client=omen action=none detail=sequence=163_target_error_mm=50037_native_fallback=false
[Info   :ComfyNetworkSense] [07/31/2026 06:16:48] MOTION_AUTHORITY state=target_rejected run_id=native-20260731-c8-full26 client=omen action=none detail=sequence=163_target_error_mm=50040_native_fallback=false
[Info   :ComfyNetworkSense] [07/31/2026 06:16:48] MOTION_AUTHORITY state=target_rejected run_id=native-20260731-c8-full26 client=omen action=none detail=sequence=163_target_error_mm=50043_native_fallback=false
[Info   :ComfyNetworkSense] [07/31/2026 06:16:48] MOTION_AUTHORITY state=target_rejected run_id=native-20260731-c8-full26 client=omen action=none detail=sequence=163_target_error_mm=50046_native_fallback=false
[Info   :ComfyNetworkSense] [07/31/2026 06:16:48] MOTION_AUTHORITY state=target_rejected run_id=native-20260731-c8-full26 client=omen action=none detail=sequence=163_target_error_mm=50049_native_fallback=false
[Info   :ComfyNetworkSense] [07/31/2026 06:16:48] MOTION_AUTHORITY state=target_rejected run_id=native-20260731-c8-full26 client=omen action=none detail=sequence=164_target_error_mm=50051_native_fallback=false
[Info   :ComfyNetworkSense] [07/31/2026 06:16:48] MOTION_AUTHORITY state=target_rejected run_id=native-20260731-c8-full26 client=omen action=none detail=sequence=164_target_error_mm=50054_native_fallback=false
[Info   :ComfyNetworkSense] [07/31/2026 06:16:48] MOTION_AUTHORITY state=target_rejected run_id=native-20260731-c8-full26 client=omen action=none detail=sequence=164_target_error_mm=50057_native_fallback=false
[Info   :ComfyNetworkSense] [07/31/2026 06:16:48] MOTION_AUTHORITY state=target_rejected run_id=native-20260731-c8-full26 client=omen action=none detail=sequence=164_target_error_mm=50060_native_fallback=false
[Info   :ComfyNetworkSense] [07/31/2026 06:16:48] MOTION_AUTHORITY state=target_rejected run_id=native-20260731-c8-full26 client=omen action=none detail=sequence=164_target_error_mm=50063_native_fallback=false
[Info   :ComfyNetworkSense] [07/31/2026 06:16:48] MOTION_AUTHORITY state=target_rejected run_id=native-20260731-c8-full26 client=omen action=none detail=sequence=164_target_error_mm=50066_native_fallback=false
[Info   :ComfyNetworkSense] [07/31/2026 06:16:48] MOTION_AUTHORITY state=target_rejected run_id=native-20260731-c8-full26 client=omen action=none detail=sequence=164_target_error_mm=50069_native_fallback=false
[Info   :ComfyNetworkSense] [07/31/2026 06:16:48] MOTION_AUTHORITY state=target_rejected run_id=native-20260731-c8-full26 client=omen action=none detail=sequence=165_target_error_mm=50072_native_fallback=false
[Info   :ComfyNetworkSense] [07/31/2026 06:16:48] MOTION_AUTHORITY state=target_rejected run_id=native-20260731-c8-full26 client=omen action=none detail=sequence=165_target_error_mm=50075_native_fallback=false
[Info   :ComfyNetworkSense] [07/31/2026 06:16:48] MOTION_AUTHORITY state=target_rejected run_id=native-20260731-c8-full26 client=omen action=none detail=sequence=165_target_error_mm=50078_native_fallback=false
[Info   :ComfyNetworkSense] [07/31/2026 06:16:48] MOTION_AUTHORITY state=target_rejected run_id=native-20260731-c8-full26 client=omen action=none detail=sequence=165_target_error_mm=50081_native_fallback=false
[Info   :ComfyNetworkSense] [07/31/2026 06:16:48] MOTION_AUTHORITY state=target_rejected run_id=native-20260731-c8-full26 client=omen action=none detail=sequence=165_target_error_mm=50084_native_fallback=false
[Info   :ComfyNetworkSense] [07/31/2026 06:16:48] MOTION_AUTHORITY state=target_rejected run_id=native-20260731-c8-full26 client=omen action=none detail=sequence=165_target_error_mm=50087_native_fallback=false
[Info   :ComfyNetworkSense] [07/31/2026 06:16:48] MOTION_AUTHORITY state=target_rejected run_id=native-20260731-c8-full26 client=omen action=none detail=sequence=165_target_error_mm=50090_native_fallback=false
[Info   :ComfyNetworkSense] [07/31/2026 06:16:48] MOTION_AUTHORITY state=target_rejected run_id=native-20260731-c8-full26 client=omen action=none detail=sequence=165_target_error_mm=50093_native_fallback=false
[Info   :ComfyNetworkSense] [07/31/2026 06:16:48] MOTION_AUTHORITY state=target_rejected run_id=native-20260731-c8-full26 client=omen action=none detail=sequence=166_target_error_mm=50096_native_fallback=false
[Info   :ComfyNetworkSense] [07/31/2026 06:16:48] MOTION_AUTHORITY state=target_rejected run_id=native-20260731-c8-full26 client=omen action=none detail=sequence=166_target_error_mm=50099_native_fallback=false
[Info   :ComfyNetworkSense] [07/31/2026 06:16:48] MOTION_AUTHORITY state=target_rejected run_id=native-20260731-c8-full26 client=omen action=none detail=sequence=166_target_error_mm=50102_native_fallback=false
[Info   :ComfyNetworkSense] [07/31/2026 06:16:49] MOTION_AUTHORITY state=target_rejected run_id=native-20260731-c8-full26 client=omen action=none detail=sequence=166_target_error_mm=50105_native_fallback=false
[Info   :ComfyNetworkSense] [07/31/2026 06:16:49] MOTION_AUTHORITY state=target_rejected run_id=native-20260731-c8-full26 client=omen action=none detail=sequence=166_target_error_mm=50107_native_fallback=false
[Info   :ComfyNetworkSense] [07/31/2026 06:16:49] MOTION_AUTHORITY state=target_rejected run_id=native-20260731-c8-full26 client=omen action=none detail=sequence=166_target_error_mm=50110_native_fallback=false
[Info   :ComfyNetworkSense] [07/31/2026 06:16:49] MOTION_AUTHORITY state=target_rejected run_id=native-20260731-c8-full26 client=omen action=none detail=sequence=166_target_error_mm=50113_native_fallback=false
[Info   :ComfyNetworkSense] [07/31/2026 06:16:49] MOTION_AUTHORITY state=target_rejected run_id=native-20260731-c8-full26 client=omen action=none detail=sequence=166_target_error_mm=50116_native_fallback=false
[Info   :ComfyNetworkSense] [07/31/2026 06:16:49] MOTION_AUTHORITY state=target_rejected run_id=native-20260731-c8-full26 client=omen action=none detail=sequence=167_target_error_mm=50129_native_fallback=false
[Info   :ComfyNetworkSense] [07/31/2026 06:16:49] MOTION_AUTHORITY state=target_rejected run_id=native-20260731-c8-full26 client=omen action=none detail=sequence=167_target_error_mm=50132_native_fallback=false
[Info   :ComfyNetworkSense] [07/31/2026 06:16:49] MOTION_AUTHORITY state=target_rejected run_id=native-20260731-c8-full26 client=omen action=none detail=sequence=167_target_error_mm=50135_native_fallback=false
[Info   :ComfyNetworkSense] [07/31/2026 06:16:49] MOTION_AUTHORITY state=target_rejected run_id=native-20260731-c8-full26 client=omen action=none detail=sequence=167_target_error_mm=50138_native_fallback=false
[Info   :ComfyNetworkSense] [07/31/2026 06:16:49] MOTION_AUTHORITY state=target_rejected run_id=native-20260731-c8-full26 client=omen action=none detail=sequence=167_target_error_mm=50141_native_fallback=false
[Info   :ComfyNetworkSense] [07/31/2026 06:16:49] MOTION_AUTHORITY state=target_rejected run_id=native-20260731-c8-full26 client=omen action=none detail=sequence=167_target_error_mm=50144_native_fallback=false
[Info   :ComfyNetworkSense] [07/31/2026 06:16:49] MOTION_AUTHORITY state=target_rejected run_id=native-20260731-c8-full26 client=omen action=none detail=sequence=167_target_error_mm=50147_native_fallback=false
[Info   :ComfyNetworkSense] [07/31/2026 06:16:49] MOTION_AUTHORITY state=target_rejected run_id=native-20260731-c8-full26 client=omen action=none detail=sequence=168_target_error_mm=50150_native_fallback=false
[Info   :ComfyNetworkSense] [07/31/2026 06:16:49] MOTION_AUTHORITY state=target_rejected run_id=native-20260731-c8-full26 client=omen action=none detail=sequence=168_target_error_mm=50153_native_fallback=false
[Info   :ComfyNetworkSense] [07/31/2026 06:16:49] MOTION_AUTHORITY state=target_rejected run_id=native-20260731-c8-full26 client=omen action=none detail=sequence=168_target_error_mm=50156_native_fallback=false
[Info   :ComfyNetworkSense] [07/31/2026 06:16:49] MOTION_AUTHORITY state=target_rejected run_id=native-20260731-c8-full26 client=omen action=none detail=sequence=168_target_error_mm=50159_native_fallback=false
[Info   :ComfyNetworkSense] [07/31/2026 06:16:49] MOTION_AUTHORITY state=target_rejected run_id=native-20260731-c8-full26 client=omen action=none detail=sequence=168_target_error_mm=50162_native_fallback=false
[Info   :ComfyNetworkSense] [07/31/2026 06:16:49] MOTION_AUTHORITY state=target_rejected run_id=native-20260731-c8-full26 client=omen action=none detail=sequence=168_target_error_mm=50164_native_fallback=false
[Info   :ComfyNetworkSense] [07/31/2026 06:16:49] MOTION_AUTHORITY state=target_rejected run_id=native-20260731-c8-full26 client=omen action=none detail=sequence=168_target_error_mm=50167_native_fallback=false
[Info   :ComfyNetworkSense] [07/31/2026 06:16:49] MOTION_AUTHORITY state=target_rejected run_id=native-20260731-c8-full26 client=omen action=none detail=sequence=169_target_error_mm=50161_native_fallback=false
[Info   :ComfyNetworkSense] [07/31/2026 06:16:49] MOTION_AUTHORITY state=target_rejected run_id=native-20260731-c8-full26 client=omen action=none detail=sequence=169_target_error_mm=50163_native_fallback=false
[Info   :ComfyNetworkSense] [07/31/2026 06:16:49] MOTION_AUTHORITY state=target_rejected run_id=native-20260731-c8-full26 client=omen action=none detail=sequence=169_target_error_mm=50166_native_fallback=false
[Info   :ComfyNetworkSense] [07/31/2026 06:16:49] MOTION_AUTHORITY state=target_rejected run_id=native-20260731-c8-full26 client=omen action=none detail=sequence=169_target_error_mm=50169_native_fallback=false
[Info   :ComfyNetworkSense] [07/31/2026 06:16:49] MOTION_AUTHORITY state=target_rejected run_id=native-20260731-c8-full26 client=omen action=none detail=sequence=169_target_error_mm=50174_native_fallback=false
[Info   :ComfyNetworkSense] [07/31/2026 06:16:49] MOTION_AUTHORITY state=target_rejected run_id=native-20260731-c8-full26 client=omen action=none detail=sequence=169_target_error_mm=50177_native_fallback=false
[Info   :ComfyNetworkSense] [07/31/2026 06:16:49] MOTION_AUTHORITY state=target_rejected run_id=native-20260731-c8-full26 client=omen action=none detail=sequence=169_target_error_mm=50180_native_fallback=false
[Info   :ComfyNetworkSense] [07/31/2026 06:16:49] MOTION_AUTHORITY state=target_rejected run_id=native-20260731-c8-full26 client=omen action=none detail=sequence=169_target_error_mm=50183_native_fallback=false
[Info   :ComfyNetworkSense] [07/31/2026 06:16:49] MOTION_AUTHORITY state=target_rejected run_id=native-20260731-c8-full26 client=omen action=none detail=sequence=169_target_error_mm=50186_native_fallback=false
[Info   :ComfyNetworkSense] [07/31/2026 06:16:49] MOTION_AUTHORITY state=target_rejected run_id=native-20260731-c8-full26 client=omen action=none detail=sequence=170_target_error_mm=50199_native_fallback=false
[Info   :ComfyNetworkSense] [07/31/2026 06:16:49] MOTION_AUTHORITY state=target_rejected run_id=native-20260731-c8-full26 client=omen action=none detail=sequence=170_target_error_mm=50202_native_fallback=false
[Info   :ComfyNetworkSense] [07/31/2026 06:16:49] MOTION_AUTHORITY state=target_rejected run_id=native-20260731-c8-full26 client=omen action=none detail=sequence=170_target_error_mm=50205_native_fallback=false
[Info   :ComfyNetworkSense] [07/31/2026 06:16:49] MOTION_AUTHORITY state=target_rejected run_id=native-20260731-c8-full26 client=omen action=none detail=sequence=170_target_error_mm=50208_native_fallback=false
[Info   :ComfyNetworkSense] [07/31/2026 06:16:49] MOTION_AUTHORITY state=target_rejected run_id=native-20260731-c8-full26 client=omen action=none detail=sequence=170_target_error_mm=50211_native_fallback=false
[Info   :ComfyNetworkSense] [07/31/2026 06:16:49] MOTION_AUTHORITY state=target_rejected run_id=native-20260731-c8-full26 client=omen action=none detail=sequence=170_target_error_mm=50214_native_fallback=false
[Info   :ComfyNetworkSense] [07/31/2026 06:16:49] MOTION_AUTHORITY state=target_rejected run_id=native-20260731-c8-full26 client=omen action=none detail=sequence=171_target_error_mm=50207_native_fallback=false
[Info   :ComfyNetworkSense] [07/31/2026 06:16:49] MOTION_AUTHORITY state=target_rejected run_id=native-20260731-c8-full26 client=omen action=none detail=sequence=171_target_error_mm=50210_native_fallback=false
[Info   :ComfyNetworkSense] [07/31/2026 06:16:49] MOTION_AUTHORITY state=target_rejected run_id=native-20260731-c8-full26 client=omen action=none detail=sequence=171_target_error_mm=50213_native_fallback=false
[Info   :ComfyNetworkSense] [07/31/2026 06:16:49] MOTION_AUTHORITY state=target_rejected run_id=native-20260731-c8-full26 client=omen action=none detail=sequence=171_target_error_mm=50216_native_fallback=false
[Info   :ComfyNetworkSense] [07/31/2026 06:16:49] MOTION_AUTHORITY state=target_rejected run_id=native-20260731-c8-full26 client=omen action=none detail=sequence=171_target_error_mm=50219_native_fallback=false
[Info   :ComfyNetworkSense] [07/31/2026 06:16:49] MOTION_AUTHORITY state=target_rejected run_id=native-20260731-c8-full26 client=omen action=none detail=sequence=171_target_error_mm=50222_native_fallback=false
[Info   :ComfyNetworkSense] [07/31/2026 06:16:49] MOTION_AUTHORITY state=target_rejected run_id=native-20260731-c8-full26 client=omen action=none detail=sequence=171_target_error_mm=50225_native_fallback=false
[Info   :ComfyNetworkSense] [07/31/2026 06:16:49] MOTION_AUTHORITY state=target_rejected run_id=native-20260731-c8-full26 client=omen action=none detail=sequence=171_target_error_mm=50228_native_fallback=false
[Info   :ComfyNetworkSense] [07/31/2026 06:16:49] MOTION_AUTHORITY state=target_rejected run_id=native-20260731-c8-full26 client=omen action=none detail=sequence=171_target_error_mm=50231_native_fallback=false
[Info   :ComfyNetworkSense] [07/31/2026 06:16:49] MOTION_AUTHORITY state=target_rejected run_id=native-20260731-c8-full26 client=omen action=none detail=sequence=171_target_error_mm=50234_native_fallback=false
[Info   :ComfyNetworkSense] [07/31/2026 06:16:49] MOTION_AUTHORITY state=target_rejected run_id=native-20260731-c8-full26 client=omen action=none detail=sequence=171_target_error_mm=50236_native_fallback=false
[Info   :ComfyNetworkSense] [07/31/2026 06:16:49] MOTION_AUTHORITY state=target_rejected run_id=native-20260731-c8-full26 client=omen action=none detail=sequence=171_target_error_mm=50239_native_fallback=false
[Info   :ComfyNetworkSense] [07/31/2026 06:16:49] MOTION_AUTHORITY state=target_rejected run_id=native-20260731-c8-full26 client=omen action=none detail=sequence=171_target_error_mm=50242_native_fallback=false
[Info   :ComfyNetworkSense] [07/31/2026 06:16:49] MOTION_AUTHORITY state=target_rejected run_id=native-20260731-c8-full26 client=omen action=none detail=sequence=172_target_error_mm=50241_native_fallback=false
[Info   :ComfyNetworkSense] [07/31/2026 06:16:49] MOTION_AUTHORITY state=target_rejected run_id=native-20260731-c8-full26 client=omen action=none detail=sequence=172_target_error_mm=50244_native_fallback=false
[Info   :ComfyNetworkSense] [07/31/2026 06:16:49] MOTION_AUTHORITY state=target_rejected run_id=native-20260731-c8-full26 client=omen action=none detail=sequence=172_target_error_mm=50247_native_fallback=false
[Info   :ComfyNetworkSense] [07/31/2026 06:16:49] MOTION_AUTHORITY state=target_rejected run_id=native-20260731-c8-full26 client=omen action=none detail=sequence=172_target_error_mm=50250_native_fallback=false
[Info   :ComfyNetworkSense] [07/31/2026 06:16:49] MOTION_AUTHORITY state=target_rejected run_id=native-20260731-c8-full26 client=omen action=none detail=sequence=172_target_error_mm=50253_native_fallback=false
[Info   :ComfyNetworkSense] [07/31/2026 06:16:49] MOTION_AUTHORITY state=target_rejected run_id=native-20260731-c8-full26 client=omen action=none detail=sequence=172_target_error_mm=50256_native_fallback=false
[Info   :ComfyNetworkSense] [07/31/2026 06:16:49] MOTION_AUTHORITY state=target_rejected run_id=native-20260731-c8-full26 client=omen action=none detail=sequence=172_target_error_mm=50259_native_fallback=false
[Info   :ComfyNetworkSense] [07/31/2026 06:16:49] MOTION_AUTHORITY state=target_rejected run_id=native-20260731-c8-full26 client=omen action=none detail=sequence=173_target_error_mm=50240_native_fallback=false
[Info   :ComfyNetworkSense] [07/31/2026 06:16:49] MOTION_AUTHORITY state=target_rejected run_id=native-20260731-c8-full26 client=omen action=none detail=sequence=173_target_error_mm=50243_native_fallback=false
[Info   :ComfyNetworkSense] [07/31/2026 06:16:49] MOTION_AUTHORITY state=target_rejected run_id=native-20260731-c8-full26 client=omen action=none detail=sequence=173_target_error_mm=50246_native_fallback=false
[Info   :ComfyNetworkSense] [07/31/2026 06:16:49] MOTION_AUTHORITY state=target_rejected run_id=native-20260731-c8-full26 client=omen action=none detail=sequence=173_target_error_mm=50249_native_fallback=false
[Info   :ComfyNetworkSense] [07/31/2026 06:16:49] MOTION_AUTHORITY state=target_rejected run_id=native-20260731-c8-full26 client=omen action=none detail=sequence=173_target_error_mm=50252_native_fallback=false
[Info   :ComfyNetworkSense] [07/31/2026 06:16:49] MOTION_AUTHORITY state=target_rejected run_id=native-20260731-c8-full26 client=omen action=none detail=sequence=173_target_error_mm=50255_native_fallback=false
[Info   :ComfyNetworkSense] [07/31/2026 06:16:49] MOTION_AUTHORITY state=target_rejected run_id=native-20260731-c8-full26 client=omen action=none detail=sequence=174_target_error_mm=50235_native_fallback=false
[Info   :ComfyNetworkSense] [07/31/2026 06:16:49] MOTION_AUTHORITY state=target_rejected run_id=native-20260731-c8-full26 client=omen action=none detail=sequence=174_target_error_mm=50238_native_fallback=false
[Info   :ComfyNetworkSense] [07/31/2026 06:16:49] MOTION_AUTHORITY state=target_rejected run_id=native-20260731-c8-full26 client=omen action=none detail=sequence=174_target_error_mm=50240_native_fallback=false
[Info   :ComfyNetworkSense] [07/31/2026 06:16:49] MOTION_AUTHORITY state=target_rejected run_id=native-20260731-c8-full26 client=omen action=none detail=sequence=174_target_error_mm=50243_native_fallback=false
[Info   :ComfyNetworkSense] [07/31/2026 06:16:49] MOTION_AUTHORITY state=target_rejected run_id=native-20260731-c8-full26 client=omen action=none detail=sequence=174_target_error_mm=50246_native_fallback=false
[Info   :ComfyNetworkSense] [07/31/2026 06:16:49] MOTION_AUTHORITY state=target_rejected run_id=native-20260731-c8-full26 client=omen action=none detail=sequence=174_target_error_mm=50249_native_fallback=false
[Info   :ComfyNetworkSense] [07/31/2026 06:16:49] MOTION_AUTHORITY state=target_rejected run_id=native-20260731-c8-full26 client=omen action=none detail=sequence=174_target_error_mm=50252_native_fallback=false
[Info   :ComfyNetworkSense] [07/31/2026 06:16:49] MOTION_AUTHORITY state=target_rejected run_id=native-20260731-c8-full26 client=omen action=none detail=sequence=175_target_error_mm=50197_native_fallback=false
[Info   :ComfyNetworkSense] [07/31/2026 06:16:49] MOTION_AUTHORITY state=target_rejected run_id=native-20260731-c8-full26 client=omen action=none detail=sequence=175_target_error_mm=50200_native_fallback=false
[Info   :ComfyNetworkSense] [07/31/2026 06:16:49] MOTION_AUTHORITY state=target_rejected run_id=native-20260731-c8-full26 client=omen action=none detail=sequence=175_target_error_mm=50203_native_fallback=false
[Info   :ComfyNetworkSense] [07/31/2026 06:16:49] MOTION_AUTHORITY state=target_rejected run_id=native-20260731-c8-full26 client=omen action=none detail=sequence=175_target_error_mm=50206_native_fallback=false
[Info   :ComfyNetworkSense] [07/31/2026 06:16:49] MOTION_AUTHORITY state=target_rejected run_id=native-20260731-c8-full26 client=omen action=none detail=sequence=175_target_error_mm=50208_native_fallback=false
[Info   :ComfyNetworkSense] [07/31/2026 06:16:49] MOTION_AUTHORITY state=target_rejected run_id=native-20260731-c8-full26 client=omen action=none detail=sequence=175_target_error_mm=50211_native_fallback=false
[Info   :ComfyNetworkSense] [07/31/2026 06:16:49] MOTION_AUTHORITY state=target_rejected run_id=native-20260731-c8-full26 client=omen action=none detail=sequence=176_target_error_mm=50201_native_fallback=false
[Info   :ComfyNetworkSense] [07/31/2026 06:16:49] MOTION_AUTHORITY state=target_rejected run_id=native-20260731-c8-full26 client=omen action=none detail=sequence=176_target_error_mm=50204_native_fallback=false
[Info   :ComfyNetworkSense] [07/31/2026 06:16:49] MOTION_AUTHORITY state=target_rejected run_id=native-20260731-c8-full26 client=omen action=none detail=sequence=176_target_error_mm=50207_native_fallback=false
[Info   :ComfyNetworkSense] [07/31/2026 06:16:49] MOTION_AUTHORITY state=target_rejected run_id=native-20260731-c8-full26 client=omen action=none detail=sequence=176_target_error_mm=50210_native_fallback=false
[Info   :ComfyNetworkSense] [07/31/2026 06:16:49] MOTION_AUTHORITY state=target_rejected run_id=native-20260731-c8-full26 client=omen action=none detail=sequence=176_target_error_mm=50213_native_fallback=false
[Info   :ComfyNetworkSense] [07/31/2026 06:16:49] MOTION_AUTHORITY state=target_rejected run_id=native-20260731-c8-full26 client=omen action=none detail=sequence=177_target_error_mm=50225_native_fallback=false
[Info   :ComfyNetworkSense] [07/31/2026 06:16:49] MOTION_AUTHORITY state=target_rejected run_id=native-20260731-c8-full26 client=omen action=none detail=sequence=177_target_error_mm=50229_native_fallback=false
[Info   :ComfyNetworkSense] [07/31/2026 06:16:49] MOTION_AUTHORITY state=target_rejected run_id=native-20260731-c8-full26 client=omen action=none detail=sequence=177_target_error_mm=50232_native_fallback=false
[Info   :ComfyNetworkSense] [07/31/2026 06:16:49] MOTION_AUTHORITY state=target_rejected run_id=native-20260731-c8-full26 client=omen action=none detail=sequence=177_target_error_mm=50235_native_fallback=false
[Info   :ComfyNetworkSense] [07/31/2026 06:16:49] MOTION_AUTHORITY state=native_transform_writer_suppressed run_id=native-20260731-c8-full26 client=omen action=none detail=count=1024_writer=ZSyncTransform.CustomFixedUpdate
[Info   :ComfyNetworkSense] [07/31/2026 06:16:49] MOTION_AUTHORITY state=target_rejected run_id=native-20260731-c8-full26 client=omen action=none detail=sequence=177_target_error_mm=50238_native_fallback=false
[Info   :ComfyNetworkSense] [07/31/2026 06:16:49] MOTION_AUTHORITY state=target_rejected run_id=native-20260731-c8-full26 client=omen action=none detail=sequence=177_target_error_mm=50241_native_fallback=false
[Info   :ComfyNetworkSense] [07/31/2026 06:16:49] MOTION_AUTHORITY state=target_rejected run_id=native-20260731-c8-full26 client=omen action=none detail=sequence=177_target_error_mm=50244_native_fallback=false
[Info   :ComfyNetworkSense] [07/31/2026 06:16:49] MOTION_AUTHORITY state=target_rejected run_id=native-20260731-c8-full26 client=omen action=none detail=sequence=177_target_error_mm=50247_native_fallback=false
[Info   :ComfyNetworkSense] [07/31/2026 06:16:49] MOTION_AUTHORITY state=target_rejected run_id=native-20260731-c8-full26 client=omen action=none detail=sequence=178_target_error_mm=50229_native_fallback=false
[Info   :ComfyNetworkSense] [07/31/2026 06:16:49] MOTION_AUTHORITY state=target_rejected run_id=native-20260731-c8-full26 client=omen action=none detail=sequence=178_target_error_mm=50232_native_fallback=false
[Info   :ComfyNetworkSense] [07/31/2026 06:16:49] MOTION_AUTHORITY state=target_rejected run_id=native-20260731-c8-full26 client=omen action=none detail=sequence=178_target_error_mm=50235_native_fallback=false
[Info   :ComfyNetworkSense] [07/31/2026 06:16:49] MOTION_AUTHORITY state=target_rejected run_id=native-20260731-c8-full26 client=omen action=none detail=sequence=178_target_error_mm=50238_native_fallback=false
[Info   :ComfyNetworkSense] [07/31/2026 06:16:49] MOTION_AUTHORITY state=target_rejected run_id=native-20260731-c8-full26 client=omen action=none detail=sequence=178_target_error_mm=50241_native_fallback=false
[Info   :ComfyNetworkSense] [07/31/2026 06:16:49] MOTION_AUTHORITY state=target_rejected run_id=native-20260731-c8-full26 client=omen action=none detail=sequence=178_target_error_mm=50244_native_fallback=false
[Info   :ComfyNetworkSense] [07/31/2026 06:16:49] MOTION_AUTHORITY state=target_rejected run_id=native-20260731-c8-full26 client=omen action=none detail=sequence=178_target_error_mm=50247_native_fallback=false
[Info   :ComfyNetworkSense] [07/31/2026 06:16:49] MOTION_AUTHORITY state=target_rejected run_id=native-20260731-c8-full26 client=omen action=none detail=sequence=178_target_error_mm=50250_native_fallback=false
[Info   :ComfyNetworkSense] [07/31/2026 06:16:49] MOTION_AUTHORITY state=target_rejected run_id=native-20260731-c8-full26 client=omen action=none detail=sequence=179_target_error_mm=50187_native_fallback=false
[Info   :ComfyNetworkSense] [07/31/2026 06:16:49] MOTION_AUTHORITY state=target_rejected run_id=native-20260731-c8-full26 client=omen action=none detail=sequence=179_target_error_mm=50190_native_fallback=false
[Info   :ComfyNetworkSense] [07/31/2026 06:16:49] MOTION_AUTHORITY state=target_rejected run_id=native-20260731-c8-full26 client=omen action=none detail=sequence=179_target_error_mm=50193_native_fallback=false
[Info   :ComfyNetworkSense] [07/31/2026 06:16:49] MOTION_AUTHORITY state=target_rejected run_id=native-20260731-c8-full26 client=omen action=none detail=sequence=179_target_error_mm=50196_native_fallback=false
[Info   :ComfyNetworkSense] [07/31/2026 06:16:49] MOTION_AUTHORITY state=target_rejected run_id=native-20260731-c8-full26 client=omen action=none detail=sequence=179_target_error_mm=50199_native_fallback=false
[Info   :ComfyNetworkSense] [07/31/2026 06:16:49] MOTION_AUTHORITY state=target_rejected run_id=native-20260731-c8-full26 client=omen action=none detail=sequence=179_target_error_mm=50202_native_fallback=false
[Info   :ComfyNetworkSense] [07/31/2026 06:16:49] MOTION_AUTHORITY state=target_rejected run_id=native-20260731-c8-full26 client=omen action=none detail=sequence=179_target_error_mm=50205_native_fallback=false
[Info   :ComfyNetworkSense] [07/31/2026 06:16:49] MOTION_AUTHORITY state=target_rejected run_id=native-20260731-c8-full26 client=omen action=none detail=sequence=179_target_error_mm=50208_native_fallback=false
[Info   :ComfyNetworkSense] [07/31/2026 06:16:49] MOTION_AUTHORITY state=target_rejected run_id=native-20260731-c8-full26 client=omen action=none detail=sequence=180_target_error_mm=50218_native_fallback=false
[Info   :ComfyNetworkSense] [07/31/2026 06:16:49] MOTION_AUTHORITY state=target_rejected run_id=native-20260731-c8-full26 client=omen action=none detail=sequence=180_target_error_mm=50221_native_fallback=false
[Info   :ComfyNetworkSense] [07/31/2026 06:16:49] MOTION_AUTHORITY state=target_rejected run_id=native-20260731-c8-full26 client=omen action=none detail=sequence=180_target_error_mm=50224_native_fallback=false
[Info   :ComfyNetworkSense] [07/31/2026 06:16:49] MOTION_AUTHORITY state=target_rejected run_id=native-20260731-c8-full26 client=omen action=none detail=sequence=180_target_error_mm=50227_native_fallback=false
[Info   :ComfyNetworkSense] [07/31/2026 06:16:49] MOTION_AUTHORITY state=target_rejected run_id=native-20260731-c8-full26 client=omen action=none detail=sequence=180_target_error_mm=50230_native_fallback=false
[Info   :ComfyNetworkSense] [07/31/2026 06:16:49] MOTION_AUTHORITY state=target_rejected run_id=native-20260731-c8-full26 client=omen action=none detail=sequence=180_target_error_mm=50233_native_fallback=false
[Info   :ComfyNetworkSense] [07/31/2026 06:16:49] MOTION_AUTHORITY state=target_rejected run_id=native-20260731-c8-full26 client=omen action=none detail=sequence=180_target_error_mm=50236_native_fallback=false
[Info   :ComfyNetworkSense] [07/31/2026 06:16:49] MOTION_AUTHORITY state=target_rejected run_id=native-20260731-c8-full26 client=omen action=none detail=sequence=181_target_error_mm=50237_native_fallback=false
[Info   :ComfyNetworkSense] [07/31/2026 06:16:49] MOTION_AUTHORITY state=target_rejected run_id=native-20260731-c8-full26 client=omen action=none detail=sequence=181_target_error_mm=50240_native_fallback=false
[Info   :ComfyNetworkSense] [07/31/2026 06:16:49] MOTION_AUTHORITY state=target_rejected run_id=native-20260731-c8-full26 client=omen action=none detail=sequence=181_target_error_mm=50243_native_fallback=false
[Info   :ComfyNetworkSense] [07/31/2026 06:16:49] MOTION_AUTHORITY state=target_rejected run_id=native-20260731-c8-full26 client=omen action=none detail=sequence=181_target_error_mm=50246_native_fallback=false
[Info   :ComfyNetworkSense] [07/31/2026 06:16:49] MOTION_AUTHORITY state=target_rejected run_id=native-20260731-c8-full26 client=omen action=none detail=sequence=181_target_error_mm=50249_native_fallback=false
[Info   :ComfyNetworkSense] [07/31/2026 06:16:49] MOTION_AUTHORITY state=target_rejected run_id=native-20260731-c8-full26 client=omen action=none detail=sequence=181_target_error_mm=50252_native_fallback=false
[Info   :ComfyNetworkSense] [07/31/2026 06:16:49] MOTION_AUTHORITY state=target_rejected run_id=native-20260731-c8-full26 client=omen action=none detail=sequence=181_target_error_mm=50255_native_fallback=false
[Info   :ComfyNetworkSense] [07/31/2026 06:16:49] MOTION_AUTHORITY state=target_rejected run_id=native-20260731-c8-full26 client=omen action=none detail=sequence=182_target_error_mm=50238_native_fallback=false
[Info   :ComfyNetworkSense] [07/31/2026 06:16:49] MOTION_AUTHORITY state=target_rejected run_id=native-20260731-c8-full26 client=omen action=none detail=sequence=182_target_error_mm=50241_native_fallback=false
[Info   :ComfyNetworkSense] [07/31/2026 06:16:49] MOTION_AUTHORITY state=target_rejected run_id=native-20260731-c8-full26 client=omen action=none detail=sequence=182_target_error_mm=50244_native_fallback=false
[Info   :ComfyNetworkSense] [07/31/2026 06:16:49] MOTION_AUTHORITY state=target_rejected run_id=native-20260731-c8-full26 client=omen action=none detail=sequence=182_target_error_mm=50247_native_fallback=false
[Info   :ComfyNetworkSense] [07/31/2026 06:16:49] MOTION_AUTHORITY state=target_rejected run_id=native-20260731-c8-full26 client=omen action=none detail=sequence=182_target_error_mm=50250_native_fallback=false
[Info   :ComfyNetworkSense] [07/31/2026 06:16:49] MOTION_AUTHORITY state=target_rejected run_id=native-20260731-c8-full26 client=omen action=none detail=sequence=182_target_error_mm=50253_native_fallback=false
[Info   :ComfyNetworkSense] [07/31/2026 06:16:49] MOTION_AUTHORITY state=target_rejected run_id=native-20260731-c8-full26 client=omen action=none detail=sequence=182_target_error_mm=50256_native_fallback=false
[Info   :ComfyNetworkSense] [07/31/2026 06:16:49] MOTION_AUTHORITY state=target_rejected run_id=native-20260731-c8-full26 client=omen action=none detail=sequence=183_target_error_mm=50238_native_fallback=false
[Info   :ComfyNetworkSense] [07/31/2026 06:16:49] MOTION_AUTHORITY state=target_rejected run_id=native-20260731-c8-full26 client=omen action=none detail=sequence=183_target_error_mm=50241_native_fallback=false
[Info   :ComfyNetworkSense] [07/31/2026 06:16:49] MOTION_AUTHORITY state=target_rejected run_id=native-20260731-c8-full26 client=omen action=none detail=sequence=183_target_error_mm=50244_native_fallback=false
[Info   :ComfyNetworkSense] [07/31/2026 06:16:49] MOTION_AUTHORITY state=target_rejected run_id=native-20260731-c8-full26 client=omen action=none detail=sequence=183_target_error_mm=50247_native_fallback=false
[Info   :ComfyNetworkSense] [07/31/2026 06:16:49] MOTION_AUTHORITY state=target_rejected run_id=native-20260731-c8-full26 client=omen action=none detail=sequence=183_target_error_mm=50250_native_fallback=false
[Info   :ComfyNetworkSense] [07/31/2026 06:16:49] MOTION_AUTHORITY state=target_rejected run_id=native-20260731-c8-full26 client=omen action=none detail=sequence=183_target_error_mm=50253_native_fallback=false
[Info   :ComfyNetworkSense] [07/31/2026 06:16:49] MOTION_AUTHORITY state=target_rejected run_id=native-20260731-c8-full26 client=omen action=none detail=sequence=183_target_error_mm=50256_native_fallback=false
[Info   :ComfyNetworkSense] [07/31/2026 06:16:49] MOTION_AUTHORITY state=target_rejected run_id=native-20260731-c8-full26 client=omen action=none detail=sequence=183_target_error_mm=50259_native_fallback=false
[Info   :ComfyNetworkSense] [07/31/2026 06:16:49] MOTION_AUTHORITY state=target_rejected run_id=native-20260731-c8-full26 client=omen action=none detail=sequence=183_target_error_mm=50262_native_fallback=false
[Info   :ComfyNetworkSense] [07/31/2026 06:16:50] MOTION_AUTHORITY state=target_rejected run_id=native-20260731-c8-full26 client=omen action=none detail=sequence=184_target_error_mm=50129_native_fallback=false
[Info   :ComfyNetworkSense] [07/31/2026 06:16:50] MOTION_AUTHORITY state=target_rejected run_id=native-20260731-c8-full26 client=omen action=none detail=sequence=184_target_error_mm=50132_native_fallback=false
[Info   :ComfyNetworkSense] [07/31/2026 06:16:50] MOTION_AUTHORITY state=target_rejected run_id=native-20260731-c8-full26 client=omen action=none detail=sequence=184_target_error_mm=50135_native_fallback=false
[Info   :ComfyNetworkSense] [07/31/2026 06:16:50] MOTION_AUTHORITY state=target_rejected run_id=native-20260731-c8-full26 client=omen action=none detail=sequence=184_target_error_mm=50138_native_fallback=false
[Info   :ComfyNetworkSense] [07/31/2026 06:16:50] MOTION_AUTHORITY state=target_rejected run_id=native-20260731-c8-full26 client=omen action=none detail=sequence=184_target_error_mm=50141_native_fallback=false
[Info   :ComfyNetworkSense] [07/31/2026 06:16:50] MOTION_AUTHORITY state=target_rejected run_id=native-20260731-c8-full26 client=omen action=none detail=sequence=184_target_error_mm=50144_native_fallback=false
[Info   :ComfyNetworkSense] [07/31/2026 06:16:50] MOTION_AUTHORITY state=target_rejected run_id=native-20260731-c8-full26 client=omen action=none detail=sequence=184_target_error_mm=50147_native_fallback=false
[Info   :ComfyNetworkSense] [07/31/2026 06:16:50] MOTION_AUTHORITY state=target_rejected run_id=native-20260731-c8-full26 client=omen action=none detail=sequence=184_target_error_mm=50150_native_fallback=false
[Info   :ComfyNetworkSense] [07/31/2026 06:16:50] MOTION_AUTHORITY state=target_rejected run_id=native-20260731-c8-full26 client=omen action=none detail=sequence=185_target_error_mm=50173_native_fallback=false
[Info   :ComfyNetworkSense] [07/31/2026 06:16:50] MOTION_AUTHORITY state=target_rejected run_id=native-20260731-c8-full26 client=omen action=none detail=sequence=185_target_error_mm=50176_native_fallback=false
[Info   :ComfyNetworkSense] [07/31/2026 06:16:50] MOTION_AUTHORITY state=target_rejected run_id=native-20260731-c8-full26 client=omen action=none detail=sequence=185_target_error_mm=50179_native_fallback=false
[Info   :ComfyNetworkSense] [07/31/2026 06:16:50] MOTION_AUTHORITY state=target_rejected run_id=native-20260731-c8-full26 client=omen action=none detail=sequence=185_target_error_mm=50182_native_fallback=false
[Info   :ComfyNetworkSense] [07/31/2026 06:16:50] MOTION_AUTHORITY state=target_rejected run_id=native-20260731-c8-full26 client=omen action=none detail=sequence=185_target_error_mm=50185_native_fallback=false
[Info   :ComfyNetworkSense] [07/31/2026 06:16:50] MOTION_AUTHORITY state=target_rejected run_id=native-20260731-c8-full26 client=omen action=none detail=sequence=186_target_error_mm=50248_native_fallback=false
[Info   :ComfyNetworkSense] [07/31/2026 06:16:50] MOTION_AUTHORITY state=target_rejected run_id=native-20260731-c8-full26 client=omen action=none detail=sequence=186_target_error_mm=50251_native_fallback=false
[Info   :ComfyNetworkSense] [07/31/2026 06:16:50] MOTION_AUTHORITY state=target_rejected run_id=native-20260731-c8-full26 client=omen action=none detail=sequence=186_target_error_mm=50254_native_fallback=false
[Info   :ComfyNetworkSense] [07/31/2026 06:16:50] MOTION_AUTHORITY state=target_rejected run_id=native-20260731-c8-full26 client=omen action=none detail=sequence=186_target_error_mm=50257_native_fallback=false
[Info   :ComfyNetworkSense] [07/31/2026 06:16:50] MOTION_AUTHORITY state=target_rejected run_id=native-20260731-c8-full26 client=omen action=none detail=sequence=186_target_error_mm=50260_native_fallback=false
[Info   :ComfyNetworkSense] [07/31/2026 06:16:50] MOTION_AUTHORITY state=target_rejected run_id=native-20260731-c8-full26 client=omen action=none detail=sequence=186_target_error_mm=50263_native_fallback=false
[Info   :ComfyNetworkSense] [07/31/2026 06:16:50] MOTION_AUTHORITY state=target_rejected run_id=native-20260731-c8-full26 client=omen action=none detail=sequence=186_target_error_mm=50266_native_fallback=false
[Info   :ComfyNetworkSense] [07/31/2026 06:16:50] MOTION_AUTHORITY state=target_rejected run_id=native-20260731-c8-full26 client=omen action=none detail=sequence=186_target_error_mm=50269_native_fallback=false
[Info   :ComfyNetworkSense] [07/31/2026 06:16:50] MOTION_AUTHORITY state=target_rejected run_id=native-20260731-c8-full26 client=omen action=none detail=sequence=187_target_error_mm=50252_native_fallback=false
[Info   :ComfyNetworkSense] [07/31/2026 06:16:50] MOTION_AUTHORITY state=target_rejected run_id=native-20260731-c8-full26 client=omen action=none detail=sequence=187_target_error_mm=50255_native_fallback=false
[Info   :ComfyNetworkSense] [07/31/2026 06:16:50] MOTION_AUTHORITY state=target_rejected run_id=native-20260731-c8-full26 client=omen action=none detail=sequence=187_target_error_mm=50258_native_fallback=false
[Info   :ComfyNetworkSense] [07/31/2026 06:16:50] MOTION_AUTHORITY state=target_rejected run_id=native-20260731-c8-full26 client=omen action=none detail=sequence=187_target_error_mm=50261_native_fallback=false
[Info   :ComfyNetworkSense] [07/31/2026 06:16:50] MOTION_AUTHORITY state=target_rejected run_id=native-20260731-c8-full26 client=omen action=none detail=sequence=187_target_error_mm=50264_native_fallback=false
[Info   :ComfyNetworkSense] [07/31/2026 06:16:50] MOTION_AUTHORITY state=target_rejected run_id=native-20260731-c8-full26 client=omen action=none detail=sequence=187_target_error_mm=50267_native_fallback=false
[Info   :ComfyNetworkSense] [07/31/2026 06:16:50] MOTION_AUTHORITY state=target_rejected run_id=native-20260731-c8-full26 client=omen action=none detail=sequence=187_target_error_mm=50270_native_fallback=false
[Info   :ComfyNetworkSense] [07/31/2026 06:16:50] MOTION_AUTHORITY state=target_rejected run_id=native-20260731-c8-full26 client=omen action=none detail=sequence=188_target_error_mm=50160_native_fallback=false
[Info   :ComfyNetworkSense] [07/31/2026 06:16:50] MOTION_AUTHORITY state=target_rejected run_id=native-20260731-c8-full26 client=omen action=none detail=sequence=188_target_error_mm=50162_native_fallback=false
[Info   :ComfyNetworkSense] [07/31/2026 06:16:50] MOTION_AUTHORITY state=target_rejected run_id=native-20260731-c8-full26 client=omen action=none detail=sequence=188_target_error_mm=50165_native_fallback=false
[Info   :ComfyNetworkSense] [07/31/2026 06:16:50] MOTION_AUTHORITY state=target_rejected run_id=native-20260731-c8-full26 client=omen action=none detail=sequence=188_target_error_mm=50168_native_fallback=false
[Info   :ComfyNetworkSense] [07/31/2026 06:16:50] MOTION_AUTHORITY state=target_rejected run_id=native-20260731-c8-full26 client=omen action=none detail=sequence=188_target_error_mm=50171_native_fallback=false
[Info   :ComfyNetworkSense] [07/31/2026 06:16:50] MOTION_AUTHORITY state=target_rejected run_id=native-20260731-c8-full26 client=omen action=none detail=sequence=188_target_error_mm=50175_native_fallback=false
[Info   :ComfyNetworkSense] [07/31/2026 06:16:50] MOTION_AUTHORITY state=target_rejected run_id=native-20260731-c8-full26 client=omen action=none detail=sequence=188_target_error_mm=50178_native_fallback=false
[Info   :ComfyNetworkSense] [07/31/2026 06:16:50] MOTION_AUTHORITY state=target_rejected run_id=native-20260731-c8-full26 client=omen action=none detail=sequence=189_target_error_mm=50259_native_fallback=false
[Info   :ComfyNetworkSense] [07/31/2026 06:16:50] MOTION_AUTHORITY state=target_rejected run_id=native-20260731-c8-full26 client=omen action=none detail=sequence=189_target_error_mm=50263_native_fallback=false
[Info   :ComfyNetworkSense] [07/31/2026 06:16:50] MOTION_AUTHORITY state=target_rejected run_id=native-20260731-c8-full26 client=omen action=none detail=sequence=189_target_error_mm=50266_native_fallback=false
[Info   :ComfyNetworkSense] [07/31/2026 06:16:50] MOTION_AUTHORITY state=target_rejected run_id=native-20260731-c8-full26 client=omen action=none detail=sequence=189_target_error_mm=50269_native_fallback=false
[Info   :ComfyNetworkSense] [07/31/2026 06:16:50] MOTION_AUTHORITY state=target_rejected run_id=native-20260731-c8-full26 client=omen action=none detail=sequence=189_target_error_mm=50272_native_fallback=false
[Info   :ComfyNetworkSense] [07/31/2026 06:16:50] MOTION_AUTHORITY state=target_rejected run_id=native-20260731-c8-full26 client=omen action=none detail=sequence=189_target_error_mm=50275_native_fallback=false
[Info   :ComfyNetworkSense] [07/31/2026 06:16:50] MOTION_AUTHORITY state=target_rejected run_id=native-20260731-c8-full26 client=omen action=none detail=sequence=189_target_error_mm=50278_native_fallback=false
[Info   :ComfyNetworkSense] [07/31/2026 06:16:50] MOTION_AUTHORITY state=target_rejected run_id=native-20260731-c8-full26 client=omen action=none detail=sequence=190_target_error_mm=50265_native_fallback=false
[Info   :ComfyNetworkSense] [07/31/2026 06:16:50] MOTION_AUTHORITY state=target_rejected run_id=native-20260731-c8-full26 client=omen action=none detail=sequence=190_target_error_mm=50268_native_fallback=false
[Info   :ComfyNetworkSense] [07/31/2026 06:16:50] MOTION_AUTHORITY state=target_rejected run_id=native-20260731-c8-full26 client=omen action=none detail=sequence=190_target_error_mm=50271_native_fallback=false
[Info   :ComfyNetworkSense] [07/31/2026 06:16:50] MOTION_AUTHORITY state=target_rejected run_id=native-20260731-c8-full26 client=omen action=none detail=sequence=190_target_error_mm=50274_native_fallback=false
[Info   :ComfyNetworkSense] [07/31/2026 06:16:50] MOTION_AUTHORITY state=target_rejected run_id=native-20260731-c8-full26 client=omen action=none detail=sequence=190_target_error_mm=50276_native_fallback=false
[Info   :ComfyNetworkSense] [07/31/2026 06:16:50] MOTION_AUTHORITY state=target_rejected run_id=native-20260731-c8-full26 client=omen action=none detail=sequence=190_target_error_mm=50279_native_fallback=false
[Info   :ComfyNetworkSense] [07/31/2026 06:16:50] MOTION_AUTHORITY state=target_rejected run_id=native-20260731-c8-full26 client=omen action=none detail=sequence=190_target_error_mm=50282_native_fallback=false
[Info   :ComfyNetworkSense] [07/31/2026 06:16:50] MOTION_AUTHORITY state=target_rejected run_id=native-20260731-c8-full26 client=omen action=none detail=sequence=191_target_error_mm=50161_native_fallback=false
[Info   :ComfyNetworkSense] [07/31/2026 06:16:50] MOTION_AUTHORITY state=target_rejected run_id=native-20260731-c8-full26 client=omen action=none detail=sequence=191_target_error_mm=50164_native_fallback=false
[Info   :ComfyNetworkSense] [07/31/2026 06:16:50] MOTION_AUTHORITY state=target_rejected run_id=native-20260731-c8-full26 client=omen action=none detail=sequence=191_target_error_mm=50167_native_fallback=false
[Info   :ComfyNetworkSense] [07/31/2026 06:16:50] MOTION_AUTHORITY state=target_rejected run_id=native-20260731-c8-full26 client=omen action=none detail=sequence=191_target_error_mm=50170_native_fallback=false
[Info   :ComfyNetworkSense] [07/31/2026 06:16:50] MOTION_AUTHORITY state=target_rejected run_id=native-20260731-c8-full26 client=omen action=none detail=sequence=191_target_error_mm=50173_native_fallback=false
[Info   :ComfyNetworkSense] [07/31/2026 06:16:50] MOTION_AUTHORITY state=target_rejected run_id=native-20260731-c8-full26 client=omen action=none detail=sequence=191_target_error_mm=50176_native_fallback=false
[Info   :ComfyNetworkSense] [07/31/2026 06:16:50] MOTION_AUTHORITY state=target_rejected run_id=native-20260731-c8-full26 client=omen action=none detail=sequence=191_target_error_mm=50179_native_fallback=false
[Info   :ComfyNetworkSense] [07/31/2026 06:16:50] MOTION_AUTHORITY state=target_rejected run_id=native-20260731-c8-full26 client=omen action=none detail=sequence=192_target_error_mm=50273_native_fallback=false
[Info   :ComfyNetworkSense] [07/31/2026 06:16:50] MOTION_AUTHORITY state=target_rejected run_id=native-20260731-c8-full26 client=omen action=none detail=sequence=192_target_error_mm=50276_native_fallback=false
[Info   :ComfyNetworkSense] [07/31/2026 06:16:50] MOTION_AUTHORITY state=target_rejected run_id=native-20260731-c8-full26 client=omen action=none detail=sequence=192_target_error_mm=50279_native_fallback=false
[Info   :ComfyNetworkSense] [07/31/2026 06:16:50] MOTION_AUTHORITY state=target_rejected run_id=native-20260731-c8-full26 client=omen action=none detail=sequence=192_target_error_mm=50282_native_fallback=false
[Info   :ComfyNetworkSense] [07/31/2026 06:16:50] MOTION_AUTHORITY state=target_rejected run_id=native-20260731-c8-full26 client=omen action=none detail=sequence=192_target_error_mm=50285_native_fallback=false
[Info   :ComfyNetworkSense] [07/31/2026 06:16:50] MOTION_AUTHORITY state=target_rejected run_id=native-20260731-c8-full26 client=omen action=none detail=sequence=192_target_error_mm=50288_native_fallback=false
[Info   :ComfyNetworkSense] [07/31/2026 06:16:50] MOTION_AUTHORITY state=target_rejected run_id=native-20260731-c8-full26 client=omen action=none detail=sequence=192_target_error_mm=50291_native_fallback=false
[Info   :ComfyNetworkSense] [07/31/2026 06:16:50] MOTION_AUTHORITY state=target_rejected run_id=native-20260731-c8-full26 client=omen action=none detail=sequence=193_target_error_mm=50142_native_fallback=false
[Info   :ComfyNetworkSense] [07/31/2026 06:16:50] MOTION_AUTHORITY state=target_rejected run_id=native-20260731-c8-full26 client=omen action=none detail=sequence=193_target_error_mm=50145_native_fallback=false
[Info   :ComfyNetworkSense] [07/31/2026 06:16:50] MOTION_AUTHORITY state=target_rejected run_id=native-20260731-c8-full26 client=omen action=none detail=sequence=193_target_error_mm=50148_native_fallback=false
[Info   :ComfyNetworkSense] [07/31/2026 06:16:50] MOTION_AUTHORITY state=target_rejected run_id=native-20260731-c8-full26 client=omen action=none detail=sequence=193_target_error_mm=50151_native_fallback=false
[Info   :ComfyNetworkSense] [07/31/2026 06:16:50] MOTION_AUTHORITY state=target_rejected run_id=native-20260731-c8-full26 client=omen action=none detail=sequence=193_target_error_mm=50154_native_fallback=false
[Info   :ComfyNetworkSense] [07/31/2026 06:16:50] MOTION_AUTHORITY state=target_rejected run_id=native-20260731-c8-full26 client=omen action=none detail=sequence=193_target_error_mm=50157_native_fallback=false
[Info   :ComfyNetworkSense] [07/31/2026 06:16:50] MOTION_AUTHORITY state=target_rejected run_id=native-20260731-c8-full26 client=omen action=none detail=sequence=194_target_error_mm=50202_native_fallback=false
[Info   :ComfyNetworkSense] [07/31/2026 06:16:50] MOTION_AUTHORITY state=target_rejected run_id=native-20260731-c8-full26 client=omen action=none detail=sequence=194_target_error_mm=50205_native_fallback=false
[Info   :ComfyNetworkSense] [07/31/2026 06:16:50] MOTION_AUTHORITY state=target_rejected run_id=native-20260731-c8-full26 client=omen action=none detail=sequence=194_target_error_mm=50208_native_fallback=false
[Info   :ComfyNetworkSense] [07/31/2026 06:16:50] MOTION_AUTHORITY state=target_rejected run_id=native-20260731-c8-full26 client=omen action=none detail=sequence=194_target_error_mm=50211_native_fallback=false
[Info   :ComfyNetworkSense] [07/31/2026 06:16:50] MOTION_AUTHORITY state=target_rejected run_id=native-20260731-c8-full26 client=omen action=none detail=sequence=194_target_error_mm=50214_native_fallback=false
[Info   :ComfyNetworkSense] [07/31/2026 06:16:50] MOTION_AUTHORITY state=target_rejected run_id=native-20260731-c8-full26 client=omen action=none detail=sequence=194_target_error_mm=50217_native_fallback=false
[Info   :ComfyNetworkSense] [07/31/2026 06:16:50] MOTION_AUTHORITY state=target_rejected run_id=native-20260731-c8-full26 client=omen action=none detail=sequence=194_target_error_mm=50220_native_fallback=false
[Info   :ComfyNetworkSense] [07/31/2026 06:16:50] MOTION_AUTHORITY state=target_rejected run_id=native-20260731-c8-full26 client=omen action=none detail=sequence=194_target_error_mm=50223_native_fallback=false
[Info   :ComfyNetworkSense] [07/31/2026 06:16:50] MOTION_AUTHORITY state=target_rejected run_id=native-20260731-c8-full26 client=omen action=none detail=sequence=195_target_error_mm=50286_native_fallback=false
[Info   :ComfyNetworkSense] [07/31/2026 06:16:50] MOTION_AUTHORITY state=target_rejected run_id=native-20260731-c8-full26 client=omen action=none detail=sequence=195_target_error_mm=50289_native_fallback=false
[Info   :ComfyNetworkSense] [07/31/2026 06:16:50] MOTION_AUTHORITY state=target_rejected run_id=native-20260731-c8-full26 client=omen action=none detail=sequence=195_target_error_mm=50292_native_fallback=false
[Info   :ComfyNetworkSense] [07/31/2026 06:16:50] MOTION_AUTHORITY state=target_rejected run_id=native-20260731-c8-full26 client=omen action=none detail=sequence=195_target_error_mm=50295_native_fallback=false
[Info   :ComfyNetworkSense] [07/31/2026 06:16:50] MOTION_AUTHORITY state=target_rejected run_id=native-20260731-c8-full26 client=omen action=none detail=sequence=195_target_error_mm=50298_native_fallback=false
[Info   :ComfyNetworkSense] [07/31/2026 06:16:50] MOTION_AUTHORITY state=target_rejected run_id=native-20260731-c8-full26 client=omen action=none detail=sequence=195_target_error_mm=50301_native_fallback=false
[Info   :ComfyNetworkSense] [07/31/2026 06:16:50] MOTION_AUTHORITY state=target_rejected run_id=native-20260731-c8-full26 client=omen action=none detail=sequence=195_target_error_mm=50304_native_fallback=false
[Info   :ComfyNetworkSense] [07/31/2026 06:16:50] MOTION_AUTHORITY state=target_rejected run_id=native-20260731-c8-full26 client=omen action=none detail=sequence=195_target_error_mm=50307_native_fallback=false
[Info   :ComfyNetworkSense] [07/31/2026 06:16:50] MOTION_AUTHORITY state=target_rejected run_id=native-20260731-c8-full26 client=omen action=none detail=sequence=195_target_error_mm=50310_native_fallback=false
[Info   :ComfyNetworkSense] [07/31/2026 06:16:50] MOTION_AUTHORITY state=target_rejected run_id=native-20260731-c8-full26 client=omen action=none detail=sequence=196_target_error_mm=50296_native_fallback=false
[Info   :ComfyNetworkSense] [07/31/2026 06:16:50] MOTION_AUTHORITY state=target_rejected run_id=native-20260731-c8-full26 client=omen action=none detail=sequence=196_target_error_mm=50299_native_fallback=false
[Info   :ComfyNetworkSense] [07/31/2026 06:16:50] MOTION_AUTHORITY state=target_rejected run_id=native-20260731-c8-full26 client=omen action=none detail=sequence=196_target_error_mm=50302_native_fallback=false
[Info   :ComfyNetworkSense] [07/31/2026 06:16:50] MOTION_AUTHORITY state=target_rejected run_id=native-20260731-c8-full26 client=omen action=none detail=sequence=196_target_error_mm=50305_native_fallback=false
[Info   :ComfyNetworkSense] [07/31/2026 06:16:50] MOTION_AUTHORITY state=target_rejected run_id=native-20260731-c8-full26 client=omen action=none detail=sequence=196_target_error_mm=50308_native_fallback=false
[Info   :ComfyNetworkSense] [07/31/2026 06:16:50] MOTION_AUTHORITY state=target_rejected run_id=native-20260731-c8-full26 client=omen action=none detail=sequence=196_target_error_mm=50311_native_fallback=false
[Info   :ComfyNetworkSense] [07/31/2026 06:16:50] MOTION_AUTHORITY state=target_rejected run_id=native-20260731-c8-full26 client=omen action=none detail=sequence=197_target_error_mm=50298_native_fallback=false
[Info   :ComfyNetworkSense] [07/31/2026 06:16:50] MOTION_AUTHORITY state=target_rejected run_id=native-20260731-c8-full26 client=omen action=none detail=sequence=197_target_error_mm=50301_native_fallback=false
[Info   :ComfyNetworkSense] [07/31/2026 06:16:50] MOTION_AUTHORITY state=target_rejected run_id=native-20260731-c8-full26 client=omen action=none detail=sequence=197_target_error_mm=50304_native_fallback=false
[Info   :ComfyNetworkSense] [07/31/2026 06:16:50] MOTION_AUTHORITY state=target_rejected run_id=native-20260731-c8-full26 client=omen action=none detail=sequence=197_target_error_mm=50307_native_fallback=false
[Info   :ComfyNetworkSense] [07/31/2026 06:16:50] MOTION_AUTHORITY state=target_rejected run_id=native-20260731-c8-full26 client=omen action=none detail=sequence=197_target_error_mm=50310_native_fallback=false
[Info   :ComfyNetworkSense] [07/31/2026 06:16:50] MOTION_AUTHORITY state=target_rejected run_id=native-20260731-c8-full26 client=omen action=none detail=sequence=197_target_error_mm=50313_native_fallback=false
[Info   :ComfyNetworkSense] [07/31/2026 06:16:50] MOTION_AUTHORITY state=target_rejected run_id=native-20260731-c8-full26 client=omen action=none detail=sequence=197_target_error_mm=50316_native_fallback=false
[Info   :ComfyNetworkSense] [07/31/2026 06:16:50] MOTION_AUTHORITY state=target_rejected run_id=native-20260731-c8-full26 client=omen action=none detail=sequence=198_target_error_mm=50197_native_fallback=false
[Info   :ComfyNetworkSense] [07/31/2026 06:16:50] MOTION_AUTHORITY state=target_rejected run_id=native-20260731-c8-full26 client=omen action=none detail=sequence=198_target_error_mm=50200_native_fallback=false
[Info   :ComfyNetworkSense] [07/31/2026 06:16:50] MOTION_AUTHORITY state=target_rejected run_id=native-20260731-c8-full26 client=omen action=none detail=sequence=198_target_error_mm=50203_native_fallback=false
[Info   :ComfyNetworkSense] [07/31/2026 06:16:50] MOTION_AUTHORITY state=target_rejected run_id=native-20260731-c8-full26 client=omen action=none detail=sequence=198_target_error_mm=50206_native_fallback=false
[Info   :ComfyNetworkSense] [07/31/2026 06:16:50] MOTION_AUTHORITY state=target_rejected run_id=native-20260731-c8-full26 client=omen action=none detail=sequence=198_target_error_mm=50209_native_fallback=false
[Info   :ComfyNetworkSense] [07/31/2026 06:16:50] MOTION_AUTHORITY state=target_rejected run_id=native-20260731-c8-full26 client=omen action=none detail=sequence=198_target_error_mm=50212_native_fallback=false
[Info   :ComfyNetworkSense] [07/31/2026 06:16:50] MOTION_AUTHORITY state=target_rejected run_id=native-20260731-c8-full26 client=omen action=none detail=sequence=198_target_error_mm=50215_native_fallback=false
[Info   :ComfyNetworkSense] [07/31/2026 06:16:50] MOTION_AUTHORITY state=target_rejected run_id=native-20260731-c8-full26 client=omen action=none detail=sequence=199_target_error_mm=50310_native_fallback=false
[Info   :ComfyNetworkSense] [07/31/2026 06:16:50] MOTION_AUTHORITY state=target_rejected run_id=native-20260731-c8-full26 client=omen action=none detail=sequence=199_target_error_mm=50313_native_fallback=false
[Info   :ComfyNetworkSense] [07/31/2026 06:16:50] MOTION_AUTHORITY state=target_rejected run_id=native-20260731-c8-full26 client=omen action=none detail=sequence=199_target_error_mm=50316_native_fallback=false
[Info   :ComfyNetworkSense] [07/31/2026 06:16:50] MOTION_AUTHORITY state=target_rejected run_id=native-20260731-c8-full26 client=omen action=none detail=sequence=199_target_error_mm=50319_native_fallback=false
[Info   :ComfyNetworkSense] [07/31/2026 06:16:50] MOTION_AUTHORITY state=target_rejected run_id=native-20260731-c8-full26 client=omen action=none detail=sequence=199_target_error_mm=50322_native_fallback=false
[Info   :ComfyNetworkSense] [07/31/2026 06:16:50] MOTION_AUTHORITY state=target_rejected run_id=native-20260731-c8-full26 client=omen action=none detail=sequence=199_target_error_mm=50325_native_fallback=false
[Info   :ComfyNetworkSense] [07/31/2026 06:16:50] MOTION_AUTHORITY state=target_rejected run_id=native-20260731-c8-full26 client=omen action=none detail=sequence=199_target_error_mm=50328_native_fallback=false
[Info   :ComfyNetworkSense] [07/31/2026 06:16:50] MOTION_AUTHORITY state=target_rejected run_id=native-20260731-c8-full26 client=omen action=none detail=sequence=200_target_error_mm=50316_native_fallback=false
[Info   :ComfyNetworkSense] [07/31/2026 06:16:50] MOTION_AUTHORITY state=target_rejected run_id=native-20260731-c8-full26 client=omen action=none detail=sequence=200_target_error_mm=50319_native_fallback=false
[Info   :ComfyNetworkSense] [07/31/2026 06:16:50] MOTION_AUTHORITY state=target_rejected run_id=native-20260731-c8-full26 client=omen action=none detail=sequence=200_target_error_mm=50322_native_fallback=false
[Info   :ComfyNetworkSense] [07/31/2026 06:16:50] MOTION_AUTHORITY state=target_rejected run_id=native-20260731-c8-full26 client=omen action=none detail=sequence=200_target_error_mm=50325_native_fallback=false
[Info   :ComfyNetworkSense] [07/31/2026 06:16:50] MOTION_AUTHORITY state=target_rejected run_id=native-20260731-c8-full26 client=omen action=none detail=sequence=200_target_error_mm=50328_native_fallback=false
[Info   :ComfyNetworkSense] [07/31/2026 06:16:50] MOTION_AUTHORITY state=target_rejected run_id=native-20260731-c8-full26 client=omen action=none detail=sequence=200_target_error_mm=50331_native_fallback=false
[Info   :ComfyNetworkSense] [07/31/2026 06:16:50] MOTION_AUTHORITY state=target_rejected run_id=native-20260731-c8-full26 client=omen action=none detail=sequence=200_target_error_mm=50334_native_fallback=false
[Info   :ComfyNetworkSense] [07/31/2026 06:16:50] MOTION_AUTHORITY state=target_rejected run_id=native-20260731-c8-full26 client=omen action=none detail=sequence=200_target_error_mm=50337_native_fallback=false
[Info   :ComfyNetworkSense] [07/31/2026 06:16:50] MOTION_AUTHORITY state=target_rejected run_id=native-20260731-c8-full26 client=omen action=none detail=sequence=201_target_error_mm=50148_native_fallback=false
[Info   :ComfyNetworkSense] [07/31/2026 06:16:50] MOTION_AUTHORITY state=target_rejected run_id=native-20260731-c8-full26 client=omen action=none detail=sequence=201_target_error_mm=50151_native_fallback=false
[Info   :ComfyNetworkSense] [07/31/2026 06:16:50] MOTION_AUTHORITY state=target_rejected run_id=native-20260731-c8-full26 client=omen action=none detail=sequence=201_target_error_mm=50154_native_fallback=false
[Info   :ComfyNetworkSense] [07/31/2026 06:16:50] MOTION_AUTHORITY state=target_rejected run_id=native-20260731-c8-full26 client=omen action=none detail=sequence=201_target_error_mm=50157_native_fallback=false
[Info   :ComfyNetworkSense] [07/31/2026 06:16:50] MOTION_AUTHORITY state=target_rejected run_id=native-20260731-c8-full26 client=omen action=none detail=sequence=201_target_error_mm=50160_native_fallback=false
[Info   :ComfyNetworkSense] [07/31/2026 06:16:50] MOTION_AUTHORITY state=target_rejected run_id=native-20260731-c8-full26 client=omen action=none detail=sequence=201_target_error_mm=50163_native_fallback=false
[Info   :ComfyNetworkSense] [07/31/2026 06:16:50] MOTION_AUTHORITY state=target_rejected run_id=native-20260731-c8-full26 client=omen action=none detail=sequence=201_target_error_mm=50166_native_fallback=false
[Info   :ComfyNetworkSense] [07/31/2026 06:16:50] MOTION_AUTHORITY state=target_rejected run_id=native-20260731-c8-full26 client=omen action=none detail=sequence=202_target_error_mm=50331_native_fallback=false
[Info   :ComfyNetworkSense] [07/31/2026 06:16:50] MOTION_AUTHORITY state=target_rejected run_id=native-20260731-c8-full26 client=omen action=none detail=sequence=202_target_error_mm=50334_native_fallback=false
[Info   :ComfyNetworkSense] [07/31/2026 06:16:50] MOTION_AUTHORITY state=target_rejected run_id=native-20260731-c8-full26 client=omen action=none detail=sequence=202_target_error_mm=50337_native_fallback=false
[Info   :ComfyNetworkSense] [07/31/2026 06:16:50] MOTION_AUTHORITY state=target_rejected run_id=native-20260731-c8-full26 client=omen action=none detail=sequence=202_target_error_mm=50340_native_fallback=false
[Info   :ComfyNetworkSense] [07/31/2026 06:16:51] MOTION_AUTHORITY state=target_rejected run_id=native-20260731-c8-full26 client=omen action=none detail=sequence=202_target_error_mm=50343_native_fallback=false
[Info   :ComfyNetworkSense] [07/31/2026 06:16:51] MOTION_AUTHORITY state=target_rejected run_id=native-20260731-c8-full26 client=omen action=none detail=sequence=202_target_error_mm=50346_native_fallback=false
[Info   :ComfyNetworkSense] [07/31/2026 06:16:51] MOTION_AUTHORITY state=target_rejected run_id=native-20260731-c8-full26 client=omen action=none detail=sequence=203_target_error_mm=50336_native_fallback=false
[Info   :ComfyNetworkSense] [07/31/2026 06:16:51] MOTION_AUTHORITY state=target_rejected run_id=native-20260731-c8-full26 client=omen action=none detail=sequence=203_target_error_mm=50339_native_fallback=false
[Info   :ComfyNetworkSense] [07/31/2026 06:16:51] MOTION_AUTHORITY state=target_rejected run_id=native-20260731-c8-full26 client=omen action=none detail=sequence=203_target_error_mm=50342_native_fallback=false
[Info   :ComfyNetworkSense] [07/31/2026 06:16:51] MOTION_AUTHORITY state=target_rejected run_id=native-20260731-c8-full26 client=omen action=none detail=sequence=203_target_error_mm=50345_native_fallback=false
[Info   :ComfyNetworkSense] [07/31/2026 06:16:51] MOTION_AUTHORITY state=target_rejected run_id=native-20260731-c8-full26 client=omen action=none detail=sequence=203_target_error_mm=50348_native_fallback=false
[Info   :ComfyNetworkSense] [07/31/2026 06:16:51] MOTION_AUTHORITY state=target_rejected run_id=native-20260731-c8-full26 client=omen action=none detail=sequence=203_target_error_mm=50351_native_fallback=false
[Info   :ComfyNetworkSense] [07/31/2026 06:16:51] MOTION_AUTHORITY state=target_rejected run_id=native-20260731-c8-full26 client=omen action=none detail=sequence=203_target_error_mm=50354_native_fallback=false
[Info   :ComfyNetworkSense] [07/31/2026 06:16:51] MOTION_AUTHORITY state=target_rejected run_id=native-20260731-c8-full26 client=omen action=none detail=sequence=203_target_error_mm=50357_native_fallback=false
[Info   :ComfyNetworkSense] [07/31/2026 06:16:51] MOTION_AUTHORITY state=target_rejected run_id=native-20260731-c8-full26 client=omen action=none detail=sequence=203_target_error_mm=50360_native_fallback=false
[Info   :ComfyNetworkSense] [07/31/2026 06:16:51] MOTION_AUTHORITY state=target_rejected run_id=native-20260731-c8-full26 client=omen action=none detail=sequence=204_target_error_mm=50191_native_fallback=false
[Info   :ComfyNetworkSense] [07/31/2026 06:16:51] MOTION_AUTHORITY state=target_rejected run_id=native-20260731-c8-full26 client=omen action=none detail=sequence=204_target_error_mm=50194_native_fallback=false
[Info   :ComfyNetworkSense] [07/31/2026 06:16:51] MOTION_AUTHORITY state=target_rejected run_id=native-20260731-c8-full26 client=omen action=none detail=sequence=204_target_error_mm=50197_native_fallback=false
[Info   :ComfyNetworkSense] [07/31/2026 06:16:51] MOTION_AUTHORITY state=target_rejected run_id=native-20260731-c8-full26 client=omen action=none detail=sequence=204_target_error_mm=50200_native_fallback=false
[Info   :ComfyNetworkSense] [07/31/2026 06:16:51] MOTION_AUTHORITY state=target_rejected run_id=native-20260731-c8-full26 client=omen action=none detail=sequence=204_target_error_mm=50203_native_fallback=false
[Info   :ComfyNetworkSense] [07/31/2026 06:16:51] MOTION_AUTHORITY state=target_rejected run_id=native-20260731-c8-full26 client=omen action=none detail=sequence=204_target_error_mm=50206_native_fallback=false
[Info   :ComfyNetworkSense] [07/31/2026 06:16:51] MOTION_AUTHORITY state=target_rejected run_id=native-20260731-c8-full26 client=omen action=none detail=sequence=204_target_error_mm=50209_native_fallback=false
[Info   :ComfyNetworkSense] [07/31/2026 06:16:51] MOTION_AUTHORITY state=target_rejected run_id=native-20260731-c8-full26 client=omen action=none detail=sequence=205_target_error_mm=50317_native_fallback=false
[Info   :ComfyNetworkSense] [07/31/2026 06:16:51] MOTION_AUTHORITY state=target_rejected run_id=native-20260731-c8-full26 client=omen action=none detail=sequence=205_target_error_mm=50320_native_fallback=false
[Info   :ComfyNetworkSense] [07/31/2026 06:16:51] MOTION_AUTHORITY state=target_rejected run_id=native-20260731-c8-full26 client=omen action=none detail=sequence=205_target_error_mm=50323_native_fallback=false
[Info   :ComfyNetworkSense] [07/31/2026 06:16:51] MOTION_AUTHORITY state=target_rejected run_id=native-20260731-c8-full26 client=omen action=none detail=sequence=205_target_error_mm=50326_native_fallback=false
[Info   :ComfyNetworkSense] [07/31/2026 06:16:51] MOTION_AUTHORITY state=target_rejected run_id=native-20260731-c8-full26 client=omen action=none detail=sequence=205_target_error_mm=50329_native_fallback=false
[Info   :ComfyNetworkSense] [07/31/2026 06:16:51] MOTION_AUTHORITY state=target_rejected run_id=native-20260731-c8-full26 client=omen action=none detail=sequence=205_target_error_mm=50332_native_fallback=false
[Info   :ComfyNetworkSense] [07/31/2026 06:16:51] MOTION_AUTHORITY state=target_rejected run_id=native-20260731-c8-full26 client=omen action=none detail=sequence=205_target_error_mm=50335_native_fallback=false
[Info   :ComfyNetworkSense] [07/31/2026 06:16:51] MOTION_AUTHORITY state=target_rejected run_id=native-20260731-c8-full26 client=omen action=none detail=sequence=206_target_error_mm=50364_native_fallback=false
[Info   :ComfyNetworkSense] [07/31/2026 06:16:51] MOTION_AUTHORITY state=target_rejected run_id=native-20260731-c8-full26 client=omen action=none detail=sequence=206_target_error_mm=50367_native_fallback=false
[Info   :ComfyNetworkSense] [07/31/2026 06:16:51] MOTION_AUTHORITY state=target_rejected run_id=native-20260731-c8-full26 client=omen action=none detail=sequence=206_target_error_mm=50370_native_fallback=false
[Info   :ComfyNetworkSense] [07/31/2026 06:16:51] MOTION_AUTHORITY state=target_rejected run_id=native-20260731-c8-full26 client=omen action=none detail=sequence=206_target_error_mm=50373_native_fallback=false
[Info   :ComfyNetworkSense] [07/31/2026 06:16:51] MOTION_AUTHORITY state=target_rejected run_id=native-20260731-c8-full26 client=omen action=none detail=sequence=206_target_error_mm=50376_native_fallback=false
[Info   :ComfyNetworkSense] [07/31/2026 06:16:51] MOTION_AUTHORITY state=target_rejected run_id=native-20260731-c8-full26 client=omen action=none detail=sequence=206_target_error_mm=50379_native_fallback=false
[Info   :ComfyNetworkSense] [07/31/2026 06:16:51] MOTION_AUTHORITY state=target_rejected run_id=native-20260731-c8-full26 client=omen action=none detail=sequence=206_target_error_mm=50382_native_fallback=false
[Info   :ComfyNetworkSense] [07/31/2026 06:16:51] MOTION_AUTHORITY state=target_rejected run_id=native-20260731-c8-full26 client=omen action=none detail=sequence=207_target_error_mm=50370_native_fallback=false
[Info   :ComfyNetworkSense] [07/31/2026 06:16:51] MOTION_AUTHORITY state=target_rejected run_id=native-20260731-c8-full26 client=omen action=none detail=sequence=207_target_error_mm=50373_native_fallback=false
[Info   :ComfyNetworkSense] [07/31/2026 06:16:51] MOTION_AUTHORITY state=target_rejected run_id=native-20260731-c8-full26 client=omen action=none detail=sequence=207_target_error_mm=50376_native_fallback=false
[Info   :ComfyNetworkSense] [07/31/2026 06:16:51] MOTION_AUTHORITY state=target_rejected run_id=native-20260731-c8-full26 client=omen action=none detail=sequence=207_target_error_mm=50379_native_fallback=false
[Info   :ComfyNetworkSense] [07/31/2026 06:16:51] MOTION_AUTHORITY state=target_rejected run_id=native-20260731-c8-full26 client=omen action=none detail=sequence=207_target_error_mm=50382_native_fallback=false
[Info   :ComfyNetworkSense] [07/31/2026 06:16:51] MOTION_AUTHORITY state=target_rejected run_id=native-20260731-c8-full26 client=omen action=none detail=sequence=207_target_error_mm=50385_native_fallback=false
[Info   :ComfyNetworkSense] [07/31/2026 06:16:51] MOTION_AUTHORITY state=target_rejected run_id=native-20260731-c8-full26 client=omen action=none detail=sequence=208_target_error_mm=50376_native_fallback=false
[Info   :ComfyNetworkSense] [07/31/2026 06:16:51] MOTION_AUTHORITY state=target_rejected run_id=native-20260731-c8-full26 client=omen action=none detail=sequence=208_target_error_mm=50379_native_fallback=false
[Info   :ComfyNetworkSense] [07/31/2026 06:16:51] MOTION_AUTHORITY state=target_rejected run_id=native-20260731-c8-full26 client=omen action=none detail=sequence=208_target_error_mm=50382_native_fallback=false
[Info   :ComfyNetworkSense] [07/31/2026 06:16:51] MOTION_AUTHORITY state=target_rejected run_id=native-20260731-c8-full26 client=omen action=none detail=sequence=208_target_error_mm=50385_native_fallback=false
[Info   :ComfyNetworkSense] [07/31/2026 06:16:51] MOTION_AUTHORITY state=target_rejected run_id=native-20260731-c8-full26 client=omen action=none detail=sequence=208_target_error_mm=50388_native_fallback=false
[Info   :ComfyNetworkSense] [07/31/2026 06:16:51] MOTION_AUTHORITY state=target_rejected run_id=native-20260731-c8-full26 client=omen action=none detail=sequence=208_target_error_mm=50391_native_fallback=false
[Info   :ComfyNetworkSense] [07/31/2026 06:16:51] MOTION_AUTHORITY state=target_rejected run_id=native-20260731-c8-full26 client=omen action=none detail=sequence=208_target_error_mm=50394_native_fallback=false
[Info   :ComfyNetworkSense] [07/31/2026 06:16:51] MOTION_AUTHORITY state=target_rejected run_id=native-20260731-c8-full26 client=omen action=none detail=sequence=208_target_error_mm=50397_native_fallback=false
[Info   :ComfyNetworkSense] [07/31/2026 06:16:51] MOTION_AUTHORITY state=target_rejected run_id=native-20260731-c8-full26 client=omen action=none detail=sequence=209_target_error_mm=50387_native_fallback=false
[Info   :ComfyNetworkSense] [07/31/2026 06:16:51] MOTION_AUTHORITY state=target_rejected run_id=native-20260731-c8-full26 client=omen action=none detail=sequence=209_target_error_mm=50390_native_fallback=false
[Info   :ComfyNetworkSense] [07/31/2026 06:16:51] MOTION_AUTHORITY state=target_rejected run_id=native-20260731-c8-full26 client=omen action=none detail=sequence=209_target_error_mm=50393_native_fallback=false
[Info   :ComfyNetworkSense] [07/31/2026 06:16:51] MOTION_AUTHORITY state=target_rejected run_id=native-20260731-c8-full26 client=omen action=none detail=sequence=209_target_error_mm=50396_native_fallback=false
[Info   :ComfyNetworkSense] [07/31/2026 06:16:51] MOTION_AUTHORITY state=target_rejected run_id=native-20260731-c8-full26 client=omen action=none detail=sequence=209_target_error_mm=50399_native_fallback=false
[Info   :ComfyNetworkSense] [07/31/2026 06:16:51] MOTION_AUTHORITY state=target_rejected run_id=native-20260731-c8-full26 client=omen action=none detail=sequence=209_target_error_mm=50402_native_fallback=false
[Info   :ComfyNetworkSense] [07/31/2026 06:16:51] MOTION_AUTHORITY state=target_rejected run_id=native-20260731-c8-full26 client=omen action=none detail=sequence=209_target_error_mm=50405_native_fallback=false
[Info   :ComfyNetworkSense] [07/31/2026 06:16:51] MOTION_AUTHORITY state=target_rejected run_id=native-20260731-c8-full26 client=omen action=none detail=sequence=209_target_error_mm=50408_native_fallback=false
[Info   :ComfyNetworkSense] [07/31/2026 06:16:51] MOTION_AUTHORITY state=target_rejected run_id=native-20260731-c8-full26 client=omen action=none detail=sequence=209_target_error_mm=50411_native_fallback=false
[Info   :ComfyNetworkSense] [07/31/2026 06:16:51] MOTION_AUTHORITY state=target_rejected run_id=native-20260731-c8-full26 client=omen action=none detail=sequence=209_target_error_mm=50414_native_fallback=false
[Info   :ComfyNetworkSense] [07/31/2026 06:16:51] MOTION_AUTHORITY state=target_rejected run_id=native-20260731-c8-full26 client=omen action=none detail=sequence=210_target_error_mm=50403_native_fallback=false
[Info   :ComfyNetworkSense] [07/31/2026 06:16:51] MOTION_AUTHORITY state=target_rejected run_id=native-20260731-c8-full26 client=omen action=none detail=sequence=210_target_error_mm=50406_native_fallback=false
[Info   :ComfyNetworkSense] [07/31/2026 06:16:51] MOTION_AUTHORITY state=target_rejected run_id=native-20260731-c8-full26 client=omen action=none detail=sequence=210_target_error_mm=50409_native_fallback=false
[Info   :ComfyNetworkSense] [07/31/2026 06:16:51] MOTION_AUTHORITY state=target_rejected run_id=native-20260731-c8-full26 client=omen action=none detail=sequence=210_target_error_mm=50412_native_fallback=false
[Info   :ComfyNetworkSense] [07/31/2026 06:16:51] MOTION_AUTHORITY state=target_rejected run_id=native-20260731-c8-full26 client=omen action=none detail=sequence=210_target_error_mm=50415_native_fallback=false
[Info   :ComfyNetworkSense] [07/31/2026 06:16:51] MOTION_AUTHORITY state=target_rejected run_id=native-20260731-c8-full26 client=omen action=none detail=sequence=210_target_error_mm=50418_native_fallback=false
[Info   :ComfyNetworkSense] [07/31/2026 06:16:51] MOTION_AUTHORITY state=target_rejected run_id=native-20260731-c8-full26 client=omen action=none detail=sequence=210_target_error_mm=50421_native_fallback=false
[Info   :ComfyNetworkSense] [07/31/2026 06:16:51] MOTION_AUTHORITY state=target_rejected run_id=native-20260731-c8-full26 client=omen action=none detail=sequence=211_target_error_mm=50411_native_fallback=false
[Info   :ComfyNetworkSense] [07/31/2026 06:16:51] MOTION_AUTHORITY state=target_rejected run_id=native-20260731-c8-full26 client=omen action=none detail=sequence=211_target_error_mm=50414_native_fallback=false
[Info   :ComfyNetworkSense] [07/31/2026 06:16:51] MOTION_AUTHORITY state=target_rejected run_id=native-20260731-c8-full26 client=omen action=none detail=sequence=211_target_error_mm=50417_native_fallback=false
[Info   :ComfyNetworkSense] [07/31/2026 06:16:51] MOTION_AUTHORITY state=target_rejected run_id=native-20260731-c8-full26 client=omen action=none detail=sequence=211_target_error_mm=50420_native_fallback=false
[Info   :ComfyNetworkSense] [07/31/2026 06:16:51] MOTION_AUTHORITY state=target_rejected run_id=native-20260731-c8-full26 client=omen action=none detail=sequence=211_target_error_mm=50423_native_fallback=false
[Info   :ComfyNetworkSense] [07/31/2026 06:16:51] MOTION_AUTHORITY state=target_rejected run_id=native-20260731-c8-full26 client=omen action=none detail=sequence=211_target_error_mm=50426_native_fallback=false
[Info   :ComfyNetworkSense] [07/31/2026 06:16:51] MOTION_AUTHORITY state=target_rejected run_id=native-20260731-c8-full26 client=omen action=none detail=sequence=212_target_error_mm=50240_native_fallback=false
[Info   :ComfyNetworkSense] [07/31/2026 06:16:51] MOTION_AUTHORITY state=target_rejected run_id=native-20260731-c8-full26 client=omen action=none detail=sequence=212_target_error_mm=50243_native_fallback=false
[Info   :ComfyNetworkSense] [07/31/2026 06:16:51] MOTION_AUTHORITY state=target_rejected run_id=native-20260731-c8-full26 client=omen action=none detail=sequence=212_target_error_mm=50246_native_fallback=false
[Info   :ComfyNetworkSense] [07/31/2026 06:16:51] MOTION_AUTHORITY state=target_rejected run_id=native-20260731-c8-full26 client=omen action=none detail=sequence=212_target_error_mm=50249_native_fallback=false
[Info   :ComfyNetworkSense] [07/31/2026 06:16:51] MOTION_AUTHORITY state=target_rejected run_id=native-20260731-c8-full26 client=omen action=none detail=sequence=212_target_error_mm=50252_native_fallback=false
[Info   :ComfyNetworkSense] [07/31/2026 06:16:51] MOTION_AUTHORITY state=target_rejected run_id=native-20260731-c8-full26 client=omen action=none detail=sequence=212_target_error_mm=50255_native_fallback=false
[Info   :ComfyNetworkSense] [07/31/2026 06:16:51] MOTION_AUTHORITY state=target_rejected run_id=native-20260731-c8-full26 client=omen action=none detail=sequence=212_target_error_mm=50258_native_fallback=false
[Info   :ComfyNetworkSense] [07/31/2026 06:16:51] MOTION_AUTHORITY state=target_rejected run_id=native-20260731-c8-full26 client=omen action=none detail=sequence=213_target_error_mm=50427_native_fallback=false
[Info   :ComfyNetworkSense] [07/31/2026 06:16:51] MOTION_AUTHORITY state=target_rejected run_id=native-20260731-c8-full26 client=omen action=none detail=sequence=213_target_error_mm=50430_native_fallback=false
[Info   :ComfyNetworkSense] [07/31/2026 06:16:51] MOTION_AUTHORITY state=target_rejected run_id=native-20260731-c8-full26 client=omen action=none detail=sequence=213_target_error_mm=50433_native_fallback=false
[Info   :ComfyNetworkSense] [07/31/2026 06:16:51] MOTION_AUTHORITY state=target_rejected run_id=native-20260731-c8-full26 client=omen action=none detail=sequence=213_target_error_mm=50436_native_fallback=false
[Info   :ComfyNetworkSense] [07/31/2026 06:16:51] MOTION_AUTHORITY state=target_rejected run_id=native-20260731-c8-full26 client=omen action=none detail=sequence=213_target_error_mm=50439_native_fallback=false
[Info   :ComfyNetworkSense] [07/31/2026 06:16:51] MOTION_AUTHORITY state=target_rejected run_id=native-20260731-c8-full26 client=omen action=none detail=sequence=213_target_error_mm=50443_native_fallback=false
[Info   :ComfyNetworkSense] [07/31/2026 06:16:51] MOTION_AUTHORITY state=target_rejected run_id=native-20260731-c8-full26 client=omen action=none detail=sequence=214_target_error_mm=50434_native_fallback=false
[Info   :ComfyNetworkSense] [07/31/2026 06:16:51] MOTION_AUTHORITY state=target_rejected run_id=native-20260731-c8-full26 client=omen action=none detail=sequence=214_target_error_mm=50437_native_fallback=false
[Info   :ComfyNetworkSense] [07/31/2026 06:16:51] MOTION_AUTHORITY state=target_rejected run_id=native-20260731-c8-full26 client=omen action=none detail=sequence=214_target_error_mm=50440_native_fallback=false
[Info   :ComfyNetworkSense] [07/31/2026 06:16:51] MOTION_AUTHORITY state=target_rejected run_id=native-20260731-c8-full26 client=omen action=none detail=sequence=214_target_error_mm=50443_native_fallback=false
[Info   :ComfyNetworkSense] [07/31/2026 06:16:51] MOTION_AUTHORITY state=target_rejected run_id=native-20260731-c8-full26 client=omen action=none detail=sequence=214_target_error_mm=50446_native_fallback=false
[Info   :ComfyNetworkSense] [07/31/2026 06:16:51] MOTION_AUTHORITY state=target_rejected run_id=native-20260731-c8-full26 client=omen action=none detail=sequence=214_target_error_mm=50449_native_fallback=false
[Info   :ComfyNetworkSense] [07/31/2026 06:16:51] MOTION_AUTHORITY state=target_rejected run_id=native-20260731-c8-full26 client=omen action=none detail=sequence=214_target_error_mm=50452_native_fallback=false
[Info   :ComfyNetworkSense] [07/31/2026 06:16:51] MOTION_AUTHORITY state=target_rejected run_id=native-20260731-c8-full26 client=omen action=none detail=sequence=215_target_error_mm=50444_native_fallback=false
[Info   :ComfyNetworkSense] [07/31/2026 06:16:51] MOTION_AUTHORITY state=target_rejected run_id=native-20260731-c8-full26 client=omen action=none detail=sequence=215_target_error_mm=50447_native_fallback=false
[Info   :ComfyNetworkSense] [07/31/2026 06:16:51] MOTION_AUTHORITY state=target_rejected run_id=native-20260731-c8-full26 client=omen action=none detail=sequence=215_target_error_mm=50450_native_fallback=false
[Info   :ComfyNetworkSense] [07/31/2026 06:16:51] MOTION_AUTHORITY state=target_rejected run_id=native-20260731-c8-full26 client=omen action=none detail=sequence=215_target_error_mm=50453_native_fallback=false
[Info   :ComfyNetworkSense] [07/31/2026 06:16:51] MOTION_AUTHORITY state=target_rejected run_id=native-20260731-c8-full26 client=omen action=none detail=sequence=215_target_error_mm=50456_native_fallback=false
[Info   :ComfyNetworkSense] [07/31/2026 06:16:51] MOTION_AUTHORITY state=target_rejected run_id=native-20260731-c8-full26 client=omen action=none detail=sequence=215_target_error_mm=50459_native_fallback=false
[Info   :ComfyNetworkSense] [07/31/2026 06:16:51] MOTION_AUTHORITY state=target_rejected run_id=native-20260731-c8-full26 client=omen action=none detail=sequence=215_target_error_mm=50462_native_fallback=false
[Info   :ComfyNetworkSense] [07/31/2026 06:16:51] MOTION_AUTHORITY state=target_rejected run_id=native-20260731-c8-full26 client=omen action=none detail=sequence=216_target_error_mm=50426_native_fallback=false
[Info   :ComfyNetworkSense] [07/31/2026 06:16:51] MOTION_AUTHORITY state=target_rejected run_id=native-20260731-c8-full26 client=omen action=none detail=sequence=216_target_error_mm=50429_native_fallback=false
[Info   :ComfyNetworkSense] [07/31/2026 06:16:51] MOTION_AUTHORITY state=target_rejected run_id=native-20260731-c8-full26 client=omen action=none detail=sequence=216_target_error_mm=50432_native_fallback=false
[Info   :ComfyNetworkSense] [07/31/2026 06:16:51] MOTION_AUTHORITY state=target_rejected run_id=native-20260731-c8-full26 client=omen action=none detail=sequence=216_target_error_mm=50435_native_fallback=false
[Info   :ComfyNetworkSense] [07/31/2026 06:16:51] MOTION_AUTHORITY state=target_rejected run_id=native-20260731-c8-full26 client=omen action=none detail=sequence=216_target_error_mm=50438_native_fallback=false
[Info   :ComfyNetworkSense] [07/31/2026 06:16:51] MOTION_AUTHORITY state=target_rejected run_id=native-20260731-c8-full26 client=omen action=none detail=sequence=216_target_error_mm=50441_native_fallback=false
[Info   :ComfyNetworkSense] [07/31/2026 06:16:51] MOTION_AUTHORITY state=target_rejected run_id=native-20260731-c8-full26 client=omen action=none detail=sequence=216_target_error_mm=50444_native_fallback=false
[Info   :ComfyNetworkSense] [07/31/2026 06:16:51] MOTION_AUTHORITY state=target_rejected run_id=native-20260731-c8-full26 client=omen action=none detail=sequence=216_target_error_mm=50446_native_fallback=false
[Info   :ComfyNetworkSense] [07/31/2026 06:16:51] MOTION_AUTHORITY state=target_rejected run_id=native-20260731-c8-full26 client=omen action=none detail=sequence=217_target_error_mm=50465_native_fallback=false
[Info   :ComfyNetworkSense] [07/31/2026 06:16:51] MOTION_AUTHORITY state=target_rejected run_id=native-20260731-c8-full26 client=omen action=none detail=sequence=217_target_error_mm=50468_native_fallback=false
[Info   :ComfyNetworkSense] [07/31/2026 06:16:51] MOTION_AUTHORITY state=target_rejected run_id=native-20260731-c8-full26 client=omen action=none detail=sequence=217_target_error_mm=50471_native_fallback=false
[Info   :ComfyNetworkSense] [07/31/2026 06:16:51] MOTION_AUTHORITY state=target_rejected run_id=native-20260731-c8-full26 client=omen action=none detail=sequence=217_target_error_mm=50474_native_fallback=false
[Info   :ComfyNetworkSense] [07/31/2026 06:16:51] MOTION_AUTHORITY state=target_rejected run_id=native-20260731-c8-full26 client=omen action=none detail=sequence=217_target_error_mm=50477_native_fallback=false
[Info   :ComfyNetworkSense] [07/31/2026 06:16:51] MOTION_AUTHORITY state=target_rejected run_id=native-20260731-c8-full26 client=omen action=none detail=sequence=217_target_error_mm=50480_native_fallback=false
[Info   :ComfyNetworkSense] [07/31/2026 06:16:51] MOTION_AUTHORITY state=target_rejected run_id=native-20260731-c8-full26 client=omen action=none detail=sequence=217_target_error_mm=50483_native_fallback=false
[Info   :ComfyNetworkSense] [07/31/2026 06:16:51] MOTION_AUTHORITY state=target_rejected run_id=native-20260731-c8-full26 client=omen action=none detail=sequence=218_target_error_mm=50476_native_fallback=false
[Info   :ComfyNetworkSense] [07/31/2026 06:16:51] MOTION_AUTHORITY state=target_rejected run_id=native-20260731-c8-full26 client=omen action=none detail=sequence=218_target_error_mm=50479_native_fallback=false
[Info   :ComfyNetworkSense] [07/31/2026 06:16:51] MOTION_AUTHORITY state=target_rejected run_id=native-20260731-c8-full26 client=omen action=none detail=sequence=218_target_error_mm=50482_native_fallback=false
[Info   :ComfyNetworkSense] [07/31/2026 06:16:51] MOTION_AUTHORITY state=target_rejected run_id=native-20260731-c8-full26 client=omen action=none detail=sequence=218_target_error_mm=50485_native_fallback=false
[Info   :ComfyNetworkSense] [07/31/2026 06:16:51] MOTION_AUTHORITY state=target_rejected run_id=native-20260731-c8-full26 client=omen action=none detail=sequence=218_target_error_mm=50488_native_fallback=false
[Info   :ComfyNetworkSense] [07/31/2026 06:16:51] MOTION_AUTHORITY state=target_rejected run_id=native-20260731-c8-full26 client=omen action=none detail=sequence=218_target_error_mm=50491_native_fallback=false
[Info   :ComfyNetworkSense] [07/31/2026 06:16:51] MOTION_AUTHORITY state=target_rejected run_id=native-20260731-c8-full26 client=omen action=none detail=sequence=219_target_error_mm=50416_native_fallback=false
[Info   :ComfyNetworkSense] [07/31/2026 06:16:51] MOTION_AUTHORITY state=target_rejected run_id=native-20260731-c8-full26 client=omen action=none detail=sequence=219_target_error_mm=50419_native_fallback=false
[Info   :ComfyNetworkSense] [07/31/2026 06:16:51] MOTION_AUTHORITY state=target_rejected run_id=native-20260731-c8-full26 client=omen action=none detail=sequence=219_target_error_mm=50422_native_fallback=false
[Info   :ComfyNetworkSense] [07/31/2026 06:16:51] MOTION_AUTHORITY state=target_rejected run_id=native-20260731-c8-full26 client=omen action=none detail=sequence=219_target_error_mm=50425_native_fallback=false
[Info   :ComfyNetworkSense] [07/31/2026 06:16:51] MOTION_AUTHORITY state=target_rejected run_id=native-20260731-c8-full26 client=omen action=none detail=sequence=219_target_error_mm=50428_native_fallback=false
[Info   :ComfyNetworkSense] [07/31/2026 06:16:51] MOTION_AUTHORITY state=target_rejected run_id=native-20260731-c8-full26 client=omen action=none detail=sequence=219_target_error_mm=50431_native_fallback=false
[Info   :ComfyNetworkSense] [07/31/2026 06:16:51] MOTION_AUTHORITY state=target_rejected run_id=native-20260731-c8-full26 client=omen action=none detail=sequence=219_target_error_mm=50434_native_fallback=false
[Info   :ComfyNetworkSense] [07/31/2026 06:16:51] MOTION_AUTHORITY state=target_rejected run_id=native-20260731-c8-full26 client=omen action=none detail=sequence=220_target_error_mm=50495_native_fallback=false
[Info   :ComfyNetworkSense] [07/31/2026 06:16:51] MOTION_AUTHORITY state=target_rejected run_id=native-20260731-c8-full26 client=omen action=none detail=sequence=220_target_error_mm=50498_native_fallback=false
[Info   :ComfyNetworkSense] [07/31/2026 06:16:51] MOTION_AUTHORITY state=target_rejected run_id=native-20260731-c8-full26 client=omen action=none detail=sequence=220_target_error_mm=50501_native_fallback=false
[Info   :ComfyNetworkSense] [07/31/2026 06:16:51] MOTION_AUTHORITY state=target_rejected run_id=native-20260731-c8-full26 client=omen action=none detail=sequence=220_target_error_mm=50504_native_fallback=false
[Info   :ComfyNetworkSense] [07/31/2026 06:16:51] MOTION_AUTHORITY state=target_rejected run_id=native-20260731-c8-full26 client=omen action=none detail=sequence=220_target_error_mm=50507_native_fallback=false
[Info   :ComfyNetworkSense] [07/31/2026 06:16:51] MOTION_AUTHORITY state=target_rejected run_id=native-20260731-c8-full26 client=omen action=none detail=sequence=220_target_error_mm=50510_native_fallback=false
[Info   :ComfyNetworkSense] [07/31/2026 06:16:51] MOTION_AUTHORITY state=target_rejected run_id=native-20260731-c8-full26 client=omen action=none detail=sequence=220_target_error_mm=50513_native_fallback=false
[Info   :ComfyNetworkSense] [07/31/2026 06:16:51] MOTION_AUTHORITY state=target_rejected run_id=native-20260731-c8-full26 client=omen action=none detail=sequence=220_target_error_mm=50516_native_fallback=false
[Info   :ComfyNetworkSense] [07/31/2026 06:16:51] MOTION_AUTHORITY state=target_rejected run_id=native-20260731-c8-full26 client=omen action=none detail=sequence=221_target_error_mm=50509_native_fallback=false
[Info   :ComfyNetworkSense] [07/31/2026 06:16:52] MOTION_AUTHORITY state=target_rejected run_id=native-20260731-c8-full26 client=omen action=none detail=sequence=221_target_error_mm=50512_native_fallback=false
[Info   :ComfyNetworkSense] [07/31/2026 06:16:52] MOTION_AUTHORITY state=target_rejected run_id=native-20260731-c8-full26 client=omen action=none detail=sequence=221_target_error_mm=50515_native_fallback=false
[Info   :ComfyNetworkSense] [07/31/2026 06:16:52] MOTION_AUTHORITY state=target_rejected run_id=native-20260731-c8-full26 client=omen action=none detail=sequence=221_target_error_mm=50518_native_fallback=false
[Info   :ComfyNetworkSense] [07/31/2026 06:16:52] MOTION_AUTHORITY state=target_rejected run_id=native-20260731-c8-full26 client=omen action=none detail=sequence=221_target_error_mm=50521_native_fallback=false
[Info   :ComfyNetworkSense] [07/31/2026 06:16:52] MOTION_AUTHORITY state=target_rejected run_id=native-20260731-c8-full26 client=omen action=none detail=sequence=221_target_error_mm=50524_native_fallback=false
[Info   :ComfyNetworkSense] [07/31/2026 06:16:52] MOTION_AUTHORITY state=target_rejected run_id=native-20260731-c8-full26 client=omen action=none detail=sequence=221_target_error_mm=50527_native_fallback=false
[Info   :ComfyNetworkSense] [07/31/2026 06:16:52] MOTION_AUTHORITY state=target_rejected run_id=native-20260731-c8-full26 client=omen action=none detail=sequence=222_target_error_mm=50392_native_fallback=false
[Info   :ComfyNetworkSense] [07/31/2026 06:16:52] MOTION_AUTHORITY state=target_rejected run_id=native-20260731-c8-full26 client=omen action=none detail=sequence=222_target_error_mm=50395_native_fallback=false
[Info   :ComfyNetworkSense] [07/31/2026 06:16:52] MOTION_AUTHORITY state=target_rejected run_id=native-20260731-c8-full26 client=omen action=none detail=sequence=222_target_error_mm=50398_native_fallback=false
[Info   :ComfyNetworkSense] [07/31/2026 06:16:52] MOTION_AUTHORITY state=target_rejected run_id=native-20260731-c8-full26 client=omen action=none detail=sequence=222_target_error_mm=50401_native_fallback=false
[Info   :ComfyNetworkSense] [07/31/2026 06:16:52] MOTION_AUTHORITY state=target_rejected run_id=native-20260731-c8-full26 client=omen action=none detail=sequence=222_target_error_mm=50404_native_fallback=false
[Info   :ComfyNetworkSense] [07/31/2026 06:16:52] MOTION_AUTHORITY state=target_rejected run_id=native-20260731-c8-full26 client=omen action=none detail=sequence=222_target_error_mm=50407_native_fallback=false
[Info   :ComfyNetworkSense] [07/31/2026 06:16:52] MOTION_AUTHORITY state=target_rejected run_id=native-20260731-c8-full26 client=omen action=none detail=sequence=222_target_error_mm=50410_native_fallback=false
[Info   :ComfyNetworkSense] [07/31/2026 06:16:52] MOTION_AUTHORITY state=target_rejected run_id=native-20260731-c8-full26 client=omen action=none detail=sequence=222_target_error_mm=50413_native_fallback=false
[Info   :ComfyNetworkSense] [07/31/2026 06:16:52] MOTION_AUTHORITY state=target_rejected run_id=native-20260731-c8-full26 client=omen action=none detail=sequence=223_target_error_mm=50535_native_fallback=false
[Info   :ComfyNetworkSense] [07/31/2026 06:16:52] MOTION_AUTHORITY state=target_rejected run_id=native-20260731-c8-full26 client=omen action=none detail=sequence=223_target_error_mm=50538_native_fallback=false
[Info   :ComfyNetworkSense] [07/31/2026 06:16:52] MOTION_AUTHORITY state=target_rejected run_id=native-20260731-c8-full26 client=omen action=none detail=sequence=223_target_error_mm=50541_native_fallback=false
[Info   :ComfyNetworkSense] [07/31/2026 06:16:52] MOTION_AUTHORITY state=target_rejected run_id=native-20260731-c8-full26 client=omen action=none detail=sequence=223_target_error_mm=50544_native_fallback=false
[Info   :ComfyNetworkSense] [07/31/2026 06:16:52] MOTION_AUTHORITY state=target_rejected run_id=native-20260731-c8-full26 client=omen action=none detail=sequence=223_target_error_mm=50547_native_fallback=false
[Info   :ComfyNetworkSense] [07/31/2026 06:16:52] MOTION_AUTHORITY state=target_rejected run_id=native-20260731-c8-full26 client=omen action=none detail=sequence=223_target_error_mm=50550_native_fallback=false
[Info   :ComfyNetworkSense] [07/31/2026 06:16:52] MOTION_AUTHORITY state=target_rejected run_id=native-20260731-c8-full26 client=omen action=none detail=sequence=223_target_error_mm=50553_native_fallback=false
[Info   :ComfyNetworkSense] [07/31/2026 06:16:52] MOTION_AUTHORITY state=target_rejected run_id=native-20260731-c8-full26 client=omen action=none detail=sequence=224_target_error_mm=50546_native_fallback=false
[Info   :ComfyNetworkSense] [07/31/2026 06:16:52] MOTION_AUTHORITY state=target_rejected run_id=native-20260731-c8-full26 client=omen action=none detail=sequence=224_target_error_mm=50549_native_fallback=false
[Info   :ComfyNetworkSense] [07/31/2026 06:16:52] MOTION_AUTHORITY state=target_rejected run_id=native-20260731-c8-full26 client=omen action=none detail=sequence=224_target_error_mm=50552_native_fallback=false
[Info   :ComfyNetworkSense] [07/31/2026 06:16:52] MOTION_AUTHORITY state=target_rejected run_id=native-20260731-c8-full26 client=omen action=none detail=sequence=224_target_error_mm=50555_native_fallback=false
[Info   :ComfyNetworkSense] [07/31/2026 06:16:52] MOTION_AUTHORITY state=target_rejected run_id=native-20260731-c8-full26 client=omen action=none detail=sequence=224_target_error_mm=50558_native_fallback=false
[Info   :ComfyNetworkSense] [07/31/2026 06:16:52] MOTION_AUTHORITY state=target_rejected run_id=native-20260731-c8-full26 client=omen action=none detail=sequence=224_target_error_mm=50561_native_fallback=false
[Info   :ComfyNetworkSense] [07/31/2026 06:16:52] MOTION_AUTHORITY state=target_rejected run_id=native-20260731-c8-full26 client=omen action=none detail=sequence=224_target_error_mm=50564_native_fallback=false
[Info   :ComfyNetworkSense] [07/31/2026 06:16:52] MOTION_AUTHORITY state=target_rejected run_id=native-20260731-c8-full26 client=omen action=none detail=sequence=225_target_error_mm=50557_native_fallback=false
[Info   :ComfyNetworkSense] [07/31/2026 06:16:52] MOTION_AUTHORITY state=target_rejected run_id=native-20260731-c8-full26 client=omen action=none detail=sequence=225_target_error_mm=50560_native_fallback=false
[Info   :ComfyNetworkSense] [07/31/2026 06:16:52] MOTION_AUTHORITY state=target_rejected run_id=native-20260731-c8-full26 client=omen action=none detail=sequence=225_target_error_mm=50563_native_fallback=false
[Info   :ComfyNetworkSense] [07/31/2026 06:16:52] MOTION_AUTHORITY state=target_rejected run_id=native-20260731-c8-full26 client=omen action=none detail=sequence=225_target_error_mm=50566_native_fallback=false
[Info   :ComfyNetworkSense] [07/31/2026 06:16:52] MOTION_AUTHORITY state=target_rejected run_id=native-20260731-c8-full26 client=omen action=none detail=sequence=225_target_error_mm=50569_native_fallback=false
[Info   :ComfyNetworkSense] [07/31/2026 06:16:52] MOTION_AUTHORITY state=target_rejected run_id=native-20260731-c8-full26 client=omen action=none detail=sequence=225_target_error_mm=50572_native_fallback=false
[Info   :ComfyNetworkSense] [07/31/2026 06:16:52] MOTION_AUTHORITY state=target_rejected run_id=native-20260731-c8-full26 client=omen action=none detail=sequence=225_target_error_mm=50575_native_fallback=false
[Info   :ComfyNetworkSense] [07/31/2026 06:16:52] MOTION_AUTHORITY state=target_rejected run_id=native-20260731-c8-full26 client=omen action=none detail=sequence=226_target_error_mm=50531_native_fallback=false
[Info   :ComfyNetworkSense] [07/31/2026 06:16:52] MOTION_AUTHORITY state=target_rejected run_id=native-20260731-c8-full26 client=omen action=none detail=sequence=226_target_error_mm=50534_native_fallback=false
[Info   :ComfyNetworkSense] [07/31/2026 06:16:52] MOTION_AUTHORITY state=target_rejected run_id=native-20260731-c8-full26 client=omen action=none detail=sequence=226_target_error_mm=50537_native_fallback=false
[Info   :ComfyNetworkSense] [07/31/2026 06:16:52] MOTION_AUTHORITY state=target_rejected run_id=native-20260731-c8-full26 client=omen action=none detail=sequence=226_target_error_mm=50540_native_fallback=false
[Info   :ComfyNetworkSense] [07/31/2026 06:16:52] MOTION_AUTHORITY state=target_rejected run_id=native-20260731-c8-full26 client=omen action=none detail=sequence=226_target_error_mm=50543_native_fallback=false
[Info   :ComfyNetworkSense] [07/31/2026 06:16:52] MOTION_AUTHORITY state=target_rejected run_id=native-20260731-c8-full26 client=omen action=none detail=sequence=226_target_error_mm=50546_native_fallback=false
[Info   :ComfyNetworkSense] [07/31/2026 06:16:52] MOTION_AUTHORITY state=target_rejected run_id=native-20260731-c8-full26 client=omen action=none detail=sequence=226_target_error_mm=50549_native_fallback=false
[Info   :ComfyNetworkSense] [07/31/2026 06:16:52] MOTION_AUTHORITY state=target_rejected run_id=native-20260731-c8-full26 client=omen action=none detail=sequence=227_target_error_mm=50584_native_fallback=false
[Info   :ComfyNetworkSense] [07/31/2026 06:16:52] MOTION_AUTHORITY state=target_rejected run_id=native-20260731-c8-full26 client=omen action=none detail=sequence=227_target_error_mm=50587_native_fallback=false
[Info   :ComfyNetworkSense] [07/31/2026 06:16:52] MOTION_AUTHORITY state=target_rejected run_id=native-20260731-c8-full26 client=omen action=none detail=sequence=227_target_error_mm=50590_native_fallback=false
[Info   :ComfyNetworkSense] [07/31/2026 06:16:52] MOTION_AUTHORITY state=target_rejected run_id=native-20260731-c8-full26 client=omen action=none detail=sequence=227_target_error_mm=50593_native_fallback=false
[Info   :ComfyNetworkSense] [07/31/2026 06:16:52] MOTION_AUTHORITY state=target_rejected run_id=native-20260731-c8-full26 client=omen action=none detail=sequence=227_target_error_mm=50596_native_fallback=false
[Info   :ComfyNetworkSense] [07/31/2026 06:16:52] MOTION_AUTHORITY state=target_rejected run_id=native-20260731-c8-full26 client=omen action=none detail=sequence=227_target_error_mm=50599_native_fallback=false
[Info   :ComfyNetworkSense] [07/31/2026 06:16:52] MOTION_AUTHORITY state=target_rejected run_id=native-20260731-c8-full26 client=omen action=none detail=sequence=227_target_error_mm=50602_native_fallback=false
[Info   :ComfyNetworkSense] [07/31/2026 06:16:52] MOTION_AUTHORITY state=target_rejected run_id=native-20260731-c8-full26 client=omen action=none detail=sequence=227_target_error_mm=50605_native_fallback=false
[Info   :ComfyNetworkSense] [07/31/2026 06:16:52] MOTION_AUTHORITY state=target_rejected run_id=native-20260731-c8-full26 client=omen action=none detail=sequence=228_target_error_mm=47867_native_fallback=false
[Info   :ComfyNetworkSense] [07/31/2026 06:16:52] MOTION_AUTHORITY state=target_rejected run_id=native-20260731-c8-full26 client=omen action=none detail=sequence=228_target_error_mm=47870_native_fallback=false
[Info   :ComfyNetworkSense] [07/31/2026 06:16:52] MOTION_AUTHORITY state=target_rejected run_id=native-20260731-c8-full26 client=omen action=none detail=sequence=228_target_error_mm=47873_native_fallback=false
[Info   :ComfyNetworkSense] [07/31/2026 06:16:52] MOTION_AUTHORITY state=target_rejected run_id=native-20260731-c8-full26 client=omen action=none detail=sequence=228_target_error_mm=47876_native_fallback=false
[Info   :ComfyNetworkSense] [07/31/2026 06:16:52] MOTION_AUTHORITY state=target_rejected run_id=native-20260731-c8-full26 client=omen action=none detail=sequence=228_target_error_mm=47879_native_fallback=false
[Info   :ComfyNetworkSense] [07/31/2026 06:16:52] MOTION_AUTHORITY state=target_rejected run_id=native-20260731-c8-full26 client=omen action=none detail=sequence=228_target_error_mm=47882_native_fallback=false
[Info   :ComfyNetworkSense] [07/31/2026 06:16:52] MOTION_AUTHORITY state=target_rejected run_id=native-20260731-c8-full26 client=omen action=none detail=sequence=229_target_error_mm=44687_native_fallback=false
[Info   :ComfyNetworkSense] [07/31/2026 06:16:52] MOTION_AUTHORITY state=target_rejected run_id=native-20260731-c8-full26 client=omen action=none detail=sequence=229_target_error_mm=44690_native_fallback=false
[Info   :ComfyNetworkSense] [07/31/2026 06:16:52] MOTION_AUTHORITY state=target_rejected run_id=native-20260731-c8-full26 client=omen action=none detail=sequence=229_target_error_mm=44693_native_fallback=false
[Info   :ComfyNetworkSense] [07/31/2026 06:16:52] MOTION_AUTHORITY state=target_rejected run_id=native-20260731-c8-full26 client=omen action=none detail=sequence=229_target_error_mm=44696_native_fallback=false
[Info   :ComfyNetworkSense] [07/31/2026 06:16:52] MOTION_AUTHORITY state=target_rejected run_id=native-20260731-c8-full26 client=omen action=none detail=sequence=229_target_error_mm=44699_native_fallback=false
[Info   :ComfyNetworkSense] [07/31/2026 06:16:52] MOTION_AUTHORITY state=target_rejected run_id=native-20260731-c8-full26 client=omen action=none detail=sequence=229_target_error_mm=44702_native_fallback=false
[Info   :ComfyNetworkSense] [07/31/2026 06:16:52] MOTION_AUTHORITY state=target_rejected run_id=native-20260731-c8-full26 client=omen action=none detail=sequence=229_target_error_mm=44705_native_fallback=false
[Info   :ComfyNetworkSense] [07/31/2026 06:16:52] MOTION_AUTHORITY state=target_rejected run_id=native-20260731-c8-full26 client=omen action=none detail=sequence=230_target_error_mm=41024_native_fallback=false
[Info   :ComfyNetworkSense] [07/31/2026 06:16:52] MOTION_AUTHORITY state=target_rejected run_id=native-20260731-c8-full26 client=omen action=none detail=sequence=230_target_error_mm=41027_native_fallback=false
[Info   :ComfyNetworkSense] [07/31/2026 06:16:52] MOTION_AUTHORITY state=target_rejected run_id=native-20260731-c8-full26 client=omen action=none detail=sequence=230_target_error_mm=41030_native_fallback=false
[Info   :ComfyNetworkSense] [07/31/2026 06:16:52] MOTION_AUTHORITY state=target_rejected run_id=native-20260731-c8-full26 client=omen action=none detail=sequence=230_target_error_mm=41033_native_fallback=false
[Info   :ComfyNetworkSense] [07/31/2026 06:16:52] MOTION_AUTHORITY state=target_rejected run_id=native-20260731-c8-full26 client=omen action=none detail=sequence=230_target_error_mm=41036_native_fallback=false
[Info   :ComfyNetworkSense] [07/31/2026 06:16:52] MOTION_AUTHORITY state=target_rejected run_id=native-20260731-c8-full26 client=omen action=none detail=sequence=230_target_error_mm=41039_native_fallback=false
[Info   :ComfyNetworkSense] [07/31/2026 06:16:52] MOTION_AUTHORITY state=target_rejected run_id=native-20260731-c8-full26 client=omen action=none detail=sequence=230_target_error_mm=41042_native_fallback=false
[Info   :ComfyNetworkSense] [07/31/2026 06:16:52] MOTION_AUTHORITY state=target_rejected run_id=native-20260731-c8-full26 client=omen action=none detail=sequence=230_target_error_mm=41045_native_fallback=false
[Warning:ComfyNetworkSense] [07/31/2026 06:16:52] Authoritative consumer poll failed: TimeoutException: connect timeout to 8.231.129.249:42317
[Info   :ComfyNetworkSense] [07/31/2026 06:16:52] MOTION_AUTHORITY state=target_rejected run_id=native-20260731-c8-full26 client=omen action=none detail=sequence=231_target_error_mm=37725_native_fallback=false
[Info   :ComfyNetworkSense] [07/31/2026 06:16:52] MOTION_AUTHORITY state=target_rejected run_id=native-20260731-c8-full26 client=omen action=none detail=sequence=231_target_error_mm=37728_native_fallback=false
[Info   :ComfyNetworkSense] [07/31/2026 06:16:52] MOTION_AUTHORITY state=target_rejected run_id=native-20260731-c8-full26 client=omen action=none detail=sequence=231_target_error_mm=37731_native_fallback=false
[Info   :ComfyNetworkSense] [07/31/2026 06:16:52] MOTION_AUTHORITY state=target_rejected run_id=native-20260731-c8-full26 client=omen action=none detail=sequence=231_target_error_mm=37734_native_fallback=false
[Info   :ComfyNetworkSense] [07/31/2026 06:16:52] MOTION_AUTHORITY state=target_rejected run_id=native-20260731-c8-full26 client=omen action=none detail=sequence=231_target_error_mm=37737_native_fallback=false
[Info   :ComfyNetworkSense] [07/31/2026 06:16:52] MOTION_AUTHORITY state=target_rejected run_id=native-20260731-c8-full26 client=omen action=none detail=sequence=231_target_error_mm=37740_native_fallback=false
[Info   :ComfyNetworkSense] [07/31/2026 06:16:52] MOTION_AUTHORITY state=target_rejected run_id=native-20260731-c8-full26 client=omen action=none detail=sequence=231_target_error_mm=37743_native_fallback=false
[Info   :ComfyNetworkSense] [07/31/2026 06:16:52] MOTION_AUTHORITY state=target_rejected run_id=native-20260731-c8-full26 client=omen action=none detail=sequence=232_target_error_mm=34407_native_fallback=false
[Info   :ComfyNetworkSense] [07/31/2026 06:16:52] MOTION_AUTHORITY state=target_rejected run_id=native-20260731-c8-full26 client=omen action=none detail=sequence=232_target_error_mm=34410_native_fallback=false
[Info   :ComfyNetworkSense] [07/31/2026 06:16:52] MOTION_AUTHORITY state=target_rejected run_id=native-20260731-c8-full26 client=omen action=none detail=sequence=232_target_error_mm=34413_native_fallback=false
[Info   :ComfyNetworkSense] [07/31/2026 06:16:52] MOTION_AUTHORITY state=target_rejected run_id=native-20260731-c8-full26 client=omen action=none detail=sequence=232_target_error_mm=34416_native_fallback=false
[Info   :ComfyNetworkSense] [07/31/2026 06:16:52] MOTION_AUTHORITY state=target_rejected run_id=native-20260731-c8-full26 client=omen action=none detail=sequence=232_target_error_mm=34419_native_fallback=false
[Info   :ComfyNetworkSense] [07/31/2026 06:16:52] MOTION_AUTHORITY state=target_rejected run_id=native-20260731-c8-full26 client=omen action=none detail=sequence=232_target_error_mm=34422_native_fallback=false
[Info   :ComfyNetworkSense] [07/31/2026 06:16:52] MOTION_AUTHORITY state=target_rejected run_id=native-20260731-c8-full26 client=omen action=none detail=sequence=232_target_error_mm=34425_native_fallback=false
[Info   :ComfyNetworkSense] [07/31/2026 06:16:52] MOTION_AUTHORITY state=target_rejected run_id=native-20260731-c8-full26 client=omen action=none detail=sequence=233_target_error_mm=31093_native_fallback=false
[Info   :ComfyNetworkSense] [07/31/2026 06:16:52] MOTION_AUTHORITY state=target_rejected run_id=native-20260731-c8-full26 client=omen action=none detail=sequence=233_target_error_mm=31096_native_fallback=false
[Info   :ComfyNetworkSense] [07/31/2026 06:16:52] MOTION_AUTHORITY state=target_rejected run_id=native-20260731-c8-full26 client=omen action=none detail=sequence=233_target_error_mm=31099_native_fallback=false
[Info   :ComfyNetworkSense] [07/31/2026 06:16:52] MOTION_AUTHORITY state=target_rejected run_id=native-20260731-c8-full26 client=omen action=none detail=sequence=233_target_error_mm=31102_native_fallback=false
[Info   :ComfyNetworkSense] [07/31/2026 06:16:52] MOTION_AUTHORITY state=target_rejected run_id=native-20260731-c8-full26 client=omen action=none detail=sequence=233_target_error_mm=31105_native_fallback=false
[Info   :ComfyNetworkSense] [07/31/2026 06:16:52] MOTION_AUTHORITY state=target_rejected run_id=native-20260731-c8-full26 client=omen action=none detail=sequence=233_target_error_mm=31108_native_fallback=false
[Info   :ComfyNetworkSense] [07/31/2026 06:16:53] CUTOVER_SCENARIO state=completed run_id=native-20260731-c8-full26 client=omen action=omen-c8-rendezvous-settle detail=wait_elapsed
[Info   :ComfyNetworkSense] [07/31/2026 06:16:53] CUTOVER_SCENARIO state=action_started run_id=native-20260731-c8-full26 client=omen action=omen-c8-rendezvous-ready detail=kind=wait
[Info   :ComfyNetworkSense] [07/31/2026 06:16:56] CUTOVER_SCENARIO state=completed run_id=native-20260731-c8-full26 client=omen action=omen-c8-rendezvous-ready detail=wait_elapsed
[Info   :ComfyNetworkSense] [07/31/2026 06:16:56] CUTOVER_SCENARIO state=action_started run_id=native-20260731-c8-full26 client=omen action=omen-c8-motion-drive-one detail=kind=motion_drive
[Info   :ComfyNetworkSense] [07/31/2026 06:16:56] MOTION_AUTHORITY state=probe_started run_id=native-20260731-c8-full26 client=omen action=omen-c8-motion-drive-one detail=mode=drive_correlation_id=c8-omen-to-i5_connection_id=d23547c316aa429fa35ae0a407ad978e_logical_peer_id=lp_c63184ad7fe2fd0616f8f0cd84f7c6150d9687b039d568454b911e5f7dd544f1
[Info   :ComfyNetworkSense] [07/31/2026 06:16:59] MOTION_AUTHORITY state=native_transform_writer_suppressed run_id=native-20260731-c8-full26 client=omen action=omen-c8-motion-drive-one detail=count=2048_writer=ZSyncTransform.CustomFixedUpdate
[Info   :ComfyNetworkSense] [07/31/2026 06:17:02] MOTION_AUTHORITY state=motion_frame_sent run_id=native-20260731-c8-full26 client=omen action=omen-c8-motion-drive-one detail=sequence=512_transport=udp_connection_id=d23547c316aa429fa35ae0a407ad978e
[Info   :ComfyNetworkSense] [07/31/2026 06:17:02] MOTION_AUTHORITY state=probe_passed run_id=native-20260731-c8-full26 client=omen action=omen-c8-motion-drive-one detail=numbered_motion_sent_sent=114_received=100_applied=796_native_writer_suppressed=600_native_position_masked=0_holds=0_gaps=0_resync_applied=0_failures=0_gap_dropped=0
[Info   :ComfyNetworkSense] [07/31/2026 06:17:02] CUTOVER_SCENARIO state=completed run_id=native-20260731-c8-full26 client=omen action=omen-c8-motion-drive-one detail=numbered_motion_sent_sent=114_received=100_applied=796_native_writer_suppressed=600_native_position_masked=0_holds=0_gaps=0_resync_applied=0_failures=0_gap_dropped=0
[Info   :ComfyNetworkSense] [07/31/2026 06:17:02] CUTOVER_SCENARIO state=action_started run_id=native-20260731-c8-full26 client=omen action=omen-c8-motion-pair-one-settle detail=kind=wait
[Warning:ComfyNetworkSense] [07/31/2026 06:17:02] Authoritative consumer poll failed: TimeoutException: connect timeout to 8.231.129.249:42317
[Info   :ComfyNetworkSense] [07/31/2026 06:17:06] CUTOVER_SCENARIO state=completed run_id=native-20260731-c8-full26 client=omen action=omen-c8-motion-pair-one-settle detail=wait_elapsed
[Info   :ComfyNetworkSense] [07/31/2026 06:17:06] CUTOVER_SCENARIO state=action_started run_id=native-20260731-c8-full26 client=omen action=omen-c8-motion-observe-two detail=kind=motion_observe
[Info   :ComfyNetworkSense] [07/31/2026 06:17:06] MOTION_AUTHORITY state=probe_started run_id=native-20260731-c8-full26 client=omen action=omen-c8-motion-observe-two detail=mode=observe_correlation_id=c8-i5-to-omen_connection_id=d23547c316aa429fa35ae0a407ad978e_logical_peer_id=lp_c63184ad7fe2fd0616f8f0cd84f7c6150d9687b039d568454b911e5f7dd544f1
[Info   :ComfyNetworkSense] [07/31/2026 06:17:07] LOGICAL_PEER_CUTOVER state=logical_native_invoke_suppressed run_id=native-20260731-c8-full26 detail=count=512_method=ZDOData_semantic_fallback=false
[Info   :ComfyNetworkSense] [07/31/2026 06:17:12] MOTION_AUTHORITY state=probe_passed run_id=native-20260731-c8-full26 client=omen action=omen-c8-motion-observe-two detail=numbered_motion_applied_native_writer_zero_sent=113_received=95_applied=796_native_writer_suppressed=600_native_position_masked=0_holds=0_gaps=0_resync_applied=0_failures=0_gap_dropped=0
[Info   :ComfyNetworkSense] [07/31/2026 06:17:12] CUTOVER_SCENARIO state=completed run_id=native-20260731-c8-full26 client=omen action=omen-c8-motion-observe-two detail=numbered_motion_applied_native_writer_zero_sent=113_received=95_applied=796_native_writer_suppressed=600_native_position_masked=0_holds=0_gaps=0_resync_applied=0_failures=0_gap_dropped=0
[Info   :ComfyNetworkSense] [07/31/2026 06:17:12] CUTOVER_SCENARIO state=action_started run_id=native-20260731-c8-full26 client=omen action=omen-c8-motion-pair-two-settle detail=kind=wait
[Warning:ComfyNetworkSense] [07/31/2026 06:17:12] Authoritative consumer poll failed: TimeoutException: connect timeout to 8.231.129.249:42317
[Info   :ComfyNetworkSense] [07/31/2026 06:17:16] CUTOVER_SCENARIO state=completed run_id=native-20260731-c8-full26 client=omen action=omen-c8-motion-pair-two-settle detail=wait_elapsed
[Info   :ComfyNetworkSense] [07/31/2026 06:17:16] CUTOVER_SCENARIO state=action_started run_id=native-20260731-c8-full26 client=omen action=omen-c8-gap-observer-align detail=kind=wait
[Info   :ComfyNetworkSense] [07/31/2026 06:17:20] MOTION_AUTHORITY state=native_transform_writer_suppressed run_id=native-20260731-c8-full26 client=omen action=omen-c8-motion-observe-two detail=count=4096_writer=ZSyncTransform.CustomFixedUpdate
[Info   :ComfyNetworkSense] [07/31/2026 06:17:20] CUTOVER_SCENARIO state=completed run_id=native-20260731-c8-full26 client=omen action=omen-c8-gap-observer-align detail=wait_elapsed
[Info   :ComfyNetworkSense] [07/31/2026 06:17:20] CUTOVER_SCENARIO state=action_started run_id=native-20260731-c8-full26 client=omen action=omen-c8-motion-drive-gap detail=kind=motion_drive_gap
[Info   :ComfyNetworkSense] [07/31/2026 06:17:20] MOTION_AUTHORITY state=probe_started run_id=native-20260731-c8-full26 client=omen action=omen-c8-motion-drive-gap detail=mode=drive_gap_correlation_id=c8-gap-omen-to-i5_connection_id=d23547c316aa429fa35ae0a407ad978e_logical_peer_id=lp_c63184ad7fe2fd0616f8f0cd84f7c6150d9687b039d568454b911e5f7dd544f1
[Info   :ComfyNetworkSense] [07/31/2026 06:17:22] MOTION_AUTHORITY state=motion_frame_withheld run_id=native-20260731-c8-full26 client=omen action=omen-c8-motion-drive-gap detail=sequence=884_withheld_index=1_withheld_total=20
[Info   :ComfyNetworkSense] [07/31/2026 06:17:22] MOTION_AUTHORITY state=motion_frame_withheld run_id=native-20260731-c8-full26 client=omen action=omen-c8-motion-drive-gap detail=sequence=885_withheld_index=2_withheld_total=20
[Info   :ComfyNetworkSense] [07/31/2026 06:17:22] MOTION_AUTHORITY state=motion_frame_withheld run_id=native-20260731-c8-full26 client=omen action=omen-c8-motion-drive-gap detail=sequence=886_withheld_index=3_withheld_total=20
[Info   :ComfyNetworkSense] [07/31/2026 06:17:22] MOTION_AUTHORITY state=motion_frame_withheld run_id=native-20260731-c8-full26 client=omen action=omen-c8-motion-drive-gap detail=sequence=887_withheld_index=4_withheld_total=20
[Info   :ComfyNetworkSense] [07/31/2026 06:17:22] MOTION_AUTHORITY state=motion_frame_withheld run_id=native-20260731-c8-full26 client=omen action=omen-c8-motion-drive-gap detail=sequence=888_withheld_index=5_withheld_total=20
[Info   :ComfyNetworkSense] [07/31/2026 06:17:22] MOTION_AUTHORITY state=motion_frame_withheld run_id=native-20260731-c8-full26 client=omen action=omen-c8-motion-drive-gap detail=sequence=889_withheld_index=6_withheld_total=20
[Info   :ComfyNetworkSense] [07/31/2026 06:17:22] MOTION_AUTHORITY state=motion_frame_withheld run_id=native-20260731-c8-full26 client=omen action=omen-c8-motion-drive-gap detail=sequence=890_withheld_index=7_withheld_total=20
[Info   :ComfyNetworkSense] [07/31/2026 06:17:22] MOTION_AUTHORITY state=motion_frame_withheld run_id=native-20260731-c8-full26 client=omen action=omen-c8-motion-drive-gap detail=sequence=891_withheld_index=8_withheld_total=20
[Info   :ComfyNetworkSense] [07/31/2026 06:17:22] MOTION_AUTHORITY state=motion_frame_withheld run_id=native-20260731-c8-full26 client=omen action=omen-c8-motion-drive-gap detail=sequence=892_withheld_index=9_withheld_total=20
[Info   :ComfyNetworkSense] [07/31/2026 06:17:22] MOTION_AUTHORITY state=motion_frame_withheld run_id=native-20260731-c8-full26 client=omen action=omen-c8-motion-drive-gap detail=sequence=893_withheld_index=10_withheld_total=20
[Warning:ComfyNetworkSense] [07/31/2026 06:17:22] Authoritative consumer poll failed: TimeoutException: connect timeout to 8.231.129.249:42317
[Info   :ComfyNetworkSense] [07/31/2026 06:17:22] MOTION_AUTHORITY state=motion_frame_withheld run_id=native-20260731-c8-full26 client=omen action=omen-c8-motion-drive-gap detail=sequence=894_withheld_index=11_withheld_total=20
[Info   :ComfyNetworkSense] [07/31/2026 06:17:22] MOTION_AUTHORITY state=motion_frame_withheld run_id=native-20260731-c8-full26 client=omen action=omen-c8-motion-drive-gap detail=sequence=895_withheld_index=12_withheld_total=20
[Info   :ComfyNetworkSense] [07/31/2026 06:17:22] MOTION_AUTHORITY state=motion_frame_withheld run_id=native-20260731-c8-full26 client=omen action=omen-c8-motion-drive-gap detail=sequence=896_withheld_index=13_withheld_total=20
[Info   :ComfyNetworkSense] [07/31/2026 06:17:22] MOTION_AUTHORITY state=motion_frame_withheld run_id=native-20260731-c8-full26 client=omen action=omen-c8-motion-drive-gap detail=sequence=897_withheld_index=14_withheld_total=20
[Info   :ComfyNetworkSense] [07/31/2026 06:17:22] MOTION_AUTHORITY state=motion_frame_withheld run_id=native-20260731-c8-full26 client=omen action=omen-c8-motion-drive-gap detail=sequence=898_withheld_index=15_withheld_total=20
[Info   :ComfyNetworkSense] [07/31/2026 06:17:22] MOTION_AUTHORITY state=motion_frame_withheld run_id=native-20260731-c8-full26 client=omen action=omen-c8-motion-drive-gap detail=sequence=899_withheld_index=16_withheld_total=20
[Info   :ComfyNetworkSense] [07/31/2026 06:17:22] MOTION_AUTHORITY state=motion_frame_withheld run_id=native-20260731-c8-full26 client=omen action=omen-c8-motion-drive-gap detail=sequence=900_withheld_index=17_withheld_total=20
[Info   :ComfyNetworkSense] [07/31/2026 06:17:22] MOTION_AUTHORITY state=motion_frame_withheld run_id=native-20260731-c8-full26 client=omen action=omen-c8-motion-drive-gap detail=sequence=901_withheld_index=18_withheld_total=20
[Info   :ComfyNetworkSense] [07/31/2026 06:17:22] MOTION_AUTHORITY state=motion_frame_withheld run_id=native-20260731-c8-full26 client=omen action=omen-c8-motion-drive-gap detail=sequence=902_withheld_index=19_withheld_total=20
[Info   :ComfyNetworkSense] [07/31/2026 06:17:23] MOTION_AUTHORITY state=motion_frame_withheld run_id=native-20260731-c8-full26 client=omen action=omen-c8-motion-drive-gap detail=sequence=903_withheld_index=20_withheld_total=20
[Info   :ComfyNetworkSense] [07/31/2026 06:17:23] MOTION_AUTHORITY state=reliable_resync_queued run_id=native-20260731-c8-full26 client=omen action=omen-c8-motion-drive-gap detail=correlation_id=c8-gap-omen-to-i5_motion_sequence=903_gap_start=884_gap_end=903
[Info   :ComfyNetworkSense] [07/31/2026 06:17:23] MOTION_AUTHORITY state=reliable_resync_receipt run_id=native-20260731-c8-full26 client=omen action=omen-c8-motion-drive-gap detail=correlation_id=c8-gap-omen-to-i5_result=accepted_target_count=1_reliable_sequence=1348_ack_queued=true
[Info   :ComfyNetworkSense] [07/31/2026 06:17:26] MOTION_AUTHORITY state=probe_passed run_id=native-20260731-c8-full26 client=omen action=omen-c8-motion-drive-gap detail=gap_withheld_reliable_resync_accepted_sent=94_received=106_applied=795_native_writer_suppressed=600_native_position_masked=0_holds=0_gaps=0_resync_applied=0_failures=0_gap_dropped=20
[Info   :ComfyNetworkSense] [07/31/2026 06:17:26] CUTOVER_SCENARIO state=completed run_id=native-20260731-c8-full26 client=omen action=omen-c8-motion-drive-gap detail=gap_withheld_reliable_resync_accepted_sent=94_received=106_applied=795_native_writer_suppressed=600_native_position_masked=0_holds=0_gaps=0_resync_applied=0_failures=0_gap_dropped=20
[Info   :ComfyNetworkSense] [07/31/2026 06:17:26] CUTOVER_SCENARIO state=action_started run_id=native-20260731-c8-full26 client=omen action=omen-c8-direct-pulse detail=kind=direct_control_pulse
[Info   :ComfyNetworkSense] [07/31/2026 06:17:26] LUMBERJACKS_SESSION state=direct_pulse_probe_started run_id=native-20260731-c8-full26 client=omen action=omen-c8-direct-pulse detail=mode=deliver_connection_id=d23547c316aa429fa35ae0a407ad978e
[Info   :ComfyNetworkSense] [07/31/2026 06:17:26] LUMBERJACKS_SESSION state=lumberjacks_direct_pulse_received run_id=native-20260731-c8-full26 client=omen action=omen-c8-direct-pulse detail=sequence=1352_connection_id=d23547c316aa429fa35ae0a407ad978e_run_id=native-20260731-c8-full26_action_id=omen-c8-direct-pulse
[Info   :ComfyNetworkSense] [07/31/2026 06:17:26] CUTOVER_SCENARIO state=completed run_id=native-20260731-c8-full26 client=omen action=omen-c8-direct-pulse detail=lumberjacks_direct_pulse_applied_sequence=1352
[Info   :ComfyNetworkSense] [07/31/2026 06:17:26] CUTOVER_SCENARIO state=action_started run_id=native-20260731-c8-full26 client=omen action=omen-c8-routed-request detail=kind=routed_request
[Info   :ComfyNetworkSense] [07/31/2026 06:17:26] CUTOVER_SCENARIO state=completed run_id=native-20260731-c8-full26 client=omen action=omen-c8-routed-request detail=routed_response_applied
[Info   :ComfyNetworkSense] [07/31/2026 06:17:26] CUTOVER_SCENARIO state=action_started run_id=native-20260731-c8-full26 client=omen action=omen-c8-routed-broadcast detail=kind=routed_broadcast
[Info   :ComfyNetworkSense] [07/31/2026 06:17:26] CUTOVER_SCENARIO state=completed run_id=native-20260731-c8-full26 client=omen action=omen-c8-routed-broadcast detail=routed_broadcast_applied
[Info   :ComfyNetworkSense] [07/31/2026 06:17:26] CUTOVER_SCENARIO state=action_started run_id=native-20260731-c8-full26 client=omen action=omen-c8-routed-target detail=kind=routed_target_zdo
[Info   :ComfyNetworkSense] [07/31/2026 06:17:26] CUTOVER_SCENARIO state=completed run_id=native-20260731-c8-full26 client=omen action=omen-c8-routed-target detail=reset_cloth_dispatched_on_server
[Info   :ComfyNetworkSense] [07/31/2026 06:17:26] CUTOVER_SCENARIO state=action_started run_id=native-20260731-c8-full26 client=omen action=omen-c8-zdo-journal-drive detail=kind=zdo_journal_drive
[Info   :ComfyNetworkSense] [07/31/2026 06:17:28] CUTOVER_SCENARIO state=completed run_id=native-20260731-c8-full26 client=omen action=omen-c8-zdo-journal-drive detail=typed_journal_sequence_applied_snapshot=360_delta=3_stale=10_malformed=1_tombstone=1_native_rpc_zdo_data=0
[Info   :ComfyNetworkSense] [07/31/2026 06:17:28] CUTOVER_SCENARIO state=action_started run_id=native-20260731-c8-full26 client=omen action=omen-c8-gateway-restart-resume detail=kind=gateway_restart_resume
[Info   :ComfyNetworkSense] [07/31/2026 06:17:28] LUMBERJACKS_SESSION state=probe_started run_id=native-20260731-c8-full26 client=omen action=omen-c8-gateway-restart-resume detail=mode=external_resume_connection_id=d23547c316aa429fa35ae0a407ad978e_resume_epoch=0
[Warning:ComfyNetworkSense] [07/31/2026 06:17:32] Authoritative consumer poll failed: TimeoutException: connect timeout to 8.231.129.249:42317
[Info   :ComfyNetworkSense] [07/31/2026 06:17:35] LUMBERJACKS_SESSION state=connection_error run_id=native-20260731-c8-full26 client=omen action=omen-c8-gateway-restart-resume detail=sequence=0_connection_id=_WebSocketException:The_remote_party_closed_the_WebSocket_connection_without_completing_the_close_handshake.
[Info   :ComfyNetworkSense] [07/31/2026 06:17:35] LUMBERJACKS_SESSION state=socket_closed run_id=native-20260731-c8-full26 client=omen action=omen-c8-gateway-restart-resume detail=sequence=0_connection_id=
[Info   :ComfyNetworkSense] [07/31/2026 06:17:35] MOTION_AUTHORITY state=hold_entered run_id=native-20260731-c8-full26 client=omen action=omen-c8-motion-drive-gap detail=sequence=962_age_ms=506_native_fallback=false
[Info   :ComfyNetworkSense] [07/31/2026 06:17:35] LUMBERJACKS_SESSION state=connection_error run_id=native-20260731-c8-full26 client=omen action=omen-c8-gateway-restart-resume detail=sequence=0_connection_id=_WebSocketException:Unable_to_connect_to_the_remote_server
[Info   :ComfyNetworkSense] [07/31/2026 06:17:35] LUMBERJACKS_SESSION state=socket_closed run_id=native-20260731-c8-full26 client=omen action=omen-c8-gateway-restart-resume detail=sequence=0_connection_id=
[Info   :ComfyNetworkSense] [07/31/2026 06:17:37] LUMBERJACKS_SESSION state=connection_error run_id=native-20260731-c8-full26 client=omen action=omen-c8-gateway-restart-resume detail=sequence=0_connection_id=_WebSocketException:Unable_to_connect_to_the_remote_server
[Info   :ComfyNetworkSense] [07/31/2026 06:17:37] LUMBERJACKS_SESSION state=socket_closed run_id=native-20260731-c8-full26 client=omen action=omen-c8-gateway-restart-resume detail=sequence=0_connection_id=
[Info   :ComfyNetworkSense] [07/31/2026 06:17:37] LUMBERJACKS_SESSION state=connection_error run_id=native-20260731-c8-full26 client=omen action=omen-c8-gateway-restart-resume detail=sequence=0_connection_id=_WebSocketException:Unable_to_connect_to_the_remote_server
[Info   :ComfyNetworkSense] [07/31/2026 06:17:37] LUMBERJACKS_SESSION state=socket_closed run_id=native-20260731-c8-full26 client=omen action=omen-c8-gateway-restart-resume detail=sequence=0_connection_id=
[Info   :ComfyNetworkSense] [07/31/2026 06:17:38] LUMBERJACKS_SESSION state=connection_error run_id=native-20260731-c8-full26 client=omen action=omen-c8-gateway-restart-resume detail=sequence=0_connection_id=_WebSocketException:Unable_to_connect_to_the_remote_server
[Info   :ComfyNetworkSense] [07/31/2026 06:17:38] LUMBERJACKS_SESSION state=socket_closed run_id=native-20260731-c8-full26 client=omen action=omen-c8-gateway-restart-resume detail=sequence=0_connection_id=
[Info   :ComfyNetworkSense] [07/31/2026 06:17:39] LUMBERJACKS_SESSION state=session_started run_id=native-20260731-c8-full26 client=omen action=none detail=sequence=0_connection_id=6b536a8d6bb846d2a712bae03ad9b22f_resumed=false_reincarnated=true_logical_peer_id=lp_c63184ad7fe2fd0616f8f0cd84f7c6150d9687b039d568454b911e5f7dd544f1_server_instance_id=am4-gateway-dev_world_id=am4-cutover-world_udp_ready=true
[Info   :ComfyNetworkSense] [07/31/2026 06:17:39] LUMBERJACKS_SESSION state=peer_bind_queued run_id=native-20260731-c8-full26 client=omen action=none detail=sequence=0_connection_id=6b536a8d6bb846d2a712bae03ad9b22f_role=client_peer_uid=258831700
[Info   :ComfyNetworkSense] [07/31/2026 06:17:39] LUMBERJACKS_SESSION state=motion_region_join_queued run_id=native-20260731-c8-full26 client=omen action=none detail=sequence=0_connection_id=6b536a8d6bb846d2a712bae03ad9b22f_region_id=region-spawn
[Info   :ComfyNetworkSense] [07/31/2026 06:17:39] CUTOVER_SCENARIO state=completed run_id=native-20260731-c8-full26 client=omen action=omen-c8-gateway-restart-resume detail=external_gateway_recovery_observed_connection_id=6b536a8d6bb846d2a712bae03ad9b22f_resume_epoch=0_logical_peer_id=lp_c63184ad7fe2fd0616f8f0cd84f7c6150d9687b039d568454b911e5f7dd544f1
[Info   :ComfyNetworkSense] [07/31/2026 06:17:39] LOGICAL_PEER_CUTOVER state=logical_server_announced run_id=native-20260731-c8-full26 detail=peer_uid=1179166357_logical_peer_id=lp_c9b96e29024c30948164b6025b7d6b67ef3e40eb243b767a108cf27e4657b0da
[Info   :ComfyNetworkSense] [07/31/2026 06:17:39] CUTOVER_SCENARIO state=action_started run_id=native-20260731-c8-full26 client=omen action=c8-ownership-contended detail=kind=ownership_lease_pickup
[Info   :ComfyNetworkSense] [07/31/2026 06:17:39] LUMBERJACKS_SESSION state=ownership_frame_queued run_id=native-20260731-c8-full26 client=omen action=none detail=sequence=5_connection_id=6b536a8d6bb846d2a712bae03ad9b22f_type=valheim_ownership_lease_request_queue_depth=3
[Info   :ComfyNetworkSense] [07/31/2026 06:17:39] LUMBERJACKS_SESSION state=ownership_frame_sent run_id=native-20260731-c8-full26 client=omen action=none detail=sequence=5_connection_id=6b536a8d6bb846d2a712bae03ad9b22f_type=valheim_ownership_lease_request
[Info   :ComfyNetworkSense] [07/31/2026 06:17:40] LUMBERJACKS_SESSION state=connection_error run_id=native-20260731-c8-full26 client=omen action=none detail=sequence=0_connection_id=_OperationCanceledException:Aborted
[Info   :ComfyNetworkSense] [07/31/2026 06:17:40] LUMBERJACKS_SESSION state=socket_closed run_id=native-20260731-c8-full26 client=omen action=none detail=sequence=0_connection_id=
[Info   :ComfyNetworkSense] [07/31/2026 06:17:40] LUMBERJACKS_SESSION state=session_started run_id=native-20260731-c8-full26 client=omen action=none detail=sequence=1_connection_id=6b536a8d6bb846d2a712bae03ad9b22f_resumed=true_reincarnated=false_logical_peer_id=lp_c63184ad7fe2fd0616f8f0cd84f7c6150d9687b039d568454b911e5f7dd544f1_server_instance_id=am4-gateway-dev_world_id=am4-cutover-world_udp_ready=true
[Info   :ComfyNetworkSense] [07/31/2026 06:17:40] LUMBERJACKS_SESSION state=peer_bind_queued run_id=native-20260731-c8-full26 client=omen action=none detail=sequence=0_connection_id=6b536a8d6bb846d2a712bae03ad9b22f_role=client_peer_uid=258831700
[Info   :ComfyNetworkSense] [07/31/2026 06:17:40] LUMBERJACKS_SESSION state=motion_region_join_queued run_id=native-20260731-c8-full26 client=omen action=none detail=sequence=0_connection_id=6b536a8d6bb846d2a712bae03ad9b22f_region_id=region-spawn
[Info   :ComfyNetworkSense] [07/31/2026 06:17:40] LUMBERJACKS_SESSION state=ownership_frame_queued run_id=native-20260731-c8-full26 client=omen action=none detail=sequence=9_connection_id=6b536a8d6bb846d2a712bae03ad9b22f_type=valheim_ownership_action_queue_depth=3
[Info   :ComfyNetworkSense] [07/31/2026 06:17:40] LUMBERJACKS_SESSION state=ownership_frame_sent run_id=native-20260731-c8-full26 client=omen action=none detail=sequence=9_connection_id=6b536a8d6bb846d2a712bae03ad9b22f_type=valheim_ownership_action
[Info   :ComfyNetworkSense] [07/31/2026 06:17:40] LOGICAL_PEER_CUTOVER state=logical_server_announced run_id=native-20260731-c8-full26 detail=peer_uid=1179166357_logical_peer_id=lp_c9b96e29024c30948164b6025b7d6b67ef3e40eb243b767a108cf27e4657b0da
[Info   :ComfyNetworkSense] [07/31/2026 06:17:40] LUMBERJACKS_SESSION state=ownership_frame_queued run_id=native-20260731-c8-full26 client=omen action=none detail=sequence=11_connection_id=6b536a8d6bb846d2a712bae03ad9b22f_type=valheim_ownership_lease_request_queue_depth=1
[Info   :ComfyNetworkSense] [07/31/2026 06:17:40] LUMBERJACKS_SESSION state=ownership_frame_sent run_id=native-20260731-c8-full26 client=omen action=none detail=sequence=11_connection_id=6b536a8d6bb846d2a712bae03ad9b22f_type=valheim_ownership_lease_request
[Info   :ComfyNetworkSense] [07/31/2026 06:17:40] LUMBERJACKS_SESSION state=ownership_frame_queued run_id=native-20260731-c8-full26 client=omen action=none detail=sequence=13_connection_id=6b536a8d6bb846d2a712bae03ad9b22f_type=valheim_ownership_action_queue_depth=1
[Info   :ComfyNetworkSense] [07/31/2026 06:17:40] LUMBERJACKS_SESSION state=ownership_frame_sent run_id=native-20260731-c8-full26 client=omen action=none detail=sequence=13_connection_id=6b536a8d6bb846d2a712bae03ad9b22f_type=valheim_ownership_action
[Warning:ComfyNetworkSense] [07/31/2026 06:17:42] Authoritative consumer poll failed: TimeoutException: connect timeout to 8.231.129.249:42317
[Info   :ComfyNetworkSense] [07/31/2026 06:17:42] LUMBERJACKS_SESSION state=ownership_frame_queued run_id=native-20260731-c8-full26 client=omen action=none detail=sequence=17_connection_id=6b536a8d6bb846d2a712bae03ad9b22f_type=valheim_ownership_action_queue_depth=1
[Info   :ComfyNetworkSense] [07/31/2026 06:17:42] LUMBERJACKS_SESSION state=ownership_frame_sent run_id=native-20260731-c8-full26 client=omen action=none detail=sequence=17_connection_id=6b536a8d6bb846d2a712bae03ad9b22f_type=valheim_ownership_action
[Info   :ComfyNetworkSense] [07/31/2026 06:17:42] LUMBERJACKS_SESSION state=ownership_frame_queued run_id=native-20260731-c8-full26 client=omen action=none detail=sequence=18_connection_id=6b536a8d6bb846d2a712bae03ad9b22f_type=valheim_ownership_lease_request_queue_depth=1
[Info   :ComfyNetworkSense] [07/31/2026 06:17:42] LUMBERJACKS_SESSION state=ownership_frame_sent run_id=native-20260731-c8-full26 client=omen action=none detail=sequence=18_connection_id=6b536a8d6bb846d2a712bae03ad9b22f_type=valheim_ownership_lease_request
[Warning:ComfyNetworkSense] [07/31/2026 06:17:52] Authoritative consumer poll failed: TimeoutException: connect timeout to 8.231.129.249:42317
[Info   :ComfyNetworkSense] [07/31/2026 06:18:01] MOTION_AUTHORITY state=native_transform_writer_suppressed run_id=native-20260731-c8-full26 client=omen action=omen-c8-motion-drive-gap detail=count=8192_writer=ZSyncTransform.CustomFixedUpdate
[Warning:ComfyNetworkSense] [07/31/2026 06:18:02] Authoritative consumer poll failed: TimeoutException: connect timeout to 8.231.129.249:42317
[Warning:ComfyNetworkSense] [07/31/2026 06:18:12] Authoritative consumer poll failed: TimeoutException: connect timeout to 8.231.129.249:42317
[Info   :ComfyNetworkSense] [07/31/2026 06:18:12] LOGICAL_PEER_CUTOVER state=logical_native_invoke_suppressed run_id=native-20260731-c8-full26 detail=count=1024_method=ZDOData_semantic_fallback=false
[Warning:ComfyNetworkSense] [07/31/2026 06:18:22] Authoritative consumer poll failed: TimeoutException: connect timeout to 8.231.129.249:42317
[Warning:ComfyNetworkSense] [07/31/2026 06:18:32] Authoritative consumer poll failed: TimeoutException: connect timeout to 8.231.129.249:42317
[Warning:ComfyNetworkSense] [07/31/2026 06:18:42] Authoritative consumer poll failed: TimeoutException: connect timeout to 8.231.129.249:42317
[Warning:ComfyNetworkSense] [07/31/2026 06:18:52] Authoritative consumer poll failed: TimeoutException: connect timeout to 8.231.129.249:42317
[Warning:ComfyNetworkSense] [07/31/2026 06:19:02] Authoritative consumer poll failed: TimeoutException: connect timeout to 8.231.129.249:42317
[Info   :ComfyNetworkSense] [07/31/2026 06:19:08] CUTOVER_SCENARIO state=failed run_id=native-20260731-c8-full26 client=omen action=c8-ownership-contended detail=ownership_probe_deadline_state=await_target
[Info   : Unity Log] 07/31/2026 06:19:09: Game - OnApplicationQuit

[Info   : Unity Log] 07/31/2026 06:19:09: Available space to current user: 177825345536. Saving is blocked if below: 226521056 bytes. Warnings are given if below: 453042112

[Info   : Unity Log] 07/31/2026 06:19:09: Shutting down

[Info   : Unity Log] 07/31/2026 06:19:09: Minimap: compressed mapData 8388789 => 8644 bytes

[Info   : Unity Log] 07/31/2026 06:19:09: Cloud Save: 8402928 bytes. /characters/tugcorp.fch.new

[Info   : Unity Log] Steam writing file chunks 1 / 1, (8402928 bytes)
[Info   : Unity Log] Steam writing file chunks 1 / 1, (8402928 bytes)
[Info   : Unity Log] Steam writing file chunks 1 / 1, (8402928 bytes)
[Info   : Unity Log] 07/31/2026 06:19:09: Considering autobackup. World time: 161.7399, short time: 7200, long time: 43200, backup count: 4

[Info   : Unity Log] 07/31/2026 06:19:09: Skipping backup. World session not long enough.

[Info   : Unity Log] 07/31/2026 06:19:09: ZNet Shutdown

[Info   : Unity Log] 07/31/2026 06:19:09: Unloading unused assets

[Info   : Unity Log] 07/31/2026 06:19:09: Sending disconnect msg

[Info   : Unity Log] 07/31/2026 06:19:09: Sent to lumberjacks:lp_c9b96e29024c30948164b6025b7d6b67ef3e40eb243b767a108cf27e4657b0da

[Info   :ComfyNetworkSense] [07/31/2026 06:19:09] LOGICAL_PEER_CUTOVER state=disconnect_queued run_id=native-20260731-c8-full26 detail=target_logical_peer_id=lp_c9b96e29024c30948164b6025b7d6b67ef3e40eb243b767a108cf27e4657b0da
[Info   : Unity Log] ZPlayFabMatchmaking::UnregisterServer - unregistering server now. State: Uninitialized
[Info   : Unity Log] 07/31/2026 06:19:09: Stopping build thread

[Info   : Unity Log] 07/31/2026 06:19:11: ZNet OnDestroy

[Info   : Unity Log] 07/31/2026 06:19:11: Net scene destroyed

[Error  : Unity Log] NullReferenceException: Object reference not set to an instance of an object.
Stack trace:
UnityEngine.Bindings.ThrowHelper.ThrowNullReferenceException (System.Object obj) (at <89f741081c874c65b780dbd6a0d8d33e>:0)
UnityEngine.Behaviour.set_enabled (System.Boolean value) (at <89f741081c874c65b780dbd6a0d8d33e>:0)
ShieldDomeImageEffect.ToggleActiveImageEffect (System.Int32 domes) (at <e4cfc70261ab46d19f39cc2deb9bc839>:0)
ShieldDomeImageEffect.RemoveShield (ShieldGenerator shield) (at <e4cfc70261ab46d19f39cc2deb9bc839>:0)
ShieldGenerator.OnDestroy () (at <e4cfc70261ab46d19f39cc2deb9bc839>:0)

[Info   : Unity Log] 07/31/2026 06:19:11: Steam manager on destroy

[Warning: Unity Log] 07/31/2026 06:19:11: Local player destroyed

[Warning:ComfyNetworkSense] [07/31/2026 06:19:12] Authoritative consumer poll failed: ThreadAbortException: Thread was being aborted.
