[Message:   BepInEx] BepInEx 5.4.23.3 - valheim (7/9/2026 6:56:24 AM)
[Message:   BepInEx] User is running BepInExPack Valheim version 5.4.2333 from Thunderstore
[Info   :   BepInEx] Running under Unity v6000.0.61.7643309
[Info   :   BepInEx] CLR runtime version: 4.0.30319.42000
[Info   :   BepInEx] Supports SRE: True
[Info   :   BepInEx] System platform: Bits64, Windows
[Message:   BepInEx] Preloader started
[Info   :   BepInEx] Loaded 1 patcher method from [BepInEx.Preloader 5.4.23.3]
[Info   :   BepInEx] 1 patcher plugin loaded
[Info   :   BepInEx] Patching [UnityEngine.CoreModule] with [BepInEx.Chainloader]
[Message:   BepInEx] Preloader finished
[Message:   BepInEx] Chainloader ready
[Message:   BepInEx] Chainloader started
[Info   :   BepInEx] 3 plugins to load
[Info   :   BepInEx] Loading [Comfy Camera Proof 0.1.0]
[Info   :Comfy Camera Proof] Comfy Camera Proof loaded. F8/status and F9/move proof commands are available.
[Info   :   BepInEx] Loading [ComfyControlSurface 0.6.0]
[Info   :ComfyControlSurface] [07/31/2026 07:25:14] Comfy control surface loaded.
[Info   :   BepInEx] Loading [ComfyNetworkSense 0.5.45]
[Info   :ComfyNetworkSense] [07/31/2026 07:25:14] Authoritative consumer init: enabled=True, manifest=p7-primary-v1, gateway=http://8.231.129.249:42317
[Info   :ComfyNetworkSense] [07/31/2026 07:25:14] Authoritative consumer init: authoritative consumer armed
[Info   :ComfyNetworkSense] [07/31/2026 07:25:14] Panel input patch applied: GameCamera.UpdateMouseCapture
[Info   :ComfyNetworkSense] [07/31/2026 07:25:14] Panel input patch applied: Character.TakeInput
[Info   :ComfyNetworkSense] [07/31/2026 07:25:14] GameplayEventPatches: patched Character.RPC_Damage
[Info   :ComfyNetworkSense] [07/31/2026 07:25:14] GameplayEventPatches: patched Character.Damage
[Info   :ComfyNetworkSense] [07/31/2026 07:25:14] GameplayEventPatches: patched Character.OnDeath
[Info   :ComfyNetworkSense] [07/31/2026 07:25:14] Lab auto-join patch applied: FejdStartup.Start
[Info   :ComfyNetworkSense] [07/31/2026 07:25:14] Quest view loaded: 4 tracked quest(s) for Derek from C:\Program Files (x86)\Steam\steamapps\common\Valheim\BepInEx\config\comfy-network-sense\quest-view.json
[Info   :ComfyNetworkSense] [07/31/2026 07:25:14] Telemetry scaffold ready.
[Info   :ComfyNetworkSense] [07/31/2026 07:25:14] Lumberjacks contract release=m30-rolecontrol-20260723-r1 schema_version=2 operation=zdo_redirect
[Message:   BepInEx] Chainloader startup complete
[Info   :ComfyNetworkSense] [07/31/2026 07:25:20] AUTOTEST_READY run_id=native-20260731-c8-full29 client=i5 character=durracktu server=100.116.82.60:2456 renderer=Intel(R)_Iris(R)_Xe_Graphics renderer_type=Direct3D11 native_poison=true
[Info   :ComfyNetworkSense] [07/31/2026 07:25:21] CUTOVER_SCENARIO state=scenario_loaded run_id=native-20260731-c8-full29 client=i5 action=none detail=actions=24
[Info   :ComfyNetworkSense] [07/31/2026 07:25:29] AUTOTEST_STEAM_FREE_SCENE_REQUESTED run_id=native-20260731-c8-full29 client=i5 character=durracktu server=100.116.82.60:2456 native_connect=false native_handshake=false
[Info   :ComfyNetworkSense] [07/31/2026 07:25:29] Lab auto-join started existing character 'Durracktu' at profile index 0.
[Info   :ComfyNetworkSense] [07/31/2026 07:25:29] AUTOTEST_CHARACTER_SELECTED run_id=native-20260731-c8-full29 client=i5 character=durracktu server=100.116.82.60:2456 profile_index=0
[Info   :ComfyNetworkSense] [07/31/2026 07:25:30] LOGICAL_PEER_CUTOVER state=native_client_connect_suppressed run_id=native-20260731-c8-full29 detail=source=request_manifest_native_target=false_logical_connection_status=connecting
[Info   :ComfyNetworkSense] [07/31/2026 07:25:30] Registered routed RPC: ComfyNetworkSense_ServerPulse
[Info   :ComfyNetworkSense] [07/31/2026 07:25:30] Registered routed RPC: ComfyNetworkSense_GameplayEvent
[Info   :ComfyNetworkSense] [07/31/2026 07:25:30] LUMBERJACKS_SESSION state=session_started run_id=native-20260731-c8-full29 client=i5 action=none detail=sequence=0_connection_id=7c1146952ea041cfb040407fc1fbd4d5_resumed=false_reincarnated=false_logical_peer_id=lp_19f2670527be6f633c140c5938e5ff4c85d4bbe309e63007f20327439f837d5c_server_instance_id=am4-gateway-dev_world_id=am4-cutover-world_udp_ready=true
[Info   :ComfyNetworkSense] [07/31/2026 07:25:30] LUMBERJACKS_SESSION state=peer_bind_queued run_id=native-20260731-c8-full29 client=i5 action=none detail=sequence=0_connection_id=7c1146952ea041cfb040407fc1fbd4d5_role=client_peer_uid=3033958697
[Info   :ComfyNetworkSense] [07/31/2026 07:25:30] LUMBERJACKS_SESSION state=motion_region_join_queued run_id=native-20260731-c8-full29 client=i5 action=none detail=sequence=0_connection_id=7c1146952ea041cfb040407fc1fbd4d5_region_id=region-spawn
[Info   :ComfyNetworkSense] [07/31/2026 07:25:30] WORLD_ZONE_CUTOVER state=descriptor_requested run_id=native-20260731-c8-full29 client=client detail=fault_mode=none
[Info   :ComfyNetworkSense] [07/31/2026 07:25:30] LOGICAL_PEER_CUTOVER state=logical_server_announced run_id=native-20260731-c8-full29 detail=peer_uid=1179166357_logical_peer_id=lp_c9b96e29024c30948164b6025b7d6b67ef3e40eb243b767a108cf27e4657b0da
[Info   :ComfyNetworkSense] [07/31/2026 07:25:30] WORLD_ZONE_CUTOVER state=descriptor_accepted run_id=native-20260731-c8-full29 client=client detail=world_epoch=world-ffffffff63e5be34_world_generation_version=2_initial_zone=35,-1_global_keys=8_location_icons=10
[Info   :ComfyNetworkSense] [07/31/2026 07:25:32] LOGICAL_PEER_CUTOVER state=logical_peer_constructed run_id=native-20260731-c8-full29 detail=role=server_peer_uid=1179166357_logical_peer_id=lp_c9b96e29024c30948164b6025b7d6b67ef3e40eb243b767a108cf27e4657b0da_socket_type=LogicalSocket_native_socket=false
[Info   :ComfyNetworkSense] [07/31/2026 07:25:32] LOGICAL_PEER_CUTOVER state=client_logical_peer_ready run_id=native-20260731-c8-full29 detail=remote_peer_uid=1179166357_remote_logical_peer_id=lp_c9b96e29024c30948164b6025b7d6b67ef3e40eb243b767a108cf27e4657b0da_world_epoch=world-ffffffff63e5be34_native_socket=false_native_handshake=false
[Info   :ComfyNetworkSense] [07/31/2026 07:25:38] WORLD_ZONE_CUTOVER state=world_bootstrap_applied_typed run_id=native-20260731-c8-full29 client=client detail=start_location=StartTemple_global_keys=8_location_icons=10_native_routed_rpc=false
[Info   :ComfyNetworkSense] [07/31/2026 07:25:38] WORLD_ZONE_CUTOVER state=bootstrap_progress run_id=native-20260731-c8-full29 client=i5 detail=bootstrap_applied=True_start_icon=True_start_position=2211,33,-69_reference_position=2211,33.16,-59.04_reference_zone=35,-1_zone_loaded=False_area_ready=False_local_player=False_banked=0_inbound=0_applied=0_superseded=0_apply_failures=0
[Info   :ComfyNetworkSense] [07/31/2026 07:25:40] LOGICAL_PEER_CUTOVER state=logical_native_invoke_suppressed run_id=native-20260731-c8-full29 detail=count=1_method=ServerSyncedPlayerData_semantic_fallback=false
[Info   :ComfyNetworkSense] [07/31/2026 07:25:40] WORLD_ZONE_CUTOVER state=bootstrap_progress run_id=native-20260731-c8-full29 client=i5 detail=bootstrap_applied=True_start_icon=True_start_position=2211,33,-69_reference_position=2211,33.16,-59.04_reference_zone=35,-1_zone_loaded=True_area_ready=False_local_player=False_banked=1302_inbound=0_applied=1293_superseded=0_apply_failures=0
[Info   :ComfyNetworkSense] [07/31/2026 07:25:42] LOGICAL_PEER_CUTOVER state=logical_native_invoke_suppressed run_id=native-20260731-c8-full29 detail=count=2_method=ServerSyncedPlayerData_semantic_fallback=false
[Info   :ComfyNetworkSense] [07/31/2026 07:25:42] WORLD_ZONE_CUTOVER state=bootstrap_progress run_id=native-20260731-c8-full29 client=i5 detail=bootstrap_applied=True_start_icon=True_start_position=2211,33,-69_reference_position=2211,33.16,-59.04_reference_zone=35,-1_zone_loaded=True_area_ready=True_local_player=False_banked=1302_inbound=0_applied=1293_superseded=0_apply_failures=0
[Warning:ComfyNetworkSense] [07/31/2026 07:25:43] Authoritative consumer poll failed: TimeoutException: connect timeout to 8.231.129.249:42317
[Info   :ComfyNetworkSense] [07/31/2026 07:25:44] LOGICAL_PEER_CUTOVER state=logical_native_invoke_suppressed run_id=native-20260731-c8-full29 detail=count=3_method=ServerSyncedPlayerData_semantic_fallback=false
[Info   :ComfyNetworkSense] [07/31/2026 07:25:44] WORLD_ZONE_CUTOVER state=bootstrap_progress run_id=native-20260731-c8-full29 client=i5 detail=bootstrap_applied=True_start_icon=True_start_position=2211,33,-69_reference_position=2211,33.16,-59.04_reference_zone=35,-1_zone_loaded=True_area_ready=True_local_player=False_banked=1315_inbound=0_applied=1306_superseded=0_apply_failures=0
[Info   :ComfyNetworkSense] [07/31/2026 07:25:46] LOGICAL_PEER_CUTOVER state=logical_native_invoke_suppressed run_id=native-20260731-c8-full29 detail=count=4_method=ServerSyncedPlayerData_semantic_fallback=false
[Info   :ComfyNetworkSense] [07/31/2026 07:25:46] LOGICAL_PEER_CUTOVER state=character_id_queued run_id=native-20260731-c8-full29 detail=target_logical_peer_id=lp_c9b96e29024c30948164b6025b7d6b67ef3e40eb243b767a108cf27e4657b0da_character_id=3033958697:1
[Info   :ComfyNetworkSense] [07/31/2026 07:25:46] AUTOTEST_JOINED run_id=native-20260731-c8-full29 client=i5 character=durracktu server=100.116.82.60:2456 peer_count=1 player=Durracktu renderer=Intel(R)_Iris(R)_Xe_Graphics renderer_type=Direct3D11 graphics_memory_mb=16226
[Info   :ComfyNetworkSense] [07/31/2026 07:25:46] WORLD_ZONE_CUTOVER state=bootstrap_ready run_id=native-20260731-c8-full29 client=i5 detail=bootstrap_applied=True_start_icon=True_start_position=2211,33,-69_reference_position=2211,33.41,-59.04_reference_zone=35,-1_zone_loaded=True_area_ready=True_local_player=True_banked=1315_inbound=0_applied=1306_superseded=0_apply_failures=0
[Info   :ComfyNetworkSense] [07/31/2026 07:25:46] MOTION_AUTHORITY state=local_motion_identity run_id=native-20260731-c8-full29 client=i5 action=none detail=uid=3033958697:1_position=2211,33.406,-59.041
[Info   :ComfyNetworkSense] [07/31/2026 07:25:46] CUTOVER_SCENARIO state=teleport_safeguard_enabled run_id=native-20260731-c8-full29 client=i5 action=none detail=god=True_fly=False_dead=False
[Info   :ComfyNetworkSense] [07/31/2026 07:25:46] CUTOVER_SCENARIO state=action_started run_id=native-20260731-c8-full29 client=i5 action=i5-settle detail=kind=wait
[Info   :ComfyNetworkSense] [07/31/2026 07:25:46] LOGICAL_PEER_CUTOVER state=logical_native_invoke_suppressed run_id=native-20260731-c8-full29 detail=count=8_method=RoutedRPC_semantic_fallback=false
[Info   :ComfyNetworkSense] [07/31/2026 07:25:46] LUMBERJACKS_SESSION state=motion_transport_fallback run_id=native-20260731-c8-full29 client=i5 action=none detail=sequence=0_connection_id=7c1146952ea041cfb040407fc1fbd4d5_udp_receive_failed=ConnectionReset_fallback=binary_websocket
[Info   :ComfyNetworkSense] [07/31/2026 07:25:46] MOTION_AUTHORITY state=remote_player_descriptor_applied run_id=native-20260731-c8-full29 client=i5 action=none detail=logical_peer_id=lp_c63184ad7fe2fd0616f8f0cd84f7c6150d9687b039d568454b911e5f7dd544f1_uid=1673379241:1_generation=1_ack_queued=true
[Info   :ComfyNetworkSense] [07/31/2026 07:25:46] MOTION_AUTHORITY state=remote_motion_discovered run_id=native-20260731-c8-full29 client=i5 action=none detail=uid=1673379241:1_position=2214.99,33.16,-69_transport=websocket
[Info   :ComfyNetworkSense] [07/31/2026 07:25:46] MOTION_AUTHORITY state=logical_remote_seeded run_id=native-20260731-c8-full29 client=i5 action=none detail=uid=1673379241:1_prefab=Player_owner=1673379241_generation=1_source=reliable_aoi_descriptor
[Info   :ComfyNetworkSense] [07/31/2026 07:25:46] MOTION_AUTHORITY state=remote_instance_missing run_id=native-20260731-c8-full29 client=i5 action=none detail=uid=1673379241:1_known_player_uids=3033958697:1
[Info   :ComfyNetworkSense] [07/31/2026 07:25:46] MOTION_AUTHORITY state=native_transform_writer_suppressed run_id=native-20260731-c8-full29 client=i5 action=none detail=count=1_writer=ZSyncTransform.CustomFixedUpdate
[Info   :ComfyNetworkSense] [07/31/2026 07:25:46] MOTION_AUTHORITY state=native_transform_writer_suppressed run_id=native-20260731-c8-full29 client=i5 action=none detail=count=2_writer=ZSyncTransform.CustomFixedUpdate
[Info   :ComfyNetworkSense] [07/31/2026 07:25:46] MOTION_AUTHORITY state=native_transform_writer_suppressed run_id=native-20260731-c8-full29 client=i5 action=none detail=count=3_writer=ZSyncTransform.CustomFixedUpdate
[Info   :ComfyNetworkSense] [07/31/2026 07:25:46] MOTION_AUTHORITY state=native_transform_writer_suppressed run_id=native-20260731-c8-full29 client=i5 action=none detail=count=4_writer=ZSyncTransform.CustomFixedUpdate
[Info   :ComfyNetworkSense] [07/31/2026 07:25:46] MOTION_AUTHORITY state=native_transform_writer_suppressed run_id=native-20260731-c8-full29 client=i5 action=none detail=count=8_writer=ZSyncTransform.CustomFixedUpdate
[Info   :ComfyNetworkSense] [07/31/2026 07:25:47] LOGICAL_PEER_CUTOVER state=logical_native_invoke_suppressed run_id=native-20260731-c8-full29 detail=count=16_method=ZDOData_semantic_fallback=false
[Info   :ComfyNetworkSense] [07/31/2026 07:25:47] MOTION_AUTHORITY state=native_transform_writer_suppressed run_id=native-20260731-c8-full29 client=i5 action=none detail=count=16_writer=ZSyncTransform.CustomFixedUpdate
[Info   :ComfyNetworkSense] [07/31/2026 07:25:47] MOTION_AUTHORITY state=native_transform_writer_suppressed run_id=native-20260731-c8-full29 client=i5 action=none detail=count=32_writer=ZSyncTransform.CustomFixedUpdate
[Info   :ComfyNetworkSense] [07/31/2026 07:25:47] MOTION_AUTHORITY state=target_rejected run_id=native-20260731-c8-full29 client=i5 action=none detail=sequence=77_target_error_mm=47028_native_fallback=false
[Info   :ComfyNetworkSense] [07/31/2026 07:25:47] MOTION_AUTHORITY state=target_rejected run_id=native-20260731-c8-full29 client=i5 action=none detail=sequence=77_target_error_mm=47032_native_fallback=false
[Info   :ComfyNetworkSense] [07/31/2026 07:25:47] MOTION_AUTHORITY state=target_rejected run_id=native-20260731-c8-full29 client=i5 action=none detail=sequence=77_target_error_mm=47037_native_fallback=false
[Info   :ComfyNetworkSense] [07/31/2026 07:25:47] MOTION_AUTHORITY state=target_rejected run_id=native-20260731-c8-full29 client=i5 action=none detail=sequence=77_target_error_mm=47041_native_fallback=false
[Info   :ComfyNetworkSense] [07/31/2026 07:25:47] MOTION_AUTHORITY state=target_rejected run_id=native-20260731-c8-full29 client=i5 action=none detail=sequence=77_target_error_mm=47045_native_fallback=false
[Info   :ComfyNetworkSense] [07/31/2026 07:25:47] MOTION_AUTHORITY state=target_rejected run_id=native-20260731-c8-full29 client=i5 action=none detail=sequence=77_target_error_mm=47049_native_fallback=false
[Info   :ComfyNetworkSense] [07/31/2026 07:25:47] MOTION_AUTHORITY state=target_rejected run_id=native-20260731-c8-full29 client=i5 action=none detail=sequence=78_target_error_mm=47053_native_fallback=false
[Info   :ComfyNetworkSense] [07/31/2026 07:25:47] MOTION_AUTHORITY state=target_rejected run_id=native-20260731-c8-full29 client=i5 action=none detail=sequence=78_target_error_mm=47057_native_fallback=false
[Info   :ComfyNetworkSense] [07/31/2026 07:25:47] MOTION_AUTHORITY state=target_rejected run_id=native-20260731-c8-full29 client=i5 action=none detail=sequence=78_target_error_mm=47061_native_fallback=false
[Info   :ComfyNetworkSense] [07/31/2026 07:25:47] MOTION_AUTHORITY state=target_rejected run_id=native-20260731-c8-full29 client=i5 action=none detail=sequence=78_target_error_mm=47065_native_fallback=false
[Info   :ComfyNetworkSense] [07/31/2026 07:25:47] MOTION_AUTHORITY state=target_rejected run_id=native-20260731-c8-full29 client=i5 action=none detail=sequence=78_target_error_mm=47069_native_fallback=false
[Info   :ComfyNetworkSense] [07/31/2026 07:25:47] MOTION_AUTHORITY state=target_rejected run_id=native-20260731-c8-full29 client=i5 action=none detail=sequence=79_target_error_mm=47063_native_fallback=false
[Info   :ComfyNetworkSense] [07/31/2026 07:25:47] MOTION_AUTHORITY state=target_rejected run_id=native-20260731-c8-full29 client=i5 action=none detail=sequence=79_target_error_mm=47068_native_fallback=false
[Info   :ComfyNetworkSense] [07/31/2026 07:25:47] MOTION_AUTHORITY state=target_rejected run_id=native-20260731-c8-full29 client=i5 action=none detail=sequence=79_target_error_mm=47072_native_fallback=false
[Info   :ComfyNetworkSense] [07/31/2026 07:25:47] MOTION_AUTHORITY state=target_rejected run_id=native-20260731-c8-full29 client=i5 action=none detail=sequence=79_target_error_mm=47076_native_fallback=false
[Info   :ComfyNetworkSense] [07/31/2026 07:25:47] MOTION_AUTHORITY state=target_rejected run_id=native-20260731-c8-full29 client=i5 action=none detail=sequence=80_target_error_mm=47091_native_fallback=false
[Info   :ComfyNetworkSense] [07/31/2026 07:25:47] MOTION_AUTHORITY state=target_rejected run_id=native-20260731-c8-full29 client=i5 action=none detail=sequence=80_target_error_mm=47095_native_fallback=false
[Info   :ComfyNetworkSense] [07/31/2026 07:25:47] MOTION_AUTHORITY state=target_rejected run_id=native-20260731-c8-full29 client=i5 action=none detail=sequence=80_target_error_mm=47099_native_fallback=false
[Info   :ComfyNetworkSense] [07/31/2026 07:25:47] MOTION_AUTHORITY state=target_rejected run_id=native-20260731-c8-full29 client=i5 action=none detail=sequence=80_target_error_mm=47104_native_fallback=false
[Info   :ComfyNetworkSense] [07/31/2026 07:25:47] MOTION_AUTHORITY state=target_rejected run_id=native-20260731-c8-full29 client=i5 action=none detail=sequence=80_target_error_mm=47108_native_fallback=false
[Info   :ComfyNetworkSense] [07/31/2026 07:25:47] MOTION_AUTHORITY state=target_rejected run_id=native-20260731-c8-full29 client=i5 action=none detail=sequence=80_target_error_mm=47113_native_fallback=false
[Info   :ComfyNetworkSense] [07/31/2026 07:25:47] MOTION_AUTHORITY state=target_rejected run_id=native-20260731-c8-full29 client=i5 action=none detail=sequence=80_target_error_mm=47118_native_fallback=false
[Info   :ComfyNetworkSense] [07/31/2026 07:25:47] MOTION_AUTHORITY state=target_rejected run_id=native-20260731-c8-full29 client=i5 action=none detail=sequence=81_target_error_mm=47122_native_fallback=false
[Info   :ComfyNetworkSense] [07/31/2026 07:25:47] MOTION_AUTHORITY state=native_transform_writer_suppressed run_id=native-20260731-c8-full29 client=i5 action=none detail=count=64_writer=ZSyncTransform.CustomFixedUpdate
[Info   :ComfyNetworkSense] [07/31/2026 07:25:47] MOTION_AUTHORITY state=target_rejected run_id=native-20260731-c8-full29 client=i5 action=none detail=sequence=81_target_error_mm=47126_native_fallback=false
[Info   :ComfyNetworkSense] [07/31/2026 07:25:47] MOTION_AUTHORITY state=target_rejected run_id=native-20260731-c8-full29 client=i5 action=none detail=sequence=81_target_error_mm=47131_native_fallback=false
[Info   :ComfyNetworkSense] [07/31/2026 07:25:47] MOTION_AUTHORITY state=target_rejected run_id=native-20260731-c8-full29 client=i5 action=none detail=sequence=81_target_error_mm=47135_native_fallback=false
[Info   :ComfyNetworkSense] [07/31/2026 07:25:47] MOTION_AUTHORITY state=target_rejected run_id=native-20260731-c8-full29 client=i5 action=none detail=sequence=82_target_error_mm=47129_native_fallback=false
[Info   :ComfyNetworkSense] [07/31/2026 07:25:47] MOTION_AUTHORITY state=target_rejected run_id=native-20260731-c8-full29 client=i5 action=none detail=sequence=82_target_error_mm=47137_native_fallback=false
[Info   :ComfyNetworkSense] [07/31/2026 07:25:47] MOTION_AUTHORITY state=target_rejected run_id=native-20260731-c8-full29 client=i5 action=none detail=sequence=82_target_error_mm=47143_native_fallback=false
[Info   :ComfyNetworkSense] [07/31/2026 07:25:47] MOTION_AUTHORITY state=target_rejected run_id=native-20260731-c8-full29 client=i5 action=none detail=sequence=83_target_error_mm=47158_native_fallback=false
[Info   :ComfyNetworkSense] [07/31/2026 07:25:47] MOTION_AUTHORITY state=target_rejected run_id=native-20260731-c8-full29 client=i5 action=none detail=sequence=83_target_error_mm=47162_native_fallback=false
[Info   :ComfyNetworkSense] [07/31/2026 07:25:47] MOTION_AUTHORITY state=target_rejected run_id=native-20260731-c8-full29 client=i5 action=none detail=sequence=83_target_error_mm=47168_native_fallback=false
[Info   :ComfyNetworkSense] [07/31/2026 07:25:47] MOTION_AUTHORITY state=target_rejected run_id=native-20260731-c8-full29 client=i5 action=none detail=sequence=83_target_error_mm=47174_native_fallback=false
[Info   :ComfyNetworkSense] [07/31/2026 07:25:47] MOTION_AUTHORITY state=target_rejected run_id=native-20260731-c8-full29 client=i5 action=none detail=sequence=84_target_error_mm=47178_native_fallback=false
[Info   :ComfyNetworkSense] [07/31/2026 07:25:47] MOTION_AUTHORITY state=target_rejected run_id=native-20260731-c8-full29 client=i5 action=none detail=sequence=84_target_error_mm=47182_native_fallback=false
[Info   :ComfyNetworkSense] [07/31/2026 07:25:47] MOTION_AUTHORITY state=target_rejected run_id=native-20260731-c8-full29 client=i5 action=none detail=sequence=84_target_error_mm=47187_native_fallback=false
[Info   :ComfyNetworkSense] [07/31/2026 07:25:47] MOTION_AUTHORITY state=target_rejected run_id=native-20260731-c8-full29 client=i5 action=none detail=sequence=84_target_error_mm=47191_native_fallback=false
[Info   :ComfyNetworkSense] [07/31/2026 07:25:47] MOTION_AUTHORITY state=target_rejected run_id=native-20260731-c8-full29 client=i5 action=none detail=sequence=84_target_error_mm=47195_native_fallback=false
[Info   :ComfyNetworkSense] [07/31/2026 07:25:47] MOTION_AUTHORITY state=target_rejected run_id=native-20260731-c8-full29 client=i5 action=none detail=sequence=85_target_error_mm=47189_native_fallback=false
[Info   :ComfyNetworkSense] [07/31/2026 07:25:47] MOTION_AUTHORITY state=target_rejected run_id=native-20260731-c8-full29 client=i5 action=none detail=sequence=85_target_error_mm=47193_native_fallback=false
[Info   :ComfyNetworkSense] [07/31/2026 07:25:47] MOTION_AUTHORITY state=target_rejected run_id=native-20260731-c8-full29 client=i5 action=none detail=sequence=85_target_error_mm=47197_native_fallback=false
[Info   :ComfyNetworkSense] [07/31/2026 07:25:47] MOTION_AUTHORITY state=target_rejected run_id=native-20260731-c8-full29 client=i5 action=none detail=sequence=85_target_error_mm=47201_native_fallback=false
[Info   :ComfyNetworkSense] [07/31/2026 07:25:47] MOTION_AUTHORITY state=target_rejected run_id=native-20260731-c8-full29 client=i5 action=none detail=sequence=85_target_error_mm=47204_native_fallback=false
[Info   :ComfyNetworkSense] [07/31/2026 07:25:47] MOTION_AUTHORITY state=target_rejected run_id=native-20260731-c8-full29 client=i5 action=none detail=sequence=85_target_error_mm=47208_native_fallback=false
[Info   :ComfyNetworkSense] [07/31/2026 07:25:47] MOTION_AUTHORITY state=target_rejected run_id=native-20260731-c8-full29 client=i5 action=none detail=sequence=86_target_error_mm=47222_native_fallback=false
[Info   :ComfyNetworkSense] [07/31/2026 07:25:47] MOTION_AUTHORITY state=target_rejected run_id=native-20260731-c8-full29 client=i5 action=none detail=sequence=86_target_error_mm=47226_native_fallback=false
[Info   :ComfyNetworkSense] [07/31/2026 07:25:47] MOTION_AUTHORITY state=target_rejected run_id=native-20260731-c8-full29 client=i5 action=none detail=sequence=86_target_error_mm=47231_native_fallback=false
[Info   :ComfyNetworkSense] [07/31/2026 07:25:47] MOTION_AUTHORITY state=target_rejected run_id=native-20260731-c8-full29 client=i5 action=none detail=sequence=86_target_error_mm=47234_native_fallback=false
[Info   :ComfyNetworkSense] [07/31/2026 07:25:47] MOTION_AUTHORITY state=target_rejected run_id=native-20260731-c8-full29 client=i5 action=none detail=sequence=86_target_error_mm=47238_native_fallback=false
[Info   :ComfyNetworkSense] [07/31/2026 07:25:47] LOGICAL_PEER_CUTOVER state=logical_native_invoke_suppressed run_id=native-20260731-c8-full29 detail=count=32_method=ZDOData_semantic_fallback=false
[Info   :ComfyNetworkSense] [07/31/2026 07:25:47] MOTION_AUTHORITY state=target_rejected run_id=native-20260731-c8-full29 client=i5 action=none detail=sequence=87_target_error_mm=47232_native_fallback=false
[Info   :ComfyNetworkSense] [07/31/2026 07:25:47] MOTION_AUTHORITY state=target_rejected run_id=native-20260731-c8-full29 client=i5 action=none detail=sequence=87_target_error_mm=47236_native_fallback=false
[Info   :ComfyNetworkSense] [07/31/2026 07:25:47] MOTION_AUTHORITY state=target_rejected run_id=native-20260731-c8-full29 client=i5 action=none detail=sequence=87_target_error_mm=47241_native_fallback=false
[Info   :ComfyNetworkSense] [07/31/2026 07:25:47] MOTION_AUTHORITY state=target_rejected run_id=native-20260731-c8-full29 client=i5 action=none detail=sequence=87_target_error_mm=47244_native_fallback=false
[Info   :ComfyNetworkSense] [07/31/2026 07:25:47] MOTION_AUTHORITY state=target_rejected run_id=native-20260731-c8-full29 client=i5 action=none detail=sequence=87_target_error_mm=47248_native_fallback=false
[Info   :ComfyNetworkSense] [07/31/2026 07:25:47] MOTION_AUTHORITY state=target_rejected run_id=native-20260731-c8-full29 client=i5 action=none detail=sequence=87_target_error_mm=47252_native_fallback=false
[Info   :ComfyNetworkSense] [07/31/2026 07:25:47] MOTION_AUTHORITY state=target_rejected run_id=native-20260731-c8-full29 client=i5 action=none detail=sequence=88_target_error_mm=47266_native_fallback=false
[Info   :ComfyNetworkSense] [07/31/2026 07:25:47] MOTION_AUTHORITY state=target_rejected run_id=native-20260731-c8-full29 client=i5 action=none detail=sequence=88_target_error_mm=47270_native_fallback=false
[Info   :ComfyNetworkSense] [07/31/2026 07:25:47] MOTION_AUTHORITY state=target_rejected run_id=native-20260731-c8-full29 client=i5 action=none detail=sequence=88_target_error_mm=47274_native_fallback=false
[Info   :ComfyNetworkSense] [07/31/2026 07:25:47] MOTION_AUTHORITY state=target_rejected run_id=native-20260731-c8-full29 client=i5 action=none detail=sequence=88_target_error_mm=47278_native_fallback=false
[Info   :ComfyNetworkSense] [07/31/2026 07:25:47] MOTION_AUTHORITY state=target_rejected run_id=native-20260731-c8-full29 client=i5 action=none detail=sequence=89_target_error_mm=47281_native_fallback=false
[Info   :ComfyNetworkSense] [07/31/2026 07:25:47] MOTION_AUTHORITY state=target_rejected run_id=native-20260731-c8-full29 client=i5 action=none detail=sequence=89_target_error_mm=47285_native_fallback=false
[Info   :ComfyNetworkSense] [07/31/2026 07:25:47] MOTION_AUTHORITY state=target_rejected run_id=native-20260731-c8-full29 client=i5 action=none detail=sequence=89_target_error_mm=47290_native_fallback=false
[Info   :ComfyNetworkSense] [07/31/2026 07:25:47] MOTION_AUTHORITY state=target_rejected run_id=native-20260731-c8-full29 client=i5 action=none detail=sequence=89_target_error_mm=47293_native_fallback=false
[Info   :ComfyNetworkSense] [07/31/2026 07:25:47] MOTION_AUTHORITY state=target_rejected run_id=native-20260731-c8-full29 client=i5 action=none detail=sequence=89_target_error_mm=47298_native_fallback=false
[Info   :ComfyNetworkSense] [07/31/2026 07:25:48] MOTION_AUTHORITY state=target_rejected run_id=native-20260731-c8-full29 client=i5 action=none detail=sequence=89_target_error_mm=47302_native_fallback=false
[Info   :ComfyNetworkSense] [07/31/2026 07:25:48] MOTION_AUTHORITY state=target_rejected run_id=native-20260731-c8-full29 client=i5 action=none detail=sequence=90_target_error_mm=47296_native_fallback=false
[Info   :ComfyNetworkSense] [07/31/2026 07:25:48] MOTION_AUTHORITY state=target_rejected run_id=native-20260731-c8-full29 client=i5 action=none detail=sequence=90_target_error_mm=47300_native_fallback=false
[Info   :ComfyNetworkSense] [07/31/2026 07:25:48] MOTION_AUTHORITY state=target_rejected run_id=native-20260731-c8-full29 client=i5 action=none detail=sequence=90_target_error_mm=47304_native_fallback=false
[Info   :ComfyNetworkSense] [07/31/2026 07:25:48] MOTION_AUTHORITY state=target_rejected run_id=native-20260731-c8-full29 client=i5 action=none detail=sequence=90_target_error_mm=47308_native_fallback=false
[Info   :ComfyNetworkSense] [07/31/2026 07:25:48] MOTION_AUTHORITY state=target_rejected run_id=native-20260731-c8-full29 client=i5 action=none detail=sequence=90_target_error_mm=47311_native_fallback=false
[Info   :ComfyNetworkSense] [07/31/2026 07:25:48] MOTION_AUTHORITY state=target_rejected run_id=native-20260731-c8-full29 client=i5 action=none detail=sequence=91_target_error_mm=47325_native_fallback=false
[Info   :ComfyNetworkSense] [07/31/2026 07:25:48] MOTION_AUTHORITY state=target_rejected run_id=native-20260731-c8-full29 client=i5 action=none detail=sequence=91_target_error_mm=47330_native_fallback=false
[Info   :ComfyNetworkSense] [07/31/2026 07:25:48] MOTION_AUTHORITY state=target_rejected run_id=native-20260731-c8-full29 client=i5 action=none detail=sequence=91_target_error_mm=47333_native_fallback=false
[Info   :ComfyNetworkSense] [07/31/2026 07:25:48] MOTION_AUTHORITY state=target_rejected run_id=native-20260731-c8-full29 client=i5 action=none detail=sequence=91_target_error_mm=47338_native_fallback=false
[Info   :ComfyNetworkSense] [07/31/2026 07:25:48] MOTION_AUTHORITY state=target_rejected run_id=native-20260731-c8-full29 client=i5 action=none detail=sequence=91_target_error_mm=47341_native_fallback=false
[Info   :ComfyNetworkSense] [07/31/2026 07:25:48] MOTION_AUTHORITY state=target_rejected run_id=native-20260731-c8-full29 client=i5 action=none detail=sequence=91_target_error_mm=47345_native_fallback=false
[Info   :ComfyNetworkSense] [07/31/2026 07:25:48] MOTION_AUTHORITY state=target_rejected run_id=native-20260731-c8-full29 client=i5 action=none detail=sequence=92_target_error_mm=47350_native_fallback=false
[Info   :ComfyNetworkSense] [07/31/2026 07:25:48] MOTION_AUTHORITY state=target_rejected run_id=native-20260731-c8-full29 client=i5 action=none detail=sequence=92_target_error_mm=47353_native_fallback=false
[Info   :ComfyNetworkSense] [07/31/2026 07:25:48] MOTION_AUTHORITY state=target_rejected run_id=native-20260731-c8-full29 client=i5 action=none detail=sequence=92_target_error_mm=47357_native_fallback=false
[Info   :ComfyNetworkSense] [07/31/2026 07:25:48] MOTION_AUTHORITY state=target_rejected run_id=native-20260731-c8-full29 client=i5 action=none detail=sequence=92_target_error_mm=47361_native_fallback=false
[Info   :ComfyNetworkSense] [07/31/2026 07:25:48] MOTION_AUTHORITY state=target_rejected run_id=native-20260731-c8-full29 client=i5 action=none detail=sequence=92_target_error_mm=47365_native_fallback=false
[Info   :ComfyNetworkSense] [07/31/2026 07:25:48] MOTION_AUTHORITY state=target_rejected run_id=native-20260731-c8-full29 client=i5 action=none detail=sequence=93_target_error_mm=47360_native_fallback=false
[Info   :ComfyNetworkSense] [07/31/2026 07:25:48] MOTION_AUTHORITY state=target_rejected run_id=native-20260731-c8-full29 client=i5 action=none detail=sequence=93_target_error_mm=47364_native_fallback=false
[Info   :ComfyNetworkSense] [07/31/2026 07:25:48] MOTION_AUTHORITY state=native_transform_writer_suppressed run_id=native-20260731-c8-full29 client=i5 action=none detail=count=128_writer=ZSyncTransform.CustomFixedUpdate
[Info   :ComfyNetworkSense] [07/31/2026 07:25:48] MOTION_AUTHORITY state=target_rejected run_id=native-20260731-c8-full29 client=i5 action=none detail=sequence=93_target_error_mm=47368_native_fallback=false
[Info   :ComfyNetworkSense] [07/31/2026 07:25:48] MOTION_AUTHORITY state=target_rejected run_id=native-20260731-c8-full29 client=i5 action=none detail=sequence=93_target_error_mm=47372_native_fallback=false
[Info   :ComfyNetworkSense] [07/31/2026 07:25:48] MOTION_AUTHORITY state=target_rejected run_id=native-20260731-c8-full29 client=i5 action=none detail=sequence=93_target_error_mm=47376_native_fallback=false
[Info   :ComfyNetworkSense] [07/31/2026 07:25:48] MOTION_AUTHORITY state=target_rejected run_id=native-20260731-c8-full29 client=i5 action=none detail=sequence=94_target_error_mm=47390_native_fallback=false
[Info   :ComfyNetworkSense] [07/31/2026 07:25:48] MOTION_AUTHORITY state=target_rejected run_id=native-20260731-c8-full29 client=i5 action=none detail=sequence=94_target_error_mm=47394_native_fallback=false
[Info   :ComfyNetworkSense] [07/31/2026 07:25:48] MOTION_AUTHORITY state=target_rejected run_id=native-20260731-c8-full29 client=i5 action=none detail=sequence=94_target_error_mm=47397_native_fallback=false
[Info   :ComfyNetworkSense] [07/31/2026 07:25:48] MOTION_AUTHORITY state=target_rejected run_id=native-20260731-c8-full29 client=i5 action=none detail=sequence=94_target_error_mm=47401_native_fallback=false
[Info   :ComfyNetworkSense] [07/31/2026 07:25:48] MOTION_AUTHORITY state=target_rejected run_id=native-20260731-c8-full29 client=i5 action=none detail=sequence=94_target_error_mm=47405_native_fallback=false
[Info   :ComfyNetworkSense] [07/31/2026 07:25:48] MOTION_AUTHORITY state=target_rejected run_id=native-20260731-c8-full29 client=i5 action=none detail=sequence=94_target_error_mm=47410_native_fallback=false
[Info   :ComfyNetworkSense] [07/31/2026 07:25:48] MOTION_AUTHORITY state=target_rejected run_id=native-20260731-c8-full29 client=i5 action=none detail=sequence=95_target_error_mm=47413_native_fallback=false
[Info   :ComfyNetworkSense] [07/31/2026 07:25:48] MOTION_AUTHORITY state=target_rejected run_id=native-20260731-c8-full29 client=i5 action=none detail=sequence=95_target_error_mm=47418_native_fallback=false
[Info   :ComfyNetworkSense] [07/31/2026 07:25:48] MOTION_AUTHORITY state=target_rejected run_id=native-20260731-c8-full29 client=i5 action=none detail=sequence=95_target_error_mm=47423_native_fallback=false
[Info   :ComfyNetworkSense] [07/31/2026 07:25:48] MOTION_AUTHORITY state=target_rejected run_id=native-20260731-c8-full29 client=i5 action=none detail=sequence=95_target_error_mm=47426_native_fallback=false
[Info   :ComfyNetworkSense] [07/31/2026 07:25:48] MOTION_AUTHORITY state=target_rejected run_id=native-20260731-c8-full29 client=i5 action=none detail=sequence=95_target_error_mm=47430_native_fallback=false
[Info   :ComfyNetworkSense] [07/31/2026 07:25:48] MOTION_AUTHORITY state=target_rejected run_id=native-20260731-c8-full29 client=i5 action=none detail=sequence=96_target_error_mm=47424_native_fallback=false
[Info   :ComfyNetworkSense] [07/31/2026 07:25:48] MOTION_AUTHORITY state=target_rejected run_id=native-20260731-c8-full29 client=i5 action=none detail=sequence=96_target_error_mm=47428_native_fallback=false
[Info   :ComfyNetworkSense] [07/31/2026 07:25:48] MOTION_AUTHORITY state=target_rejected run_id=native-20260731-c8-full29 client=i5 action=none detail=sequence=96_target_error_mm=47433_native_fallback=false
[Info   :ComfyNetworkSense] [07/31/2026 07:25:48] MOTION_AUTHORITY state=target_rejected run_id=native-20260731-c8-full29 client=i5 action=none detail=sequence=96_target_error_mm=47436_native_fallback=false
[Info   :ComfyNetworkSense] [07/31/2026 07:25:48] MOTION_AUTHORITY state=target_rejected run_id=native-20260731-c8-full29 client=i5 action=none detail=sequence=96_target_error_mm=47440_native_fallback=false
[Info   :ComfyNetworkSense] [07/31/2026 07:25:48] MOTION_AUTHORITY state=target_rejected run_id=native-20260731-c8-full29 client=i5 action=none detail=sequence=97_target_error_mm=47454_native_fallback=false
[Info   :ComfyNetworkSense] [07/31/2026 07:25:48] MOTION_AUTHORITY state=target_rejected run_id=native-20260731-c8-full29 client=i5 action=none detail=sequence=97_target_error_mm=47458_native_fallback=false
[Info   :ComfyNetworkSense] [07/31/2026 07:25:48] MOTION_AUTHORITY state=target_rejected run_id=native-20260731-c8-full29 client=i5 action=none detail=sequence=97_target_error_mm=47463_native_fallback=false
[Info   :ComfyNetworkSense] [07/31/2026 07:25:48] MOTION_AUTHORITY state=target_rejected run_id=native-20260731-c8-full29 client=i5 action=none detail=sequence=97_target_error_mm=47466_native_fallback=false
[Info   :ComfyNetworkSense] [07/31/2026 07:25:48] MOTION_AUTHORITY state=target_rejected run_id=native-20260731-c8-full29 client=i5 action=none detail=sequence=97_target_error_mm=47470_native_fallback=false
[Info   :ComfyNetworkSense] [07/31/2026 07:25:48] MOTION_AUTHORITY state=target_rejected run_id=native-20260731-c8-full29 client=i5 action=none detail=sequence=98_target_error_mm=47474_native_fallback=false
[Info   :ComfyNetworkSense] [07/31/2026 07:25:48] MOTION_AUTHORITY state=target_rejected run_id=native-20260731-c8-full29 client=i5 action=none detail=sequence=98_target_error_mm=47478_native_fallback=false
[Info   :ComfyNetworkSense] [07/31/2026 07:25:48] MOTION_AUTHORITY state=target_rejected run_id=native-20260731-c8-full29 client=i5 action=none detail=sequence=98_target_error_mm=47483_native_fallback=false
[Info   :ComfyNetworkSense] [07/31/2026 07:25:48] MOTION_AUTHORITY state=target_rejected run_id=native-20260731-c8-full29 client=i5 action=none detail=sequence=98_target_error_mm=47486_native_fallback=false
[Info   :ComfyNetworkSense] [07/31/2026 07:25:48] MOTION_AUTHORITY state=target_rejected run_id=native-20260731-c8-full29 client=i5 action=none detail=sequence=98_target_error_mm=47490_native_fallback=false
[Info   :ComfyNetworkSense] [07/31/2026 07:25:48] MOTION_AUTHORITY state=target_rejected run_id=native-20260731-c8-full29 client=i5 action=none detail=sequence=99_target_error_mm=47484_native_fallback=false
[Info   :ComfyNetworkSense] [07/31/2026 07:25:48] MOTION_AUTHORITY state=target_rejected run_id=native-20260731-c8-full29 client=i5 action=none detail=sequence=99_target_error_mm=47488_native_fallback=false
[Info   :ComfyNetworkSense] [07/31/2026 07:25:48] MOTION_AUTHORITY state=target_rejected run_id=native-20260731-c8-full29 client=i5 action=none detail=sequence=99_target_error_mm=47493_native_fallback=false
[Info   :ComfyNetworkSense] [07/31/2026 07:25:48] MOTION_AUTHORITY state=target_rejected run_id=native-20260731-c8-full29 client=i5 action=none detail=sequence=99_target_error_mm=47496_native_fallback=false
[Info   :ComfyNetworkSense] [07/31/2026 07:25:48] MOTION_AUTHORITY state=target_rejected run_id=native-20260731-c8-full29 client=i5 action=none detail=sequence=99_target_error_mm=47500_native_fallback=false
[Info   :ComfyNetworkSense] [07/31/2026 07:25:48] MOTION_AUTHORITY state=target_rejected run_id=native-20260731-c8-full29 client=i5 action=none detail=sequence=99_target_error_mm=47504_native_fallback=false
[Info   :ComfyNetworkSense] [07/31/2026 07:25:48] MOTION_AUTHORITY state=target_rejected run_id=native-20260731-c8-full29 client=i5 action=none detail=sequence=100_target_error_mm=47518_native_fallback=false
[Info   :ComfyNetworkSense] [07/31/2026 07:25:48] MOTION_AUTHORITY state=target_rejected run_id=native-20260731-c8-full29 client=i5 action=none detail=sequence=100_target_error_mm=47523_native_fallback=false
[Info   :ComfyNetworkSense] [07/31/2026 07:25:48] MOTION_AUTHORITY state=target_rejected run_id=native-20260731-c8-full29 client=i5 action=none detail=sequence=100_target_error_mm=47526_native_fallback=false
[Info   :ComfyNetworkSense] [07/31/2026 07:25:48] MOTION_AUTHORITY state=target_rejected run_id=native-20260731-c8-full29 client=i5 action=none detail=sequence=100_target_error_mm=47530_native_fallback=false
[Info   :ComfyNetworkSense] [07/31/2026 07:25:48] MOTION_AUTHORITY state=target_rejected run_id=native-20260731-c8-full29 client=i5 action=none detail=sequence=100_target_error_mm=47534_native_fallback=false
[Info   :ComfyNetworkSense] [07/31/2026 07:25:48] MOTION_AUTHORITY state=target_rejected run_id=native-20260731-c8-full29 client=i5 action=none detail=sequence=101_target_error_mm=47528_native_fallback=false
[Info   :ComfyNetworkSense] [07/31/2026 07:25:48] MOTION_AUTHORITY state=target_rejected run_id=native-20260731-c8-full29 client=i5 action=none detail=sequence=101_target_error_mm=47533_native_fallback=false
[Info   :ComfyNetworkSense] [07/31/2026 07:25:48] MOTION_AUTHORITY state=target_rejected run_id=native-20260731-c8-full29 client=i5 action=none detail=sequence=101_target_error_mm=47537_native_fallback=false
[Info   :ComfyNetworkSense] [07/31/2026 07:25:48] MOTION_AUTHORITY state=target_rejected run_id=native-20260731-c8-full29 client=i5 action=none detail=sequence=101_target_error_mm=47541_native_fallback=false
[Info   :ComfyNetworkSense] [07/31/2026 07:25:48] MOTION_AUTHORITY state=target_rejected run_id=native-20260731-c8-full29 client=i5 action=none detail=sequence=101_target_error_mm=47546_native_fallback=false
[Info   :ComfyNetworkSense] [07/31/2026 07:25:48] MOTION_AUTHORITY state=target_rejected run_id=native-20260731-c8-full29 client=i5 action=none detail=sequence=101_target_error_mm=47549_native_fallback=false
[Info   :ComfyNetworkSense] [07/31/2026 07:25:48] MOTION_AUTHORITY state=target_rejected run_id=native-20260731-c8-full29 client=i5 action=none detail=sequence=102_target_error_mm=47563_native_fallback=false
[Info   :ComfyNetworkSense] [07/31/2026 07:25:48] MOTION_AUTHORITY state=target_rejected run_id=native-20260731-c8-full29 client=i5 action=none detail=sequence=102_target_error_mm=47567_native_fallback=false
[Info   :ComfyNetworkSense] [07/31/2026 07:25:48] MOTION_AUTHORITY state=target_rejected run_id=native-20260731-c8-full29 client=i5 action=none detail=sequence=102_target_error_mm=47571_native_fallback=false
[Info   :ComfyNetworkSense] [07/31/2026 07:25:48] MOTION_AUTHORITY state=target_rejected run_id=native-20260731-c8-full29 client=i5 action=none detail=sequence=102_target_error_mm=47576_native_fallback=false
[Info   :ComfyNetworkSense] [07/31/2026 07:25:48] MOTION_AUTHORITY state=target_rejected run_id=native-20260731-c8-full29 client=i5 action=none detail=sequence=103_target_error_mm=47579_native_fallback=false
[Info   :ComfyNetworkSense] [07/31/2026 07:25:48] MOTION_AUTHORITY state=target_rejected run_id=native-20260731-c8-full29 client=i5 action=none detail=sequence=103_target_error_mm=47583_native_fallback=false
[Info   :ComfyNetworkSense] [07/31/2026 07:25:48] CUTOVER_SCENARIO state=completed run_id=native-20260731-c8-full29 client=i5 action=i5-settle detail=wait_elapsed
[Info   :ComfyNetworkSense] [07/31/2026 07:25:48] MOTION_AUTHORITY state=target_rejected run_id=native-20260731-c8-full29 client=i5 action=none detail=sequence=103_target_error_mm=47587_native_fallback=false
[Info   :ComfyNetworkSense] [07/31/2026 07:25:48] CUTOVER_SCENARIO state=action_started run_id=native-20260731-c8-full29 client=i5 action=i5-c8-safe-origin detail=kind=teleport_to
[Info   :ComfyNetworkSense] [07/31/2026 07:25:48] CUTOVER_SCENARIO state=teleport_safeguard_enabled run_id=native-20260731-c8-full29 client=i5 action=i5-c8-safe-origin detail=god=True_fly=False_dead=False
[Info   :ComfyNetworkSense] [07/31/2026 07:25:48] MOTION_AUTHORITY state=target_rejected run_id=native-20260731-c8-full29 client=i5 action=none detail=sequence=103_target_error_mm=47591_native_fallback=false
[Info   :ComfyNetworkSense] [07/31/2026 07:25:48] CUTOVER_SCENARIO state=coordinate_teleport_started run_id=native-20260731-c8-full29 client=i5 action=i5-c8-safe-origin detail=target=2211,80,-69
[Info   :ComfyNetworkSense] [07/31/2026 07:25:48] MOTION_AUTHORITY state=target_rejected run_id=native-20260731-c8-full29 client=i5 action=none detail=sequence=103_target_error_mm=47596_native_fallback=false
[Info   :ComfyNetworkSense] [07/31/2026 07:25:48] MOTION_AUTHORITY state=target_rejected run_id=native-20260731-c8-full29 client=i5 action=none detail=sequence=104_target_error_mm=47590_native_fallback=false
[Info   :ComfyNetworkSense] [07/31/2026 07:25:48] MOTION_AUTHORITY state=target_rejected run_id=native-20260731-c8-full29 client=i5 action=none detail=sequence=104_target_error_mm=47594_native_fallback=false
[Info   :ComfyNetworkSense] [07/31/2026 07:25:48] MOTION_AUTHORITY state=target_rejected run_id=native-20260731-c8-full29 client=i5 action=none detail=sequence=104_target_error_mm=47599_native_fallback=false
[Info   :ComfyNetworkSense] [07/31/2026 07:25:48] MOTION_AUTHORITY state=target_rejected run_id=native-20260731-c8-full29 client=i5 action=none detail=sequence=104_target_error_mm=47602_native_fallback=false
[Info   :ComfyNetworkSense] [07/31/2026 07:25:48] MOTION_AUTHORITY state=target_rejected run_id=native-20260731-c8-full29 client=i5 action=none detail=sequence=104_target_error_mm=47606_native_fallback=false
[Warning:ComfyNetworkSense] [07/31/2026 07:25:48] Authoritative consumer telemetry failed: TimeoutException: connect timeout to 8.231.129.249:42317
[Info   :ComfyNetworkSense] [07/31/2026 07:25:48] MOTION_AUTHORITY state=target_rejected run_id=native-20260731-c8-full29 client=i5 action=none detail=sequence=104_target_error_mm=47610_native_fallback=false
[Info   :ComfyNetworkSense] [07/31/2026 07:25:48] MOTION_AUTHORITY state=target_rejected run_id=native-20260731-c8-full29 client=i5 action=none detail=sequence=105_target_error_mm=47625_native_fallback=false
[Info   :ComfyNetworkSense] [07/31/2026 07:25:48] MOTION_AUTHORITY state=target_rejected run_id=native-20260731-c8-full29 client=i5 action=none detail=sequence=105_target_error_mm=47629_native_fallback=false
[Info   :ComfyNetworkSense] [07/31/2026 07:25:48] MOTION_AUTHORITY state=target_rejected run_id=native-20260731-c8-full29 client=i5 action=none detail=sequence=105_target_error_mm=47633_native_fallback=false
[Info   :ComfyNetworkSense] [07/31/2026 07:25:48] MOTION_AUTHORITY state=target_rejected run_id=native-20260731-c8-full29 client=i5 action=none detail=sequence=105_target_error_mm=47637_native_fallback=false
[Info   :ComfyNetworkSense] [07/31/2026 07:25:48] MOTION_AUTHORITY state=target_rejected run_id=native-20260731-c8-full29 client=i5 action=none detail=sequence=106_target_error_mm=47642_native_fallback=false
[Info   :ComfyNetworkSense] [07/31/2026 07:25:48] MOTION_AUTHORITY state=target_rejected run_id=native-20260731-c8-full29 client=i5 action=none detail=sequence=106_target_error_mm=47645_native_fallback=false
[Info   :ComfyNetworkSense] [07/31/2026 07:25:48] MOTION_AUTHORITY state=target_rejected run_id=native-20260731-c8-full29 client=i5 action=none detail=sequence=106_target_error_mm=47650_native_fallback=false
[Info   :ComfyNetworkSense] [07/31/2026 07:25:48] MOTION_AUTHORITY state=target_rejected run_id=native-20260731-c8-full29 client=i5 action=none detail=sequence=106_target_error_mm=47654_native_fallback=false
[Info   :ComfyNetworkSense] [07/31/2026 07:25:48] MOTION_AUTHORITY state=target_rejected run_id=native-20260731-c8-full29 client=i5 action=none detail=sequence=106_target_error_mm=47658_native_fallback=false
[Info   :ComfyNetworkSense] [07/31/2026 07:25:48] MOTION_AUTHORITY state=target_rejected run_id=native-20260731-c8-full29 client=i5 action=none detail=sequence=106_target_error_mm=47662_native_fallback=false
[Info   :ComfyNetworkSense] [07/31/2026 07:25:48] MOTION_AUTHORITY state=target_rejected run_id=native-20260731-c8-full29 client=i5 action=none detail=sequence=107_target_error_mm=47656_native_fallback=false
[Info   :ComfyNetworkSense] [07/31/2026 07:25:48] MOTION_AUTHORITY state=target_rejected run_id=native-20260731-c8-full29 client=i5 action=none detail=sequence=107_target_error_mm=47660_native_fallback=false
[Info   :ComfyNetworkSense] [07/31/2026 07:25:48] MOTION_AUTHORITY state=target_rejected run_id=native-20260731-c8-full29 client=i5 action=none detail=sequence=107_target_error_mm=47665_native_fallback=false
[Info   :ComfyNetworkSense] [07/31/2026 07:25:48] MOTION_AUTHORITY state=target_rejected run_id=native-20260731-c8-full29 client=i5 action=none detail=sequence=107_target_error_mm=47668_native_fallback=false
[Info   :ComfyNetworkSense] [07/31/2026 07:25:48] MOTION_AUTHORITY state=target_rejected run_id=native-20260731-c8-full29 client=i5 action=none detail=sequence=107_target_error_mm=47673_native_fallback=false
[Info   :ComfyNetworkSense] [07/31/2026 07:25:48] MOTION_AUTHORITY state=target_rejected run_id=native-20260731-c8-full29 client=i5 action=none detail=sequence=108_target_error_mm=47687_native_fallback=false
[Info   :ComfyNetworkSense] [07/31/2026 07:25:48] MOTION_AUTHORITY state=target_rejected run_id=native-20260731-c8-full29 client=i5 action=none detail=sequence=108_target_error_mm=47691_native_fallback=false
[Info   :ComfyNetworkSense] [07/31/2026 07:25:49] MOTION_AUTHORITY state=target_rejected run_id=native-20260731-c8-full29 client=i5 action=none detail=sequence=108_target_error_mm=47695_native_fallback=false
[Info   :ComfyNetworkSense] [07/31/2026 07:25:49] MOTION_AUTHORITY state=target_rejected run_id=native-20260731-c8-full29 client=i5 action=none detail=sequence=108_target_error_mm=47701_native_fallback=false
[Info   :ComfyNetworkSense] [07/31/2026 07:25:49] MOTION_AUTHORITY state=target_rejected run_id=native-20260731-c8-full29 client=i5 action=none detail=sequence=109_target_error_mm=47707_native_fallback=false
[Info   :ComfyNetworkSense] [07/31/2026 07:25:49] MOTION_AUTHORITY state=target_rejected run_id=native-20260731-c8-full29 client=i5 action=none detail=sequence=109_target_error_mm=47710_native_fallback=false
[Info   :ComfyNetworkSense] [07/31/2026 07:25:49] MOTION_AUTHORITY state=target_rejected run_id=native-20260731-c8-full29 client=i5 action=none detail=sequence=109_target_error_mm=47715_native_fallback=false
[Info   :ComfyNetworkSense] [07/31/2026 07:25:49] MOTION_AUTHORITY state=target_rejected run_id=native-20260731-c8-full29 client=i5 action=none detail=sequence=109_target_error_mm=47718_native_fallback=false
[Info   :ComfyNetworkSense] [07/31/2026 07:25:49] MOTION_AUTHORITY state=target_rejected run_id=native-20260731-c8-full29 client=i5 action=none detail=sequence=109_target_error_mm=47722_native_fallback=false
[Info   :ComfyNetworkSense] [07/31/2026 07:25:49] MOTION_AUTHORITY state=target_rejected run_id=native-20260731-c8-full29 client=i5 action=none detail=sequence=110_target_error_mm=47716_native_fallback=false
[Info   :ComfyNetworkSense] [07/31/2026 07:25:49] MOTION_AUTHORITY state=target_rejected run_id=native-20260731-c8-full29 client=i5 action=none detail=sequence=110_target_error_mm=47721_native_fallback=false
[Info   :ComfyNetworkSense] [07/31/2026 07:25:49] MOTION_AUTHORITY state=target_rejected run_id=native-20260731-c8-full29 client=i5 action=none detail=sequence=110_target_error_mm=47725_native_fallback=false
[Info   :ComfyNetworkSense] [07/31/2026 07:25:49] MOTION_AUTHORITY state=target_rejected run_id=native-20260731-c8-full29 client=i5 action=none detail=sequence=110_target_error_mm=47729_native_fallback=false
[Info   :ComfyNetworkSense] [07/31/2026 07:25:49] MOTION_AUTHORITY state=target_rejected run_id=native-20260731-c8-full29 client=i5 action=none detail=sequence=110_target_error_mm=47733_native_fallback=false
[Info   :ComfyNetworkSense] [07/31/2026 07:25:49] MOTION_AUTHORITY state=target_rejected run_id=native-20260731-c8-full29 client=i5 action=none detail=sequence=111_target_error_mm=47747_native_fallback=false
[Info   :ComfyNetworkSense] [07/31/2026 07:25:49] MOTION_AUTHORITY state=target_rejected run_id=native-20260731-c8-full29 client=i5 action=none detail=sequence=111_target_error_mm=47751_native_fallback=false
[Info   :ComfyNetworkSense] [07/31/2026 07:25:49] MOTION_AUTHORITY state=target_rejected run_id=native-20260731-c8-full29 client=i5 action=none detail=sequence=111_target_error_mm=47755_native_fallback=false
[Info   :ComfyNetworkSense] [07/31/2026 07:25:49] MOTION_AUTHORITY state=target_rejected run_id=native-20260731-c8-full29 client=i5 action=none detail=sequence=111_target_error_mm=47759_native_fallback=false
[Info   :ComfyNetworkSense] [07/31/2026 07:25:49] MOTION_AUTHORITY state=target_rejected run_id=native-20260731-c8-full29 client=i5 action=none detail=sequence=111_target_error_mm=47763_native_fallback=false
[Info   :ComfyNetworkSense] [07/31/2026 07:25:49] MOTION_AUTHORITY state=target_rejected run_id=native-20260731-c8-full29 client=i5 action=none detail=sequence=112_target_error_mm=47768_native_fallback=false
[Info   :ComfyNetworkSense] [07/31/2026 07:25:49] MOTION_AUTHORITY state=target_rejected run_id=native-20260731-c8-full29 client=i5 action=none detail=sequence=112_target_error_mm=47771_native_fallback=false
[Info   :ComfyNetworkSense] [07/31/2026 07:25:49] MOTION_AUTHORITY state=target_rejected run_id=native-20260731-c8-full29 client=i5 action=none detail=sequence=112_target_error_mm=47775_native_fallback=false
[Info   :ComfyNetworkSense] [07/31/2026 07:25:49] MOTION_AUTHORITY state=target_rejected run_id=native-20260731-c8-full29 client=i5 action=none detail=sequence=112_target_error_mm=47779_native_fallback=false
[Info   :ComfyNetworkSense] [07/31/2026 07:25:49] MOTION_AUTHORITY state=target_rejected run_id=native-20260731-c8-full29 client=i5 action=none detail=sequence=112_target_error_mm=47783_native_fallback=false
[Info   :ComfyNetworkSense] [07/31/2026 07:25:49] MOTION_AUTHORITY state=target_rejected run_id=native-20260731-c8-full29 client=i5 action=none detail=sequence=113_target_error_mm=47778_native_fallback=false
[Info   :ComfyNetworkSense] [07/31/2026 07:25:49] MOTION_AUTHORITY state=target_rejected run_id=native-20260731-c8-full29 client=i5 action=none detail=sequence=113_target_error_mm=47782_native_fallback=false
[Info   :ComfyNetworkSense] [07/31/2026 07:25:49] MOTION_AUTHORITY state=target_rejected run_id=native-20260731-c8-full29 client=i5 action=none detail=sequence=113_target_error_mm=47786_native_fallback=false
[Info   :ComfyNetworkSense] [07/31/2026 07:25:49] MOTION_AUTHORITY state=target_rejected run_id=native-20260731-c8-full29 client=i5 action=none detail=sequence=113_target_error_mm=47790_native_fallback=false
[Info   :ComfyNetworkSense] [07/31/2026 07:25:49] MOTION_AUTHORITY state=target_rejected run_id=native-20260731-c8-full29 client=i5 action=none detail=sequence=113_target_error_mm=47794_native_fallback=false
[Info   :ComfyNetworkSense] [07/31/2026 07:25:49] MOTION_AUTHORITY state=target_rejected run_id=native-20260731-c8-full29 client=i5 action=none detail=sequence=113_target_error_mm=47798_native_fallback=false
[Info   :ComfyNetworkSense] [07/31/2026 07:25:49] MOTION_AUTHORITY state=target_rejected run_id=native-20260731-c8-full29 client=i5 action=none detail=sequence=114_target_error_mm=47812_native_fallback=false
[Info   :ComfyNetworkSense] [07/31/2026 07:25:49] MOTION_AUTHORITY state=target_rejected run_id=native-20260731-c8-full29 client=i5 action=none detail=sequence=114_target_error_mm=47816_native_fallback=false
[Info   :ComfyNetworkSense] [07/31/2026 07:25:49] MOTION_AUTHORITY state=target_rejected run_id=native-20260731-c8-full29 client=i5 action=none detail=sequence=114_target_error_mm=47821_native_fallback=false
[Info   :ComfyNetworkSense] [07/31/2026 07:25:49] MOTION_AUTHORITY state=target_rejected run_id=native-20260731-c8-full29 client=i5 action=none detail=sequence=114_target_error_mm=47824_native_fallback=false
[Info   :ComfyNetworkSense] [07/31/2026 07:25:49] MOTION_AUTHORITY state=target_rejected run_id=native-20260731-c8-full29 client=i5 action=none detail=sequence=114_target_error_mm=47828_native_fallback=false
[Info   :ComfyNetworkSense] [07/31/2026 07:25:49] MOTION_AUTHORITY state=target_rejected run_id=native-20260731-c8-full29 client=i5 action=none detail=sequence=115_target_error_mm=47833_native_fallback=false
[Info   :ComfyNetworkSense] [07/31/2026 07:25:49] MOTION_AUTHORITY state=target_rejected run_id=native-20260731-c8-full29 client=i5 action=none detail=sequence=115_target_error_mm=47837_native_fallback=false
[Info   :ComfyNetworkSense] [07/31/2026 07:25:49] MOTION_AUTHORITY state=target_rejected run_id=native-20260731-c8-full29 client=i5 action=none detail=sequence=115_target_error_mm=47841_native_fallback=false
[Info   :ComfyNetworkSense] [07/31/2026 07:25:49] MOTION_AUTHORITY state=target_rejected run_id=native-20260731-c8-full29 client=i5 action=none detail=sequence=115_target_error_mm=47845_native_fallback=false
[Info   :ComfyNetworkSense] [07/31/2026 07:25:49] LOGICAL_PEER_CUTOVER state=logical_native_invoke_suppressed run_id=native-20260731-c8-full29 detail=count=64_method=ZDOData_semantic_fallback=false
[Info   :ComfyNetworkSense] [07/31/2026 07:25:49] MOTION_AUTHORITY state=target_rejected run_id=native-20260731-c8-full29 client=i5 action=none detail=sequence=115_target_error_mm=47849_native_fallback=false
[Info   :ComfyNetworkSense] [07/31/2026 07:25:49] MOTION_AUTHORITY state=target_rejected run_id=native-20260731-c8-full29 client=i5 action=none detail=sequence=115_target_error_mm=47853_native_fallback=false
[Info   :ComfyNetworkSense] [07/31/2026 07:25:49] MOTION_AUTHORITY state=target_rejected run_id=native-20260731-c8-full29 client=i5 action=none detail=sequence=116_target_error_mm=47847_native_fallback=false
[Info   :ComfyNetworkSense] [07/31/2026 07:25:49] MOTION_AUTHORITY state=target_rejected run_id=native-20260731-c8-full29 client=i5 action=none detail=sequence=116_target_error_mm=47851_native_fallback=false
[Info   :ComfyNetworkSense] [07/31/2026 07:25:49] MOTION_AUTHORITY state=target_rejected run_id=native-20260731-c8-full29 client=i5 action=none detail=sequence=116_target_error_mm=47855_native_fallback=false
[Info   :ComfyNetworkSense] [07/31/2026 07:25:49] MOTION_AUTHORITY state=target_rejected run_id=native-20260731-c8-full29 client=i5 action=none detail=sequence=116_target_error_mm=47859_native_fallback=false
[Info   :ComfyNetworkSense] [07/31/2026 07:25:49] MOTION_AUTHORITY state=target_rejected run_id=native-20260731-c8-full29 client=i5 action=none detail=sequence=117_target_error_mm=47874_native_fallback=false
[Info   :ComfyNetworkSense] [07/31/2026 07:25:49] MOTION_AUTHORITY state=target_rejected run_id=native-20260731-c8-full29 client=i5 action=none detail=sequence=117_target_error_mm=47878_native_fallback=false
[Info   :ComfyNetworkSense] [07/31/2026 07:25:49] MOTION_AUTHORITY state=target_rejected run_id=native-20260731-c8-full29 client=i5 action=none detail=sequence=117_target_error_mm=47882_native_fallback=false
[Info   :ComfyNetworkSense] [07/31/2026 07:25:49] MOTION_AUTHORITY state=target_rejected run_id=native-20260731-c8-full29 client=i5 action=none detail=sequence=117_target_error_mm=47886_native_fallback=false
[Info   :ComfyNetworkSense] [07/31/2026 07:25:49] MOTION_AUTHORITY state=native_transform_writer_suppressed run_id=native-20260731-c8-full29 client=i5 action=none detail=count=256_writer=ZSyncTransform.CustomFixedUpdate
[Info   :ComfyNetworkSense] [07/31/2026 07:25:49] MOTION_AUTHORITY state=target_rejected run_id=native-20260731-c8-full29 client=i5 action=none detail=sequence=117_target_error_mm=47890_native_fallback=false
[Info   :ComfyNetworkSense] [07/31/2026 07:25:49] MOTION_AUTHORITY state=target_rejected run_id=native-20260731-c8-full29 client=i5 action=none detail=sequence=118_target_error_mm=47884_native_fallback=false
[Info   :ComfyNetworkSense] [07/31/2026 07:25:49] MOTION_AUTHORITY state=target_rejected run_id=native-20260731-c8-full29 client=i5 action=none detail=sequence=118_target_error_mm=47888_native_fallback=false
[Info   :ComfyNetworkSense] [07/31/2026 07:25:49] MOTION_AUTHORITY state=target_rejected run_id=native-20260731-c8-full29 client=i5 action=none detail=sequence=118_target_error_mm=47892_native_fallback=false
[Info   :ComfyNetworkSense] [07/31/2026 07:25:49] MOTION_AUTHORITY state=target_rejected run_id=native-20260731-c8-full29 client=i5 action=none detail=sequence=118_target_error_mm=47898_native_fallback=false
[Info   :ComfyNetworkSense] [07/31/2026 07:25:49] MOTION_AUTHORITY state=target_rejected run_id=native-20260731-c8-full29 client=i5 action=none detail=sequence=118_target_error_mm=47901_native_fallback=false
[Info   :ComfyNetworkSense] [07/31/2026 07:25:49] MOTION_AUTHORITY state=target_rejected run_id=native-20260731-c8-full29 client=i5 action=none detail=sequence=119_target_error_mm=47915_native_fallback=false
[Info   :ComfyNetworkSense] [07/31/2026 07:25:49] MOTION_AUTHORITY state=target_rejected run_id=native-20260731-c8-full29 client=i5 action=none detail=sequence=119_target_error_mm=47919_native_fallback=false
[Info   :ComfyNetworkSense] [07/31/2026 07:25:49] MOTION_AUTHORITY state=target_rejected run_id=native-20260731-c8-full29 client=i5 action=none detail=sequence=119_target_error_mm=47923_native_fallback=false
[Info   :ComfyNetworkSense] [07/31/2026 07:25:49] MOTION_AUTHORITY state=target_rejected run_id=native-20260731-c8-full29 client=i5 action=none detail=sequence=119_target_error_mm=47927_native_fallback=false
[Info   :ComfyNetworkSense] [07/31/2026 07:25:49] MOTION_AUTHORITY state=target_rejected run_id=native-20260731-c8-full29 client=i5 action=none detail=sequence=119_target_error_mm=47931_native_fallback=false
[Info   :ComfyNetworkSense] [07/31/2026 07:25:49] MOTION_AUTHORITY state=target_rejected run_id=native-20260731-c8-full29 client=i5 action=none detail=sequence=119_target_error_mm=47936_native_fallback=false
[Info   :ComfyNetworkSense] [07/31/2026 07:25:49] MOTION_AUTHORITY state=target_rejected run_id=native-20260731-c8-full29 client=i5 action=none detail=sequence=120_target_error_mm=47941_native_fallback=false
[Info   :ComfyNetworkSense] [07/31/2026 07:25:49] MOTION_AUTHORITY state=target_rejected run_id=native-20260731-c8-full29 client=i5 action=none detail=sequence=120_target_error_mm=47946_native_fallback=false
[Info   :ComfyNetworkSense] [07/31/2026 07:25:49] MOTION_AUTHORITY state=target_rejected run_id=native-20260731-c8-full29 client=i5 action=none detail=sequence=120_target_error_mm=47950_native_fallback=false
[Info   :ComfyNetworkSense] [07/31/2026 07:25:49] MOTION_AUTHORITY state=target_rejected run_id=native-20260731-c8-full29 client=i5 action=none detail=sequence=120_target_error_mm=47954_native_fallback=false
[Info   :ComfyNetworkSense] [07/31/2026 07:25:49] MOTION_AUTHORITY state=target_rejected run_id=native-20260731-c8-full29 client=i5 action=none detail=sequence=121_target_error_mm=47948_native_fallback=false
[Info   :ComfyNetworkSense] [07/31/2026 07:25:49] MOTION_AUTHORITY state=target_rejected run_id=native-20260731-c8-full29 client=i5 action=none detail=sequence=121_target_error_mm=47952_native_fallback=false
[Info   :ComfyNetworkSense] [07/31/2026 07:25:49] MOTION_AUTHORITY state=target_rejected run_id=native-20260731-c8-full29 client=i5 action=none detail=sequence=121_target_error_mm=47957_native_fallback=false
[Info   :ComfyNetworkSense] [07/31/2026 07:25:49] MOTION_AUTHORITY state=target_rejected run_id=native-20260731-c8-full29 client=i5 action=none detail=sequence=121_target_error_mm=47961_native_fallback=false
[Info   :ComfyNetworkSense] [07/31/2026 07:25:49] MOTION_AUTHORITY state=target_rejected run_id=native-20260731-c8-full29 client=i5 action=none detail=sequence=121_target_error_mm=47965_native_fallback=false
[Info   :ComfyNetworkSense] [07/31/2026 07:25:49] MOTION_AUTHORITY state=target_rejected run_id=native-20260731-c8-full29 client=i5 action=none detail=sequence=122_target_error_mm=47981_native_fallback=false
[Info   :ComfyNetworkSense] [07/31/2026 07:25:49] MOTION_AUTHORITY state=target_rejected run_id=native-20260731-c8-full29 client=i5 action=none detail=sequence=122_target_error_mm=47984_native_fallback=false
[Info   :ComfyNetworkSense] [07/31/2026 07:25:49] MOTION_AUTHORITY state=target_rejected run_id=native-20260731-c8-full29 client=i5 action=none detail=sequence=122_target_error_mm=47988_native_fallback=false
[Info   :ComfyNetworkSense] [07/31/2026 07:25:49] MOTION_AUTHORITY state=target_rejected run_id=native-20260731-c8-full29 client=i5 action=none detail=sequence=122_target_error_mm=47992_native_fallback=false
[Info   :ComfyNetworkSense] [07/31/2026 07:25:49] MOTION_AUTHORITY state=target_rejected run_id=native-20260731-c8-full29 client=i5 action=none detail=sequence=122_target_error_mm=47996_native_fallback=false
[Info   :ComfyNetworkSense] [07/31/2026 07:25:49] MOTION_AUTHORITY state=target_rejected run_id=native-20260731-c8-full29 client=i5 action=none detail=sequence=123_target_error_mm=48000_native_fallback=false
[Info   :ComfyNetworkSense] [07/31/2026 07:25:49] MOTION_AUTHORITY state=target_rejected run_id=native-20260731-c8-full29 client=i5 action=none detail=sequence=123_target_error_mm=48004_native_fallback=false
[Info   :ComfyNetworkSense] [07/31/2026 07:25:49] MOTION_AUTHORITY state=target_rejected run_id=native-20260731-c8-full29 client=i5 action=none detail=sequence=123_target_error_mm=48008_native_fallback=false
[Info   :ComfyNetworkSense] [07/31/2026 07:25:49] MOTION_AUTHORITY state=target_rejected run_id=native-20260731-c8-full29 client=i5 action=none detail=sequence=123_target_error_mm=48012_native_fallback=false
[Info   :ComfyNetworkSense] [07/31/2026 07:25:49] MOTION_AUTHORITY state=target_rejected run_id=native-20260731-c8-full29 client=i5 action=none detail=sequence=123_target_error_mm=48017_native_fallback=false
[Info   :ComfyNetworkSense] [07/31/2026 07:25:49] MOTION_AUTHORITY state=target_rejected run_id=native-20260731-c8-full29 client=i5 action=none detail=sequence=124_target_error_mm=48011_native_fallback=false
[Info   :ComfyNetworkSense] [07/31/2026 07:25:49] MOTION_AUTHORITY state=target_rejected run_id=native-20260731-c8-full29 client=i5 action=none detail=sequence=124_target_error_mm=48015_native_fallback=false
[Info   :ComfyNetworkSense] [07/31/2026 07:25:49] MOTION_AUTHORITY state=target_rejected run_id=native-20260731-c8-full29 client=i5 action=none detail=sequence=124_target_error_mm=48019_native_fallback=false
[Info   :ComfyNetworkSense] [07/31/2026 07:25:49] MOTION_AUTHORITY state=target_rejected run_id=native-20260731-c8-full29 client=i5 action=none detail=sequence=124_target_error_mm=48024_native_fallback=false
[Info   :ComfyNetworkSense] [07/31/2026 07:25:49] MOTION_AUTHORITY state=target_rejected run_id=native-20260731-c8-full29 client=i5 action=none detail=sequence=124_target_error_mm=48027_native_fallback=false
[Info   :ComfyNetworkSense] [07/31/2026 07:25:49] MOTION_AUTHORITY state=target_rejected run_id=native-20260731-c8-full29 client=i5 action=none detail=sequence=124_target_error_mm=48031_native_fallback=false
[Info   :ComfyNetworkSense] [07/31/2026 07:25:49] MOTION_AUTHORITY state=target_rejected run_id=native-20260731-c8-full29 client=i5 action=none detail=sequence=125_target_error_mm=48045_native_fallback=false
[Info   :ComfyNetworkSense] [07/31/2026 07:25:49] MOTION_AUTHORITY state=target_rejected run_id=native-20260731-c8-full29 client=i5 action=none detail=sequence=125_target_error_mm=48049_native_fallback=false
[Info   :ComfyNetworkSense] [07/31/2026 07:25:49] MOTION_AUTHORITY state=target_rejected run_id=native-20260731-c8-full29 client=i5 action=none detail=sequence=125_target_error_mm=48054_native_fallback=false
[Info   :ComfyNetworkSense] [07/31/2026 07:25:49] MOTION_AUTHORITY state=target_rejected run_id=native-20260731-c8-full29 client=i5 action=none detail=sequence=125_target_error_mm=48058_native_fallback=false
[Info   :ComfyNetworkSense] [07/31/2026 07:25:49] MOTION_AUTHORITY state=target_rejected run_id=native-20260731-c8-full29 client=i5 action=none detail=sequence=125_target_error_mm=48062_native_fallback=false
[Info   :ComfyNetworkSense] [07/31/2026 07:25:49] MOTION_AUTHORITY state=target_rejected run_id=native-20260731-c8-full29 client=i5 action=none detail=sequence=126_target_error_mm=48067_native_fallback=false
[Info   :ComfyNetworkSense] [07/31/2026 07:25:49] MOTION_AUTHORITY state=target_rejected run_id=native-20260731-c8-full29 client=i5 action=none detail=sequence=126_target_error_mm=48070_native_fallback=false
[Info   :ComfyNetworkSense] [07/31/2026 07:25:49] MOTION_AUTHORITY state=target_rejected run_id=native-20260731-c8-full29 client=i5 action=none detail=sequence=126_target_error_mm=48074_native_fallback=false
[Info   :ComfyNetworkSense] [07/31/2026 07:25:49] MOTION_AUTHORITY state=target_rejected run_id=native-20260731-c8-full29 client=i5 action=none detail=sequence=126_target_error_mm=48078_native_fallback=false
[Info   :ComfyNetworkSense] [07/31/2026 07:25:49] MOTION_AUTHORITY state=target_rejected run_id=native-20260731-c8-full29 client=i5 action=none detail=sequence=126_target_error_mm=48083_native_fallback=false
[Info   :ComfyNetworkSense] [07/31/2026 07:25:49] MOTION_AUTHORITY state=target_rejected run_id=native-20260731-c8-full29 client=i5 action=none detail=sequence=127_target_error_mm=48077_native_fallback=false
[Info   :ComfyNetworkSense] [07/31/2026 07:25:49] MOTION_AUTHORITY state=target_rejected run_id=native-20260731-c8-full29 client=i5 action=none detail=sequence=127_target_error_mm=48081_native_fallback=false
[Info   :ComfyNetworkSense] [07/31/2026 07:25:49] MOTION_AUTHORITY state=target_rejected run_id=native-20260731-c8-full29 client=i5 action=none detail=sequence=127_target_error_mm=48085_native_fallback=false
[Info   :ComfyNetworkSense] [07/31/2026 07:25:50] MOTION_AUTHORITY state=target_rejected run_id=native-20260731-c8-full29 client=i5 action=none detail=sequence=127_target_error_mm=48090_native_fallback=false
[Info   :ComfyNetworkSense] [07/31/2026 07:25:50] MOTION_AUTHORITY state=target_rejected run_id=native-20260731-c8-full29 client=i5 action=none detail=sequence=128_target_error_mm=48103_native_fallback=false
[Info   :ComfyNetworkSense] [07/31/2026 07:25:50] MOTION_AUTHORITY state=target_rejected run_id=native-20260731-c8-full29 client=i5 action=none detail=sequence=128_target_error_mm=48107_native_fallback=false
[Info   :ComfyNetworkSense] [07/31/2026 07:25:50] MOTION_AUTHORITY state=target_rejected run_id=native-20260731-c8-full29 client=i5 action=none detail=sequence=128_target_error_mm=48112_native_fallback=false
[Info   :ComfyNetworkSense] [07/31/2026 07:25:50] MOTION_AUTHORITY state=target_rejected run_id=native-20260731-c8-full29 client=i5 action=none detail=sequence=128_target_error_mm=48116_native_fallback=false
[Info   :ComfyNetworkSense] [07/31/2026 07:25:50] MOTION_AUTHORITY state=target_rejected run_id=native-20260731-c8-full29 client=i5 action=none detail=sequence=128_target_error_mm=48120_native_fallback=false
[Info   :ComfyNetworkSense] [07/31/2026 07:25:50] MOTION_AUTHORITY state=target_rejected run_id=native-20260731-c8-full29 client=i5 action=none detail=sequence=129_target_error_mm=48114_native_fallback=false
[Info   :ComfyNetworkSense] [07/31/2026 07:25:50] MOTION_AUTHORITY state=target_rejected run_id=native-20260731-c8-full29 client=i5 action=none detail=sequence=129_target_error_mm=48118_native_fallback=false
[Info   :ComfyNetworkSense] [07/31/2026 07:25:50] MOTION_AUTHORITY state=target_rejected run_id=native-20260731-c8-full29 client=i5 action=none detail=sequence=129_target_error_mm=48123_native_fallback=false
[Info   :ComfyNetworkSense] [07/31/2026 07:25:50] MOTION_AUTHORITY state=target_rejected run_id=native-20260731-c8-full29 client=i5 action=none detail=sequence=129_target_error_mm=48126_native_fallback=false
[Info   :ComfyNetworkSense] [07/31/2026 07:25:50] MOTION_AUTHORITY state=target_rejected run_id=native-20260731-c8-full29 client=i5 action=none detail=sequence=129_target_error_mm=48130_native_fallback=false
[Info   :ComfyNetworkSense] [07/31/2026 07:25:50] MOTION_AUTHORITY state=target_rejected run_id=native-20260731-c8-full29 client=i5 action=none detail=sequence=129_target_error_mm=48134_native_fallback=false
[Info   :ComfyNetworkSense] [07/31/2026 07:25:50] MOTION_AUTHORITY state=target_rejected run_id=native-20260731-c8-full29 client=i5 action=none detail=sequence=130_target_error_mm=48148_native_fallback=false
[Info   :ComfyNetworkSense] [07/31/2026 07:25:50] MOTION_AUTHORITY state=target_rejected run_id=native-20260731-c8-full29 client=i5 action=none detail=sequence=130_target_error_mm=48153_native_fallback=false
[Info   :ComfyNetworkSense] [07/31/2026 07:25:50] MOTION_AUTHORITY state=target_rejected run_id=native-20260731-c8-full29 client=i5 action=none detail=sequence=130_target_error_mm=48157_native_fallback=false
[Info   :ComfyNetworkSense] [07/31/2026 07:25:50] MOTION_AUTHORITY state=target_rejected run_id=native-20260731-c8-full29 client=i5 action=none detail=sequence=130_target_error_mm=48161_native_fallback=false
[Info   :ComfyNetworkSense] [07/31/2026 07:25:50] MOTION_AUTHORITY state=target_rejected run_id=native-20260731-c8-full29 client=i5 action=none detail=sequence=130_target_error_mm=48165_native_fallback=false
[Info   :ComfyNetworkSense] [07/31/2026 07:25:50] MOTION_AUTHORITY state=target_rejected run_id=native-20260731-c8-full29 client=i5 action=none detail=sequence=131_target_error_mm=48169_native_fallback=false
[Info   :ComfyNetworkSense] [07/31/2026 07:25:50] MOTION_AUTHORITY state=target_rejected run_id=native-20260731-c8-full29 client=i5 action=none detail=sequence=131_target_error_mm=48173_native_fallback=false
[Info   :ComfyNetworkSense] [07/31/2026 07:25:50] MOTION_AUTHORITY state=target_rejected run_id=native-20260731-c8-full29 client=i5 action=none detail=sequence=131_target_error_mm=48177_native_fallback=false
[Info   :ComfyNetworkSense] [07/31/2026 07:25:50] MOTION_AUTHORITY state=target_rejected run_id=native-20260731-c8-full29 client=i5 action=none detail=sequence=131_target_error_mm=48181_native_fallback=false
[Info   :ComfyNetworkSense] [07/31/2026 07:25:50] MOTION_AUTHORITY state=target_rejected run_id=native-20260731-c8-full29 client=i5 action=none detail=sequence=131_target_error_mm=48186_native_fallback=false
[Info   :ComfyNetworkSense] [07/31/2026 07:25:50] MOTION_AUTHORITY state=target_rejected run_id=native-20260731-c8-full29 client=i5 action=none detail=sequence=132_target_error_mm=48180_native_fallback=false
[Info   :ComfyNetworkSense] [07/31/2026 07:25:50] MOTION_AUTHORITY state=target_rejected run_id=native-20260731-c8-full29 client=i5 action=none detail=sequence=132_target_error_mm=48184_native_fallback=false
[Info   :ComfyNetworkSense] [07/31/2026 07:25:50] MOTION_AUTHORITY state=target_rejected run_id=native-20260731-c8-full29 client=i5 action=none detail=sequence=132_target_error_mm=48188_native_fallback=false
[Info   :ComfyNetworkSense] [07/31/2026 07:25:50] MOTION_AUTHORITY state=target_rejected run_id=native-20260731-c8-full29 client=i5 action=none detail=sequence=132_target_error_mm=48192_native_fallback=false
[Info   :ComfyNetworkSense] [07/31/2026 07:25:50] MOTION_AUTHORITY state=target_rejected run_id=native-20260731-c8-full29 client=i5 action=none detail=sequence=132_target_error_mm=48196_native_fallback=false
[Info   :ComfyNetworkSense] [07/31/2026 07:25:50] MOTION_AUTHORITY state=target_rejected run_id=native-20260731-c8-full29 client=i5 action=none detail=sequence=132_target_error_mm=48200_native_fallback=false
[Info   :ComfyNetworkSense] [07/31/2026 07:25:50] MOTION_AUTHORITY state=target_rejected run_id=native-20260731-c8-full29 client=i5 action=none detail=sequence=133_target_error_mm=48205_native_fallback=false
[Info   :ComfyNetworkSense] [07/31/2026 07:25:50] MOTION_AUTHORITY state=target_rejected run_id=native-20260731-c8-full29 client=i5 action=none detail=sequence=133_target_error_mm=48210_native_fallback=false
[Info   :ComfyNetworkSense] [07/31/2026 07:25:50] MOTION_AUTHORITY state=target_rejected run_id=native-20260731-c8-full29 client=i5 action=none detail=sequence=133_target_error_mm=48213_native_fallback=false
[Info   :ComfyNetworkSense] [07/31/2026 07:25:50] MOTION_AUTHORITY state=target_rejected run_id=native-20260731-c8-full29 client=i5 action=none detail=sequence=133_target_error_mm=48217_native_fallback=false
[Info   :ComfyNetworkSense] [07/31/2026 07:25:50] MOTION_AUTHORITY state=target_rejected run_id=native-20260731-c8-full29 client=i5 action=none detail=sequence=133_target_error_mm=48221_native_fallback=false
[Info   :ComfyNetworkSense] [07/31/2026 07:25:50] MOTION_AUTHORITY state=target_rejected run_id=native-20260731-c8-full29 client=i5 action=none detail=sequence=134_target_error_mm=48235_native_fallback=false
[Info   :ComfyNetworkSense] [07/31/2026 07:25:50] MOTION_AUTHORITY state=target_rejected run_id=native-20260731-c8-full29 client=i5 action=none detail=sequence=134_target_error_mm=48239_native_fallback=false
[Info   :ComfyNetworkSense] [07/31/2026 07:25:50] MOTION_AUTHORITY state=target_rejected run_id=native-20260731-c8-full29 client=i5 action=none detail=sequence=134_target_error_mm=48244_native_fallback=false
[Info   :ComfyNetworkSense] [07/31/2026 07:25:50] MOTION_AUTHORITY state=target_rejected run_id=native-20260731-c8-full29 client=i5 action=none detail=sequence=134_target_error_mm=48248_native_fallback=false
[Info   :ComfyNetworkSense] [07/31/2026 07:25:50] MOTION_AUTHORITY state=target_rejected run_id=native-20260731-c8-full29 client=i5 action=none detail=sequence=135_target_error_mm=48253_native_fallback=false
[Info   :ComfyNetworkSense] [07/31/2026 07:25:50] MOTION_AUTHORITY state=target_rejected run_id=native-20260731-c8-full29 client=i5 action=none detail=sequence=135_target_error_mm=48256_native_fallback=false
[Info   :ComfyNetworkSense] [07/31/2026 07:25:50] MOTION_AUTHORITY state=target_rejected run_id=native-20260731-c8-full29 client=i5 action=none detail=sequence=135_target_error_mm=48260_native_fallback=false
[Info   :ComfyNetworkSense] [07/31/2026 07:25:50] MOTION_AUTHORITY state=target_rejected run_id=native-20260731-c8-full29 client=i5 action=none detail=sequence=135_target_error_mm=48264_native_fallback=false
[Info   :ComfyNetworkSense] [07/31/2026 07:25:50] MOTION_AUTHORITY state=target_rejected run_id=native-20260731-c8-full29 client=i5 action=none detail=sequence=135_target_error_mm=48268_native_fallback=false
[Info   :ComfyNetworkSense] [07/31/2026 07:25:50] MOTION_AUTHORITY state=target_rejected run_id=native-20260731-c8-full29 client=i5 action=none detail=sequence=136_target_error_mm=48263_native_fallback=false
[Info   :ComfyNetworkSense] [07/31/2026 07:25:50] MOTION_AUTHORITY state=target_rejected run_id=native-20260731-c8-full29 client=i5 action=none detail=sequence=136_target_error_mm=48266_native_fallback=false
[Info   :ComfyNetworkSense] [07/31/2026 07:25:50] MOTION_AUTHORITY state=target_rejected run_id=native-20260731-c8-full29 client=i5 action=none detail=sequence=136_target_error_mm=48271_native_fallback=false
[Info   :ComfyNetworkSense] [07/31/2026 07:25:50] MOTION_AUTHORITY state=target_rejected run_id=native-20260731-c8-full29 client=i5 action=none detail=sequence=136_target_error_mm=48276_native_fallback=false
[Info   :ComfyNetworkSense] [07/31/2026 07:25:50] MOTION_AUTHORITY state=target_rejected run_id=native-20260731-c8-full29 client=i5 action=none detail=sequence=136_target_error_mm=48279_native_fallback=false
[Info   :ComfyNetworkSense] [07/31/2026 07:25:50] MOTION_AUTHORITY state=target_rejected run_id=native-20260731-c8-full29 client=i5 action=none detail=sequence=136_target_error_mm=48283_native_fallback=false
[Info   :ComfyNetworkSense] [07/31/2026 07:25:50] MOTION_AUTHORITY state=target_rejected run_id=native-20260731-c8-full29 client=i5 action=none detail=sequence=137_target_error_mm=48297_native_fallback=false
[Info   :ComfyNetworkSense] [07/31/2026 07:25:50] MOTION_AUTHORITY state=target_rejected run_id=native-20260731-c8-full29 client=i5 action=none detail=sequence=137_target_error_mm=48301_native_fallback=false
[Info   :ComfyNetworkSense] [07/31/2026 07:25:50] MOTION_AUTHORITY state=target_rejected run_id=native-20260731-c8-full29 client=i5 action=none detail=sequence=137_target_error_mm=48306_native_fallback=false
[Info   :ComfyNetworkSense] [07/31/2026 07:25:50] MOTION_AUTHORITY state=target_rejected run_id=native-20260731-c8-full29 client=i5 action=none detail=sequence=137_target_error_mm=48310_native_fallback=false
[Info   :ComfyNetworkSense] [07/31/2026 07:25:50] MOTION_AUTHORITY state=target_rejected run_id=native-20260731-c8-full29 client=i5 action=none detail=sequence=137_target_error_mm=48314_native_fallback=false
[Info   :ComfyNetworkSense] [07/31/2026 07:25:50] MOTION_AUTHORITY state=target_rejected run_id=native-20260731-c8-full29 client=i5 action=none detail=sequence=138_target_error_mm=48308_native_fallback=false
[Info   :ComfyNetworkSense] [07/31/2026 07:25:50] MOTION_AUTHORITY state=target_rejected run_id=native-20260731-c8-full29 client=i5 action=none detail=sequence=138_target_error_mm=48312_native_fallback=false
[Info   :ComfyNetworkSense] [07/31/2026 07:25:50] MOTION_AUTHORITY state=target_rejected run_id=native-20260731-c8-full29 client=i5 action=none detail=sequence=138_target_error_mm=48316_native_fallback=false
[Info   :ComfyNetworkSense] [07/31/2026 07:25:50] MOTION_AUTHORITY state=target_rejected run_id=native-20260731-c8-full29 client=i5 action=none detail=sequence=138_target_error_mm=48320_native_fallback=false
[Info   :ComfyNetworkSense] [07/31/2026 07:25:50] MOTION_AUTHORITY state=target_rejected run_id=native-20260731-c8-full29 client=i5 action=none detail=sequence=138_target_error_mm=48324_native_fallback=false
[Info   :ComfyNetworkSense] [07/31/2026 07:25:50] MOTION_AUTHORITY state=target_rejected run_id=native-20260731-c8-full29 client=i5 action=none detail=sequence=139_target_error_mm=48339_native_fallback=false
[Info   :ComfyNetworkSense] [07/31/2026 07:25:50] MOTION_AUTHORITY state=target_rejected run_id=native-20260731-c8-full29 client=i5 action=none detail=sequence=139_target_error_mm=48347_native_fallback=false
[Info   :ComfyNetworkSense] [07/31/2026 07:25:50] MOTION_AUTHORITY state=target_rejected run_id=native-20260731-c8-full29 client=i5 action=none detail=sequence=139_target_error_mm=48352_native_fallback=false
[Info   :ComfyNetworkSense] [07/31/2026 07:25:50] MOTION_AUTHORITY state=target_rejected run_id=native-20260731-c8-full29 client=i5 action=none detail=sequence=139_target_error_mm=48356_native_fallback=false
[Info   :ComfyNetworkSense] [07/31/2026 07:25:50] MOTION_AUTHORITY state=target_rejected run_id=native-20260731-c8-full29 client=i5 action=none detail=sequence=140_target_error_mm=48361_native_fallback=false
[Info   :ComfyNetworkSense] [07/31/2026 07:25:50] MOTION_AUTHORITY state=target_rejected run_id=native-20260731-c8-full29 client=i5 action=none detail=sequence=140_target_error_mm=48366_native_fallback=false
[Info   :ComfyNetworkSense] [07/31/2026 07:25:50] MOTION_AUTHORITY state=target_rejected run_id=native-20260731-c8-full29 client=i5 action=none detail=sequence=140_target_error_mm=48372_native_fallback=false
[Info   :ComfyNetworkSense] [07/31/2026 07:25:50] MOTION_AUTHORITY state=target_rejected run_id=native-20260731-c8-full29 client=i5 action=none detail=sequence=140_target_error_mm=48376_native_fallback=false
[Info   :ComfyNetworkSense] [07/31/2026 07:25:50] MOTION_AUTHORITY state=target_rejected run_id=native-20260731-c8-full29 client=i5 action=none detail=sequence=141_target_error_mm=48370_native_fallback=false
[Info   :ComfyNetworkSense] [07/31/2026 07:25:50] MOTION_AUTHORITY state=target_rejected run_id=native-20260731-c8-full29 client=i5 action=none detail=sequence=141_target_error_mm=48375_native_fallback=false
[Info   :ComfyNetworkSense] [07/31/2026 07:25:50] MOTION_AUTHORITY state=target_rejected run_id=native-20260731-c8-full29 client=i5 action=none detail=sequence=141_target_error_mm=48378_native_fallback=false
[Info   :ComfyNetworkSense] [07/31/2026 07:25:50] MOTION_AUTHORITY state=target_rejected run_id=native-20260731-c8-full29 client=i5 action=none detail=sequence=141_target_error_mm=48383_native_fallback=false
[Info   :ComfyNetworkSense] [07/31/2026 07:25:50] MOTION_AUTHORITY state=target_rejected run_id=native-20260731-c8-full29 client=i5 action=none detail=sequence=141_target_error_mm=48387_native_fallback=false
[Info   :ComfyNetworkSense] [07/31/2026 07:25:50] MOTION_AUTHORITY state=target_rejected run_id=native-20260731-c8-full29 client=i5 action=none detail=sequence=141_target_error_mm=48391_native_fallback=false
[Info   :ComfyNetworkSense] [07/31/2026 07:25:50] MOTION_AUTHORITY state=target_rejected run_id=native-20260731-c8-full29 client=i5 action=none detail=sequence=142_target_error_mm=48405_native_fallback=false
[Info   :ComfyNetworkSense] [07/31/2026 07:25:50] MOTION_AUTHORITY state=target_rejected run_id=native-20260731-c8-full29 client=i5 action=none detail=sequence=142_target_error_mm=48408_native_fallback=false
[Info   :ComfyNetworkSense] [07/31/2026 07:25:50] MOTION_AUTHORITY state=target_rejected run_id=native-20260731-c8-full29 client=i5 action=none detail=sequence=142_target_error_mm=48412_native_fallback=false
[Info   :ComfyNetworkSense] [07/31/2026 07:25:50] MOTION_AUTHORITY state=target_rejected run_id=native-20260731-c8-full29 client=i5 action=none detail=sequence=142_target_error_mm=48414_native_fallback=false
[Info   :ComfyNetworkSense] [07/31/2026 07:25:50] MOTION_AUTHORITY state=target_rejected run_id=native-20260731-c8-full29 client=i5 action=none detail=sequence=142_target_error_mm=48417_native_fallback=false
[Info   :ComfyNetworkSense] [07/31/2026 07:25:50] MOTION_AUTHORITY state=target_rejected run_id=native-20260731-c8-full29 client=i5 action=none detail=sequence=142_target_error_mm=48420_native_fallback=false
[Info   :ComfyNetworkSense] [07/31/2026 07:25:50] MOTION_AUTHORITY state=target_rejected run_id=native-20260731-c8-full29 client=i5 action=none detail=sequence=143_target_error_mm=48422_native_fallback=false
[Info   :ComfyNetworkSense] [07/31/2026 07:25:50] MOTION_AUTHORITY state=target_rejected run_id=native-20260731-c8-full29 client=i5 action=none detail=sequence=143_target_error_mm=48425_native_fallback=false
[Info   :ComfyNetworkSense] [07/31/2026 07:25:50] MOTION_AUTHORITY state=target_rejected run_id=native-20260731-c8-full29 client=i5 action=none detail=sequence=143_target_error_mm=48428_native_fallback=false
[Info   :ComfyNetworkSense] [07/31/2026 07:25:50] MOTION_AUTHORITY state=target_rejected run_id=native-20260731-c8-full29 client=i5 action=none detail=sequence=143_target_error_mm=48430_native_fallback=false
[Info   :ComfyNetworkSense] [07/31/2026 07:25:50] MOTION_AUTHORITY state=target_rejected run_id=native-20260731-c8-full29 client=i5 action=none detail=sequence=143_target_error_mm=48433_native_fallback=false
[Info   :ComfyNetworkSense] [07/31/2026 07:25:50] MOTION_AUTHORITY state=target_rejected run_id=native-20260731-c8-full29 client=i5 action=none detail=sequence=143_target_error_mm=48436_native_fallback=false
[Info   :ComfyNetworkSense] [07/31/2026 07:25:50] MOTION_AUTHORITY state=target_rejected run_id=native-20260731-c8-full29 client=i5 action=none detail=sequence=143_target_error_mm=48439_native_fallback=false
[Info   :ComfyNetworkSense] [07/31/2026 07:25:50] MOTION_AUTHORITY state=target_rejected run_id=native-20260731-c8-full29 client=i5 action=none detail=sequence=143_target_error_mm=48441_native_fallback=false
[Info   :ComfyNetworkSense] [07/31/2026 07:25:50] MOTION_AUTHORITY state=target_rejected run_id=native-20260731-c8-full29 client=i5 action=none detail=sequence=144_target_error_mm=48434_native_fallback=false
[Info   :ComfyNetworkSense] [07/31/2026 07:25:50] MOTION_AUTHORITY state=target_rejected run_id=native-20260731-c8-full29 client=i5 action=none detail=sequence=144_target_error_mm=48436_native_fallback=false
[Info   :ComfyNetworkSense] [07/31/2026 07:25:50] MOTION_AUTHORITY state=target_rejected run_id=native-20260731-c8-full29 client=i5 action=none detail=sequence=144_target_error_mm=48439_native_fallback=false
[Info   :ComfyNetworkSense] [07/31/2026 07:25:50] MOTION_AUTHORITY state=target_rejected run_id=native-20260731-c8-full29 client=i5 action=none detail=sequence=144_target_error_mm=48442_native_fallback=false
[Info   :ComfyNetworkSense] [07/31/2026 07:25:50] MOTION_AUTHORITY state=target_rejected run_id=native-20260731-c8-full29 client=i5 action=none detail=sequence=144_target_error_mm=48445_native_fallback=false
[Info   :ComfyNetworkSense] [07/31/2026 07:25:50] MOTION_AUTHORITY state=target_rejected run_id=native-20260731-c8-full29 client=i5 action=none detail=sequence=144_target_error_mm=48447_native_fallback=false
[Info   :ComfyNetworkSense] [07/31/2026 07:25:50] MOTION_AUTHORITY state=target_rejected run_id=native-20260731-c8-full29 client=i5 action=none detail=sequence=144_target_error_mm=48450_native_fallback=false
[Info   :ComfyNetworkSense] [07/31/2026 07:25:50] MOTION_AUTHORITY state=target_rejected run_id=native-20260731-c8-full29 client=i5 action=none detail=sequence=145_target_error_mm=48463_native_fallback=false
[Info   :ComfyNetworkSense] [07/31/2026 07:25:50] MOTION_AUTHORITY state=target_rejected run_id=native-20260731-c8-full29 client=i5 action=none detail=sequence=145_target_error_mm=48465_native_fallback=false
[Info   :ComfyNetworkSense] [07/31/2026 07:25:50] MOTION_AUTHORITY state=target_rejected run_id=native-20260731-c8-full29 client=i5 action=none detail=sequence=145_target_error_mm=48468_native_fallback=false
[Info   :ComfyNetworkSense] [07/31/2026 07:25:50] MOTION_AUTHORITY state=target_rejected run_id=native-20260731-c8-full29 client=i5 action=none detail=sequence=145_target_error_mm=48472_native_fallback=false
[Info   :ComfyNetworkSense] [07/31/2026 07:25:50] MOTION_AUTHORITY state=target_rejected run_id=native-20260731-c8-full29 client=i5 action=none detail=sequence=145_target_error_mm=48474_native_fallback=false
[Info   :ComfyNetworkSense] [07/31/2026 07:25:50] MOTION_AUTHORITY state=target_rejected run_id=native-20260731-c8-full29 client=i5 action=none detail=sequence=145_target_error_mm=48477_native_fallback=false
[Info   :ComfyNetworkSense] [07/31/2026 07:25:50] MOTION_AUTHORITY state=target_rejected run_id=native-20260731-c8-full29 client=i5 action=none detail=sequence=145_target_error_mm=48480_native_fallback=false
[Info   :ComfyNetworkSense] [07/31/2026 07:25:50] MOTION_AUTHORITY state=target_rejected run_id=native-20260731-c8-full29 client=i5 action=none detail=sequence=145_target_error_mm=48483_native_fallback=false
[Info   :ComfyNetworkSense] [07/31/2026 07:25:50] MOTION_AUTHORITY state=target_rejected run_id=native-20260731-c8-full29 client=i5 action=none detail=sequence=145_target_error_mm=48485_native_fallback=false
[Info   :ComfyNetworkSense] [07/31/2026 07:25:50] MOTION_AUTHORITY state=target_rejected run_id=native-20260731-c8-full29 client=i5 action=none detail=sequence=146_target_error_mm=48488_native_fallback=false
[Info   :ComfyNetworkSense] [07/31/2026 07:25:50] MOTION_AUTHORITY state=target_rejected run_id=native-20260731-c8-full29 client=i5 action=none detail=sequence=146_target_error_mm=48492_native_fallback=false
[Info   :ComfyNetworkSense] [07/31/2026 07:25:50] MOTION_AUTHORITY state=target_rejected run_id=native-20260731-c8-full29 client=i5 action=none detail=sequence=146_target_error_mm=48494_native_fallback=false
[Info   :ComfyNetworkSense] [07/31/2026 07:25:51] MOTION_AUTHORITY state=target_rejected run_id=native-20260731-c8-full29 client=i5 action=none detail=sequence=146_target_error_mm=48497_native_fallback=false
[Info   :ComfyNetworkSense] [07/31/2026 07:25:51] MOTION_AUTHORITY state=target_rejected run_id=native-20260731-c8-full29 client=i5 action=none detail=sequence=146_target_error_mm=48500_native_fallback=false
[Info   :ComfyNetworkSense] [07/31/2026 07:25:51] MOTION_AUTHORITY state=target_rejected run_id=native-20260731-c8-full29 client=i5 action=none detail=sequence=146_target_error_mm=48502_native_fallback=false
[Info   :ComfyNetworkSense] [07/31/2026 07:25:51] MOTION_AUTHORITY state=target_rejected run_id=native-20260731-c8-full29 client=i5 action=none detail=sequence=146_target_error_mm=48506_native_fallback=false
[Info   :ComfyNetworkSense] [07/31/2026 07:25:51] MOTION_AUTHORITY state=target_rejected run_id=native-20260731-c8-full29 client=i5 action=none detail=sequence=147_target_error_mm=48499_native_fallback=false
[Info   :ComfyNetworkSense] [07/31/2026 07:25:51] MOTION_AUTHORITY state=target_rejected run_id=native-20260731-c8-full29 client=i5 action=none detail=sequence=147_target_error_mm=48502_native_fallback=false
[Info   :ComfyNetworkSense] [07/31/2026 07:25:51] MOTION_AUTHORITY state=target_rejected run_id=native-20260731-c8-full29 client=i5 action=none detail=sequence=147_target_error_mm=48505_native_fallback=false
[Info   :ComfyNetworkSense] [07/31/2026 07:25:51] MOTION_AUTHORITY state=target_rejected run_id=native-20260731-c8-full29 client=i5 action=none detail=sequence=147_target_error_mm=48508_native_fallback=false
[Info   :ComfyNetworkSense] [07/31/2026 07:25:51] MOTION_AUTHORITY state=target_rejected run_id=native-20260731-c8-full29 client=i5 action=none detail=sequence=147_target_error_mm=48511_native_fallback=false
[Info   :ComfyNetworkSense] [07/31/2026 07:25:51] MOTION_AUTHORITY state=target_rejected run_id=native-20260731-c8-full29 client=i5 action=none detail=sequence=147_target_error_mm=48514_native_fallback=false
[Info   :ComfyNetworkSense] [07/31/2026 07:25:51] MOTION_AUTHORITY state=target_rejected run_id=native-20260731-c8-full29 client=i5 action=none detail=sequence=148_target_error_mm=48526_native_fallback=false
[Info   :ComfyNetworkSense] [07/31/2026 07:25:51] MOTION_AUTHORITY state=target_rejected run_id=native-20260731-c8-full29 client=i5 action=none detail=sequence=148_target_error_mm=48529_native_fallback=false
[Info   :ComfyNetworkSense] [07/31/2026 07:25:51] MOTION_AUTHORITY state=target_rejected run_id=native-20260731-c8-full29 client=i5 action=none detail=sequence=148_target_error_mm=48532_native_fallback=false
[Info   :ComfyNetworkSense] [07/31/2026 07:25:51] MOTION_AUTHORITY state=target_rejected run_id=native-20260731-c8-full29 client=i5 action=none detail=sequence=148_target_error_mm=48534_native_fallback=false
[Info   :ComfyNetworkSense] [07/31/2026 07:25:51] MOTION_AUTHORITY state=target_rejected run_id=native-20260731-c8-full29 client=i5 action=none detail=sequence=148_target_error_mm=48538_native_fallback=false
[Info   :ComfyNetworkSense] [07/31/2026 07:25:51] MOTION_AUTHORITY state=target_rejected run_id=native-20260731-c8-full29 client=i5 action=none detail=sequence=148_target_error_mm=48540_native_fallback=false
[Info   :ComfyNetworkSense] [07/31/2026 07:25:51] MOTION_AUTHORITY state=target_rejected run_id=native-20260731-c8-full29 client=i5 action=none detail=sequence=148_target_error_mm=48543_native_fallback=false
[Info   :ComfyNetworkSense] [07/31/2026 07:25:51] MOTION_AUTHORITY state=target_rejected run_id=native-20260731-c8-full29 client=i5 action=none detail=sequence=148_target_error_mm=48546_native_fallback=false
[Info   :ComfyNetworkSense] [07/31/2026 07:25:51] MOTION_AUTHORITY state=target_rejected run_id=native-20260731-c8-full29 client=i5 action=none detail=sequence=149_target_error_mm=48539_native_fallback=false
[Info   :ComfyNetworkSense] [07/31/2026 07:25:51] MOTION_AUTHORITY state=target_rejected run_id=native-20260731-c8-full29 client=i5 action=none detail=sequence=149_target_error_mm=48542_native_fallback=false
[Info   :ComfyNetworkSense] [07/31/2026 07:25:51] MOTION_AUTHORITY state=target_rejected run_id=native-20260731-c8-full29 client=i5 action=none detail=sequence=149_target_error_mm=48544_native_fallback=false
[Info   :ComfyNetworkSense] [07/31/2026 07:25:51] MOTION_AUTHORITY state=target_rejected run_id=native-20260731-c8-full29 client=i5 action=none detail=sequence=149_target_error_mm=48548_native_fallback=false
[Info   :ComfyNetworkSense] [07/31/2026 07:25:51] MOTION_AUTHORITY state=target_rejected run_id=native-20260731-c8-full29 client=i5 action=none detail=sequence=149_target_error_mm=48551_native_fallback=false
[Info   :ComfyNetworkSense] [07/31/2026 07:25:51] MOTION_AUTHORITY state=target_rejected run_id=native-20260731-c8-full29 client=i5 action=none detail=sequence=149_target_error_mm=48553_native_fallback=false
[Info   :ComfyNetworkSense] [07/31/2026 07:25:51] MOTION_AUTHORITY state=target_rejected run_id=native-20260731-c8-full29 client=i5 action=none detail=sequence=149_target_error_mm=48556_native_fallback=false
[Info   :ComfyNetworkSense] [07/31/2026 07:25:51] MOTION_AUTHORITY state=target_rejected run_id=native-20260731-c8-full29 client=i5 action=none detail=sequence=149_target_error_mm=48558_native_fallback=false
[Info   :ComfyNetworkSense] [07/31/2026 07:25:51] MOTION_AUTHORITY state=target_rejected run_id=native-20260731-c8-full29 client=i5 action=none detail=sequence=150_target_error_mm=48561_native_fallback=false
[Info   :ComfyNetworkSense] [07/31/2026 07:25:51] MOTION_AUTHORITY state=target_rejected run_id=native-20260731-c8-full29 client=i5 action=none detail=sequence=150_target_error_mm=48564_native_fallback=false
[Info   :ComfyNetworkSense] [07/31/2026 07:25:51] MOTION_AUTHORITY state=target_rejected run_id=native-20260731-c8-full29 client=i5 action=none detail=sequence=150_target_error_mm=48566_native_fallback=false
[Info   :ComfyNetworkSense] [07/31/2026 07:25:51] MOTION_AUTHORITY state=target_rejected run_id=native-20260731-c8-full29 client=i5 action=none detail=sequence=150_target_error_mm=48569_native_fallback=false
[Info   :ComfyNetworkSense] [07/31/2026 07:25:51] MOTION_AUTHORITY state=target_rejected run_id=native-20260731-c8-full29 client=i5 action=none detail=sequence=150_target_error_mm=48572_native_fallback=false
[Info   :ComfyNetworkSense] [07/31/2026 07:25:51] MOTION_AUTHORITY state=target_rejected run_id=native-20260731-c8-full29 client=i5 action=none detail=sequence=150_target_error_mm=48575_native_fallback=false
[Info   :ComfyNetworkSense] [07/31/2026 07:25:51] MOTION_AUTHORITY state=target_rejected run_id=native-20260731-c8-full29 client=i5 action=none detail=sequence=150_target_error_mm=48577_native_fallback=false
[Info   :ComfyNetworkSense] [07/31/2026 07:25:51] MOTION_AUTHORITY state=target_rejected run_id=native-20260731-c8-full29 client=i5 action=none detail=sequence=150_target_error_mm=48580_native_fallback=false
[Info   :ComfyNetworkSense] [07/31/2026 07:25:51] MOTION_AUTHORITY state=target_rejected run_id=native-20260731-c8-full29 client=i5 action=none detail=sequence=151_target_error_mm=48593_native_fallback=false
[Info   :ComfyNetworkSense] [07/31/2026 07:25:51] MOTION_AUTHORITY state=target_rejected run_id=native-20260731-c8-full29 client=i5 action=none detail=sequence=151_target_error_mm=48596_native_fallback=false
[Info   :ComfyNetworkSense] [07/31/2026 07:25:51] MOTION_AUTHORITY state=target_rejected run_id=native-20260731-c8-full29 client=i5 action=none detail=sequence=151_target_error_mm=48598_native_fallback=false
[Info   :ComfyNetworkSense] [07/31/2026 07:25:51] MOTION_AUTHORITY state=target_rejected run_id=native-20260731-c8-full29 client=i5 action=none detail=sequence=151_target_error_mm=48601_native_fallback=false
[Info   :ComfyNetworkSense] [07/31/2026 07:25:51] MOTION_AUTHORITY state=target_rejected run_id=native-20260731-c8-full29 client=i5 action=none detail=sequence=151_target_error_mm=48604_native_fallback=false
[Info   :ComfyNetworkSense] [07/31/2026 07:25:51] MOTION_AUTHORITY state=target_rejected run_id=native-20260731-c8-full29 client=i5 action=none detail=sequence=151_target_error_mm=48607_native_fallback=false
[Info   :ComfyNetworkSense] [07/31/2026 07:25:51] MOTION_AUTHORITY state=target_rejected run_id=native-20260731-c8-full29 client=i5 action=none detail=sequence=151_target_error_mm=48610_native_fallback=false
[Info   :ComfyNetworkSense] [07/31/2026 07:25:51] MOTION_AUTHORITY state=target_rejected run_id=native-20260731-c8-full29 client=i5 action=none detail=sequence=152_target_error_mm=48603_native_fallback=false
[Info   :ComfyNetworkSense] [07/31/2026 07:25:51] MOTION_AUTHORITY state=target_rejected run_id=native-20260731-c8-full29 client=i5 action=none detail=sequence=152_target_error_mm=48605_native_fallback=false
[Info   :ComfyNetworkSense] [07/31/2026 07:25:51] MOTION_AUTHORITY state=target_rejected run_id=native-20260731-c8-full29 client=i5 action=none detail=sequence=152_target_error_mm=48608_native_fallback=false
[Info   :ComfyNetworkSense] [07/31/2026 07:25:51] MOTION_AUTHORITY state=target_rejected run_id=native-20260731-c8-full29 client=i5 action=none detail=sequence=152_target_error_mm=48611_native_fallback=false
[Info   :ComfyNetworkSense] [07/31/2026 07:25:51] MOTION_AUTHORITY state=target_rejected run_id=native-20260731-c8-full29 client=i5 action=none detail=sequence=152_target_error_mm=48614_native_fallback=false
[Info   :ComfyNetworkSense] [07/31/2026 07:25:51] MOTION_AUTHORITY state=target_rejected run_id=native-20260731-c8-full29 client=i5 action=none detail=sequence=152_target_error_mm=48617_native_fallback=false
[Info   :ComfyNetworkSense] [07/31/2026 07:25:51] MOTION_AUTHORITY state=target_rejected run_id=native-20260731-c8-full29 client=i5 action=none detail=sequence=152_target_error_mm=48619_native_fallback=false
[Info   :ComfyNetworkSense] [07/31/2026 07:25:51] MOTION_AUTHORITY state=target_rejected run_id=native-20260731-c8-full29 client=i5 action=none detail=sequence=153_target_error_mm=48632_native_fallback=false
[Info   :ComfyNetworkSense] [07/31/2026 07:25:51] MOTION_AUTHORITY state=target_rejected run_id=native-20260731-c8-full29 client=i5 action=none detail=sequence=153_target_error_mm=48635_native_fallback=false
[Info   :ComfyNetworkSense] [07/31/2026 07:25:51] MOTION_AUTHORITY state=target_rejected run_id=native-20260731-c8-full29 client=i5 action=none detail=sequence=153_target_error_mm=48638_native_fallback=false
[Info   :ComfyNetworkSense] [07/31/2026 07:25:51] MOTION_AUTHORITY state=target_rejected run_id=native-20260731-c8-full29 client=i5 action=none detail=sequence=153_target_error_mm=48640_native_fallback=false
[Info   :ComfyNetworkSense] [07/31/2026 07:25:51] MOTION_AUTHORITY state=target_rejected run_id=native-20260731-c8-full29 client=i5 action=none detail=sequence=153_target_error_mm=48643_native_fallback=false
[Info   :ComfyNetworkSense] [07/31/2026 07:25:51] MOTION_AUTHORITY state=target_rejected run_id=native-20260731-c8-full29 client=i5 action=none detail=sequence=153_target_error_mm=48646_native_fallback=false
[Info   :ComfyNetworkSense] [07/31/2026 07:25:51] MOTION_AUTHORITY state=target_rejected run_id=native-20260731-c8-full29 client=i5 action=none detail=sequence=153_target_error_mm=48648_native_fallback=false
[Info   :ComfyNetworkSense] [07/31/2026 07:25:51] MOTION_AUTHORITY state=target_rejected run_id=native-20260731-c8-full29 client=i5 action=none detail=sequence=153_target_error_mm=48651_native_fallback=false
[Info   :ComfyNetworkSense] [07/31/2026 07:25:51] MOTION_AUTHORITY state=target_rejected run_id=native-20260731-c8-full29 client=i5 action=none detail=sequence=154_target_error_mm=48654_native_fallback=false
[Info   :ComfyNetworkSense] [07/31/2026 07:25:51] MOTION_AUTHORITY state=target_rejected run_id=native-20260731-c8-full29 client=i5 action=none detail=sequence=154_target_error_mm=48656_native_fallback=false
[Info   :ComfyNetworkSense] [07/31/2026 07:25:51] MOTION_AUTHORITY state=target_rejected run_id=native-20260731-c8-full29 client=i5 action=none detail=sequence=154_target_error_mm=48659_native_fallback=false
[Info   :ComfyNetworkSense] [07/31/2026 07:25:51] MOTION_AUTHORITY state=target_rejected run_id=native-20260731-c8-full29 client=i5 action=none detail=sequence=154_target_error_mm=48662_native_fallback=false
[Info   :ComfyNetworkSense] [07/31/2026 07:25:51] MOTION_AUTHORITY state=target_rejected run_id=native-20260731-c8-full29 client=i5 action=none detail=sequence=154_target_error_mm=48665_native_fallback=false
[Info   :ComfyNetworkSense] [07/31/2026 07:25:51] MOTION_AUTHORITY state=target_rejected run_id=native-20260731-c8-full29 client=i5 action=none detail=sequence=154_target_error_mm=48667_native_fallback=false
[Info   :ComfyNetworkSense] [07/31/2026 07:25:51] MOTION_AUTHORITY state=target_rejected run_id=native-20260731-c8-full29 client=i5 action=none detail=sequence=154_target_error_mm=48671_native_fallback=false
[Info   :ComfyNetworkSense] [07/31/2026 07:25:51] MOTION_AUTHORITY state=target_rejected run_id=native-20260731-c8-full29 client=i5 action=none detail=sequence=154_target_error_mm=48673_native_fallback=false
[Info   :ComfyNetworkSense] [07/31/2026 07:25:51] MOTION_AUTHORITY state=target_rejected run_id=native-20260731-c8-full29 client=i5 action=none detail=sequence=155_target_error_mm=48666_native_fallback=false
[Info   :ComfyNetworkSense] [07/31/2026 07:25:51] MOTION_AUTHORITY state=target_rejected run_id=native-20260731-c8-full29 client=i5 action=none detail=sequence=155_target_error_mm=48669_native_fallback=false
[Info   :ComfyNetworkSense] [07/31/2026 07:25:51] MOTION_AUTHORITY state=target_rejected run_id=native-20260731-c8-full29 client=i5 action=none detail=sequence=155_target_error_mm=48671_native_fallback=false
[Info   :ComfyNetworkSense] [07/31/2026 07:25:51] MOTION_AUTHORITY state=target_rejected run_id=native-20260731-c8-full29 client=i5 action=none detail=sequence=155_target_error_mm=48674_native_fallback=false
[Info   :ComfyNetworkSense] [07/31/2026 07:25:51] MOTION_AUTHORITY state=target_rejected run_id=native-20260731-c8-full29 client=i5 action=none detail=sequence=155_target_error_mm=48677_native_fallback=false
[Info   :ComfyNetworkSense] [07/31/2026 07:25:51] MOTION_AUTHORITY state=target_rejected run_id=native-20260731-c8-full29 client=i5 action=none detail=sequence=155_target_error_mm=48680_native_fallback=false
[Info   :ComfyNetworkSense] [07/31/2026 07:25:51] MOTION_AUTHORITY state=target_rejected run_id=native-20260731-c8-full29 client=i5 action=none detail=sequence=155_target_error_mm=48682_native_fallback=false
[Info   :ComfyNetworkSense] [07/31/2026 07:25:51] MOTION_AUTHORITY state=target_rejected run_id=native-20260731-c8-full29 client=i5 action=none detail=sequence=155_target_error_mm=48685_native_fallback=false
[Info   :ComfyNetworkSense] [07/31/2026 07:25:51] MOTION_AUTHORITY state=target_rejected run_id=native-20260731-c8-full29 client=i5 action=none detail=sequence=156_target_error_mm=48698_native_fallback=false
[Info   :ComfyNetworkSense] [07/31/2026 07:25:51] MOTION_AUTHORITY state=target_rejected run_id=native-20260731-c8-full29 client=i5 action=none detail=sequence=156_target_error_mm=48700_native_fallback=false
[Info   :ComfyNetworkSense] [07/31/2026 07:25:51] MOTION_AUTHORITY state=target_rejected run_id=native-20260731-c8-full29 client=i5 action=none detail=sequence=156_target_error_mm=48704_native_fallback=false
[Info   :ComfyNetworkSense] [07/31/2026 07:25:51] MOTION_AUTHORITY state=target_rejected run_id=native-20260731-c8-full29 client=i5 action=none detail=sequence=156_target_error_mm=48707_native_fallback=false
[Info   :ComfyNetworkSense] [07/31/2026 07:25:51] MOTION_AUTHORITY state=target_rejected run_id=native-20260731-c8-full29 client=i5 action=none detail=sequence=156_target_error_mm=48709_native_fallback=false
[Info   :ComfyNetworkSense] [07/31/2026 07:25:51] MOTION_AUTHORITY state=target_rejected run_id=native-20260731-c8-full29 client=i5 action=none detail=sequence=156_target_error_mm=48712_native_fallback=false
[Info   :ComfyNetworkSense] [07/31/2026 07:25:51] MOTION_AUTHORITY state=target_rejected run_id=native-20260731-c8-full29 client=i5 action=none detail=sequence=156_target_error_mm=48715_native_fallback=false
[Info   :ComfyNetworkSense] [07/31/2026 07:25:51] MOTION_AUTHORITY state=target_rejected run_id=native-20260731-c8-full29 client=i5 action=none detail=sequence=157_target_error_mm=48718_native_fallback=false
[Info   :ComfyNetworkSense] [07/31/2026 07:25:51] MOTION_AUTHORITY state=target_rejected run_id=native-20260731-c8-full29 client=i5 action=none detail=sequence=157_target_error_mm=48721_native_fallback=false
[Info   :ComfyNetworkSense] [07/31/2026 07:25:51] MOTION_AUTHORITY state=target_rejected run_id=native-20260731-c8-full29 client=i5 action=none detail=sequence=157_target_error_mm=48724_native_fallback=false
[Info   :ComfyNetworkSense] [07/31/2026 07:25:51] MOTION_AUTHORITY state=target_rejected run_id=native-20260731-c8-full29 client=i5 action=none detail=sequence=157_target_error_mm=48726_native_fallback=false
[Info   :ComfyNetworkSense] [07/31/2026 07:25:51] MOTION_AUTHORITY state=target_rejected run_id=native-20260731-c8-full29 client=i5 action=none detail=sequence=157_target_error_mm=48729_native_fallback=false
[Info   :ComfyNetworkSense] [07/31/2026 07:25:51] MOTION_AUTHORITY state=target_rejected run_id=native-20260731-c8-full29 client=i5 action=none detail=sequence=157_target_error_mm=48732_native_fallback=false
[Info   :ComfyNetworkSense] [07/31/2026 07:25:51] MOTION_AUTHORITY state=target_rejected run_id=native-20260731-c8-full29 client=i5 action=none detail=sequence=157_target_error_mm=48735_native_fallback=false
[Info   :ComfyNetworkSense] [07/31/2026 07:25:51] MOTION_AUTHORITY state=target_rejected run_id=native-20260731-c8-full29 client=i5 action=none detail=sequence=158_target_error_mm=48729_native_fallback=false
[Info   :ComfyNetworkSense] [07/31/2026 07:25:51] MOTION_AUTHORITY state=target_rejected run_id=native-20260731-c8-full29 client=i5 action=none detail=sequence=158_target_error_mm=48732_native_fallback=false
[Info   :ComfyNetworkSense] [07/31/2026 07:25:51] MOTION_AUTHORITY state=target_rejected run_id=native-20260731-c8-full29 client=i5 action=none detail=sequence=158_target_error_mm=48736_native_fallback=false
[Info   :ComfyNetworkSense] [07/31/2026 07:25:51] MOTION_AUTHORITY state=target_rejected run_id=native-20260731-c8-full29 client=i5 action=none detail=sequence=158_target_error_mm=48738_native_fallback=false
[Info   :ComfyNetworkSense] [07/31/2026 07:25:51] MOTION_AUTHORITY state=target_rejected run_id=native-20260731-c8-full29 client=i5 action=none detail=sequence=158_target_error_mm=48741_native_fallback=false
[Info   :ComfyNetworkSense] [07/31/2026 07:25:51] MOTION_AUTHORITY state=target_rejected run_id=native-20260731-c8-full29 client=i5 action=none detail=sequence=158_target_error_mm=48744_native_fallback=false
[Info   :ComfyNetworkSense] [07/31/2026 07:25:51] MOTION_AUTHORITY state=target_rejected run_id=native-20260731-c8-full29 client=i5 action=none detail=sequence=159_target_error_mm=48757_native_fallback=false
[Info   :ComfyNetworkSense] [07/31/2026 07:25:51] MOTION_AUTHORITY state=target_rejected run_id=native-20260731-c8-full29 client=i5 action=none detail=sequence=159_target_error_mm=48760_native_fallback=false
[Info   :ComfyNetworkSense] [07/31/2026 07:25:51] MOTION_AUTHORITY state=target_rejected run_id=native-20260731-c8-full29 client=i5 action=none detail=sequence=159_target_error_mm=48764_native_fallback=false
[Info   :ComfyNetworkSense] [07/31/2026 07:25:51] MOTION_AUTHORITY state=target_rejected run_id=native-20260731-c8-full29 client=i5 action=none detail=sequence=159_target_error_mm=48766_native_fallback=false
[Info   :ComfyNetworkSense] [07/31/2026 07:25:51] MOTION_AUTHORITY state=target_rejected run_id=native-20260731-c8-full29 client=i5 action=none detail=sequence=159_target_error_mm=48769_native_fallback=false
[Info   :ComfyNetworkSense] [07/31/2026 07:25:51] MOTION_AUTHORITY state=target_rejected run_id=native-20260731-c8-full29 client=i5 action=none detail=sequence=159_target_error_mm=48772_native_fallback=false
[Info   :ComfyNetworkSense] [07/31/2026 07:25:51] MOTION_AUTHORITY state=target_rejected run_id=native-20260731-c8-full29 client=i5 action=none detail=sequence=159_target_error_mm=48774_native_fallback=false
[Info   :ComfyNetworkSense] [07/31/2026 07:25:51] MOTION_AUTHORITY state=target_rejected run_id=native-20260731-c8-full29 client=i5 action=none detail=sequence=159_target_error_mm=48777_native_fallback=false
[Info   :ComfyNetworkSense] [07/31/2026 07:25:51] MOTION_AUTHORITY state=target_rejected run_id=native-20260731-c8-full29 client=i5 action=none detail=sequence=159_target_error_mm=48780_native_fallback=false
[Info   :ComfyNetworkSense] [07/31/2026 07:25:51] MOTION_AUTHORITY state=target_rejected run_id=native-20260731-c8-full29 client=i5 action=none detail=sequence=160_target_error_mm=48784_native_fallback=false
[Info   :ComfyNetworkSense] [07/31/2026 07:25:51] MOTION_AUTHORITY state=target_rejected run_id=native-20260731-c8-full29 client=i5 action=none detail=sequence=160_target_error_mm=48787_native_fallback=false
[Info   :ComfyNetworkSense] [07/31/2026 07:25:51] MOTION_AUTHORITY state=target_rejected run_id=native-20260731-c8-full29 client=i5 action=none detail=sequence=160_target_error_mm=48790_native_fallback=false
[Info   :ComfyNetworkSense] [07/31/2026 07:25:51] MOTION_AUTHORITY state=target_rejected run_id=native-20260731-c8-full29 client=i5 action=none detail=sequence=160_target_error_mm=48793_native_fallback=false
[Info   :ComfyNetworkSense] [07/31/2026 07:25:51] MOTION_AUTHORITY state=target_rejected run_id=native-20260731-c8-full29 client=i5 action=none detail=sequence=160_target_error_mm=48797_native_fallback=false
[Info   :ComfyNetworkSense] [07/31/2026 07:25:51] MOTION_AUTHORITY state=target_rejected run_id=native-20260731-c8-full29 client=i5 action=none detail=sequence=160_target_error_mm=48800_native_fallback=false
[Info   :ComfyNetworkSense] [07/31/2026 07:25:51] MOTION_AUTHORITY state=target_rejected run_id=native-20260731-c8-full29 client=i5 action=none detail=sequence=161_target_error_mm=48794_native_fallback=false
[Info   :ComfyNetworkSense] [07/31/2026 07:25:51] MOTION_AUTHORITY state=target_rejected run_id=native-20260731-c8-full29 client=i5 action=none detail=sequence=161_target_error_mm=48796_native_fallback=false
[Info   :ComfyNetworkSense] [07/31/2026 07:25:51] MOTION_AUTHORITY state=target_rejected run_id=native-20260731-c8-full29 client=i5 action=none detail=sequence=161_target_error_mm=48799_native_fallback=false
[Info   :ComfyNetworkSense] [07/31/2026 07:25:51] MOTION_AUTHORITY state=target_rejected run_id=native-20260731-c8-full29 client=i5 action=none detail=sequence=161_target_error_mm=48801_native_fallback=false
[Info   :ComfyNetworkSense] [07/31/2026 07:25:51] MOTION_AUTHORITY state=target_rejected run_id=native-20260731-c8-full29 client=i5 action=none detail=sequence=161_target_error_mm=48804_native_fallback=false
[Info   :ComfyNetworkSense] [07/31/2026 07:25:51] MOTION_AUTHORITY state=target_rejected run_id=native-20260731-c8-full29 client=i5 action=none detail=sequence=161_target_error_mm=48807_native_fallback=false
[Info   :ComfyNetworkSense] [07/31/2026 07:25:51] MOTION_AUTHORITY state=target_rejected run_id=native-20260731-c8-full29 client=i5 action=none detail=sequence=162_target_error_mm=48820_native_fallback=false
[Info   :ComfyNetworkSense] [07/31/2026 07:25:51] MOTION_AUTHORITY state=target_rejected run_id=native-20260731-c8-full29 client=i5 action=none detail=sequence=162_target_error_mm=48824_native_fallback=false
[Info   :ComfyNetworkSense] [07/31/2026 07:25:51] MOTION_AUTHORITY state=target_rejected run_id=native-20260731-c8-full29 client=i5 action=none detail=sequence=162_target_error_mm=48826_native_fallback=false
[Info   :ComfyNetworkSense] [07/31/2026 07:25:51] MOTION_AUTHORITY state=target_rejected run_id=native-20260731-c8-full29 client=i5 action=none detail=sequence=162_target_error_mm=48829_native_fallback=false
[Info   :ComfyNetworkSense] [07/31/2026 07:25:51] MOTION_AUTHORITY state=target_rejected run_id=native-20260731-c8-full29 client=i5 action=none detail=sequence=162_target_error_mm=48832_native_fallback=false
[Info   :ComfyNetworkSense] [07/31/2026 07:25:51] MOTION_AUTHORITY state=target_rejected run_id=native-20260731-c8-full29 client=i5 action=none detail=sequence=162_target_error_mm=48834_native_fallback=false
[Info   :ComfyNetworkSense] [07/31/2026 07:25:51] MOTION_AUTHORITY state=target_rejected run_id=native-20260731-c8-full29 client=i5 action=none detail=sequence=162_target_error_mm=48837_native_fallback=false
[Info   :ComfyNetworkSense] [07/31/2026 07:25:51] MOTION_AUTHORITY state=target_rejected run_id=native-20260731-c8-full29 client=i5 action=none detail=sequence=162_target_error_mm=48840_native_fallback=false
[Info   :ComfyNetworkSense] [07/31/2026 07:25:51] MOTION_AUTHORITY state=target_rejected run_id=native-20260731-c8-full29 client=i5 action=none detail=sequence=163_target_error_mm=48833_native_fallback=false
[Info   :ComfyNetworkSense] [07/31/2026 07:25:51] MOTION_AUTHORITY state=target_rejected run_id=native-20260731-c8-full29 client=i5 action=none detail=sequence=163_target_error_mm=48836_native_fallback=false
[Info   :ComfyNetworkSense] [07/31/2026 07:25:51] MOTION_AUTHORITY state=target_rejected run_id=native-20260731-c8-full29 client=i5 action=none detail=sequence=163_target_error_mm=48839_native_fallback=false
[Info   :ComfyNetworkSense] [07/31/2026 07:25:51] MOTION_AUTHORITY state=target_rejected run_id=native-20260731-c8-full29 client=i5 action=none detail=sequence=163_target_error_mm=48842_native_fallback=false
[Info   :ComfyNetworkSense] [07/31/2026 07:25:51] MOTION_AUTHORITY state=target_rejected run_id=native-20260731-c8-full29 client=i5 action=none detail=sequence=163_target_error_mm=48845_native_fallback=false
[Info   :ComfyNetworkSense] [07/31/2026 07:25:51] MOTION_AUTHORITY state=target_rejected run_id=native-20260731-c8-full29 client=i5 action=none detail=sequence=163_target_error_mm=48848_native_fallback=false
[Info   :ComfyNetworkSense] [07/31/2026 07:25:51] MOTION_AUTHORITY state=target_rejected run_id=native-20260731-c8-full29 client=i5 action=none detail=sequence=163_target_error_mm=48850_native_fallback=false
[Info   :ComfyNetworkSense] [07/31/2026 07:25:51] MOTION_AUTHORITY state=target_rejected run_id=native-20260731-c8-full29 client=i5 action=none detail=sequence=164_target_error_mm=48863_native_fallback=false
[Info   :ComfyNetworkSense] [07/31/2026 07:25:51] MOTION_AUTHORITY state=target_rejected run_id=native-20260731-c8-full29 client=i5 action=none detail=sequence=164_target_error_mm=48866_native_fallback=false
[Info   :ComfyNetworkSense] [07/31/2026 07:25:51] MOTION_AUTHORITY state=target_rejected run_id=native-20260731-c8-full29 client=i5 action=none detail=sequence=164_target_error_mm=48869_native_fallback=false
[Info   :ComfyNetworkSense] [07/31/2026 07:25:51] MOTION_AUTHORITY state=target_rejected run_id=native-20260731-c8-full29 client=i5 action=none detail=sequence=164_target_error_mm=48872_native_fallback=false
[Info   :ComfyNetworkSense] [07/31/2026 07:25:51] MOTION_AUTHORITY state=target_rejected run_id=native-20260731-c8-full29 client=i5 action=none detail=sequence=164_target_error_mm=48874_native_fallback=false
[Info   :ComfyNetworkSense] [07/31/2026 07:25:51] MOTION_AUTHORITY state=target_rejected run_id=native-20260731-c8-full29 client=i5 action=none detail=sequence=164_target_error_mm=48877_native_fallback=false
[Info   :ComfyNetworkSense] [07/31/2026 07:25:51] MOTION_AUTHORITY state=target_rejected run_id=native-20260731-c8-full29 client=i5 action=none detail=sequence=164_target_error_mm=48880_native_fallback=false
[Info   :ComfyNetworkSense] [07/31/2026 07:25:51] MOTION_AUTHORITY state=target_rejected run_id=native-20260731-c8-full29 client=i5 action=none detail=sequence=164_target_error_mm=48883_native_fallback=false
[Info   :ComfyNetworkSense] [07/31/2026 07:25:51] MOTION_AUTHORITY state=target_rejected run_id=native-20260731-c8-full29 client=i5 action=none detail=sequence=165_target_error_mm=48886_native_fallback=false
[Info   :ComfyNetworkSense] [07/31/2026 07:25:51] MOTION_AUTHORITY state=target_rejected run_id=native-20260731-c8-full29 client=i5 action=none detail=sequence=165_target_error_mm=48890_native_fallback=false
[Info   :ComfyNetworkSense] [07/31/2026 07:25:51] MOTION_AUTHORITY state=target_rejected run_id=native-20260731-c8-full29 client=i5 action=none detail=sequence=165_target_error_mm=48892_native_fallback=false
[Info   :ComfyNetworkSense] [07/31/2026 07:25:52] MOTION_AUTHORITY state=target_rejected run_id=native-20260731-c8-full29 client=i5 action=none detail=sequence=165_target_error_mm=48895_native_fallback=false
[Info   :ComfyNetworkSense] [07/31/2026 07:25:52] MOTION_AUTHORITY state=target_rejected run_id=native-20260731-c8-full29 client=i5 action=none detail=sequence=165_target_error_mm=48898_native_fallback=false
[Info   :ComfyNetworkSense] [07/31/2026 07:25:52] MOTION_AUTHORITY state=target_rejected run_id=native-20260731-c8-full29 client=i5 action=none detail=sequence=165_target_error_mm=48901_native_fallback=false
[Info   :ComfyNetworkSense] [07/31/2026 07:25:52] MOTION_AUTHORITY state=target_rejected run_id=native-20260731-c8-full29 client=i5 action=none detail=sequence=165_target_error_mm=48904_native_fallback=false
[Info   :ComfyNetworkSense] [07/31/2026 07:25:52] MOTION_AUTHORITY state=target_rejected run_id=native-20260731-c8-full29 client=i5 action=none detail=sequence=166_target_error_mm=48897_native_fallback=false
[Info   :ComfyNetworkSense] [07/31/2026 07:25:52] MOTION_AUTHORITY state=native_transform_writer_suppressed run_id=native-20260731-c8-full29 client=i5 action=none detail=count=512_writer=ZSyncTransform.CustomFixedUpdate
[Info   :ComfyNetworkSense] [07/31/2026 07:25:52] MOTION_AUTHORITY state=target_rejected run_id=native-20260731-c8-full29 client=i5 action=none detail=sequence=166_target_error_mm=48901_native_fallback=false
[Info   :ComfyNetworkSense] [07/31/2026 07:25:52] MOTION_AUTHORITY state=target_rejected run_id=native-20260731-c8-full29 client=i5 action=none detail=sequence=166_target_error_mm=48906_native_fallback=false
[Info   :ComfyNetworkSense] [07/31/2026 07:25:52] MOTION_AUTHORITY state=target_rejected run_id=native-20260731-c8-full29 client=i5 action=none detail=sequence=166_target_error_mm=48908_native_fallback=false
[Info   :ComfyNetworkSense] [07/31/2026 07:25:52] MOTION_AUTHORITY state=target_rejected run_id=native-20260731-c8-full29 client=i5 action=none detail=sequence=166_target_error_mm=48911_native_fallback=false
[Info   :ComfyNetworkSense] [07/31/2026 07:25:52] MOTION_AUTHORITY state=target_rejected run_id=native-20260731-c8-full29 client=i5 action=none detail=sequence=166_target_error_mm=48914_native_fallback=false
[Info   :ComfyNetworkSense] [07/31/2026 07:25:52] MOTION_AUTHORITY state=target_rejected run_id=native-20260731-c8-full29 client=i5 action=none detail=sequence=167_target_error_mm=48927_native_fallback=false
[Info   :ComfyNetworkSense] [07/31/2026 07:25:52] MOTION_AUTHORITY state=target_rejected run_id=native-20260731-c8-full29 client=i5 action=none detail=sequence=167_target_error_mm=48930_native_fallback=false
[Info   :ComfyNetworkSense] [07/31/2026 07:25:52] MOTION_AUTHORITY state=target_rejected run_id=native-20260731-c8-full29 client=i5 action=none detail=sequence=167_target_error_mm=48932_native_fallback=false
[Info   :ComfyNetworkSense] [07/31/2026 07:25:52] MOTION_AUTHORITY state=target_rejected run_id=native-20260731-c8-full29 client=i5 action=none detail=sequence=167_target_error_mm=48935_native_fallback=false
[Info   :ComfyNetworkSense] [07/31/2026 07:25:52] MOTION_AUTHORITY state=target_rejected run_id=native-20260731-c8-full29 client=i5 action=none detail=sequence=167_target_error_mm=48938_native_fallback=false
[Info   :ComfyNetworkSense] [07/31/2026 07:25:52] MOTION_AUTHORITY state=target_rejected run_id=native-20260731-c8-full29 client=i5 action=none detail=sequence=167_target_error_mm=48940_native_fallback=false
[Info   :ComfyNetworkSense] [07/31/2026 07:25:52] MOTION_AUTHORITY state=target_rejected run_id=native-20260731-c8-full29 client=i5 action=none detail=sequence=167_target_error_mm=48943_native_fallback=false
[Info   :ComfyNetworkSense] [07/31/2026 07:25:52] MOTION_AUTHORITY state=target_rejected run_id=native-20260731-c8-full29 client=i5 action=none detail=sequence=168_target_error_mm=48946_native_fallback=false
[Info   :ComfyNetworkSense] [07/31/2026 07:25:52] MOTION_AUTHORITY state=target_rejected run_id=native-20260731-c8-full29 client=i5 action=none detail=sequence=168_target_error_mm=48950_native_fallback=false
[Info   :ComfyNetworkSense] [07/31/2026 07:25:52] MOTION_AUTHORITY state=target_rejected run_id=native-20260731-c8-full29 client=i5 action=none detail=sequence=168_target_error_mm=48952_native_fallback=false
[Info   :ComfyNetworkSense] [07/31/2026 07:25:52] MOTION_AUTHORITY state=target_rejected run_id=native-20260731-c8-full29 client=i5 action=none detail=sequence=168_target_error_mm=48956_native_fallback=false
[Info   :ComfyNetworkSense] [07/31/2026 07:25:52] MOTION_AUTHORITY state=target_rejected run_id=native-20260731-c8-full29 client=i5 action=none detail=sequence=168_target_error_mm=48959_native_fallback=false
[Info   :ComfyNetworkSense] [07/31/2026 07:25:52] MOTION_AUTHORITY state=target_rejected run_id=native-20260731-c8-full29 client=i5 action=none detail=sequence=168_target_error_mm=48963_native_fallback=false
[Info   :ComfyNetworkSense] [07/31/2026 07:25:52] MOTION_AUTHORITY state=target_rejected run_id=native-20260731-c8-full29 client=i5 action=none detail=sequence=168_target_error_mm=48965_native_fallback=false
[Info   :ComfyNetworkSense] [07/31/2026 07:25:52] MOTION_AUTHORITY state=target_rejected run_id=native-20260731-c8-full29 client=i5 action=none detail=sequence=168_target_error_mm=48968_native_fallback=false
[Info   :ComfyNetworkSense] [07/31/2026 07:25:52] MOTION_AUTHORITY state=target_rejected run_id=native-20260731-c8-full29 client=i5 action=none detail=sequence=168_target_error_mm=48971_native_fallback=false
[Info   :ComfyNetworkSense] [07/31/2026 07:25:52] MOTION_AUTHORITY state=target_rejected run_id=native-20260731-c8-full29 client=i5 action=none detail=sequence=169_target_error_mm=48964_native_fallback=false
[Info   :ComfyNetworkSense] [07/31/2026 07:25:52] MOTION_AUTHORITY state=target_rejected run_id=native-20260731-c8-full29 client=i5 action=none detail=sequence=169_target_error_mm=48967_native_fallback=false
[Info   :ComfyNetworkSense] [07/31/2026 07:25:52] MOTION_AUTHORITY state=target_rejected run_id=native-20260731-c8-full29 client=i5 action=none detail=sequence=169_target_error_mm=48970_native_fallback=false
[Info   :ComfyNetworkSense] [07/31/2026 07:25:52] MOTION_AUTHORITY state=target_rejected run_id=native-20260731-c8-full29 client=i5 action=none detail=sequence=169_target_error_mm=48973_native_fallback=false
[Info   :ComfyNetworkSense] [07/31/2026 07:25:52] MOTION_AUTHORITY state=target_rejected run_id=native-20260731-c8-full29 client=i5 action=none detail=sequence=169_target_error_mm=48975_native_fallback=false
[Info   :ComfyNetworkSense] [07/31/2026 07:25:52] MOTION_AUTHORITY state=target_rejected run_id=native-20260731-c8-full29 client=i5 action=none detail=sequence=169_target_error_mm=48978_native_fallback=false
[Info   :ComfyNetworkSense] [07/31/2026 07:25:52] MOTION_AUTHORITY state=target_rejected run_id=native-20260731-c8-full29 client=i5 action=none detail=sequence=170_target_error_mm=48991_native_fallback=false
[Info   :ComfyNetworkSense] [07/31/2026 07:25:52] MOTION_AUTHORITY state=target_rejected run_id=native-20260731-c8-full29 client=i5 action=none detail=sequence=170_target_error_mm=48994_native_fallback=false
[Info   :ComfyNetworkSense] [07/31/2026 07:25:52] MOTION_AUTHORITY state=target_rejected run_id=native-20260731-c8-full29 client=i5 action=none detail=sequence=170_target_error_mm=48997_native_fallback=false
[Info   :ComfyNetworkSense] [07/31/2026 07:25:52] MOTION_AUTHORITY state=target_rejected run_id=native-20260731-c8-full29 client=i5 action=none detail=sequence=170_target_error_mm=49000_native_fallback=false
[Info   :ComfyNetworkSense] [07/31/2026 07:25:52] MOTION_AUTHORITY state=target_rejected run_id=native-20260731-c8-full29 client=i5 action=none detail=sequence=170_target_error_mm=49003_native_fallback=false
[Info   :ComfyNetworkSense] [07/31/2026 07:25:52] MOTION_AUTHORITY state=target_rejected run_id=native-20260731-c8-full29 client=i5 action=none detail=sequence=170_target_error_mm=49005_native_fallback=false
[Info   :ComfyNetworkSense] [07/31/2026 07:25:52] MOTION_AUTHORITY state=target_rejected run_id=native-20260731-c8-full29 client=i5 action=none detail=sequence=170_target_error_mm=49009_native_fallback=false
[Info   :ComfyNetworkSense] [07/31/2026 07:25:52] MOTION_AUTHORITY state=target_rejected run_id=native-20260731-c8-full29 client=i5 action=none detail=sequence=171_target_error_mm=49013_native_fallback=false
[Info   :ComfyNetworkSense] [07/31/2026 07:25:52] MOTION_AUTHORITY state=target_rejected run_id=native-20260731-c8-full29 client=i5 action=none detail=sequence=171_target_error_mm=49018_native_fallback=false
[Info   :ComfyNetworkSense] [07/31/2026 07:25:52] MOTION_AUTHORITY state=target_rejected run_id=native-20260731-c8-full29 client=i5 action=none detail=sequence=171_target_error_mm=49022_native_fallback=false
[Info   :ComfyNetworkSense] [07/31/2026 07:25:52] MOTION_AUTHORITY state=target_rejected run_id=native-20260731-c8-full29 client=i5 action=none detail=sequence=171_target_error_mm=49026_native_fallback=false
[Info   :ComfyNetworkSense] [07/31/2026 07:25:52] MOTION_AUTHORITY state=target_rejected run_id=native-20260731-c8-full29 client=i5 action=none detail=sequence=171_target_error_mm=49029_native_fallback=false
[Info   :ComfyNetworkSense] [07/31/2026 07:25:52] MOTION_AUTHORITY state=target_rejected run_id=native-20260731-c8-full29 client=i5 action=none detail=sequence=172_target_error_mm=49022_native_fallback=false
[Info   :ComfyNetworkSense] [07/31/2026 07:25:52] MOTION_AUTHORITY state=target_rejected run_id=native-20260731-c8-full29 client=i5 action=none detail=sequence=172_target_error_mm=49026_native_fallback=false
[Info   :ComfyNetworkSense] [07/31/2026 07:25:52] MOTION_AUTHORITY state=target_rejected run_id=native-20260731-c8-full29 client=i5 action=none detail=sequence=172_target_error_mm=49029_native_fallback=false
[Info   :ComfyNetworkSense] [07/31/2026 07:25:52] MOTION_AUTHORITY state=target_rejected run_id=native-20260731-c8-full29 client=i5 action=none detail=sequence=172_target_error_mm=49033_native_fallback=false
[Info   :ComfyNetworkSense] [07/31/2026 07:25:52] MOTION_AUTHORITY state=target_rejected run_id=native-20260731-c8-full29 client=i5 action=none detail=sequence=172_target_error_mm=49035_native_fallback=false
[Info   :ComfyNetworkSense] [07/31/2026 07:25:52] MOTION_AUTHORITY state=target_rejected run_id=native-20260731-c8-full29 client=i5 action=none detail=sequence=172_target_error_mm=49038_native_fallback=false
[Info   :ComfyNetworkSense] [07/31/2026 07:25:52] MOTION_AUTHORITY state=target_rejected run_id=native-20260731-c8-full29 client=i5 action=none detail=sequence=172_target_error_mm=49041_native_fallback=false
[Info   :ComfyNetworkSense] [07/31/2026 07:25:52] MOTION_AUTHORITY state=target_rejected run_id=native-20260731-c8-full29 client=i5 action=none detail=sequence=172_target_error_mm=49044_native_fallback=false
[Info   :ComfyNetworkSense] [07/31/2026 07:25:52] MOTION_AUTHORITY state=target_rejected run_id=native-20260731-c8-full29 client=i5 action=none detail=sequence=173_target_error_mm=49057_native_fallback=false
[Info   :ComfyNetworkSense] [07/31/2026 07:25:52] MOTION_AUTHORITY state=target_rejected run_id=native-20260731-c8-full29 client=i5 action=none detail=sequence=173_target_error_mm=49060_native_fallback=false
[Info   :ComfyNetworkSense] [07/31/2026 07:25:52] MOTION_AUTHORITY state=target_rejected run_id=native-20260731-c8-full29 client=i5 action=none detail=sequence=173_target_error_mm=49063_native_fallback=false
[Info   :ComfyNetworkSense] [07/31/2026 07:25:52] MOTION_AUTHORITY state=target_rejected run_id=native-20260731-c8-full29 client=i5 action=none detail=sequence=173_target_error_mm=49066_native_fallback=false
[Info   :ComfyNetworkSense] [07/31/2026 07:25:52] MOTION_AUTHORITY state=target_rejected run_id=native-20260731-c8-full29 client=i5 action=none detail=sequence=173_target_error_mm=49069_native_fallback=false
[Info   :ComfyNetworkSense] [07/31/2026 07:25:52] MOTION_AUTHORITY state=target_rejected run_id=native-20260731-c8-full29 client=i5 action=none detail=sequence=173_target_error_mm=49072_native_fallback=false
[Info   :ComfyNetworkSense] [07/31/2026 07:25:52] MOTION_AUTHORITY state=target_rejected run_id=native-20260731-c8-full29 client=i5 action=none detail=sequence=174_target_error_mm=49076_native_fallback=false
[Info   :ComfyNetworkSense] [07/31/2026 07:25:52] MOTION_AUTHORITY state=target_rejected run_id=native-20260731-c8-full29 client=i5 action=none detail=sequence=174_target_error_mm=49079_native_fallback=false
[Info   :ComfyNetworkSense] [07/31/2026 07:25:52] MOTION_AUTHORITY state=target_rejected run_id=native-20260731-c8-full29 client=i5 action=none detail=sequence=174_target_error_mm=49082_native_fallback=false
[Info   :ComfyNetworkSense] [07/31/2026 07:25:52] MOTION_AUTHORITY state=target_rejected run_id=native-20260731-c8-full29 client=i5 action=none detail=sequence=174_target_error_mm=49085_native_fallback=false
[Info   :ComfyNetworkSense] [07/31/2026 07:25:52] MOTION_AUTHORITY state=target_rejected run_id=native-20260731-c8-full29 client=i5 action=none detail=sequence=174_target_error_mm=49087_native_fallback=false
[Info   :ComfyNetworkSense] [07/31/2026 07:25:52] MOTION_AUTHORITY state=target_rejected run_id=native-20260731-c8-full29 client=i5 action=none detail=sequence=174_target_error_mm=49090_native_fallback=false
[Info   :ComfyNetworkSense] [07/31/2026 07:25:52] MOTION_AUTHORITY state=target_rejected run_id=native-20260731-c8-full29 client=i5 action=none detail=sequence=174_target_error_mm=49093_native_fallback=false
[Info   :ComfyNetworkSense] [07/31/2026 07:25:52] MOTION_AUTHORITY state=target_rejected run_id=native-20260731-c8-full29 client=i5 action=none detail=sequence=174_target_error_mm=49096_native_fallback=false
[Info   :ComfyNetworkSense] [07/31/2026 07:25:52] MOTION_AUTHORITY state=target_rejected run_id=native-20260731-c8-full29 client=i5 action=none detail=sequence=175_target_error_mm=49089_native_fallback=false
[Info   :ComfyNetworkSense] [07/31/2026 07:25:52] MOTION_AUTHORITY state=target_rejected run_id=native-20260731-c8-full29 client=i5 action=none detail=sequence=175_target_error_mm=49092_native_fallback=false
[Info   :ComfyNetworkSense] [07/31/2026 07:25:52] MOTION_AUTHORITY state=target_rejected run_id=native-20260731-c8-full29 client=i5 action=none detail=sequence=175_target_error_mm=49095_native_fallback=false
[Info   :ComfyNetworkSense] [07/31/2026 07:25:52] MOTION_AUTHORITY state=target_rejected run_id=native-20260731-c8-full29 client=i5 action=none detail=sequence=175_target_error_mm=49099_native_fallback=false
[Info   :ComfyNetworkSense] [07/31/2026 07:25:52] MOTION_AUTHORITY state=target_rejected run_id=native-20260731-c8-full29 client=i5 action=none detail=sequence=175_target_error_mm=49102_native_fallback=false
[Info   :ComfyNetworkSense] [07/31/2026 07:25:52] MOTION_AUTHORITY state=target_rejected run_id=native-20260731-c8-full29 client=i5 action=none detail=sequence=176_target_error_mm=49116_native_fallback=false
[Info   :ComfyNetworkSense] [07/31/2026 07:25:52] MOTION_AUTHORITY state=target_rejected run_id=native-20260731-c8-full29 client=i5 action=none detail=sequence=176_target_error_mm=49118_native_fallback=false
[Info   :ComfyNetworkSense] [07/31/2026 07:25:52] MOTION_AUTHORITY state=target_rejected run_id=native-20260731-c8-full29 client=i5 action=none detail=sequence=176_target_error_mm=49122_native_fallback=false
[Info   :ComfyNetworkSense] [07/31/2026 07:25:52] MOTION_AUTHORITY state=target_rejected run_id=native-20260731-c8-full29 client=i5 action=none detail=sequence=176_target_error_mm=49125_native_fallback=false
[Info   :ComfyNetworkSense] [07/31/2026 07:25:52] MOTION_AUTHORITY state=target_rejected run_id=native-20260731-c8-full29 client=i5 action=none detail=sequence=176_target_error_mm=49127_native_fallback=false
[Info   :ComfyNetworkSense] [07/31/2026 07:25:52] MOTION_AUTHORITY state=target_rejected run_id=native-20260731-c8-full29 client=i5 action=none detail=sequence=176_target_error_mm=49130_native_fallback=false
[Info   :ComfyNetworkSense] [07/31/2026 07:25:52] MOTION_AUTHORITY state=target_rejected run_id=native-20260731-c8-full29 client=i5 action=none detail=sequence=176_target_error_mm=49133_native_fallback=false
[Info   :ComfyNetworkSense] [07/31/2026 07:25:52] MOTION_AUTHORITY state=target_rejected run_id=native-20260731-c8-full29 client=i5 action=none detail=sequence=177_target_error_mm=49127_native_fallback=false
[Info   :ComfyNetworkSense] [07/31/2026 07:25:52] MOTION_AUTHORITY state=target_rejected run_id=native-20260731-c8-full29 client=i5 action=none detail=sequence=177_target_error_mm=49130_native_fallback=false
[Info   :ComfyNetworkSense] [07/31/2026 07:25:52] MOTION_AUTHORITY state=target_rejected run_id=native-20260731-c8-full29 client=i5 action=none detail=sequence=177_target_error_mm=49133_native_fallback=false
[Info   :ComfyNetworkSense] [07/31/2026 07:25:52] MOTION_AUTHORITY state=target_rejected run_id=native-20260731-c8-full29 client=i5 action=none detail=sequence=177_target_error_mm=49136_native_fallback=false
[Info   :ComfyNetworkSense] [07/31/2026 07:25:52] MOTION_AUTHORITY state=target_rejected run_id=native-20260731-c8-full29 client=i5 action=none detail=sequence=177_target_error_mm=49139_native_fallback=false
[Info   :ComfyNetworkSense] [07/31/2026 07:25:52] MOTION_AUTHORITY state=target_rejected run_id=native-20260731-c8-full29 client=i5 action=none detail=sequence=177_target_error_mm=49142_native_fallback=false
[Info   :ComfyNetworkSense] [07/31/2026 07:25:52] MOTION_AUTHORITY state=target_rejected run_id=native-20260731-c8-full29 client=i5 action=none detail=sequence=178_target_error_mm=49155_native_fallback=false
[Info   :ComfyNetworkSense] [07/31/2026 07:25:52] MOTION_AUTHORITY state=target_rejected run_id=native-20260731-c8-full29 client=i5 action=none detail=sequence=178_target_error_mm=49158_native_fallback=false
[Info   :ComfyNetworkSense] [07/31/2026 07:25:52] MOTION_AUTHORITY state=target_rejected run_id=native-20260731-c8-full29 client=i5 action=none detail=sequence=178_target_error_mm=49161_native_fallback=false
[Info   :ComfyNetworkSense] [07/31/2026 07:25:52] MOTION_AUTHORITY state=target_rejected run_id=native-20260731-c8-full29 client=i5 action=none detail=sequence=178_target_error_mm=49164_native_fallback=false
[Info   :ComfyNetworkSense] [07/31/2026 07:25:52] MOTION_AUTHORITY state=target_rejected run_id=native-20260731-c8-full29 client=i5 action=none detail=sequence=178_target_error_mm=49167_native_fallback=false
[Info   :ComfyNetworkSense] [07/31/2026 07:25:52] MOTION_AUTHORITY state=target_rejected run_id=native-20260731-c8-full29 client=i5 action=none detail=sequence=178_target_error_mm=49169_native_fallback=false
[Info   :ComfyNetworkSense] [07/31/2026 07:25:52] MOTION_AUTHORITY state=target_rejected run_id=native-20260731-c8-full29 client=i5 action=none detail=sequence=178_target_error_mm=49172_native_fallback=false
[Info   :ComfyNetworkSense] [07/31/2026 07:25:52] MOTION_AUTHORITY state=target_rejected run_id=native-20260731-c8-full29 client=i5 action=none detail=sequence=178_target_error_mm=49175_native_fallback=false
[Info   :ComfyNetworkSense] [07/31/2026 07:25:52] MOTION_AUTHORITY state=target_rejected run_id=native-20260731-c8-full29 client=i5 action=none detail=sequence=178_target_error_mm=49178_native_fallback=false
[Info   :ComfyNetworkSense] [07/31/2026 07:25:52] MOTION_AUTHORITY state=target_rejected run_id=native-20260731-c8-full29 client=i5 action=none detail=sequence=179_target_error_mm=49180_native_fallback=false
[Info   :ComfyNetworkSense] [07/31/2026 07:25:52] MOTION_AUTHORITY state=target_rejected run_id=native-20260731-c8-full29 client=i5 action=none detail=sequence=179_target_error_mm=49183_native_fallback=false
[Info   :ComfyNetworkSense] [07/31/2026 07:25:52] MOTION_AUTHORITY state=target_rejected run_id=native-20260731-c8-full29 client=i5 action=none detail=sequence=179_target_error_mm=49186_native_fallback=false
[Info   :ComfyNetworkSense] [07/31/2026 07:25:52] MOTION_AUTHORITY state=target_rejected run_id=native-20260731-c8-full29 client=i5 action=none detail=sequence=179_target_error_mm=49189_native_fallback=false
[Info   :ComfyNetworkSense] [07/31/2026 07:25:52] MOTION_AUTHORITY state=target_rejected run_id=native-20260731-c8-full29 client=i5 action=none detail=sequence=179_target_error_mm=49192_native_fallback=false
[Info   :ComfyNetworkSense] [07/31/2026 07:25:52] LOGICAL_PEER_CUTOVER state=logical_native_invoke_suppressed run_id=native-20260731-c8-full29 detail=count=128_method=ZDOData_semantic_fallback=false
[Info   :ComfyNetworkSense] [07/31/2026 07:25:52] MOTION_AUTHORITY state=target_rejected run_id=native-20260731-c8-full29 client=i5 action=none detail=sequence=179_target_error_mm=49195_native_fallback=false
[Info   :ComfyNetworkSense] [07/31/2026 07:25:52] MOTION_AUTHORITY state=target_rejected run_id=native-20260731-c8-full29 client=i5 action=none detail=sequence=179_target_error_mm=49198_native_fallback=false
[Info   :ComfyNetworkSense] [07/31/2026 07:25:52] MOTION_AUTHORITY state=target_rejected run_id=native-20260731-c8-full29 client=i5 action=none detail=sequence=180_target_error_mm=49192_native_fallback=false
[Info   :ComfyNetworkSense] [07/31/2026 07:25:52] MOTION_AUTHORITY state=target_rejected run_id=native-20260731-c8-full29 client=i5 action=none detail=sequence=180_target_error_mm=49194_native_fallback=false
[Info   :ComfyNetworkSense] [07/31/2026 07:25:52] MOTION_AUTHORITY state=target_rejected run_id=native-20260731-c8-full29 client=i5 action=none detail=sequence=180_target_error_mm=49197_native_fallback=false
[Info   :ComfyNetworkSense] [07/31/2026 07:25:52] MOTION_AUTHORITY state=target_rejected run_id=native-20260731-c8-full29 client=i5 action=none detail=sequence=180_target_error_mm=49200_native_fallback=false
[Info   :ComfyNetworkSense] [07/31/2026 07:25:52] MOTION_AUTHORITY state=target_rejected run_id=native-20260731-c8-full29 client=i5 action=none detail=sequence=180_target_error_mm=49203_native_fallback=false
[Info   :ComfyNetworkSense] [07/31/2026 07:25:52] MOTION_AUTHORITY state=target_rejected run_id=native-20260731-c8-full29 client=i5 action=none detail=sequence=180_target_error_mm=49206_native_fallback=false
[Info   :ComfyNetworkSense] [07/31/2026 07:25:52] MOTION_AUTHORITY state=target_rejected run_id=native-20260731-c8-full29 client=i5 action=none detail=sequence=180_target_error_mm=49209_native_fallback=false
[Info   :ComfyNetworkSense] [07/31/2026 07:25:52] MOTION_AUTHORITY state=target_rejected run_id=native-20260731-c8-full29 client=i5 action=none detail=sequence=181_target_error_mm=49222_native_fallback=false
[Info   :ComfyNetworkSense] [07/31/2026 07:25:52] MOTION_AUTHORITY state=target_rejected run_id=native-20260731-c8-full29 client=i5 action=none detail=sequence=181_target_error_mm=49224_native_fallback=false
[Info   :ComfyNetworkSense] [07/31/2026 07:25:52] MOTION_AUTHORITY state=target_rejected run_id=native-20260731-c8-full29 client=i5 action=none detail=sequence=181_target_error_mm=49227_native_fallback=false
[Info   :ComfyNetworkSense] [07/31/2026 07:25:52] MOTION_AUTHORITY state=target_rejected run_id=native-20260731-c8-full29 client=i5 action=none detail=sequence=181_target_error_mm=49230_native_fallback=false
[Info   :ComfyNetworkSense] [07/31/2026 07:25:52] MOTION_AUTHORITY state=target_rejected run_id=native-20260731-c8-full29 client=i5 action=none detail=sequence=181_target_error_mm=49233_native_fallback=false
[Info   :ComfyNetworkSense] [07/31/2026 07:25:52] MOTION_AUTHORITY state=target_rejected run_id=native-20260731-c8-full29 client=i5 action=none detail=sequence=181_target_error_mm=49236_native_fallback=false
[Info   :ComfyNetworkSense] [07/31/2026 07:25:52] MOTION_AUTHORITY state=target_rejected run_id=native-20260731-c8-full29 client=i5 action=none detail=sequence=181_target_error_mm=49239_native_fallback=false
[Info   :ComfyNetworkSense] [07/31/2026 07:25:52] MOTION_AUTHORITY state=target_rejected run_id=native-20260731-c8-full29 client=i5 action=none detail=sequence=181_target_error_mm=49242_native_fallback=false
[Info   :ComfyNetworkSense] [07/31/2026 07:25:52] MOTION_AUTHORITY state=target_rejected run_id=native-20260731-c8-full29 client=i5 action=none detail=sequence=181_target_error_mm=49244_native_fallback=false
[Info   :ComfyNetworkSense] [07/31/2026 07:25:52] MOTION_AUTHORITY state=target_rejected run_id=native-20260731-c8-full29 client=i5 action=none detail=sequence=182_target_error_mm=49247_native_fallback=false
[Info   :ComfyNetworkSense] [07/31/2026 07:25:52] MOTION_AUTHORITY state=target_rejected run_id=native-20260731-c8-full29 client=i5 action=none detail=sequence=182_target_error_mm=49250_native_fallback=false
[Info   :ComfyNetworkSense] [07/31/2026 07:25:52] MOTION_AUTHORITY state=target_rejected run_id=native-20260731-c8-full29 client=i5 action=none detail=sequence=182_target_error_mm=49253_native_fallback=false
[Info   :ComfyNetworkSense] [07/31/2026 07:25:52] MOTION_AUTHORITY state=target_rejected run_id=native-20260731-c8-full29 client=i5 action=none detail=sequence=182_target_error_mm=49256_native_fallback=false
[Info   :ComfyNetworkSense] [07/31/2026 07:25:52] MOTION_AUTHORITY state=target_rejected run_id=native-20260731-c8-full29 client=i5 action=none detail=sequence=182_target_error_mm=49259_native_fallback=false
[Info   :ComfyNetworkSense] [07/31/2026 07:25:52] MOTION_AUTHORITY state=target_rejected run_id=native-20260731-c8-full29 client=i5 action=none detail=sequence=182_target_error_mm=49262_native_fallback=false
[Info   :ComfyNetworkSense] [07/31/2026 07:25:52] MOTION_AUTHORITY state=target_rejected run_id=native-20260731-c8-full29 client=i5 action=none detail=sequence=183_target_error_mm=49255_native_fallback=false
[Info   :ComfyNetworkSense] [07/31/2026 07:25:52] MOTION_AUTHORITY state=target_rejected run_id=native-20260731-c8-full29 client=i5 action=none detail=sequence=183_target_error_mm=49258_native_fallback=false
[Info   :ComfyNetworkSense] [07/31/2026 07:25:52] MOTION_AUTHORITY state=target_rejected run_id=native-20260731-c8-full29 client=i5 action=none detail=sequence=183_target_error_mm=49261_native_fallback=false
[Info   :ComfyNetworkSense] [07/31/2026 07:25:52] MOTION_AUTHORITY state=target_rejected run_id=native-20260731-c8-full29 client=i5 action=none detail=sequence=183_target_error_mm=49264_native_fallback=false
[Info   :ComfyNetworkSense] [07/31/2026 07:25:52] MOTION_AUTHORITY state=target_rejected run_id=native-20260731-c8-full29 client=i5 action=none detail=sequence=183_target_error_mm=49266_native_fallback=false
[Info   :ComfyNetworkSense] [07/31/2026 07:25:52] MOTION_AUTHORITY state=target_rejected run_id=native-20260731-c8-full29 client=i5 action=none detail=sequence=183_target_error_mm=49270_native_fallback=false
[Info   :ComfyNetworkSense] [07/31/2026 07:25:52] MOTION_AUTHORITY state=target_rejected run_id=native-20260731-c8-full29 client=i5 action=none detail=sequence=183_target_error_mm=49272_native_fallback=false
[Info   :ComfyNetworkSense] [07/31/2026 07:25:52] MOTION_AUTHORITY state=target_rejected run_id=native-20260731-c8-full29 client=i5 action=none detail=sequence=183_target_error_mm=49275_native_fallback=false
[Info   :ComfyNetworkSense] [07/31/2026 07:25:52] MOTION_AUTHORITY state=target_rejected run_id=native-20260731-c8-full29 client=i5 action=none detail=sequence=184_target_error_mm=49288_native_fallback=false
[Info   :ComfyNetworkSense] [07/31/2026 07:25:52] MOTION_AUTHORITY state=target_rejected run_id=native-20260731-c8-full29 client=i5 action=none detail=sequence=184_target_error_mm=49291_native_fallback=false
[Info   :ComfyNetworkSense] [07/31/2026 07:25:53] MOTION_AUTHORITY state=target_rejected run_id=native-20260731-c8-full29 client=i5 action=none detail=sequence=184_target_error_mm=49294_native_fallback=false
[Info   :ComfyNetworkSense] [07/31/2026 07:25:53] MOTION_AUTHORITY state=target_rejected run_id=native-20260731-c8-full29 client=i5 action=none detail=sequence=184_target_error_mm=49297_native_fallback=false
[Info   :ComfyNetworkSense] [07/31/2026 07:25:53] MOTION_AUTHORITY state=target_rejected run_id=native-20260731-c8-full29 client=i5 action=none detail=sequence=184_target_error_mm=49300_native_fallback=false
[Info   :ComfyNetworkSense] [07/31/2026 07:25:53] MOTION_AUTHORITY state=target_rejected run_id=native-20260731-c8-full29 client=i5 action=none detail=sequence=184_target_error_mm=49305_native_fallback=false
[Info   :ComfyNetworkSense] [07/31/2026 07:25:53] MOTION_AUTHORITY state=target_rejected run_id=native-20260731-c8-full29 client=i5 action=none detail=sequence=185_target_error_mm=49310_native_fallback=false
[Info   :ComfyNetworkSense] [07/31/2026 07:25:53] MOTION_AUTHORITY state=target_rejected run_id=native-20260731-c8-full29 client=i5 action=none detail=sequence=185_target_error_mm=49313_native_fallback=false
[Info   :ComfyNetworkSense] [07/31/2026 07:25:53] MOTION_AUTHORITY state=target_rejected run_id=native-20260731-c8-full29 client=i5 action=none detail=sequence=185_target_error_mm=49316_native_fallback=false
[Info   :ComfyNetworkSense] [07/31/2026 07:25:53] MOTION_AUTHORITY state=target_rejected run_id=native-20260731-c8-full29 client=i5 action=none detail=sequence=185_target_error_mm=49319_native_fallback=false
[Info   :ComfyNetworkSense] [07/31/2026 07:25:53] MOTION_AUTHORITY state=target_rejected run_id=native-20260731-c8-full29 client=i5 action=none detail=sequence=185_target_error_mm=49322_native_fallback=false
[Info   :ComfyNetworkSense] [07/31/2026 07:25:53] MOTION_AUTHORITY state=target_rejected run_id=native-20260731-c8-full29 client=i5 action=none detail=sequence=185_target_error_mm=49326_native_fallback=false
[Info   :ComfyNetworkSense] [07/31/2026 07:25:53] MOTION_AUTHORITY state=target_rejected run_id=native-20260731-c8-full29 client=i5 action=none detail=sequence=186_target_error_mm=49319_native_fallback=false
[Info   :ComfyNetworkSense] [07/31/2026 07:25:53] MOTION_AUTHORITY state=target_rejected run_id=native-20260731-c8-full29 client=i5 action=none detail=sequence=186_target_error_mm=49321_native_fallback=false
[Info   :ComfyNetworkSense] [07/31/2026 07:25:53] MOTION_AUTHORITY state=target_rejected run_id=native-20260731-c8-full29 client=i5 action=none detail=sequence=186_target_error_mm=49325_native_fallback=false
[Info   :ComfyNetworkSense] [07/31/2026 07:25:53] MOTION_AUTHORITY state=target_rejected run_id=native-20260731-c8-full29 client=i5 action=none detail=sequence=186_target_error_mm=49327_native_fallback=false
[Info   :ComfyNetworkSense] [07/31/2026 07:25:53] MOTION_AUTHORITY state=target_rejected run_id=native-20260731-c8-full29 client=i5 action=none detail=sequence=186_target_error_mm=49330_native_fallback=false
[Info   :ComfyNetworkSense] [07/31/2026 07:25:53] MOTION_AUTHORITY state=target_rejected run_id=native-20260731-c8-full29 client=i5 action=none detail=sequence=186_target_error_mm=49333_native_fallback=false
[Info   :ComfyNetworkSense] [07/31/2026 07:25:53] MOTION_AUTHORITY state=target_rejected run_id=native-20260731-c8-full29 client=i5 action=none detail=sequence=186_target_error_mm=49335_native_fallback=false
[Info   :ComfyNetworkSense] [07/31/2026 07:25:53] MOTION_AUTHORITY state=target_rejected run_id=native-20260731-c8-full29 client=i5 action=none detail=sequence=187_target_error_mm=49348_native_fallback=false
[Info   :ComfyNetworkSense] [07/31/2026 07:25:53] MOTION_AUTHORITY state=target_rejected run_id=native-20260731-c8-full29 client=i5 action=none detail=sequence=187_target_error_mm=49351_native_fallback=false
[Info   :ComfyNetworkSense] [07/31/2026 07:25:53] MOTION_AUTHORITY state=target_rejected run_id=native-20260731-c8-full29 client=i5 action=none detail=sequence=187_target_error_mm=49355_native_fallback=false
[Info   :ComfyNetworkSense] [07/31/2026 07:25:53] MOTION_AUTHORITY state=target_rejected run_id=native-20260731-c8-full29 client=i5 action=none detail=sequence=187_target_error_mm=49357_native_fallback=false
[Info   :ComfyNetworkSense] [07/31/2026 07:25:53] MOTION_AUTHORITY state=target_rejected run_id=native-20260731-c8-full29 client=i5 action=none detail=sequence=187_target_error_mm=49360_native_fallback=false
[Info   :ComfyNetworkSense] [07/31/2026 07:25:53] MOTION_AUTHORITY state=target_rejected run_id=native-20260731-c8-full29 client=i5 action=none detail=sequence=187_target_error_mm=49363_native_fallback=false
[Info   :ComfyNetworkSense] [07/31/2026 07:25:53] MOTION_AUTHORITY state=target_rejected run_id=native-20260731-c8-full29 client=i5 action=none detail=sequence=187_target_error_mm=49365_native_fallback=false
[Info   :ComfyNetworkSense] [07/31/2026 07:25:53] MOTION_AUTHORITY state=target_rejected run_id=native-20260731-c8-full29 client=i5 action=none detail=sequence=187_target_error_mm=49368_native_fallback=false
[Info   :ComfyNetworkSense] [07/31/2026 07:25:53] MOTION_AUTHORITY state=target_rejected run_id=native-20260731-c8-full29 client=i5 action=none detail=sequence=187_target_error_mm=49371_native_fallback=false
[Info   :ComfyNetworkSense] [07/31/2026 07:25:53] MOTION_AUTHORITY state=target_rejected run_id=native-20260731-c8-full29 client=i5 action=none detail=sequence=187_target_error_mm=49375_native_fallback=false
[Info   :ComfyNetworkSense] [07/31/2026 07:25:53] MOTION_AUTHORITY state=target_rejected run_id=native-20260731-c8-full29 client=i5 action=none detail=sequence=188_target_error_mm=49377_native_fallback=false
[Info   :ComfyNetworkSense] [07/31/2026 07:25:53] MOTION_AUTHORITY state=target_rejected run_id=native-20260731-c8-full29 client=i5 action=none detail=sequence=188_target_error_mm=49380_native_fallback=false
[Info   :ComfyNetworkSense] [07/31/2026 07:25:53] MOTION_AUTHORITY state=target_rejected run_id=native-20260731-c8-full29 client=i5 action=none detail=sequence=188_target_error_mm=49382_native_fallback=false
[Info   :ComfyNetworkSense] [07/31/2026 07:25:53] MOTION_AUTHORITY state=target_rejected run_id=native-20260731-c8-full29 client=i5 action=none detail=sequence=188_target_error_mm=49385_native_fallback=false
[Info   :ComfyNetworkSense] [07/31/2026 07:25:53] MOTION_AUTHORITY state=target_rejected run_id=native-20260731-c8-full29 client=i5 action=none detail=sequence=188_target_error_mm=49388_native_fallback=false
[Info   :ComfyNetworkSense] [07/31/2026 07:25:53] MOTION_AUTHORITY state=target_rejected run_id=native-20260731-c8-full29 client=i5 action=none detail=sequence=188_target_error_mm=49391_native_fallback=false
[Info   :ComfyNetworkSense] [07/31/2026 07:25:53] MOTION_AUTHORITY state=target_rejected run_id=native-20260731-c8-full29 client=i5 action=none detail=sequence=189_target_error_mm=49384_native_fallback=false
[Info   :ComfyNetworkSense] [07/31/2026 07:25:53] MOTION_AUTHORITY state=target_rejected run_id=native-20260731-c8-full29 client=i5 action=none detail=sequence=189_target_error_mm=49387_native_fallback=false
[Info   :ComfyNetworkSense] [07/31/2026 07:25:53] MOTION_AUTHORITY state=target_rejected run_id=native-20260731-c8-full29 client=i5 action=none detail=sequence=189_target_error_mm=49390_native_fallback=false
[Info   :ComfyNetworkSense] [07/31/2026 07:25:53] MOTION_AUTHORITY state=target_rejected run_id=native-20260731-c8-full29 client=i5 action=none detail=sequence=189_target_error_mm=49392_native_fallback=false
[Info   :ComfyNetworkSense] [07/31/2026 07:25:53] MOTION_AUTHORITY state=target_rejected run_id=native-20260731-c8-full29 client=i5 action=none detail=sequence=189_target_error_mm=49395_native_fallback=false
[Info   :ComfyNetworkSense] [07/31/2026 07:25:53] MOTION_AUTHORITY state=target_rejected run_id=native-20260731-c8-full29 client=i5 action=none detail=sequence=189_target_error_mm=49398_native_fallback=false
[Info   :ComfyNetworkSense] [07/31/2026 07:25:53] MOTION_AUTHORITY state=target_rejected run_id=native-20260731-c8-full29 client=i5 action=none detail=sequence=189_target_error_mm=49401_native_fallback=false
[Info   :ComfyNetworkSense] [07/31/2026 07:25:53] MOTION_AUTHORITY state=target_rejected run_id=native-20260731-c8-full29 client=i5 action=none detail=sequence=190_target_error_mm=49414_native_fallback=false
[Info   :ComfyNetworkSense] [07/31/2026 07:25:53] MOTION_AUTHORITY state=target_rejected run_id=native-20260731-c8-full29 client=i5 action=none detail=sequence=190_target_error_mm=49417_native_fallback=false
[Info   :ComfyNetworkSense] [07/31/2026 07:25:53] MOTION_AUTHORITY state=target_rejected run_id=native-20260731-c8-full29 client=i5 action=none detail=sequence=190_target_error_mm=49419_native_fallback=false
[Info   :ComfyNetworkSense] [07/31/2026 07:25:53] MOTION_AUTHORITY state=target_rejected run_id=native-20260731-c8-full29 client=i5 action=none detail=sequence=190_target_error_mm=49422_native_fallback=false
[Info   :ComfyNetworkSense] [07/31/2026 07:25:53] MOTION_AUTHORITY state=target_rejected run_id=native-20260731-c8-full29 client=i5 action=none detail=sequence=190_target_error_mm=49425_native_fallback=false
[Info   :ComfyNetworkSense] [07/31/2026 07:25:53] MOTION_AUTHORITY state=target_rejected run_id=native-20260731-c8-full29 client=i5 action=none detail=sequence=190_target_error_mm=49428_native_fallback=false
[Info   :ComfyNetworkSense] [07/31/2026 07:25:53] MOTION_AUTHORITY state=target_rejected run_id=native-20260731-c8-full29 client=i5 action=none detail=sequence=190_target_error_mm=49431_native_fallback=false
[Info   :ComfyNetworkSense] [07/31/2026 07:25:53] MOTION_AUTHORITY state=target_rejected run_id=native-20260731-c8-full29 client=i5 action=none detail=sequence=190_target_error_mm=49434_native_fallback=false
[Info   :ComfyNetworkSense] [07/31/2026 07:25:53] MOTION_AUTHORITY state=target_rejected run_id=native-20260731-c8-full29 client=i5 action=none detail=sequence=191_target_error_mm=49421_native_fallback=false
[Info   :ComfyNetworkSense] [07/31/2026 07:25:53] MOTION_AUTHORITY state=target_rejected run_id=native-20260731-c8-full29 client=i5 action=none detail=sequence=191_target_error_mm=49425_native_fallback=false
[Info   :ComfyNetworkSense] [07/31/2026 07:25:53] MOTION_AUTHORITY state=target_rejected run_id=native-20260731-c8-full29 client=i5 action=none detail=sequence=191_target_error_mm=49427_native_fallback=false
[Info   :ComfyNetworkSense] [07/31/2026 07:25:53] MOTION_AUTHORITY state=target_rejected run_id=native-20260731-c8-full29 client=i5 action=none detail=sequence=191_target_error_mm=49430_native_fallback=false
[Info   :ComfyNetworkSense] [07/31/2026 07:25:53] MOTION_AUTHORITY state=target_rejected run_id=native-20260731-c8-full29 client=i5 action=none detail=sequence=191_target_error_mm=49432_native_fallback=false
[Info   :ComfyNetworkSense] [07/31/2026 07:25:53] MOTION_AUTHORITY state=target_rejected run_id=native-20260731-c8-full29 client=i5 action=none detail=sequence=191_target_error_mm=49435_native_fallback=false
[Info   :ComfyNetworkSense] [07/31/2026 07:25:53] MOTION_AUTHORITY state=target_rejected run_id=native-20260731-c8-full29 client=i5 action=none detail=sequence=191_target_error_mm=49438_native_fallback=false
[Info   :ComfyNetworkSense] [07/31/2026 07:25:53] MOTION_AUTHORITY state=target_rejected run_id=native-20260731-c8-full29 client=i5 action=none detail=sequence=192_target_error_mm=49441_native_fallback=false
[Info   :ComfyNetworkSense] [07/31/2026 07:25:53] MOTION_AUTHORITY state=target_rejected run_id=native-20260731-c8-full29 client=i5 action=none detail=sequence=192_target_error_mm=49445_native_fallback=false
[Info   :ComfyNetworkSense] [07/31/2026 07:25:53] MOTION_AUTHORITY state=target_rejected run_id=native-20260731-c8-full29 client=i5 action=none detail=sequence=192_target_error_mm=49448_native_fallback=false
[Info   :ComfyNetworkSense] [07/31/2026 07:25:53] MOTION_AUTHORITY state=target_rejected run_id=native-20260731-c8-full29 client=i5 action=none detail=sequence=192_target_error_mm=49452_native_fallback=false
[Info   :ComfyNetworkSense] [07/31/2026 07:25:53] MOTION_AUTHORITY state=target_rejected run_id=native-20260731-c8-full29 client=i5 action=none detail=sequence=192_target_error_mm=49454_native_fallback=false
[Info   :ComfyNetworkSense] [07/31/2026 07:25:53] MOTION_AUTHORITY state=target_rejected run_id=native-20260731-c8-full29 client=i5 action=none detail=sequence=192_target_error_mm=49457_native_fallback=false
[Info   :ComfyNetworkSense] [07/31/2026 07:25:53] MOTION_AUTHORITY state=target_rejected run_id=native-20260731-c8-full29 client=i5 action=none detail=sequence=192_target_error_mm=49460_native_fallback=false
[Info   :ComfyNetworkSense] [07/31/2026 07:25:53] MOTION_AUTHORITY state=target_rejected run_id=native-20260731-c8-full29 client=i5 action=none detail=sequence=192_target_error_mm=49462_native_fallback=false
[Info   :ComfyNetworkSense] [07/31/2026 07:25:53] MOTION_AUTHORITY state=target_rejected run_id=native-20260731-c8-full29 client=i5 action=none detail=sequence=193_target_error_mm=49458_native_fallback=false
[Info   :ComfyNetworkSense] [07/31/2026 07:25:53] MOTION_AUTHORITY state=target_rejected run_id=native-20260731-c8-full29 client=i5 action=none detail=sequence=193_target_error_mm=49460_native_fallback=false
[Info   :ComfyNetworkSense] [07/31/2026 07:25:53] MOTION_AUTHORITY state=target_rejected run_id=native-20260731-c8-full29 client=i5 action=none detail=sequence=193_target_error_mm=49464_native_fallback=false
[Info   :ComfyNetworkSense] [07/31/2026 07:25:53] MOTION_AUTHORITY state=target_rejected run_id=native-20260731-c8-full29 client=i5 action=none detail=sequence=193_target_error_mm=49466_native_fallback=false
[Info   :ComfyNetworkSense] [07/31/2026 07:25:53] MOTION_AUTHORITY state=target_rejected run_id=native-20260731-c8-full29 client=i5 action=none detail=sequence=193_target_error_mm=49469_native_fallback=false
[Info   :ComfyNetworkSense] [07/31/2026 07:25:53] MOTION_AUTHORITY state=target_rejected run_id=native-20260731-c8-full29 client=i5 action=none detail=sequence=193_target_error_mm=49472_native_fallback=false
[Info   :ComfyNetworkSense] [07/31/2026 07:25:53] MOTION_AUTHORITY state=target_rejected run_id=native-20260731-c8-full29 client=i5 action=none detail=sequence=194_target_error_mm=49458_native_fallback=false
[Info   :ComfyNetworkSense] [07/31/2026 07:25:53] MOTION_AUTHORITY state=target_rejected run_id=native-20260731-c8-full29 client=i5 action=none detail=sequence=194_target_error_mm=49461_native_fallback=false
[Info   :ComfyNetworkSense] [07/31/2026 07:25:53] MOTION_AUTHORITY state=target_rejected run_id=native-20260731-c8-full29 client=i5 action=none detail=sequence=194_target_error_mm=49463_native_fallback=false
[Info   :ComfyNetworkSense] [07/31/2026 07:25:53] MOTION_AUTHORITY state=target_rejected run_id=native-20260731-c8-full29 client=i5 action=none detail=sequence=194_target_error_mm=49466_native_fallback=false
[Info   :ComfyNetworkSense] [07/31/2026 07:25:53] MOTION_AUTHORITY state=target_rejected run_id=native-20260731-c8-full29 client=i5 action=none detail=sequence=194_target_error_mm=49469_native_fallback=false
[Info   :ComfyNetworkSense] [07/31/2026 07:25:53] MOTION_AUTHORITY state=target_rejected run_id=native-20260731-c8-full29 client=i5 action=none detail=sequence=194_target_error_mm=49472_native_fallback=false
[Info   :ComfyNetworkSense] [07/31/2026 07:25:53] MOTION_AUTHORITY state=target_rejected run_id=native-20260731-c8-full29 client=i5 action=none detail=sequence=194_target_error_mm=49474_native_fallback=false
[Info   :ComfyNetworkSense] [07/31/2026 07:25:53] MOTION_AUTHORITY state=target_rejected run_id=native-20260731-c8-full29 client=i5 action=none detail=sequence=194_target_error_mm=49477_native_fallback=false
[Info   :ComfyNetworkSense] [07/31/2026 07:25:53] MOTION_AUTHORITY state=target_rejected run_id=native-20260731-c8-full29 client=i5 action=none detail=sequence=195_target_error_mm=49481_native_fallback=false
[Info   :ComfyNetworkSense] [07/31/2026 07:25:53] MOTION_AUTHORITY state=target_rejected run_id=native-20260731-c8-full29 client=i5 action=none detail=sequence=195_target_error_mm=49484_native_fallback=false
[Info   :ComfyNetworkSense] [07/31/2026 07:25:53] MOTION_AUTHORITY state=target_rejected run_id=native-20260731-c8-full29 client=i5 action=none detail=sequence=195_target_error_mm=49486_native_fallback=false
[Info   :ComfyNetworkSense] [07/31/2026 07:25:53] MOTION_AUTHORITY state=target_rejected run_id=native-20260731-c8-full29 client=i5 action=none detail=sequence=195_target_error_mm=49489_native_fallback=false
[Info   :ComfyNetworkSense] [07/31/2026 07:25:53] MOTION_AUTHORITY state=target_rejected run_id=native-20260731-c8-full29 client=i5 action=none detail=sequence=195_target_error_mm=49492_native_fallback=false
[Info   :ComfyNetworkSense] [07/31/2026 07:25:53] MOTION_AUTHORITY state=target_rejected run_id=native-20260731-c8-full29 client=i5 action=none detail=sequence=195_target_error_mm=49497_native_fallback=false
[Info   :ComfyNetworkSense] [07/31/2026 07:25:53] MOTION_AUTHORITY state=target_rejected run_id=native-20260731-c8-full29 client=i5 action=none detail=sequence=195_target_error_mm=49501_native_fallback=false
[Info   :ComfyNetworkSense] [07/31/2026 07:25:53] MOTION_AUTHORITY state=target_rejected run_id=native-20260731-c8-full29 client=i5 action=none detail=sequence=196_target_error_mm=49498_native_fallback=false
[Info   :ComfyNetworkSense] [07/31/2026 07:25:53] MOTION_AUTHORITY state=target_rejected run_id=native-20260731-c8-full29 client=i5 action=none detail=sequence=196_target_error_mm=49501_native_fallback=false
[Info   :ComfyNetworkSense] [07/31/2026 07:25:53] MOTION_AUTHORITY state=target_rejected run_id=native-20260731-c8-full29 client=i5 action=none detail=sequence=196_target_error_mm=49505_native_fallback=false
[Info   :ComfyNetworkSense] [07/31/2026 07:25:53] MOTION_AUTHORITY state=target_rejected run_id=native-20260731-c8-full29 client=i5 action=none detail=sequence=196_target_error_mm=49509_native_fallback=false
[Info   :ComfyNetworkSense] [07/31/2026 07:25:53] MOTION_AUTHORITY state=target_rejected run_id=native-20260731-c8-full29 client=i5 action=none detail=sequence=196_target_error_mm=49513_native_fallback=false
[Info   :ComfyNetworkSense] [07/31/2026 07:25:53] MOTION_AUTHORITY state=target_rejected run_id=native-20260731-c8-full29 client=i5 action=none detail=sequence=197_target_error_mm=49500_native_fallback=false
[Info   :ComfyNetworkSense] [07/31/2026 07:25:53] MOTION_AUTHORITY state=target_rejected run_id=native-20260731-c8-full29 client=i5 action=none detail=sequence=197_target_error_mm=49503_native_fallback=false
[Info   :ComfyNetworkSense] [07/31/2026 07:25:53] MOTION_AUTHORITY state=target_rejected run_id=native-20260731-c8-full29 client=i5 action=none detail=sequence=197_target_error_mm=49506_native_fallback=false
[Info   :ComfyNetworkSense] [07/31/2026 07:25:53] MOTION_AUTHORITY state=target_rejected run_id=native-20260731-c8-full29 client=i5 action=none detail=sequence=197_target_error_mm=49508_native_fallback=false
[Info   :ComfyNetworkSense] [07/31/2026 07:25:53] MOTION_AUTHORITY state=target_rejected run_id=native-20260731-c8-full29 client=i5 action=none detail=sequence=197_target_error_mm=49512_native_fallback=false
[Info   :ComfyNetworkSense] [07/31/2026 07:25:53] MOTION_AUTHORITY state=target_rejected run_id=native-20260731-c8-full29 client=i5 action=none detail=sequence=197_target_error_mm=49514_native_fallback=false
[Info   :ComfyNetworkSense] [07/31/2026 07:25:53] MOTION_AUTHORITY state=target_rejected run_id=native-20260731-c8-full29 client=i5 action=none detail=sequence=197_target_error_mm=49517_native_fallback=false
[Info   :ComfyNetworkSense] [07/31/2026 07:25:53] MOTION_AUTHORITY state=target_rejected run_id=native-20260731-c8-full29 client=i5 action=none detail=sequence=197_target_error_mm=49519_native_fallback=false
[Info   :ComfyNetworkSense] [07/31/2026 07:25:53] CUTOVER_SCENARIO state=coordinate_teleport_progress run_id=native-20260731-c8-full29 client=i5 action=i5-c8-safe-origin detail=teleporting=True_distance=0.01_target_zone=35,-1_reference_zone=35,-1_zone_loaded=True_area_ready=True_sector_objects=1246_valid_prefabs=1246_instantiated=1246_missing=0_banked=1315_inbound=0_applied=1306_superseded=0_apply_failures=0
[Info   :ComfyNetworkSense] [07/31/2026 07:25:53] MOTION_AUTHORITY state=target_rejected run_id=native-20260731-c8-full29 client=i5 action=none detail=sequence=198_target_error_mm=49524_native_fallback=false
[Info   :ComfyNetworkSense] [07/31/2026 07:25:53] MOTION_AUTHORITY state=target_rejected run_id=native-20260731-c8-full29 client=i5 action=none detail=sequence=198_target_error_mm=49528_native_fallback=false
[Info   :ComfyNetworkSense] [07/31/2026 07:25:53] MOTION_AUTHORITY state=target_rejected run_id=native-20260731-c8-full29 client=i5 action=none detail=sequence=198_target_error_mm=49530_native_fallback=false
[Info   :ComfyNetworkSense] [07/31/2026 07:25:53] MOTION_AUTHORITY state=target_rejected run_id=native-20260731-c8-full29 client=i5 action=none detail=sequence=198_target_error_mm=49534_native_fallback=false
[Info   :ComfyNetworkSense] [07/31/2026 07:25:53] MOTION_AUTHORITY state=target_rejected run_id=native-20260731-c8-full29 client=i5 action=none detail=sequence=198_target_error_mm=49536_native_fallback=false
[Info   :ComfyNetworkSense] [07/31/2026 07:25:53] MOTION_AUTHORITY state=target_rejected run_id=native-20260731-c8-full29 client=i5 action=none detail=sequence=198_target_error_mm=49539_native_fallback=false
[Info   :ComfyNetworkSense] [07/31/2026 07:25:53] MOTION_AUTHORITY state=target_rejected run_id=native-20260731-c8-full29 client=i5 action=none detail=sequence=199_target_error_mm=49476_native_fallback=false
[Info   :ComfyNetworkSense] [07/31/2026 07:25:53] MOTION_AUTHORITY state=target_rejected run_id=native-20260731-c8-full29 client=i5 action=none detail=sequence=199_target_error_mm=49479_native_fallback=false
[Info   :ComfyNetworkSense] [07/31/2026 07:25:53] MOTION_AUTHORITY state=target_rejected run_id=native-20260731-c8-full29 client=i5 action=none detail=sequence=199_target_error_mm=49482_native_fallback=false
[Info   :ComfyNetworkSense] [07/31/2026 07:25:53] MOTION_AUTHORITY state=target_rejected run_id=native-20260731-c8-full29 client=i5 action=none detail=sequence=199_target_error_mm=49484_native_fallback=false
[Warning:ComfyNetworkSense] [07/31/2026 07:25:53] Authoritative consumer poll failed: TimeoutException: connect timeout to 8.231.129.249:42317
[Info   :ComfyNetworkSense] [07/31/2026 07:25:53] MOTION_AUTHORITY state=target_rejected run_id=native-20260731-c8-full29 client=i5 action=none detail=sequence=199_target_error_mm=49488_native_fallback=false
[Info   :ComfyNetworkSense] [07/31/2026 07:25:53] MOTION_AUTHORITY state=target_rejected run_id=native-20260731-c8-full29 client=i5 action=none detail=sequence=199_target_error_mm=49490_native_fallback=false
[Info   :ComfyNetworkSense] [07/31/2026 07:25:53] MOTION_AUTHORITY state=target_rejected run_id=native-20260731-c8-full29 client=i5 action=none detail=sequence=199_target_error_mm=49493_native_fallback=false
[Info   :ComfyNetworkSense] [07/31/2026 07:25:53] MOTION_AUTHORITY state=target_rejected run_id=native-20260731-c8-full29 client=i5 action=none detail=sequence=199_target_error_mm=49496_native_fallback=false
[Info   :ComfyNetworkSense] [07/31/2026 07:25:53] MOTION_AUTHORITY state=target_rejected run_id=native-20260731-c8-full29 client=i5 action=none detail=sequence=200_target_error_mm=49551_native_fallback=false
[Info   :ComfyNetworkSense] [07/31/2026 07:25:53] MOTION_AUTHORITY state=target_rejected run_id=native-20260731-c8-full29 client=i5 action=none detail=sequence=200_target_error_mm=49554_native_fallback=false
[Info   :ComfyNetworkSense] [07/31/2026 07:25:53] MOTION_AUTHORITY state=target_rejected run_id=native-20260731-c8-full29 client=i5 action=none detail=sequence=200_target_error_mm=49557_native_fallback=false
[Info   :ComfyNetworkSense] [07/31/2026 07:25:53] MOTION_AUTHORITY state=target_rejected run_id=native-20260731-c8-full29 client=i5 action=none detail=sequence=200_target_error_mm=49559_native_fallback=false
[Info   :ComfyNetworkSense] [07/31/2026 07:25:53] MOTION_AUTHORITY state=target_rejected run_id=native-20260731-c8-full29 client=i5 action=none detail=sequence=200_target_error_mm=49562_native_fallback=false
[Info   :ComfyNetworkSense] [07/31/2026 07:25:53] MOTION_AUTHORITY state=target_rejected run_id=native-20260731-c8-full29 client=i5 action=none detail=sequence=200_target_error_mm=49565_native_fallback=false
[Info   :ComfyNetworkSense] [07/31/2026 07:25:53] MOTION_AUTHORITY state=target_rejected run_id=native-20260731-c8-full29 client=i5 action=none detail=sequence=200_target_error_mm=49567_native_fallback=false
[Info   :ComfyNetworkSense] [07/31/2026 07:25:53] MOTION_AUTHORITY state=target_rejected run_id=native-20260731-c8-full29 client=i5 action=none detail=sequence=200_target_error_mm=49570_native_fallback=false
[Info   :ComfyNetworkSense] [07/31/2026 07:25:53] MOTION_AUTHORITY state=target_rejected run_id=native-20260731-c8-full29 client=i5 action=none detail=sequence=201_target_error_mm=49568_native_fallback=false
[Info   :ComfyNetworkSense] [07/31/2026 07:25:53] MOTION_AUTHORITY state=target_rejected run_id=native-20260731-c8-full29 client=i5 action=none detail=sequence=201_target_error_mm=49570_native_fallback=false
[Info   :ComfyNetworkSense] [07/31/2026 07:25:53] MOTION_AUTHORITY state=target_rejected run_id=native-20260731-c8-full29 client=i5 action=none detail=sequence=201_target_error_mm=49572_native_fallback=false
[Info   :ComfyNetworkSense] [07/31/2026 07:25:53] MOTION_AUTHORITY state=target_rejected run_id=native-20260731-c8-full29 client=i5 action=none detail=sequence=201_target_error_mm=49575_native_fallback=false
[Info   :ComfyNetworkSense] [07/31/2026 07:25:53] MOTION_AUTHORITY state=target_rejected run_id=native-20260731-c8-full29 client=i5 action=none detail=sequence=201_target_error_mm=49578_native_fallback=false
[Info   :ComfyNetworkSense] [07/31/2026 07:25:53] MOTION_AUTHORITY state=target_rejected run_id=native-20260731-c8-full29 client=i5 action=none detail=sequence=201_target_error_mm=49581_native_fallback=false
[Info   :ComfyNetworkSense] [07/31/2026 07:25:53] MOTION_AUTHORITY state=target_rejected run_id=native-20260731-c8-full29 client=i5 action=none detail=sequence=201_target_error_mm=49583_native_fallback=false
[Info   :ComfyNetworkSense] [07/31/2026 07:25:53] MOTION_AUTHORITY state=target_rejected run_id=native-20260731-c8-full29 client=i5 action=none detail=sequence=201_target_error_mm=49586_native_fallback=false
[Info   :ComfyNetworkSense] [07/31/2026 07:25:53] MOTION_AUTHORITY state=target_rejected run_id=native-20260731-c8-full29 client=i5 action=none detail=sequence=201_target_error_mm=49589_native_fallback=false
[Info   :ComfyNetworkSense] [07/31/2026 07:25:53] MOTION_AUTHORITY state=target_rejected run_id=native-20260731-c8-full29 client=i5 action=none detail=sequence=201_target_error_mm=49592_native_fallback=false
[Info   :ComfyNetworkSense] [07/31/2026 07:25:53] MOTION_AUTHORITY state=target_rejected run_id=native-20260731-c8-full29 client=i5 action=none detail=sequence=202_target_error_mm=49539_native_fallback=false
[Info   :ComfyNetworkSense] [07/31/2026 07:25:53] MOTION_AUTHORITY state=target_rejected run_id=native-20260731-c8-full29 client=i5 action=none detail=sequence=202_target_error_mm=49542_native_fallback=false
[Info   :ComfyNetworkSense] [07/31/2026 07:25:53] MOTION_AUTHORITY state=target_rejected run_id=native-20260731-c8-full29 client=i5 action=none detail=sequence=202_target_error_mm=49546_native_fallback=false
[Info   :ComfyNetworkSense] [07/31/2026 07:25:53] MOTION_AUTHORITY state=target_rejected run_id=native-20260731-c8-full29 client=i5 action=none detail=sequence=202_target_error_mm=49548_native_fallback=false
[Info   :ComfyNetworkSense] [07/31/2026 07:25:53] MOTION_AUTHORITY state=target_rejected run_id=native-20260731-c8-full29 client=i5 action=none detail=sequence=202_target_error_mm=49551_native_fallback=false
[Info   :ComfyNetworkSense] [07/31/2026 07:25:53] MOTION_AUTHORITY state=target_rejected run_id=native-20260731-c8-full29 client=i5 action=none detail=sequence=203_target_error_mm=49597_native_fallback=false
[Info   :ComfyNetworkSense] [07/31/2026 07:25:53] MOTION_AUTHORITY state=target_rejected run_id=native-20260731-c8-full29 client=i5 action=none detail=sequence=203_target_error_mm=49599_native_fallback=false
[Info   :ComfyNetworkSense] [07/31/2026 07:25:54] MOTION_AUTHORITY state=target_rejected run_id=native-20260731-c8-full29 client=i5 action=none detail=sequence=203_target_error_mm=49602_native_fallback=false
[Info   :ComfyNetworkSense] [07/31/2026 07:25:54] MOTION_AUTHORITY state=target_rejected run_id=native-20260731-c8-full29 client=i5 action=none detail=sequence=203_target_error_mm=49605_native_fallback=false
[Info   :ComfyNetworkSense] [07/31/2026 07:25:54] MOTION_AUTHORITY state=target_rejected run_id=native-20260731-c8-full29 client=i5 action=none detail=sequence=203_target_error_mm=49608_native_fallback=false
[Info   :ComfyNetworkSense] [07/31/2026 07:25:54] MOTION_AUTHORITY state=target_rejected run_id=native-20260731-c8-full29 client=i5 action=none detail=sequence=203_target_error_mm=49611_native_fallback=false
[Info   :ComfyNetworkSense] [07/31/2026 07:25:54] MOTION_AUTHORITY state=target_rejected run_id=native-20260731-c8-full29 client=i5 action=none detail=sequence=203_target_error_mm=49613_native_fallback=false
[Info   :ComfyNetworkSense] [07/31/2026 07:25:54] MOTION_AUTHORITY state=target_rejected run_id=native-20260731-c8-full29 client=i5 action=none detail=sequence=204_target_error_mm=49611_native_fallback=false
[Info   :ComfyNetworkSense] [07/31/2026 07:25:54] MOTION_AUTHORITY state=target_rejected run_id=native-20260731-c8-full29 client=i5 action=none detail=sequence=204_target_error_mm=49614_native_fallback=false
[Info   :ComfyNetworkSense] [07/31/2026 07:25:54] MOTION_AUTHORITY state=target_rejected run_id=native-20260731-c8-full29 client=i5 action=none detail=sequence=204_target_error_mm=49617_native_fallback=false
[Info   :ComfyNetworkSense] [07/31/2026 07:25:54] MOTION_AUTHORITY state=target_rejected run_id=native-20260731-c8-full29 client=i5 action=none detail=sequence=204_target_error_mm=49620_native_fallback=false
[Info   :ComfyNetworkSense] [07/31/2026 07:25:54] MOTION_AUTHORITY state=target_rejected run_id=native-20260731-c8-full29 client=i5 action=none detail=sequence=204_target_error_mm=49623_native_fallback=false
[Info   :ComfyNetworkSense] [07/31/2026 07:25:54] MOTION_AUTHORITY state=target_rejected run_id=native-20260731-c8-full29 client=i5 action=none detail=sequence=204_target_error_mm=49625_native_fallback=false
[Info   :ComfyNetworkSense] [07/31/2026 07:25:54] MOTION_AUTHORITY state=target_rejected run_id=native-20260731-c8-full29 client=i5 action=none detail=sequence=204_target_error_mm=49628_native_fallback=false
[Info   :ComfyNetworkSense] [07/31/2026 07:25:54] MOTION_AUTHORITY state=target_rejected run_id=native-20260731-c8-full29 client=i5 action=none detail=sequence=204_target_error_mm=49631_native_fallback=false
[Info   :ComfyNetworkSense] [07/31/2026 07:25:54] MOTION_AUTHORITY state=target_rejected run_id=native-20260731-c8-full29 client=i5 action=none detail=sequence=204_target_error_mm=49633_native_fallback=false
[Info   :ComfyNetworkSense] [07/31/2026 07:25:54] MOTION_AUTHORITY state=target_rejected run_id=native-20260731-c8-full29 client=i5 action=none detail=sequence=204_target_error_mm=49637_native_fallback=false
[Info   :ComfyNetworkSense] [07/31/2026 07:25:54] MOTION_AUTHORITY state=target_rejected run_id=native-20260731-c8-full29 client=i5 action=none detail=sequence=204_target_error_mm=49639_native_fallback=false
[Info   :ComfyNetworkSense] [07/31/2026 07:25:54] MOTION_AUTHORITY state=target_rejected run_id=native-20260731-c8-full29 client=i5 action=none detail=sequence=204_target_error_mm=49642_native_fallback=false
[Info   :ComfyNetworkSense] [07/31/2026 07:25:54] MOTION_AUTHORITY state=target_rejected run_id=native-20260731-c8-full29 client=i5 action=none detail=sequence=204_target_error_mm=49645_native_fallback=false
[Info   :ComfyNetworkSense] [07/31/2026 07:25:54] MOTION_AUTHORITY state=target_rejected run_id=native-20260731-c8-full29 client=i5 action=none detail=sequence=205_target_error_mm=49613_native_fallback=false
[Info   :ComfyNetworkSense] [07/31/2026 07:25:54] MOTION_AUTHORITY state=target_rejected run_id=native-20260731-c8-full29 client=i5 action=none detail=sequence=205_target_error_mm=49616_native_fallback=false
[Info   :ComfyNetworkSense] [07/31/2026 07:25:54] MOTION_AUTHORITY state=target_rejected run_id=native-20260731-c8-full29 client=i5 action=none detail=sequence=205_target_error_mm=49619_native_fallback=false
[Info   :ComfyNetworkSense] [07/31/2026 07:25:54] MOTION_AUTHORITY state=target_rejected run_id=native-20260731-c8-full29 client=i5 action=none detail=sequence=206_target_error_mm=49646_native_fallback=false
[Info   :ComfyNetworkSense] [07/31/2026 07:25:54] MOTION_AUTHORITY state=target_rejected run_id=native-20260731-c8-full29 client=i5 action=none detail=sequence=206_target_error_mm=49648_native_fallback=false
[Info   :ComfyNetworkSense] [07/31/2026 07:25:54] MOTION_AUTHORITY state=target_rejected run_id=native-20260731-c8-full29 client=i5 action=none detail=sequence=206_target_error_mm=49651_native_fallback=false
[Info   :ComfyNetworkSense] [07/31/2026 07:25:54] MOTION_AUTHORITY state=target_rejected run_id=native-20260731-c8-full29 client=i5 action=none detail=sequence=206_target_error_mm=49654_native_fallback=false
[Info   :ComfyNetworkSense] [07/31/2026 07:25:54] MOTION_AUTHORITY state=target_rejected run_id=native-20260731-c8-full29 client=i5 action=none detail=sequence=206_target_error_mm=49656_native_fallback=false
[Info   :ComfyNetworkSense] [07/31/2026 07:25:54] MOTION_AUTHORITY state=target_rejected run_id=native-20260731-c8-full29 client=i5 action=none detail=sequence=206_target_error_mm=49660_native_fallback=false
[Info   :ComfyNetworkSense] [07/31/2026 07:25:54] MOTION_AUTHORITY state=target_rejected run_id=native-20260731-c8-full29 client=i5 action=none detail=sequence=206_target_error_mm=49662_native_fallback=false
[Info   :ComfyNetworkSense] [07/31/2026 07:25:54] MOTION_AUTHORITY state=target_rejected run_id=native-20260731-c8-full29 client=i5 action=none detail=sequence=207_target_error_mm=49660_native_fallback=false
[Info   :ComfyNetworkSense] [07/31/2026 07:25:54] MOTION_AUTHORITY state=target_rejected run_id=native-20260731-c8-full29 client=i5 action=none detail=sequence=207_target_error_mm=49663_native_fallback=false
[Info   :ComfyNetworkSense] [07/31/2026 07:25:54] MOTION_AUTHORITY state=target_rejected run_id=native-20260731-c8-full29 client=i5 action=none detail=sequence=207_target_error_mm=49666_native_fallback=false
[Info   :ComfyNetworkSense] [07/31/2026 07:25:54] MOTION_AUTHORITY state=target_rejected run_id=native-20260731-c8-full29 client=i5 action=none detail=sequence=207_target_error_mm=49668_native_fallback=false
[Info   :ComfyNetworkSense] [07/31/2026 07:25:54] MOTION_AUTHORITY state=target_rejected run_id=native-20260731-c8-full29 client=i5 action=none detail=sequence=207_target_error_mm=49671_native_fallback=false
[Info   :ComfyNetworkSense] [07/31/2026 07:25:54] MOTION_AUTHORITY state=target_rejected run_id=native-20260731-c8-full29 client=i5 action=none detail=sequence=207_target_error_mm=49674_native_fallback=false
[Info   :ComfyNetworkSense] [07/31/2026 07:25:54] MOTION_AUTHORITY state=target_rejected run_id=native-20260731-c8-full29 client=i5 action=none detail=sequence=207_target_error_mm=49677_native_fallback=false
[Info   :ComfyNetworkSense] [07/31/2026 07:25:54] MOTION_AUTHORITY state=target_rejected run_id=native-20260731-c8-full29 client=i5 action=none detail=sequence=207_target_error_mm=49679_native_fallback=false
[Info   :ComfyNetworkSense] [07/31/2026 07:25:54] MOTION_AUTHORITY state=target_rejected run_id=native-20260731-c8-full29 client=i5 action=none detail=sequence=208_target_error_mm=49658_native_fallback=false
[Info   :ComfyNetworkSense] [07/31/2026 07:25:54] MOTION_AUTHORITY state=target_rejected run_id=native-20260731-c8-full29 client=i5 action=none detail=sequence=208_target_error_mm=49661_native_fallback=false
[Info   :ComfyNetworkSense] [07/31/2026 07:25:54] MOTION_AUTHORITY state=target_rejected run_id=native-20260731-c8-full29 client=i5 action=none detail=sequence=208_target_error_mm=49665_native_fallback=false
[Info   :ComfyNetworkSense] [07/31/2026 07:25:54] MOTION_AUTHORITY state=target_rejected run_id=native-20260731-c8-full29 client=i5 action=none detail=sequence=208_target_error_mm=49667_native_fallback=false
[Info   :ComfyNetworkSense] [07/31/2026 07:25:54] MOTION_AUTHORITY state=target_rejected run_id=native-20260731-c8-full29 client=i5 action=none detail=sequence=208_target_error_mm=49670_native_fallback=false
[Info   :ComfyNetworkSense] [07/31/2026 07:25:54] MOTION_AUTHORITY state=target_rejected run_id=native-20260731-c8-full29 client=i5 action=none detail=sequence=208_target_error_mm=49672_native_fallback=false
[Info   :ComfyNetworkSense] [07/31/2026 07:25:54] MOTION_AUTHORITY state=target_rejected run_id=native-20260731-c8-full29 client=i5 action=none detail=sequence=208_target_error_mm=49675_native_fallback=false
[Info   :ComfyNetworkSense] [07/31/2026 07:25:54] MOTION_AUTHORITY state=target_rejected run_id=native-20260731-c8-full29 client=i5 action=none detail=sequence=209_target_error_mm=49693_native_fallback=false
[Info   :ComfyNetworkSense] [07/31/2026 07:25:54] MOTION_AUTHORITY state=target_rejected run_id=native-20260731-c8-full29 client=i5 action=none detail=sequence=209_target_error_mm=49695_native_fallback=false
[Info   :ComfyNetworkSense] [07/31/2026 07:25:54] MOTION_AUTHORITY state=target_rejected run_id=native-20260731-c8-full29 client=i5 action=none detail=sequence=209_target_error_mm=49698_native_fallback=false
[Info   :ComfyNetworkSense] [07/31/2026 07:25:54] MOTION_AUTHORITY state=target_rejected run_id=native-20260731-c8-full29 client=i5 action=none detail=sequence=209_target_error_mm=49701_native_fallback=false
[Info   :ComfyNetworkSense] [07/31/2026 07:25:54] MOTION_AUTHORITY state=target_rejected run_id=native-20260731-c8-full29 client=i5 action=none detail=sequence=209_target_error_mm=49703_native_fallback=false
[Info   :ComfyNetworkSense] [07/31/2026 07:25:54] MOTION_AUTHORITY state=target_rejected run_id=native-20260731-c8-full29 client=i5 action=none detail=sequence=209_target_error_mm=49706_native_fallback=false
[Info   :ComfyNetworkSense] [07/31/2026 07:25:54] MOTION_AUTHORITY state=target_rejected run_id=native-20260731-c8-full29 client=i5 action=none detail=sequence=209_target_error_mm=49710_native_fallback=false
[Info   :ComfyNetworkSense] [07/31/2026 07:25:54] MOTION_AUTHORITY state=target_rejected run_id=native-20260731-c8-full29 client=i5 action=none detail=sequence=209_target_error_mm=49713_native_fallback=false
[Info   :ComfyNetworkSense] [07/31/2026 07:25:54] MOTION_AUTHORITY state=target_rejected run_id=native-20260731-c8-full29 client=i5 action=none detail=sequence=209_target_error_mm=49715_native_fallback=false
[Info   :ComfyNetworkSense] [07/31/2026 07:25:54] MOTION_AUTHORITY state=target_rejected run_id=native-20260731-c8-full29 client=i5 action=none detail=sequence=210_target_error_mm=49585_native_fallback=false
[Info   :ComfyNetworkSense] [07/31/2026 07:25:54] MOTION_AUTHORITY state=target_rejected run_id=native-20260731-c8-full29 client=i5 action=none detail=sequence=210_target_error_mm=49587_native_fallback=false
[Info   :ComfyNetworkSense] [07/31/2026 07:25:54] MOTION_AUTHORITY state=target_rejected run_id=native-20260731-c8-full29 client=i5 action=none detail=sequence=210_target_error_mm=49590_native_fallback=false
[Info   :ComfyNetworkSense] [07/31/2026 07:25:54] MOTION_AUTHORITY state=target_rejected run_id=native-20260731-c8-full29 client=i5 action=none detail=sequence=210_target_error_mm=49593_native_fallback=false
[Info   :ComfyNetworkSense] [07/31/2026 07:25:54] MOTION_AUTHORITY state=target_rejected run_id=native-20260731-c8-full29 client=i5 action=none detail=sequence=210_target_error_mm=49595_native_fallback=false
[Info   :ComfyNetworkSense] [07/31/2026 07:25:54] MOTION_AUTHORITY state=target_rejected run_id=native-20260731-c8-full29 client=i5 action=none detail=sequence=210_target_error_mm=49598_native_fallback=false
[Info   :ComfyNetworkSense] [07/31/2026 07:25:54] MOTION_AUTHORITY state=target_rejected run_id=native-20260731-c8-full29 client=i5 action=none detail=sequence=210_target_error_mm=49601_native_fallback=false
[Info   :ComfyNetworkSense] [07/31/2026 07:25:54] MOTION_AUTHORITY state=target_rejected run_id=native-20260731-c8-full29 client=i5 action=none detail=sequence=211_target_error_mm=49729_native_fallback=false
[Info   :ComfyNetworkSense] [07/31/2026 07:25:54] MOTION_AUTHORITY state=target_rejected run_id=native-20260731-c8-full29 client=i5 action=none detail=sequence=211_target_error_mm=49732_native_fallback=false
[Info   :ComfyNetworkSense] [07/31/2026 07:25:54] MOTION_AUTHORITY state=target_rejected run_id=native-20260731-c8-full29 client=i5 action=none detail=sequence=211_target_error_mm=49734_native_fallback=false
[Info   :ComfyNetworkSense] [07/31/2026 07:25:54] MOTION_AUTHORITY state=target_rejected run_id=native-20260731-c8-full29 client=i5 action=none detail=sequence=211_target_error_mm=49737_native_fallback=false
[Info   :ComfyNetworkSense] [07/31/2026 07:25:54] MOTION_AUTHORITY state=target_rejected run_id=native-20260731-c8-full29 client=i5 action=none detail=sequence=211_target_error_mm=49740_native_fallback=false
[Info   :ComfyNetworkSense] [07/31/2026 07:25:54] MOTION_AUTHORITY state=target_rejected run_id=native-20260731-c8-full29 client=i5 action=none detail=sequence=211_target_error_mm=49742_native_fallback=false
[Info   :ComfyNetworkSense] [07/31/2026 07:25:54] MOTION_AUTHORITY state=target_rejected run_id=native-20260731-c8-full29 client=i5 action=none detail=sequence=211_target_error_mm=49745_native_fallback=false
[Info   :ComfyNetworkSense] [07/31/2026 07:25:54] MOTION_AUTHORITY state=target_rejected run_id=native-20260731-c8-full29 client=i5 action=none detail=sequence=212_target_error_mm=49744_native_fallback=false
[Info   :ComfyNetworkSense] [07/31/2026 07:25:54] MOTION_AUTHORITY state=target_rejected run_id=native-20260731-c8-full29 client=i5 action=none detail=sequence=212_target_error_mm=49748_native_fallback=false
[Info   :ComfyNetworkSense] [07/31/2026 07:25:54] MOTION_AUTHORITY state=target_rejected run_id=native-20260731-c8-full29 client=i5 action=none detail=sequence=212_target_error_mm=49750_native_fallback=false
[Info   :ComfyNetworkSense] [07/31/2026 07:25:54] MOTION_AUTHORITY state=target_rejected run_id=native-20260731-c8-full29 client=i5 action=none detail=sequence=212_target_error_mm=49753_native_fallback=false
[Info   :ComfyNetworkSense] [07/31/2026 07:25:54] MOTION_AUTHORITY state=target_rejected run_id=native-20260731-c8-full29 client=i5 action=none detail=sequence=212_target_error_mm=49755_native_fallback=false
[Info   :ComfyNetworkSense] [07/31/2026 07:25:54] MOTION_AUTHORITY state=target_rejected run_id=native-20260731-c8-full29 client=i5 action=none detail=sequence=212_target_error_mm=49758_native_fallback=false
[Info   :ComfyNetworkSense] [07/31/2026 07:25:54] MOTION_AUTHORITY state=target_rejected run_id=native-20260731-c8-full29 client=i5 action=none detail=sequence=212_target_error_mm=49761_native_fallback=false
[Info   :ComfyNetworkSense] [07/31/2026 07:25:54] MOTION_AUTHORITY state=target_rejected run_id=native-20260731-c8-full29 client=i5 action=none detail=sequence=212_target_error_mm=49763_native_fallback=false
[Info   :ComfyNetworkSense] [07/31/2026 07:25:54] MOTION_AUTHORITY state=target_rejected run_id=native-20260731-c8-full29 client=i5 action=none detail=sequence=213_target_error_mm=49663_native_fallback=false
[Info   :ComfyNetworkSense] [07/31/2026 07:25:54] MOTION_AUTHORITY state=target_rejected run_id=native-20260731-c8-full29 client=i5 action=none detail=sequence=213_target_error_mm=49666_native_fallback=false
[Info   :ComfyNetworkSense] [07/31/2026 07:25:54] MOTION_AUTHORITY state=target_rejected run_id=native-20260731-c8-full29 client=i5 action=none detail=sequence=213_target_error_mm=49669_native_fallback=false
[Info   :ComfyNetworkSense] [07/31/2026 07:25:54] MOTION_AUTHORITY state=target_rejected run_id=native-20260731-c8-full29 client=i5 action=none detail=sequence=213_target_error_mm=49671_native_fallback=false
[Info   :ComfyNetworkSense] [07/31/2026 07:25:54] MOTION_AUTHORITY state=target_rejected run_id=native-20260731-c8-full29 client=i5 action=none detail=sequence=213_target_error_mm=49674_native_fallback=false
[Info   :ComfyNetworkSense] [07/31/2026 07:25:54] MOTION_AUTHORITY state=target_rejected run_id=native-20260731-c8-full29 client=i5 action=none detail=sequence=213_target_error_mm=49678_native_fallback=false
[Info   :ComfyNetworkSense] [07/31/2026 07:25:54] MOTION_AUTHORITY state=target_rejected run_id=native-20260731-c8-full29 client=i5 action=none detail=sequence=213_target_error_mm=49681_native_fallback=false
[Info   :ComfyNetworkSense] [07/31/2026 07:25:54] MOTION_AUTHORITY state=target_rejected run_id=native-20260731-c8-full29 client=i5 action=none detail=sequence=214_target_error_mm=49781_native_fallback=false
[Info   :ComfyNetworkSense] [07/31/2026 07:25:54] MOTION_AUTHORITY state=target_rejected run_id=native-20260731-c8-full29 client=i5 action=none detail=sequence=214_target_error_mm=49783_native_fallback=false
[Info   :ComfyNetworkSense] [07/31/2026 07:25:54] MOTION_AUTHORITY state=target_rejected run_id=native-20260731-c8-full29 client=i5 action=none detail=sequence=214_target_error_mm=49786_native_fallback=false
[Info   :ComfyNetworkSense] [07/31/2026 07:25:54] MOTION_AUTHORITY state=target_rejected run_id=native-20260731-c8-full29 client=i5 action=none detail=sequence=214_target_error_mm=49789_native_fallback=false
[Info   :ComfyNetworkSense] [07/31/2026 07:25:54] MOTION_AUTHORITY state=target_rejected run_id=native-20260731-c8-full29 client=i5 action=none detail=sequence=214_target_error_mm=49791_native_fallback=false
[Info   :ComfyNetworkSense] [07/31/2026 07:25:54] MOTION_AUTHORITY state=target_rejected run_id=native-20260731-c8-full29 client=i5 action=none detail=sequence=214_target_error_mm=49795_native_fallback=false
[Info   :ComfyNetworkSense] [07/31/2026 07:25:54] MOTION_AUTHORITY state=target_rejected run_id=native-20260731-c8-full29 client=i5 action=none detail=sequence=214_target_error_mm=49798_native_fallback=false
[Info   :ComfyNetworkSense] [07/31/2026 07:25:54] MOTION_AUTHORITY state=target_rejected run_id=native-20260731-c8-full29 client=i5 action=none detail=sequence=214_target_error_mm=49801_native_fallback=false
[Info   :ComfyNetworkSense] [07/31/2026 07:25:54] MOTION_AUTHORITY state=target_rejected run_id=native-20260731-c8-full29 client=i5 action=none detail=sequence=215_target_error_mm=49801_native_fallback=false
[Info   :ComfyNetworkSense] [07/31/2026 07:25:54] MOTION_AUTHORITY state=target_rejected run_id=native-20260731-c8-full29 client=i5 action=none detail=sequence=215_target_error_mm=49803_native_fallback=false
[Info   :ComfyNetworkSense] [07/31/2026 07:25:54] MOTION_AUTHORITY state=target_rejected run_id=native-20260731-c8-full29 client=i5 action=none detail=sequence=215_target_error_mm=49806_native_fallback=false
[Info   :ComfyNetworkSense] [07/31/2026 07:25:54] MOTION_AUTHORITY state=target_rejected run_id=native-20260731-c8-full29 client=i5 action=none detail=sequence=215_target_error_mm=49809_native_fallback=false
[Info   :ComfyNetworkSense] [07/31/2026 07:25:54] MOTION_AUTHORITY state=target_rejected run_id=native-20260731-c8-full29 client=i5 action=none detail=sequence=215_target_error_mm=49811_native_fallback=false
[Info   :ComfyNetworkSense] [07/31/2026 07:25:54] MOTION_AUTHORITY state=target_rejected run_id=native-20260731-c8-full29 client=i5 action=none detail=sequence=215_target_error_mm=49814_native_fallback=false
[Info   :ComfyNetworkSense] [07/31/2026 07:25:54] MOTION_AUTHORITY state=target_rejected run_id=native-20260731-c8-full29 client=i5 action=none detail=sequence=215_target_error_mm=49818_native_fallback=false
[Info   :ComfyNetworkSense] [07/31/2026 07:25:54] MOTION_AUTHORITY state=target_rejected run_id=native-20260731-c8-full29 client=i5 action=none detail=sequence=216_target_error_mm=49758_native_fallback=false
[Info   :ComfyNetworkSense] [07/31/2026 07:25:54] MOTION_AUTHORITY state=target_rejected run_id=native-20260731-c8-full29 client=i5 action=none detail=sequence=216_target_error_mm=49761_native_fallback=false
[Info   :ComfyNetworkSense] [07/31/2026 07:25:54] MOTION_AUTHORITY state=target_rejected run_id=native-20260731-c8-full29 client=i5 action=none detail=sequence=216_target_error_mm=49764_native_fallback=false
[Info   :ComfyNetworkSense] [07/31/2026 07:25:54] MOTION_AUTHORITY state=target_rejected run_id=native-20260731-c8-full29 client=i5 action=none detail=sequence=216_target_error_mm=49767_native_fallback=false
[Info   :ComfyNetworkSense] [07/31/2026 07:25:54] MOTION_AUTHORITY state=target_rejected run_id=native-20260731-c8-full29 client=i5 action=none detail=sequence=216_target_error_mm=49772_native_fallback=false
[Info   :ComfyNetworkSense] [07/31/2026 07:25:54] MOTION_AUTHORITY state=target_rejected run_id=native-20260731-c8-full29 client=i5 action=none detail=sequence=216_target_error_mm=49774_native_fallback=false
[Info   :ComfyNetworkSense] [07/31/2026 07:25:54] MOTION_AUTHORITY state=target_rejected run_id=native-20260731-c8-full29 client=i5 action=none detail=sequence=216_target_error_mm=49777_native_fallback=false
[Info   :ComfyNetworkSense] [07/31/2026 07:25:54] MOTION_AUTHORITY state=target_rejected run_id=native-20260731-c8-full29 client=i5 action=none detail=sequence=217_target_error_mm=49837_native_fallback=false
[Info   :ComfyNetworkSense] [07/31/2026 07:25:54] MOTION_AUTHORITY state=target_rejected run_id=native-20260731-c8-full29 client=i5 action=none detail=sequence=217_target_error_mm=49839_native_fallback=false
[Info   :ComfyNetworkSense] [07/31/2026 07:25:54] MOTION_AUTHORITY state=target_rejected run_id=native-20260731-c8-full29 client=i5 action=none detail=sequence=217_target_error_mm=49842_native_fallback=false
[Info   :ComfyNetworkSense] [07/31/2026 07:25:54] MOTION_AUTHORITY state=target_rejected run_id=native-20260731-c8-full29 client=i5 action=none detail=sequence=217_target_error_mm=49845_native_fallback=false
[Info   :ComfyNetworkSense] [07/31/2026 07:25:54] MOTION_AUTHORITY state=target_rejected run_id=native-20260731-c8-full29 client=i5 action=none detail=sequence=217_target_error_mm=49847_native_fallback=false
[Info   :ComfyNetworkSense] [07/31/2026 07:25:54] MOTION_AUTHORITY state=target_rejected run_id=native-20260731-c8-full29 client=i5 action=none detail=sequence=217_target_error_mm=49850_native_fallback=false
[Info   :ComfyNetworkSense] [07/31/2026 07:25:54] MOTION_AUTHORITY state=target_rejected run_id=native-20260731-c8-full29 client=i5 action=none detail=sequence=217_target_error_mm=49853_native_fallback=false
[Info   :ComfyNetworkSense] [07/31/2026 07:25:54] MOTION_AUTHORITY state=target_rejected run_id=native-20260731-c8-full29 client=i5 action=none detail=sequence=217_target_error_mm=49855_native_fallback=false
[Info   :ComfyNetworkSense] [07/31/2026 07:25:54] MOTION_AUTHORITY state=target_rejected run_id=native-20260731-c8-full29 client=i5 action=none detail=sequence=218_target_error_mm=49855_native_fallback=false
[Info   :ComfyNetworkSense] [07/31/2026 07:25:54] MOTION_AUTHORITY state=target_rejected run_id=native-20260731-c8-full29 client=i5 action=none detail=sequence=218_target_error_mm=49858_native_fallback=false
[Info   :ComfyNetworkSense] [07/31/2026 07:25:54] MOTION_AUTHORITY state=target_rejected run_id=native-20260731-c8-full29 client=i5 action=none detail=sequence=218_target_error_mm=49861_native_fallback=false
[Info   :ComfyNetworkSense] [07/31/2026 07:25:54] MOTION_AUTHORITY state=target_rejected run_id=native-20260731-c8-full29 client=i5 action=none detail=sequence=218_target_error_mm=49864_native_fallback=false
[Info   :ComfyNetworkSense] [07/31/2026 07:25:54] MOTION_AUTHORITY state=target_rejected run_id=native-20260731-c8-full29 client=i5 action=none detail=sequence=218_target_error_mm=49866_native_fallback=false
[Info   :ComfyNetworkSense] [07/31/2026 07:25:54] MOTION_AUTHORITY state=target_rejected run_id=native-20260731-c8-full29 client=i5 action=none detail=sequence=218_target_error_mm=49870_native_fallback=false
[Info   :ComfyNetworkSense] [07/31/2026 07:25:54] MOTION_AUTHORITY state=target_rejected run_id=native-20260731-c8-full29 client=i5 action=none detail=sequence=218_target_error_mm=49873_native_fallback=false
[Info   :ComfyNetworkSense] [07/31/2026 07:25:54] MOTION_AUTHORITY state=target_rejected run_id=native-20260731-c8-full29 client=i5 action=none detail=sequence=218_target_error_mm=49875_native_fallback=false
[Info   :ComfyNetworkSense] [07/31/2026 07:25:54] MOTION_AUTHORITY state=target_rejected run_id=native-20260731-c8-full29 client=i5 action=none detail=sequence=219_target_error_mm=49866_native_fallback=false
[Info   :ComfyNetworkSense] [07/31/2026 07:25:54] MOTION_AUTHORITY state=target_rejected run_id=native-20260731-c8-full29 client=i5 action=none detail=sequence=219_target_error_mm=49869_native_fallback=false
[Info   :ComfyNetworkSense] [07/31/2026 07:25:54] MOTION_AUTHORITY state=target_rejected run_id=native-20260731-c8-full29 client=i5 action=none detail=sequence=219_target_error_mm=49872_native_fallback=false
[Info   :ComfyNetworkSense] [07/31/2026 07:25:54] MOTION_AUTHORITY state=target_rejected run_id=native-20260731-c8-full29 client=i5 action=none detail=sequence=219_target_error_mm=49874_native_fallback=false
[Info   :ComfyNetworkSense] [07/31/2026 07:25:54] MOTION_AUTHORITY state=target_rejected run_id=native-20260731-c8-full29 client=i5 action=none detail=sequence=219_target_error_mm=49877_native_fallback=false
[Info   :ComfyNetworkSense] [07/31/2026 07:25:54] MOTION_AUTHORITY state=target_rejected run_id=native-20260731-c8-full29 client=i5 action=none detail=sequence=219_target_error_mm=49880_native_fallback=false
[Info   :ComfyNetworkSense] [07/31/2026 07:25:54] MOTION_AUTHORITY state=target_rejected run_id=native-20260731-c8-full29 client=i5 action=none detail=sequence=219_target_error_mm=49882_native_fallback=false
[Info   :ComfyNetworkSense] [07/31/2026 07:25:54] MOTION_AUTHORITY state=target_rejected run_id=native-20260731-c8-full29 client=i5 action=none detail=sequence=220_target_error_mm=49893_native_fallback=false
[Info   :ComfyNetworkSense] [07/31/2026 07:25:54] MOTION_AUTHORITY state=target_rejected run_id=native-20260731-c8-full29 client=i5 action=none detail=sequence=220_target_error_mm=49896_native_fallback=false
[Info   :ComfyNetworkSense] [07/31/2026 07:25:54] MOTION_AUTHORITY state=target_rejected run_id=native-20260731-c8-full29 client=i5 action=none detail=sequence=220_target_error_mm=49899_native_fallback=false
[Info   :ComfyNetworkSense] [07/31/2026 07:25:54] MOTION_AUTHORITY state=target_rejected run_id=native-20260731-c8-full29 client=i5 action=none detail=sequence=220_target_error_mm=49902_native_fallback=false
[Info   :ComfyNetworkSense] [07/31/2026 07:25:54] MOTION_AUTHORITY state=target_rejected run_id=native-20260731-c8-full29 client=i5 action=none detail=sequence=220_target_error_mm=49904_native_fallback=false
[Info   :ComfyNetworkSense] [07/31/2026 07:25:54] MOTION_AUTHORITY state=target_rejected run_id=native-20260731-c8-full29 client=i5 action=none detail=sequence=220_target_error_mm=49907_native_fallback=false
[Info   :ComfyNetworkSense] [07/31/2026 07:25:54] MOTION_AUTHORITY state=target_rejected run_id=native-20260731-c8-full29 client=i5 action=none detail=sequence=220_target_error_mm=49910_native_fallback=false
[Info   :ComfyNetworkSense] [07/31/2026 07:25:54] MOTION_AUTHORITY state=target_rejected run_id=native-20260731-c8-full29 client=i5 action=none detail=sequence=221_target_error_mm=49711_native_fallback=false
[Info   :ComfyNetworkSense] [07/31/2026 07:25:54] MOTION_AUTHORITY state=target_rejected run_id=native-20260731-c8-full29 client=i5 action=none detail=sequence=221_target_error_mm=49714_native_fallback=false
[Info   :ComfyNetworkSense] [07/31/2026 07:25:54] MOTION_AUTHORITY state=target_rejected run_id=native-20260731-c8-full29 client=i5 action=none detail=sequence=221_target_error_mm=49717_native_fallback=false
[Info   :ComfyNetworkSense] [07/31/2026 07:25:54] MOTION_AUTHORITY state=target_rejected run_id=native-20260731-c8-full29 client=i5 action=none detail=sequence=221_target_error_mm=49719_native_fallback=false
[Info   :ComfyNetworkSense] [07/31/2026 07:25:54] MOTION_AUTHORITY state=target_rejected run_id=native-20260731-c8-full29 client=i5 action=none detail=sequence=221_target_error_mm=49722_native_fallback=false
[Info   :ComfyNetworkSense] [07/31/2026 07:25:54] MOTION_AUTHORITY state=target_rejected run_id=native-20260731-c8-full29 client=i5 action=none detail=sequence=221_target_error_mm=49725_native_fallback=false
[Info   :ComfyNetworkSense] [07/31/2026 07:25:54] MOTION_AUTHORITY state=target_rejected run_id=native-20260731-c8-full29 client=i5 action=none detail=sequence=221_target_error_mm=49727_native_fallback=false
[Info   :ComfyNetworkSense] [07/31/2026 07:25:54] MOTION_AUTHORITY state=target_rejected run_id=native-20260731-c8-full29 client=i5 action=none detail=sequence=221_target_error_mm=49730_native_fallback=false
[Info   :ComfyNetworkSense] [07/31/2026 07:25:54] MOTION_AUTHORITY state=target_rejected run_id=native-20260731-c8-full29 client=i5 action=none detail=sequence=222_target_error_mm=49931_native_fallback=false
[Info   :ComfyNetworkSense] [07/31/2026 07:25:54] MOTION_AUTHORITY state=target_rejected run_id=native-20260731-c8-full29 client=i5 action=none detail=sequence=222_target_error_mm=49934_native_fallback=false
[Info   :ComfyNetworkSense] [07/31/2026 07:25:55] MOTION_AUTHORITY state=target_rejected run_id=native-20260731-c8-full29 client=i5 action=none detail=sequence=222_target_error_mm=49936_native_fallback=false
[Info   :ComfyNetworkSense] [07/31/2026 07:25:55] MOTION_AUTHORITY state=target_rejected run_id=native-20260731-c8-full29 client=i5 action=none detail=sequence=222_target_error_mm=49939_native_fallback=false
[Info   :ComfyNetworkSense] [07/31/2026 07:25:55] MOTION_AUTHORITY state=target_rejected run_id=native-20260731-c8-full29 client=i5 action=none detail=sequence=222_target_error_mm=49941_native_fallback=false
[Info   :ComfyNetworkSense] [07/31/2026 07:25:55] MOTION_AUTHORITY state=target_rejected run_id=native-20260731-c8-full29 client=i5 action=none detail=sequence=222_target_error_mm=49944_native_fallback=false
[Info   :ComfyNetworkSense] [07/31/2026 07:25:55] MOTION_AUTHORITY state=target_rejected run_id=native-20260731-c8-full29 client=i5 action=none detail=sequence=222_target_error_mm=49947_native_fallback=false
[Info   :ComfyNetworkSense] [07/31/2026 07:25:55] MOTION_AUTHORITY state=target_rejected run_id=native-20260731-c8-full29 client=i5 action=none detail=sequence=223_target_error_mm=49948_native_fallback=false
[Info   :ComfyNetworkSense] [07/31/2026 07:25:55] MOTION_AUTHORITY state=target_rejected run_id=native-20260731-c8-full29 client=i5 action=none detail=sequence=223_target_error_mm=49951_native_fallback=false
[Info   :ComfyNetworkSense] [07/31/2026 07:25:55] MOTION_AUTHORITY state=target_rejected run_id=native-20260731-c8-full29 client=i5 action=none detail=sequence=223_target_error_mm=49954_native_fallback=false
[Info   :ComfyNetworkSense] [07/31/2026 07:25:55] MOTION_AUTHORITY state=target_rejected run_id=native-20260731-c8-full29 client=i5 action=none detail=sequence=223_target_error_mm=49957_native_fallback=false
[Info   :ComfyNetworkSense] [07/31/2026 07:25:55] MOTION_AUTHORITY state=target_rejected run_id=native-20260731-c8-full29 client=i5 action=none detail=sequence=223_target_error_mm=49960_native_fallback=false
[Info   :ComfyNetworkSense] [07/31/2026 07:25:55] MOTION_AUTHORITY state=target_rejected run_id=native-20260731-c8-full29 client=i5 action=none detail=sequence=223_target_error_mm=49962_native_fallback=false
[Info   :ComfyNetworkSense] [07/31/2026 07:25:55] MOTION_AUTHORITY state=target_rejected run_id=native-20260731-c8-full29 client=i5 action=none detail=sequence=223_target_error_mm=49965_native_fallback=false
[Info   :ComfyNetworkSense] [07/31/2026 07:25:55] MOTION_AUTHORITY state=target_rejected run_id=native-20260731-c8-full29 client=i5 action=none detail=sequence=223_target_error_mm=49968_native_fallback=false
[Info   :ComfyNetworkSense] [07/31/2026 07:25:55] MOTION_AUTHORITY state=target_rejected run_id=native-20260731-c8-full29 client=i5 action=none detail=sequence=223_target_error_mm=49971_native_fallback=false
[Info   :ComfyNetworkSense] [07/31/2026 07:25:55] MOTION_AUTHORITY state=target_rejected run_id=native-20260731-c8-full29 client=i5 action=none detail=sequence=224_target_error_mm=49822_native_fallback=false
[Info   :ComfyNetworkSense] [07/31/2026 07:25:55] MOTION_AUTHORITY state=target_rejected run_id=native-20260731-c8-full29 client=i5 action=none detail=sequence=224_target_error_mm=49825_native_fallback=false
[Info   :ComfyNetworkSense] [07/31/2026 07:25:55] MOTION_AUTHORITY state=target_rejected run_id=native-20260731-c8-full29 client=i5 action=none detail=sequence=224_target_error_mm=49828_native_fallback=false
[Info   :ComfyNetworkSense] [07/31/2026 07:25:55] MOTION_AUTHORITY state=target_rejected run_id=native-20260731-c8-full29 client=i5 action=none detail=sequence=224_target_error_mm=49831_native_fallback=false
[Info   :ComfyNetworkSense] [07/31/2026 07:25:55] MOTION_AUTHORITY state=target_rejected run_id=native-20260731-c8-full29 client=i5 action=none detail=sequence=224_target_error_mm=49833_native_fallback=false
[Info   :ComfyNetworkSense] [07/31/2026 07:25:55] MOTION_AUTHORITY state=target_rejected run_id=native-20260731-c8-full29 client=i5 action=none detail=sequence=224_target_error_mm=49836_native_fallback=false
[Info   :ComfyNetworkSense] [07/31/2026 07:25:55] MOTION_AUTHORITY state=target_rejected run_id=native-20260731-c8-full29 client=i5 action=none detail=sequence=224_target_error_mm=49839_native_fallback=false
[Info   :ComfyNetworkSense] [07/31/2026 07:25:55] MOTION_AUTHORITY state=target_rejected run_id=native-20260731-c8-full29 client=i5 action=none detail=sequence=224_target_error_mm=49842_native_fallback=false
[Info   :ComfyNetworkSense] [07/31/2026 07:25:55] MOTION_AUTHORITY state=target_rejected run_id=native-20260731-c8-full29 client=i5 action=none detail=sequence=225_target_error_mm=49993_native_fallback=false
[Info   :ComfyNetworkSense] [07/31/2026 07:25:55] MOTION_AUTHORITY state=target_rejected run_id=native-20260731-c8-full29 client=i5 action=none detail=sequence=225_target_error_mm=49996_native_fallback=false
[Info   :ComfyNetworkSense] [07/31/2026 07:25:55] MOTION_AUTHORITY state=target_rejected run_id=native-20260731-c8-full29 client=i5 action=none detail=sequence=225_target_error_mm=50000_native_fallback=false
[Info   :ComfyNetworkSense] [07/31/2026 07:25:55] MOTION_AUTHORITY state=target_rejected run_id=native-20260731-c8-full29 client=i5 action=none detail=sequence=225_target_error_mm=50002_native_fallback=false
[Info   :ComfyNetworkSense] [07/31/2026 07:25:55] MOTION_AUTHORITY state=target_rejected run_id=native-20260731-c8-full29 client=i5 action=none detail=sequence=225_target_error_mm=50005_native_fallback=false
[Info   :ComfyNetworkSense] [07/31/2026 07:25:55] MOTION_AUTHORITY state=target_rejected run_id=native-20260731-c8-full29 client=i5 action=none detail=sequence=225_target_error_mm=50008_native_fallback=false
[Info   :ComfyNetworkSense] [07/31/2026 07:25:55] MOTION_AUTHORITY state=target_rejected run_id=native-20260731-c8-full29 client=i5 action=none detail=sequence=225_target_error_mm=50010_native_fallback=false
[Info   :ComfyNetworkSense] [07/31/2026 07:25:55] MOTION_AUTHORITY state=target_rejected run_id=native-20260731-c8-full29 client=i5 action=none detail=sequence=225_target_error_mm=50013_native_fallback=false
[Info   :ComfyNetworkSense] [07/31/2026 07:25:55] MOTION_AUTHORITY state=target_rejected run_id=native-20260731-c8-full29 client=i5 action=none detail=sequence=226_target_error_mm=50015_native_fallback=false
[Info   :ComfyNetworkSense] [07/31/2026 07:25:55] MOTION_AUTHORITY state=target_rejected run_id=native-20260731-c8-full29 client=i5 action=none detail=sequence=226_target_error_mm=50018_native_fallback=false
[Info   :ComfyNetworkSense] [07/31/2026 07:25:55] MOTION_AUTHORITY state=target_rejected run_id=native-20260731-c8-full29 client=i5 action=none detail=sequence=226_target_error_mm=50020_native_fallback=false
[Info   :ComfyNetworkSense] [07/31/2026 07:25:55] MOTION_AUTHORITY state=target_rejected run_id=native-20260731-c8-full29 client=i5 action=none detail=sequence=226_target_error_mm=50023_native_fallback=false
[Info   :ComfyNetworkSense] [07/31/2026 07:25:55] MOTION_AUTHORITY state=target_rejected run_id=native-20260731-c8-full29 client=i5 action=none detail=sequence=226_target_error_mm=50026_native_fallback=false
[Info   :ComfyNetworkSense] [07/31/2026 07:25:55] MOTION_AUTHORITY state=target_rejected run_id=native-20260731-c8-full29 client=i5 action=none detail=sequence=226_target_error_mm=50029_native_fallback=false
[Info   :ComfyNetworkSense] [07/31/2026 07:25:55] MOTION_AUTHORITY state=target_rejected run_id=native-20260731-c8-full29 client=i5 action=none detail=sequence=226_target_error_mm=50031_native_fallback=false
[Info   :ComfyNetworkSense] [07/31/2026 07:25:55] MOTION_AUTHORITY state=target_rejected run_id=native-20260731-c8-full29 client=i5 action=none detail=sequence=227_target_error_mm=49844_native_fallback=false
[Info   :ComfyNetworkSense] [07/31/2026 07:25:55] MOTION_AUTHORITY state=target_rejected run_id=native-20260731-c8-full29 client=i5 action=none detail=sequence=227_target_error_mm=49847_native_fallback=false
[Info   :ComfyNetworkSense] [07/31/2026 07:25:55] MOTION_AUTHORITY state=target_rejected run_id=native-20260731-c8-full29 client=i5 action=none detail=sequence=227_target_error_mm=49849_native_fallback=false
[Info   :ComfyNetworkSense] [07/31/2026 07:25:55] MOTION_AUTHORITY state=target_rejected run_id=native-20260731-c8-full29 client=i5 action=none detail=sequence=227_target_error_mm=49852_native_fallback=false
[Info   :ComfyNetworkSense] [07/31/2026 07:25:55] MOTION_AUTHORITY state=target_rejected run_id=native-20260731-c8-full29 client=i5 action=none detail=sequence=227_target_error_mm=49856_native_fallback=false
[Info   :ComfyNetworkSense] [07/31/2026 07:25:55] MOTION_AUTHORITY state=target_rejected run_id=native-20260731-c8-full29 client=i5 action=none detail=sequence=227_target_error_mm=49858_native_fallback=false
[Info   :ComfyNetworkSense] [07/31/2026 07:25:55] MOTION_AUTHORITY state=target_rejected run_id=native-20260731-c8-full29 client=i5 action=none detail=sequence=227_target_error_mm=49861_native_fallback=false
[Info   :ComfyNetworkSense] [07/31/2026 07:25:55] MOTION_AUTHORITY state=target_rejected run_id=native-20260731-c8-full29 client=i5 action=none detail=sequence=227_target_error_mm=49864_native_fallback=false
[Info   :ComfyNetworkSense] [07/31/2026 07:25:55] MOTION_AUTHORITY state=target_rejected run_id=native-20260731-c8-full29 client=i5 action=none detail=sequence=228_target_error_mm=50056_native_fallback=false
[Info   :ComfyNetworkSense] [07/31/2026 07:25:55] MOTION_AUTHORITY state=target_rejected run_id=native-20260731-c8-full29 client=i5 action=none detail=sequence=228_target_error_mm=50059_native_fallback=false
[Info   :ComfyNetworkSense] [07/31/2026 07:25:55] MOTION_AUTHORITY state=target_rejected run_id=native-20260731-c8-full29 client=i5 action=none detail=sequence=228_target_error_mm=50062_native_fallback=false
[Info   :ComfyNetworkSense] [07/31/2026 07:25:55] MOTION_AUTHORITY state=target_rejected run_id=native-20260731-c8-full29 client=i5 action=none detail=sequence=228_target_error_mm=50066_native_fallback=false
[Info   :ComfyNetworkSense] [07/31/2026 07:25:55] MOTION_AUTHORITY state=target_rejected run_id=native-20260731-c8-full29 client=i5 action=none detail=sequence=228_target_error_mm=50068_native_fallback=false
[Info   :ComfyNetworkSense] [07/31/2026 07:25:55] MOTION_AUTHORITY state=target_rejected run_id=native-20260731-c8-full29 client=i5 action=none detail=sequence=228_target_error_mm=50072_native_fallback=false
[Info   :ComfyNetworkSense] [07/31/2026 07:25:55] MOTION_AUTHORITY state=target_rejected run_id=native-20260731-c8-full29 client=i5 action=none detail=sequence=228_target_error_mm=50074_native_fallback=false
[Info   :ComfyNetworkSense] [07/31/2026 07:25:55] MOTION_AUTHORITY state=target_rejected run_id=native-20260731-c8-full29 client=i5 action=none detail=sequence=229_target_error_mm=50077_native_fallback=false
[Info   :ComfyNetworkSense] [07/31/2026 07:25:55] MOTION_AUTHORITY state=target_rejected run_id=native-20260731-c8-full29 client=i5 action=none detail=sequence=229_target_error_mm=50080_native_fallback=false
[Info   :ComfyNetworkSense] [07/31/2026 07:25:55] MOTION_AUTHORITY state=target_rejected run_id=native-20260731-c8-full29 client=i5 action=none detail=sequence=229_target_error_mm=50083_native_fallback=false
[Info   :ComfyNetworkSense] [07/31/2026 07:25:55] MOTION_AUTHORITY state=target_rejected run_id=native-20260731-c8-full29 client=i5 action=none detail=sequence=229_target_error_mm=50086_native_fallback=false
[Info   :ComfyNetworkSense] [07/31/2026 07:25:55] MOTION_AUTHORITY state=target_rejected run_id=native-20260731-c8-full29 client=i5 action=none detail=sequence=229_target_error_mm=50088_native_fallback=false
[Info   :ComfyNetworkSense] [07/31/2026 07:25:55] MOTION_AUTHORITY state=target_rejected run_id=native-20260731-c8-full29 client=i5 action=none detail=sequence=229_target_error_mm=50091_native_fallback=false
[Info   :ComfyNetworkSense] [07/31/2026 07:25:55] MOTION_AUTHORITY state=target_rejected run_id=native-20260731-c8-full29 client=i5 action=none detail=sequence=229_target_error_mm=50094_native_fallback=false
[Info   :ComfyNetworkSense] [07/31/2026 07:25:55] MOTION_AUTHORITY state=target_rejected run_id=native-20260731-c8-full29 client=i5 action=none detail=sequence=229_target_error_mm=50096_native_fallback=false
[Info   :ComfyNetworkSense] [07/31/2026 07:25:55] MOTION_AUTHORITY state=target_rejected run_id=native-20260731-c8-full29 client=i5 action=none detail=sequence=230_target_error_mm=49979_native_fallback=false
[Info   :ComfyNetworkSense] [07/31/2026 07:25:55] MOTION_AUTHORITY state=target_rejected run_id=native-20260731-c8-full29 client=i5 action=none detail=sequence=230_target_error_mm=49982_native_fallback=false
[Info   :ComfyNetworkSense] [07/31/2026 07:25:55] MOTION_AUTHORITY state=target_rejected run_id=native-20260731-c8-full29 client=i5 action=none detail=sequence=230_target_error_mm=49986_native_fallback=false
[Info   :ComfyNetworkSense] [07/31/2026 07:25:55] MOTION_AUTHORITY state=target_rejected run_id=native-20260731-c8-full29 client=i5 action=none detail=sequence=230_target_error_mm=49988_native_fallback=false
[Info   :ComfyNetworkSense] [07/31/2026 07:25:55] MOTION_AUTHORITY state=target_rejected run_id=native-20260731-c8-full29 client=i5 action=none detail=sequence=230_target_error_mm=49991_native_fallback=false
[Info   :ComfyNetworkSense] [07/31/2026 07:25:55] MOTION_AUTHORITY state=target_rejected run_id=native-20260731-c8-full29 client=i5 action=none detail=sequence=230_target_error_mm=49994_native_fallback=false
[Info   :ComfyNetworkSense] [07/31/2026 07:25:55] MOTION_AUTHORITY state=target_rejected run_id=native-20260731-c8-full29 client=i5 action=none detail=sequence=230_target_error_mm=49997_native_fallback=false
[Info   :ComfyNetworkSense] [07/31/2026 07:25:55] MOTION_AUTHORITY state=target_rejected run_id=native-20260731-c8-full29 client=i5 action=none detail=sequence=231_target_error_mm=50120_native_fallback=false
[Info   :ComfyNetworkSense] [07/31/2026 07:25:55] MOTION_AUTHORITY state=target_rejected run_id=native-20260731-c8-full29 client=i5 action=none detail=sequence=231_target_error_mm=50123_native_fallback=false
[Info   :ComfyNetworkSense] [07/31/2026 07:25:55] MOTION_AUTHORITY state=target_rejected run_id=native-20260731-c8-full29 client=i5 action=none detail=sequence=231_target_error_mm=50127_native_fallback=false
[Info   :ComfyNetworkSense] [07/31/2026 07:25:55] MOTION_AUTHORITY state=target_rejected run_id=native-20260731-c8-full29 client=i5 action=none detail=sequence=231_target_error_mm=50129_native_fallback=false
[Info   :ComfyNetworkSense] [07/31/2026 07:25:55] MOTION_AUTHORITY state=target_rejected run_id=native-20260731-c8-full29 client=i5 action=none detail=sequence=231_target_error_mm=50132_native_fallback=false
[Info   :ComfyNetworkSense] [07/31/2026 07:25:55] MOTION_AUTHORITY state=target_rejected run_id=native-20260731-c8-full29 client=i5 action=none detail=sequence=231_target_error_mm=50134_native_fallback=false
[Info   :ComfyNetworkSense] [07/31/2026 07:25:55] MOTION_AUTHORITY state=target_rejected run_id=native-20260731-c8-full29 client=i5 action=none detail=sequence=231_target_error_mm=50137_native_fallback=false
[Info   :ComfyNetworkSense] [07/31/2026 07:25:55] MOTION_AUTHORITY state=target_rejected run_id=native-20260731-c8-full29 client=i5 action=none detail=sequence=232_target_error_mm=50141_native_fallback=false
[Info   :ComfyNetworkSense] [07/31/2026 07:25:55] MOTION_AUTHORITY state=target_rejected run_id=native-20260731-c8-full29 client=i5 action=none detail=sequence=232_target_error_mm=50143_native_fallback=false
[Info   :ComfyNetworkSense] [07/31/2026 07:25:55] MOTION_AUTHORITY state=target_rejected run_id=native-20260731-c8-full29 client=i5 action=none detail=sequence=232_target_error_mm=50146_native_fallback=false
[Info   :ComfyNetworkSense] [07/31/2026 07:25:55] MOTION_AUTHORITY state=target_rejected run_id=native-20260731-c8-full29 client=i5 action=none detail=sequence=232_target_error_mm=50149_native_fallback=false
[Info   :ComfyNetworkSense] [07/31/2026 07:25:55] MOTION_AUTHORITY state=target_rejected run_id=native-20260731-c8-full29 client=i5 action=none detail=sequence=232_target_error_mm=50152_native_fallback=false
[Info   :ComfyNetworkSense] [07/31/2026 07:25:55] MOTION_AUTHORITY state=target_rejected run_id=native-20260731-c8-full29 client=i5 action=none detail=sequence=232_target_error_mm=50154_native_fallback=false
[Info   :ComfyNetworkSense] [07/31/2026 07:25:55] MOTION_AUTHORITY state=target_rejected run_id=native-20260731-c8-full29 client=i5 action=none detail=sequence=232_target_error_mm=50158_native_fallback=false
[Info   :ComfyNetworkSense] [07/31/2026 07:25:55] MOTION_AUTHORITY state=target_rejected run_id=native-20260731-c8-full29 client=i5 action=none detail=sequence=232_target_error_mm=50161_native_fallback=false
[Info   :ComfyNetworkSense] [07/31/2026 07:25:55] MOTION_AUTHORITY state=target_rejected run_id=native-20260731-c8-full29 client=i5 action=none detail=sequence=233_target_error_mm=50104_native_fallback=false
[Info   :ComfyNetworkSense] [07/31/2026 07:25:55] MOTION_AUTHORITY state=target_rejected run_id=native-20260731-c8-full29 client=i5 action=none detail=sequence=233_target_error_mm=50107_native_fallback=false
[Info   :ComfyNetworkSense] [07/31/2026 07:25:55] MOTION_AUTHORITY state=target_rejected run_id=native-20260731-c8-full29 client=i5 action=none detail=sequence=233_target_error_mm=50109_native_fallback=false
[Info   :ComfyNetworkSense] [07/31/2026 07:25:55] MOTION_AUTHORITY state=target_rejected run_id=native-20260731-c8-full29 client=i5 action=none detail=sequence=233_target_error_mm=50112_native_fallback=false
[Info   :ComfyNetworkSense] [07/31/2026 07:25:55] MOTION_AUTHORITY state=target_rejected run_id=native-20260731-c8-full29 client=i5 action=none detail=sequence=233_target_error_mm=50117_native_fallback=false
[Info   :ComfyNetworkSense] [07/31/2026 07:25:55] MOTION_AUTHORITY state=target_rejected run_id=native-20260731-c8-full29 client=i5 action=none detail=sequence=233_target_error_mm=50120_native_fallback=false
[Info   :ComfyNetworkSense] [07/31/2026 07:25:55] MOTION_AUTHORITY state=target_rejected run_id=native-20260731-c8-full29 client=i5 action=none detail=sequence=233_target_error_mm=50123_native_fallback=false
[Info   :ComfyNetworkSense] [07/31/2026 07:25:55] MOTION_AUTHORITY state=target_rejected run_id=native-20260731-c8-full29 client=i5 action=none detail=sequence=234_target_error_mm=50187_native_fallback=false
[Info   :ComfyNetworkSense] [07/31/2026 07:25:55] MOTION_AUTHORITY state=target_rejected run_id=native-20260731-c8-full29 client=i5 action=none detail=sequence=234_target_error_mm=50190_native_fallback=false
[Info   :ComfyNetworkSense] [07/31/2026 07:25:55] MOTION_AUTHORITY state=target_rejected run_id=native-20260731-c8-full29 client=i5 action=none detail=sequence=234_target_error_mm=50193_native_fallback=false
[Info   :ComfyNetworkSense] [07/31/2026 07:25:55] MOTION_AUTHORITY state=target_rejected run_id=native-20260731-c8-full29 client=i5 action=none detail=sequence=234_target_error_mm=50197_native_fallback=false
[Info   :ComfyNetworkSense] [07/31/2026 07:25:55] MOTION_AUTHORITY state=target_rejected run_id=native-20260731-c8-full29 client=i5 action=none detail=sequence=234_target_error_mm=50200_native_fallback=false
[Info   :ComfyNetworkSense] [07/31/2026 07:25:55] MOTION_AUTHORITY state=target_rejected run_id=native-20260731-c8-full29 client=i5 action=none detail=sequence=234_target_error_mm=50203_native_fallback=false
[Info   :ComfyNetworkSense] [07/31/2026 07:25:55] MOTION_AUTHORITY state=target_rejected run_id=native-20260731-c8-full29 client=i5 action=none detail=sequence=235_target_error_mm=49887_native_fallback=false
[Info   :ComfyNetworkSense] [07/31/2026 07:25:55] MOTION_AUTHORITY state=target_rejected run_id=native-20260731-c8-full29 client=i5 action=none detail=sequence=235_target_error_mm=49891_native_fallback=false
[Info   :ComfyNetworkSense] [07/31/2026 07:25:55] MOTION_AUTHORITY state=target_rejected run_id=native-20260731-c8-full29 client=i5 action=none detail=sequence=235_target_error_mm=49893_native_fallback=false
[Info   :ComfyNetworkSense] [07/31/2026 07:25:55] MOTION_AUTHORITY state=target_rejected run_id=native-20260731-c8-full29 client=i5 action=none detail=sequence=235_target_error_mm=49896_native_fallback=false
[Info   :ComfyNetworkSense] [07/31/2026 07:25:55] MOTION_AUTHORITY state=target_rejected run_id=native-20260731-c8-full29 client=i5 action=none detail=sequence=235_target_error_mm=49899_native_fallback=false
[Info   :ComfyNetworkSense] [07/31/2026 07:25:55] MOTION_AUTHORITY state=target_rejected run_id=native-20260731-c8-full29 client=i5 action=none detail=sequence=235_target_error_mm=49902_native_fallback=false
[Info   :ComfyNetworkSense] [07/31/2026 07:25:55] MOTION_AUTHORITY state=target_rejected run_id=native-20260731-c8-full29 client=i5 action=none detail=sequence=235_target_error_mm=49905_native_fallback=false
[Info   :ComfyNetworkSense] [07/31/2026 07:25:55] MOTION_AUTHORITY state=target_rejected run_id=native-20260731-c8-full29 client=i5 action=none detail=sequence=236_target_error_mm=50230_native_fallback=false
[Info   :ComfyNetworkSense] [07/31/2026 07:25:55] MOTION_AUTHORITY state=target_rejected run_id=native-20260731-c8-full29 client=i5 action=none detail=sequence=236_target_error_mm=50233_native_fallback=false
[Info   :ComfyNetworkSense] [07/31/2026 07:25:55] MOTION_AUTHORITY state=target_rejected run_id=native-20260731-c8-full29 client=i5 action=none detail=sequence=236_target_error_mm=50236_native_fallback=false
[Info   :ComfyNetworkSense] [07/31/2026 07:25:55] MOTION_AUTHORITY state=target_rejected run_id=native-20260731-c8-full29 client=i5 action=none detail=sequence=236_target_error_mm=50239_native_fallback=false
[Info   :ComfyNetworkSense] [07/31/2026 07:25:55] MOTION_AUTHORITY state=target_rejected run_id=native-20260731-c8-full29 client=i5 action=none detail=sequence=236_target_error_mm=50242_native_fallback=false
[Info   :ComfyNetworkSense] [07/31/2026 07:25:55] MOTION_AUTHORITY state=target_rejected run_id=native-20260731-c8-full29 client=i5 action=none detail=sequence=236_target_error_mm=50244_native_fallback=false
[Info   :ComfyNetworkSense] [07/31/2026 07:25:55] MOTION_AUTHORITY state=target_rejected run_id=native-20260731-c8-full29 client=i5 action=none detail=sequence=236_target_error_mm=50247_native_fallback=false
[Info   :ComfyNetworkSense] [07/31/2026 07:25:55] MOTION_AUTHORITY state=target_rejected run_id=native-20260731-c8-full29 client=i5 action=none detail=sequence=236_target_error_mm=50250_native_fallback=false
[Info   :ComfyNetworkSense] [07/31/2026 07:25:55] MOTION_AUTHORITY state=target_rejected run_id=native-20260731-c8-full29 client=i5 action=none detail=sequence=236_target_error_mm=50253_native_fallback=false
[Info   :ComfyNetworkSense] [07/31/2026 07:25:55] MOTION_AUTHORITY state=target_rejected run_id=native-20260731-c8-full29 client=i5 action=none detail=sequence=237_target_error_mm=50258_native_fallback=false
[Info   :ComfyNetworkSense] [07/31/2026 07:25:55] MOTION_AUTHORITY state=target_rejected run_id=native-20260731-c8-full29 client=i5 action=none detail=sequence=237_target_error_mm=50261_native_fallback=false
[Info   :ComfyNetworkSense] [07/31/2026 07:25:55] MOTION_AUTHORITY state=target_rejected run_id=native-20260731-c8-full29 client=i5 action=none detail=sequence=237_target_error_mm=50264_native_fallback=false
[Info   :ComfyNetworkSense] [07/31/2026 07:25:55] MOTION_AUTHORITY state=target_rejected run_id=native-20260731-c8-full29 client=i5 action=none detail=sequence=237_target_error_mm=50266_native_fallback=false
[Info   :ComfyNetworkSense] [07/31/2026 07:25:55] MOTION_AUTHORITY state=target_rejected run_id=native-20260731-c8-full29 client=i5 action=none detail=sequence=237_target_error_mm=50269_native_fallback=false
[Info   :ComfyNetworkSense] [07/31/2026 07:25:55] MOTION_AUTHORITY state=target_rejected run_id=native-20260731-c8-full29 client=i5 action=none detail=sequence=237_target_error_mm=50272_native_fallback=false
[Info   :ComfyNetworkSense] [07/31/2026 07:25:55] MOTION_AUTHORITY state=target_rejected run_id=native-20260731-c8-full29 client=i5 action=none detail=sequence=237_target_error_mm=50275_native_fallback=false
[Info   :ComfyNetworkSense] [07/31/2026 07:25:55] MOTION_AUTHORITY state=target_rejected run_id=native-20260731-c8-full29 client=i5 action=none detail=sequence=238_target_error_mm=50280_native_fallback=false
[Info   :ComfyNetworkSense] [07/31/2026 07:25:55] MOTION_AUTHORITY state=target_rejected run_id=native-20260731-c8-full29 client=i5 action=none detail=sequence=238_target_error_mm=50283_native_fallback=false
[Info   :ComfyNetworkSense] [07/31/2026 07:25:55] MOTION_AUTHORITY state=target_rejected run_id=native-20260731-c8-full29 client=i5 action=none detail=sequence=238_target_error_mm=50286_native_fallback=false
[Info   :ComfyNetworkSense] [07/31/2026 07:25:55] MOTION_AUTHORITY state=target_rejected run_id=native-20260731-c8-full29 client=i5 action=none detail=sequence=238_target_error_mm=50288_native_fallback=false
[Info   :ComfyNetworkSense] [07/31/2026 07:25:55] MOTION_AUTHORITY state=target_rejected run_id=native-20260731-c8-full29 client=i5 action=none detail=sequence=238_target_error_mm=50291_native_fallback=false
[Info   :ComfyNetworkSense] [07/31/2026 07:25:55] MOTION_AUTHORITY state=target_rejected run_id=native-20260731-c8-full29 client=i5 action=none detail=sequence=238_target_error_mm=50294_native_fallback=false
[Info   :ComfyNetworkSense] [07/31/2026 07:25:55] MOTION_AUTHORITY state=target_rejected run_id=native-20260731-c8-full29 client=i5 action=none detail=sequence=238_target_error_mm=50297_native_fallback=false
[Info   :ComfyNetworkSense] [07/31/2026 07:25:55] MOTION_AUTHORITY state=target_rejected run_id=native-20260731-c8-full29 client=i5 action=none detail=sequence=238_target_error_mm=50300_native_fallback=false
[Info   :ComfyNetworkSense] [07/31/2026 07:25:55] MOTION_AUTHORITY state=target_rejected run_id=native-20260731-c8-full29 client=i5 action=none detail=sequence=239_target_error_mm=50165_native_fallback=false
[Info   :ComfyNetworkSense] [07/31/2026 07:25:55] MOTION_AUTHORITY state=target_rejected run_id=native-20260731-c8-full29 client=i5 action=none detail=sequence=239_target_error_mm=50168_native_fallback=false
[Info   :ComfyNetworkSense] [07/31/2026 07:25:55] MOTION_AUTHORITY state=target_rejected run_id=native-20260731-c8-full29 client=i5 action=none detail=sequence=239_target_error_mm=50171_native_fallback=false
[Info   :ComfyNetworkSense] [07/31/2026 07:25:55] MOTION_AUTHORITY state=target_rejected run_id=native-20260731-c8-full29 client=i5 action=none detail=sequence=239_target_error_mm=50174_native_fallback=false
[Info   :ComfyNetworkSense] [07/31/2026 07:25:55] MOTION_AUTHORITY state=target_rejected run_id=native-20260731-c8-full29 client=i5 action=none detail=sequence=239_target_error_mm=50176_native_fallback=false
[Info   :ComfyNetworkSense] [07/31/2026 07:25:55] MOTION_AUTHORITY state=target_rejected run_id=native-20260731-c8-full29 client=i5 action=none detail=sequence=239_target_error_mm=50179_native_fallback=false
[Info   :ComfyNetworkSense] [07/31/2026 07:25:55] MOTION_AUTHORITY state=target_rejected run_id=native-20260731-c8-full29 client=i5 action=none detail=sequence=239_target_error_mm=50182_native_fallback=false
[Info   :ComfyNetworkSense] [07/31/2026 07:25:55] MOTION_AUTHORITY state=target_rejected run_id=native-20260731-c8-full29 client=i5 action=none detail=sequence=240_target_error_mm=50329_native_fallback=false
[Info   :ComfyNetworkSense] [07/31/2026 07:25:55] MOTION_AUTHORITY state=target_rejected run_id=native-20260731-c8-full29 client=i5 action=none detail=sequence=240_target_error_mm=50331_native_fallback=false
[Info   :ComfyNetworkSense] [07/31/2026 07:25:55] MOTION_AUTHORITY state=target_rejected run_id=native-20260731-c8-full29 client=i5 action=none detail=sequence=240_target_error_mm=50334_native_fallback=false
[Info   :ComfyNetworkSense] [07/31/2026 07:25:55] MOTION_AUTHORITY state=target_rejected run_id=native-20260731-c8-full29 client=i5 action=none detail=sequence=240_target_error_mm=50336_native_fallback=false
[Info   :ComfyNetworkSense] [07/31/2026 07:25:55] MOTION_AUTHORITY state=target_rejected run_id=native-20260731-c8-full29 client=i5 action=none detail=sequence=240_target_error_mm=50339_native_fallback=false
[Info   :ComfyNetworkSense] [07/31/2026 07:25:55] MOTION_AUTHORITY state=target_rejected run_id=native-20260731-c8-full29 client=i5 action=none detail=sequence=240_target_error_mm=50342_native_fallback=false
[Info   :ComfyNetworkSense] [07/31/2026 07:25:55] MOTION_AUTHORITY state=target_rejected run_id=native-20260731-c8-full29 client=i5 action=none detail=sequence=240_target_error_mm=50345_native_fallback=false
[Info   :ComfyNetworkSense] [07/31/2026 07:25:56] MOTION_AUTHORITY state=target_rejected run_id=native-20260731-c8-full29 client=i5 action=none detail=sequence=240_target_error_mm=50349_native_fallback=false
[Info   :ComfyNetworkSense] [07/31/2026 07:25:56] MOTION_AUTHORITY state=target_rejected run_id=native-20260731-c8-full29 client=i5 action=none detail=sequence=241_target_error_mm=50354_native_fallback=false
[Info   :ComfyNetworkSense] [07/31/2026 07:25:56] MOTION_AUTHORITY state=target_rejected run_id=native-20260731-c8-full29 client=i5 action=none detail=sequence=241_target_error_mm=50358_native_fallback=false
[Info   :ComfyNetworkSense] [07/31/2026 07:25:56] MOTION_AUTHORITY state=target_rejected run_id=native-20260731-c8-full29 client=i5 action=none detail=sequence=241_target_error_mm=50360_native_fallback=false
[Info   :ComfyNetworkSense] [07/31/2026 07:25:56] MOTION_AUTHORITY state=target_rejected run_id=native-20260731-c8-full29 client=i5 action=none detail=sequence=241_target_error_mm=50363_native_fallback=false
[Info   :ComfyNetworkSense] [07/31/2026 07:25:56] MOTION_AUTHORITY state=target_rejected run_id=native-20260731-c8-full29 client=i5 action=none detail=sequence=241_target_error_mm=50366_native_fallback=false
[Info   :ComfyNetworkSense] [07/31/2026 07:25:56] MOTION_AUTHORITY state=target_rejected run_id=native-20260731-c8-full29 client=i5 action=none detail=sequence=241_target_error_mm=50369_native_fallback=false
[Info   :ComfyNetworkSense] [07/31/2026 07:25:56] MOTION_AUTHORITY state=target_rejected run_id=native-20260731-c8-full29 client=i5 action=none detail=sequence=242_target_error_mm=50324_native_fallback=false
[Info   :ComfyNetworkSense] [07/31/2026 07:25:56] MOTION_AUTHORITY state=target_rejected run_id=native-20260731-c8-full29 client=i5 action=none detail=sequence=242_target_error_mm=50327_native_fallback=false
[Info   :ComfyNetworkSense] [07/31/2026 07:25:56] MOTION_AUTHORITY state=target_rejected run_id=native-20260731-c8-full29 client=i5 action=none detail=sequence=242_target_error_mm=50330_native_fallback=false
[Info   :ComfyNetworkSense] [07/31/2026 07:25:56] MOTION_AUTHORITY state=target_rejected run_id=native-20260731-c8-full29 client=i5 action=none detail=sequence=242_target_error_mm=50333_native_fallback=false
[Info   :ComfyNetworkSense] [07/31/2026 07:25:56] MOTION_AUTHORITY state=target_rejected run_id=native-20260731-c8-full29 client=i5 action=none detail=sequence=242_target_error_mm=50336_native_fallback=false
[Info   :ComfyNetworkSense] [07/31/2026 07:25:56] MOTION_AUTHORITY state=target_rejected run_id=native-20260731-c8-full29 client=i5 action=none detail=sequence=242_target_error_mm=50338_native_fallback=false
[Info   :ComfyNetworkSense] [07/31/2026 07:25:56] MOTION_AUTHORITY state=target_rejected run_id=native-20260731-c8-full29 client=i5 action=none detail=sequence=242_target_error_mm=50341_native_fallback=false
[Info   :ComfyNetworkSense] [07/31/2026 07:25:56] MOTION_AUTHORITY state=target_rejected run_id=native-20260731-c8-full29 client=i5 action=none detail=sequence=243_target_error_mm=50398_native_fallback=false
[Info   :ComfyNetworkSense] [07/31/2026 07:25:56] MOTION_AUTHORITY state=target_rejected run_id=native-20260731-c8-full29 client=i5 action=none detail=sequence=243_target_error_mm=50401_native_fallback=false
[Info   :ComfyNetworkSense] [07/31/2026 07:25:56] MOTION_AUTHORITY state=target_rejected run_id=native-20260731-c8-full29 client=i5 action=none detail=sequence=243_target_error_mm=50404_native_fallback=false
[Info   :ComfyNetworkSense] [07/31/2026 07:25:56] MOTION_AUTHORITY state=target_rejected run_id=native-20260731-c8-full29 client=i5 action=none detail=sequence=243_target_error_mm=50407_native_fallback=false
[Info   :ComfyNetworkSense] [07/31/2026 07:25:56] MOTION_AUTHORITY state=target_rejected run_id=native-20260731-c8-full29 client=i5 action=none detail=sequence=243_target_error_mm=50411_native_fallback=false
[Info   :ComfyNetworkSense] [07/31/2026 07:25:56] MOTION_AUTHORITY state=target_rejected run_id=native-20260731-c8-full29 client=i5 action=none detail=sequence=243_target_error_mm=50413_native_fallback=false
[Info   :ComfyNetworkSense] [07/31/2026 07:25:56] MOTION_AUTHORITY state=target_rejected run_id=native-20260731-c8-full29 client=i5 action=none detail=sequence=243_target_error_mm=50416_native_fallback=false
[Info   :ComfyNetworkSense] [07/31/2026 07:25:56] MOTION_AUTHORITY state=target_rejected run_id=native-20260731-c8-full29 client=i5 action=none detail=sequence=243_target_error_mm=50419_native_fallback=false
[Info   :ComfyNetworkSense] [07/31/2026 07:25:56] MOTION_AUTHORITY state=target_rejected run_id=native-20260731-c8-full29 client=i5 action=none detail=sequence=244_target_error_mm=50425_native_fallback=false
[Info   :ComfyNetworkSense] [07/31/2026 07:25:56] MOTION_AUTHORITY state=target_rejected run_id=native-20260731-c8-full29 client=i5 action=none detail=sequence=244_target_error_mm=50428_native_fallback=false
[Info   :ComfyNetworkSense] [07/31/2026 07:25:56] MOTION_AUTHORITY state=target_rejected run_id=native-20260731-c8-full29 client=i5 action=none detail=sequence=244_target_error_mm=50431_native_fallback=false
[Info   :ComfyNetworkSense] [07/31/2026 07:25:56] MOTION_AUTHORITY state=target_rejected run_id=native-20260731-c8-full29 client=i5 action=none detail=sequence=244_target_error_mm=50435_native_fallback=false
[Info   :ComfyNetworkSense] [07/31/2026 07:25:56] MOTION_AUTHORITY state=target_rejected run_id=native-20260731-c8-full29 client=i5 action=none detail=sequence=244_target_error_mm=50438_native_fallback=false
[Info   :ComfyNetworkSense] [07/31/2026 07:25:56] MOTION_AUTHORITY state=target_rejected run_id=native-20260731-c8-full29 client=i5 action=none detail=sequence=244_target_error_mm=50441_native_fallback=false
[Info   :ComfyNetworkSense] [07/31/2026 07:25:56] MOTION_AUTHORITY state=target_rejected run_id=native-20260731-c8-full29 client=i5 action=none detail=sequence=244_target_error_mm=50444_native_fallback=false
[Info   :ComfyNetworkSense] [07/31/2026 07:25:56] MOTION_AUTHORITY state=target_rejected run_id=native-20260731-c8-full29 client=i5 action=none detail=sequence=245_target_error_mm=50431_native_fallback=false
[Info   :ComfyNetworkSense] [07/31/2026 07:25:56] MOTION_AUTHORITY state=target_rejected run_id=native-20260731-c8-full29 client=i5 action=none detail=sequence=245_target_error_mm=50434_native_fallback=false
[Info   :ComfyNetworkSense] [07/31/2026 07:25:56] MOTION_AUTHORITY state=target_rejected run_id=native-20260731-c8-full29 client=i5 action=none detail=sequence=245_target_error_mm=50437_native_fallback=false
[Info   :ComfyNetworkSense] [07/31/2026 07:25:56] MOTION_AUTHORITY state=target_rejected run_id=native-20260731-c8-full29 client=i5 action=none detail=sequence=245_target_error_mm=50440_native_fallback=false
[Info   :ComfyNetworkSense] [07/31/2026 07:25:56] MOTION_AUTHORITY state=target_rejected run_id=native-20260731-c8-full29 client=i5 action=none detail=sequence=245_target_error_mm=50444_native_fallback=false
[Info   :ComfyNetworkSense] [07/31/2026 07:25:56] MOTION_AUTHORITY state=target_rejected run_id=native-20260731-c8-full29 client=i5 action=none detail=sequence=245_target_error_mm=50447_native_fallback=false
[Info   :ComfyNetworkSense] [07/31/2026 07:25:56] MOTION_AUTHORITY state=target_rejected run_id=native-20260731-c8-full29 client=i5 action=none detail=sequence=246_target_error_mm=50475_native_fallback=false
[Info   :ComfyNetworkSense] [07/31/2026 07:25:56] MOTION_AUTHORITY state=target_rejected run_id=native-20260731-c8-full29 client=i5 action=none detail=sequence=246_target_error_mm=50478_native_fallback=false
[Info   :ComfyNetworkSense] [07/31/2026 07:25:56] MOTION_AUTHORITY state=target_rejected run_id=native-20260731-c8-full29 client=i5 action=none detail=sequence=246_target_error_mm=50482_native_fallback=false
[Info   :ComfyNetworkSense] [07/31/2026 07:25:56] MOTION_AUTHORITY state=target_rejected run_id=native-20260731-c8-full29 client=i5 action=none detail=sequence=246_target_error_mm=50485_native_fallback=false
[Info   :ComfyNetworkSense] [07/31/2026 07:25:56] MOTION_AUTHORITY state=target_rejected run_id=native-20260731-c8-full29 client=i5 action=none detail=sequence=246_target_error_mm=50488_native_fallback=false
[Info   :ComfyNetworkSense] [07/31/2026 07:25:56] MOTION_AUTHORITY state=target_rejected run_id=native-20260731-c8-full29 client=i5 action=none detail=sequence=246_target_error_mm=50491_native_fallback=false
[Info   :ComfyNetworkSense] [07/31/2026 07:25:56] MOTION_AUTHORITY state=target_rejected run_id=native-20260731-c8-full29 client=i5 action=none detail=sequence=247_target_error_mm=50159_native_fallback=false
[Info   :ComfyNetworkSense] [07/31/2026 07:25:56] MOTION_AUTHORITY state=target_rejected run_id=native-20260731-c8-full29 client=i5 action=none detail=sequence=247_target_error_mm=50161_native_fallback=false
[Info   :ComfyNetworkSense] [07/31/2026 07:25:56] MOTION_AUTHORITY state=target_rejected run_id=native-20260731-c8-full29 client=i5 action=none detail=sequence=247_target_error_mm=50166_native_fallback=false
[Info   :ComfyNetworkSense] [07/31/2026 07:25:56] MOTION_AUTHORITY state=target_rejected run_id=native-20260731-c8-full29 client=i5 action=none detail=sequence=247_target_error_mm=50168_native_fallback=false
[Info   :ComfyNetworkSense] [07/31/2026 07:25:56] MOTION_AUTHORITY state=target_rejected run_id=native-20260731-c8-full29 client=i5 action=none detail=sequence=247_target_error_mm=50171_native_fallback=false
[Info   :ComfyNetworkSense] [07/31/2026 07:25:56] MOTION_AUTHORITY state=target_rejected run_id=native-20260731-c8-full29 client=i5 action=none detail=sequence=247_target_error_mm=50174_native_fallback=false
[Info   :ComfyNetworkSense] [07/31/2026 07:25:56] MOTION_AUTHORITY state=target_rejected run_id=native-20260731-c8-full29 client=i5 action=none detail=sequence=247_target_error_mm=50176_native_fallback=false
[Info   :ComfyNetworkSense] [07/31/2026 07:25:56] MOTION_AUTHORITY state=target_rejected run_id=native-20260731-c8-full29 client=i5 action=none detail=sequence=248_target_error_mm=46932_native_fallback=false
[Info   :ComfyNetworkSense] [07/31/2026 07:25:56] MOTION_AUTHORITY state=target_rejected run_id=native-20260731-c8-full29 client=i5 action=none detail=sequence=248_target_error_mm=46935_native_fallback=false
[Info   :ComfyNetworkSense] [07/31/2026 07:25:56] MOTION_AUTHORITY state=target_rejected run_id=native-20260731-c8-full29 client=i5 action=none detail=sequence=248_target_error_mm=46938_native_fallback=false
[Info   :ComfyNetworkSense] [07/31/2026 07:25:56] MOTION_AUTHORITY state=target_rejected run_id=native-20260731-c8-full29 client=i5 action=none detail=sequence=248_target_error_mm=46941_native_fallback=false
[Info   :ComfyNetworkSense] [07/31/2026 07:25:56] MOTION_AUTHORITY state=target_rejected run_id=native-20260731-c8-full29 client=i5 action=none detail=sequence=248_target_error_mm=46943_native_fallback=false
[Info   :ComfyNetworkSense] [07/31/2026 07:25:56] MOTION_AUTHORITY state=target_rejected run_id=native-20260731-c8-full29 client=i5 action=none detail=sequence=248_target_error_mm=46946_native_fallback=false
[Info   :ComfyNetworkSense] [07/31/2026 07:25:56] MOTION_AUTHORITY state=target_rejected run_id=native-20260731-c8-full29 client=i5 action=none detail=sequence=248_target_error_mm=46949_native_fallback=false
[Info   :ComfyNetworkSense] [07/31/2026 07:25:56] MOTION_AUTHORITY state=target_rejected run_id=native-20260731-c8-full29 client=i5 action=none detail=sequence=249_target_error_mm=43675_native_fallback=false
[Info   :ComfyNetworkSense] [07/31/2026 07:25:56] MOTION_AUTHORITY state=target_rejected run_id=native-20260731-c8-full29 client=i5 action=none detail=sequence=249_target_error_mm=43677_native_fallback=false
[Info   :ComfyNetworkSense] [07/31/2026 07:25:56] MOTION_AUTHORITY state=target_rejected run_id=native-20260731-c8-full29 client=i5 action=none detail=sequence=249_target_error_mm=43681_native_fallback=false
[Info   :ComfyNetworkSense] [07/31/2026 07:25:56] MOTION_AUTHORITY state=target_rejected run_id=native-20260731-c8-full29 client=i5 action=none detail=sequence=249_target_error_mm=43684_native_fallback=false
[Info   :ComfyNetworkSense] [07/31/2026 07:25:56] MOTION_AUTHORITY state=target_rejected run_id=native-20260731-c8-full29 client=i5 action=none detail=sequence=249_target_error_mm=43688_native_fallback=false
[Info   :ComfyNetworkSense] [07/31/2026 07:25:56] MOTION_AUTHORITY state=target_rejected run_id=native-20260731-c8-full29 client=i5 action=none detail=sequence=249_target_error_mm=43690_native_fallback=false
[Info   :ComfyNetworkSense] [07/31/2026 07:25:56] MOTION_AUTHORITY state=target_rejected run_id=native-20260731-c8-full29 client=i5 action=none detail=sequence=249_target_error_mm=43693_native_fallback=false
[Info   :ComfyNetworkSense] [07/31/2026 07:25:56] MOTION_AUTHORITY state=target_rejected run_id=native-20260731-c8-full29 client=i5 action=none detail=sequence=249_target_error_mm=43696_native_fallback=false
[Info   :ComfyNetworkSense] [07/31/2026 07:25:56] MOTION_AUTHORITY state=target_rejected run_id=native-20260731-c8-full29 client=i5 action=none detail=sequence=250_target_error_mm=40352_native_fallback=false
[Info   :ComfyNetworkSense] [07/31/2026 07:25:56] MOTION_AUTHORITY state=target_rejected run_id=native-20260731-c8-full29 client=i5 action=none detail=sequence=250_target_error_mm=40355_native_fallback=false
[Info   :ComfyNetworkSense] [07/31/2026 07:25:56] MOTION_AUTHORITY state=target_rejected run_id=native-20260731-c8-full29 client=i5 action=none detail=sequence=250_target_error_mm=40358_native_fallback=false
[Info   :ComfyNetworkSense] [07/31/2026 07:25:56] MOTION_AUTHORITY state=target_rejected run_id=native-20260731-c8-full29 client=i5 action=none detail=sequence=250_target_error_mm=40362_native_fallback=false
[Info   :ComfyNetworkSense] [07/31/2026 07:25:56] MOTION_AUTHORITY state=target_rejected run_id=native-20260731-c8-full29 client=i5 action=none detail=sequence=250_target_error_mm=40364_native_fallback=false
[Info   :ComfyNetworkSense] [07/31/2026 07:25:56] MOTION_AUTHORITY state=target_rejected run_id=native-20260731-c8-full29 client=i5 action=none detail=sequence=250_target_error_mm=40369_native_fallback=false
[Info   :ComfyNetworkSense] [07/31/2026 07:25:56] MOTION_AUTHORITY state=target_rejected run_id=native-20260731-c8-full29 client=i5 action=none detail=sequence=250_target_error_mm=40371_native_fallback=false
[Info   :ComfyNetworkSense] [07/31/2026 07:25:56] MOTION_AUTHORITY state=target_rejected run_id=native-20260731-c8-full29 client=i5 action=none detail=sequence=250_target_error_mm=40374_native_fallback=false
[Info   :ComfyNetworkSense] [07/31/2026 07:25:56] MOTION_AUTHORITY state=target_rejected run_id=native-20260731-c8-full29 client=i5 action=none detail=sequence=251_target_error_mm=36991_native_fallback=false
[Info   :ComfyNetworkSense] [07/31/2026 07:25:56] MOTION_AUTHORITY state=target_rejected run_id=native-20260731-c8-full29 client=i5 action=none detail=sequence=251_target_error_mm=36994_native_fallback=false
[Info   :ComfyNetworkSense] [07/31/2026 07:25:56] MOTION_AUTHORITY state=target_rejected run_id=native-20260731-c8-full29 client=i5 action=none detail=sequence=251_target_error_mm=36997_native_fallback=false
[Info   :ComfyNetworkSense] [07/31/2026 07:25:56] MOTION_AUTHORITY state=target_rejected run_id=native-20260731-c8-full29 client=i5 action=none detail=sequence=251_target_error_mm=37000_native_fallback=false
[Info   :ComfyNetworkSense] [07/31/2026 07:25:56] MOTION_AUTHORITY state=target_rejected run_id=native-20260731-c8-full29 client=i5 action=none detail=sequence=251_target_error_mm=37003_native_fallback=false
[Info   :ComfyNetworkSense] [07/31/2026 07:25:56] MOTION_AUTHORITY state=target_rejected run_id=native-20260731-c8-full29 client=i5 action=none detail=sequence=251_target_error_mm=37006_native_fallback=false
[Info   :ComfyNetworkSense] [07/31/2026 07:25:56] MOTION_AUTHORITY state=target_rejected run_id=native-20260731-c8-full29 client=i5 action=none detail=sequence=252_target_error_mm=33565_native_fallback=false
[Info   :ComfyNetworkSense] [07/31/2026 07:25:56] MOTION_AUTHORITY state=target_rejected run_id=native-20260731-c8-full29 client=i5 action=none detail=sequence=252_target_error_mm=33568_native_fallback=false
[Info   :ComfyNetworkSense] [07/31/2026 07:25:56] MOTION_AUTHORITY state=target_rejected run_id=native-20260731-c8-full29 client=i5 action=none detail=sequence=252_target_error_mm=33571_native_fallback=false
[Info   :ComfyNetworkSense] [07/31/2026 07:25:56] MOTION_AUTHORITY state=target_rejected run_id=native-20260731-c8-full29 client=i5 action=none detail=sequence=252_target_error_mm=33575_native_fallback=false
[Info   :ComfyNetworkSense] [07/31/2026 07:25:56] MOTION_AUTHORITY state=target_rejected run_id=native-20260731-c8-full29 client=i5 action=none detail=sequence=252_target_error_mm=33580_native_fallback=false
[Info   :ComfyNetworkSense] [07/31/2026 07:25:56] MOTION_AUTHORITY state=target_rejected run_id=native-20260731-c8-full29 client=i5 action=none detail=sequence=253_target_error_mm=30090_native_fallback=false
[Info   :ComfyNetworkSense] [07/31/2026 07:25:56] MOTION_AUTHORITY state=target_rejected run_id=native-20260731-c8-full29 client=i5 action=none detail=sequence=253_target_error_mm=30094_native_fallback=false
[Info   :ComfyNetworkSense] [07/31/2026 07:25:56] MOTION_AUTHORITY state=target_rejected run_id=native-20260731-c8-full29 client=i5 action=none detail=sequence=253_target_error_mm=30097_native_fallback=false
[Info   :ComfyNetworkSense] [07/31/2026 07:25:56] MOTION_AUTHORITY state=target_rejected run_id=native-20260731-c8-full29 client=i5 action=none detail=sequence=253_target_error_mm=30101_native_fallback=false
[Info   :ComfyNetworkSense] [07/31/2026 07:25:56] MOTION_AUTHORITY state=target_rejected run_id=native-20260731-c8-full29 client=i5 action=none detail=sequence=253_target_error_mm=30106_native_fallback=false
[Info   :ComfyNetworkSense] [07/31/2026 07:25:56] MOTION_AUTHORITY state=target_rejected run_id=native-20260731-c8-full29 client=i5 action=none detail=sequence=253_target_error_mm=30108_native_fallback=false
[Info   :ComfyNetworkSense] [07/31/2026 07:25:56] CUTOVER_SCENARIO state=completed run_id=native-20260731-c8-full29 client=i5 action=i5-c8-safe-origin detail=coordinate_teleport_complete_target=2211,80,-69
[Info   :ComfyNetworkSense] [07/31/2026 07:25:56] CUTOVER_SCENARIO state=action_started run_id=native-20260731-c8-full29 client=i5 action=i5-move detail=kind=move
[Info   :ComfyNetworkSense] [07/31/2026 07:25:57] MOTION_AUTHORITY state=native_transform_writer_suppressed run_id=native-20260731-c8-full29 client=i5 action=none detail=count=1024_writer=ZSyncTransform.CustomFixedUpdate
[Info   :ComfyNetworkSense] [07/31/2026 07:25:59] LOGICAL_PEER_CUTOVER state=logical_native_invoke_suppressed run_id=native-20260731-c8-full29 detail=count=256_method=ZDOData_semantic_fallback=false
[Info   :ComfyNetworkSense] [07/31/2026 07:25:59] CUTOVER_SCENARIO state=completed run_id=native-20260731-c8-full29 client=i5 action=i5-move detail=distance_reached
[Info   :ComfyNetworkSense] [07/31/2026 07:25:59] CUTOVER_SCENARIO state=action_started run_id=native-20260731-c8-full29 client=i5 action=i5-c8-rendezvous detail=kind=motion_rendezvous
[Info   :ComfyNetworkSense] [07/31/2026 07:25:59] MOTION_AUTHORITY state=rendezvous_complete run_id=native-20260731-c8-full29 client=i5 action=i5-c8-rendezvous detail=remote_player_instance_ready_uid=1673379241:1
[Info   :ComfyNetworkSense] [07/31/2026 07:25:59] CUTOVER_SCENARIO state=completed run_id=native-20260731-c8-full29 client=i5 action=i5-c8-rendezvous detail=remote_player_instance_ready_uid=1673379241:1
[Info   :ComfyNetworkSense] [07/31/2026 07:25:59] CUTOVER_SCENARIO state=action_started run_id=native-20260731-c8-full29 client=i5 action=i5-c8-rendezvous-settle detail=kind=wait
[Info   :ComfyNetworkSense] [07/31/2026 07:26:02] CUTOVER_SCENARIO state=completed run_id=native-20260731-c8-full29 client=i5 action=i5-c8-rendezvous-settle detail=wait_elapsed
[Info   :ComfyNetworkSense] [07/31/2026 07:26:02] CUTOVER_SCENARIO state=action_started run_id=native-20260731-c8-full29 client=i5 action=i5-c8-motion-observe-one detail=kind=motion_observe
[Info   :ComfyNetworkSense] [07/31/2026 07:26:02] MOTION_AUTHORITY state=probe_started run_id=native-20260731-c8-full29 client=i5 action=i5-c8-motion-observe-one detail=mode=observe_correlation_id=c8-omen-to-i5_connection_id=7c1146952ea041cfb040407fc1fbd4d5_logical_peer_id=lp_19f2670527be6f633c140c5938e5ff4c85d4bbe309e63007f20327439f837d5c
[Warning:ComfyNetworkSense] [07/31/2026 07:26:03] Authoritative consumer poll failed: TimeoutException: connect timeout to 8.231.129.249:42317
[Info   :ComfyNetworkSense] [07/31/2026 07:26:07] MOTION_AUTHORITY state=native_transform_writer_suppressed run_id=native-20260731-c8-full29 client=i5 action=i5-c8-motion-observe-one detail=count=2048_writer=ZSyncTransform.CustomFixedUpdate
[Info   :ComfyNetworkSense] [07/31/2026 07:26:08] MOTION_AUTHORITY state=probe_passed run_id=native-20260731-c8-full29 client=i5 action=i5-c8-motion-observe-one detail=numbered_motion_applied_native_writer_zero_sent=107_received=114_applied=625_native_writer_suppressed=600_native_position_masked=0_holds=0_gaps=0_resync_applied=0_failures=0_gap_dropped=0
[Info   :ComfyNetworkSense] [07/31/2026 07:26:08] CUTOVER_SCENARIO state=completed run_id=native-20260731-c8-full29 client=i5 action=i5-c8-motion-observe-one detail=numbered_motion_applied_native_writer_zero_sent=107_received=114_applied=625_native_writer_suppressed=600_native_position_masked=0_holds=0_gaps=0_resync_applied=0_failures=0_gap_dropped=0
[Info   :ComfyNetworkSense] [07/31/2026 07:26:08] CUTOVER_SCENARIO state=action_started run_id=native-20260731-c8-full29 client=i5 action=i5-c8-motion-pair-one-settle detail=kind=wait
[Info   :ComfyNetworkSense] [07/31/2026 07:26:12] CUTOVER_SCENARIO state=completed run_id=native-20260731-c8-full29 client=i5 action=i5-c8-motion-pair-one-settle detail=wait_elapsed
[Info   :ComfyNetworkSense] [07/31/2026 07:26:12] CUTOVER_SCENARIO state=action_started run_id=native-20260731-c8-full29 client=i5 action=i5-c8-motion-drive-two detail=kind=motion_drive
[Info   :ComfyNetworkSense] [07/31/2026 07:26:12] MOTION_AUTHORITY state=probe_started run_id=native-20260731-c8-full29 client=i5 action=i5-c8-motion-drive-two detail=mode=drive_correlation_id=c8-i5-to-omen_connection_id=7c1146952ea041cfb040407fc1fbd4d5_logical_peer_id=lp_19f2670527be6f633c140c5938e5ff4c85d4bbe309e63007f20327439f837d5c
[Warning:ComfyNetworkSense] [07/31/2026 07:26:13] Authoritative consumer poll failed: TimeoutException: connect timeout to 8.231.129.249:42317
[Info   :ComfyNetworkSense] [07/31/2026 07:26:15] MOTION_AUTHORITY state=motion_frame_sent run_id=native-20260731-c8-full29 client=i5 action=i5-c8-motion-drive-two detail=sequence=512_transport=websocket_connection_id=7c1146952ea041cfb040407fc1fbd4d5
[Info   :ComfyNetworkSense] [07/31/2026 07:26:18] MOTION_AUTHORITY state=probe_passed run_id=native-20260731-c8-full29 client=i5 action=i5-c8-motion-drive-two detail=numbered_motion_sent_sent=106_received=112_applied=570_native_writer_suppressed=602_native_position_masked=0_holds=0_gaps=0_resync_applied=0_failures=0_gap_dropped=0
[Info   :ComfyNetworkSense] [07/31/2026 07:26:18] CUTOVER_SCENARIO state=completed run_id=native-20260731-c8-full29 client=i5 action=i5-c8-motion-drive-two detail=numbered_motion_sent_sent=106_received=112_applied=570_native_writer_suppressed=602_native_position_masked=0_holds=0_gaps=0_resync_applied=0_failures=0_gap_dropped=0
[Info   :ComfyNetworkSense] [07/31/2026 07:26:18] CUTOVER_SCENARIO state=action_started run_id=native-20260731-c8-full29 client=i5 action=i5-c8-motion-pair-two-settle detail=kind=wait
[Info   :ComfyNetworkSense] [07/31/2026 07:26:22] CUTOVER_SCENARIO state=completed run_id=native-20260731-c8-full29 client=i5 action=i5-c8-motion-pair-two-settle detail=wait_elapsed
[Info   :ComfyNetworkSense] [07/31/2026 07:26:22] CUTOVER_SCENARIO state=action_started run_id=native-20260731-c8-full29 client=i5 action=i5-c8-motion-observe-gap detail=kind=motion_observe_gap
[Info   :ComfyNetworkSense] [07/31/2026 07:26:22] MOTION_AUTHORITY state=probe_started run_id=native-20260731-c8-full29 client=i5 action=i5-c8-motion-observe-gap detail=mode=observe_gap_correlation_id=c8-gap-omen-to-i5_connection_id=7c1146952ea041cfb040407fc1fbd4d5_logical_peer_id=lp_19f2670527be6f633c140c5938e5ff4c85d4bbe309e63007f20327439f837d5c
[Warning:ComfyNetworkSense] [07/31/2026 07:26:23] Authoritative consumer poll failed: TimeoutException: connect timeout to 8.231.129.249:42317
[Info   :ComfyNetworkSense] [07/31/2026 07:26:25] LOGICAL_PEER_CUTOVER state=logical_native_invoke_suppressed run_id=native-20260731-c8-full29 detail=count=512_method=ZDOData_semantic_fallback=false
[Info   :ComfyNetworkSense] [07/31/2026 07:26:27] MOTION_AUTHORITY state=native_transform_writer_suppressed run_id=native-20260731-c8-full29 client=i5 action=i5-c8-motion-observe-gap detail=count=4096_writer=ZSyncTransform.CustomFixedUpdate
[Info   :ComfyNetworkSense] [07/31/2026 07:26:30] MOTION_AUTHORITY state=hold_entered run_id=native-20260731-c8-full29 client=i5 action=i5-c8-motion-observe-gap detail=sequence=881_age_ms=507_native_fallback=false
[Info   :ComfyNetworkSense] [07/31/2026 07:26:30] MOTION_AUTHORITY state=reliable_resync_applied run_id=native-20260731-c8-full29 client=i5 action=i5-c8-motion-observe-gap detail=correlation_id=c8-gap-omen-to-i5_motion_sequence=901_reliable_sequence=1344_gap_start=882_gap_end=901_ack_queued=true
[Info   :ComfyNetworkSense] [07/31/2026 07:26:30] MOTION_AUTHORITY state=probe_passed run_id=native-20260731-c8-full29 client=i5 action=i5-c8-motion-observe-gap detail=gap_held_reliable_resync_applied_native_writer_zero_sent=143_received=133_applied=596_native_writer_suppressed=808_native_position_masked=0_holds=1_gaps=1_resync_applied=1_failures=0_gap_dropped=0
[Info   :ComfyNetworkSense] [07/31/2026 07:26:30] CUTOVER_SCENARIO state=completed run_id=native-20260731-c8-full29 client=i5 action=i5-c8-motion-observe-gap detail=gap_held_reliable_resync_applied_native_writer_zero_sent=143_received=133_applied=596_native_writer_suppressed=808_native_position_masked=0_holds=1_gaps=1_resync_applied=1_failures=0_gap_dropped=0
[Info   :ComfyNetworkSense] [07/31/2026 07:26:30] CUTOVER_SCENARIO state=action_started run_id=native-20260731-c8-full29 client=i5 action=i5-c8-direct-pulse detail=kind=direct_control_pulse
[Info   :ComfyNetworkSense] [07/31/2026 07:26:30] LUMBERJACKS_SESSION state=direct_pulse_probe_started run_id=native-20260731-c8-full29 client=i5 action=i5-c8-direct-pulse detail=mode=deliver_connection_id=7c1146952ea041cfb040407fc1fbd4d5
[Info   :ComfyNetworkSense] [07/31/2026 07:26:31] LUMBERJACKS_SESSION state=lumberjacks_direct_pulse_received run_id=native-20260731-c8-full29 client=i5 action=i5-c8-direct-pulse detail=sequence=1345_connection_id=7c1146952ea041cfb040407fc1fbd4d5_run_id=native-20260731-c8-full29_action_id=i5-c8-direct-pulse
[Info   :ComfyNetworkSense] [07/31/2026 07:26:31] CUTOVER_SCENARIO state=completed run_id=native-20260731-c8-full29 client=i5 action=i5-c8-direct-pulse detail=lumberjacks_direct_pulse_applied_sequence=1345
[Info   :ComfyNetworkSense] [07/31/2026 07:26:31] CUTOVER_SCENARIO state=action_started run_id=native-20260731-c8-full29 client=i5 action=i5-c8-routed-request detail=kind=routed_request
[Info   :ComfyNetworkSense] [07/31/2026 07:26:31] CUTOVER_SCENARIO state=completed run_id=native-20260731-c8-full29 client=i5 action=i5-c8-routed-request detail=routed_response_applied
[Info   :ComfyNetworkSense] [07/31/2026 07:26:31] CUTOVER_SCENARIO state=action_started run_id=native-20260731-c8-full29 client=i5 action=i5-c8-routed-broadcast detail=kind=routed_broadcast
[Info   :ComfyNetworkSense] [07/31/2026 07:26:31] CUTOVER_SCENARIO state=completed run_id=native-20260731-c8-full29 client=i5 action=i5-c8-routed-broadcast detail=routed_broadcast_applied
[Info   :ComfyNetworkSense] [07/31/2026 07:26:31] CUTOVER_SCENARIO state=action_started run_id=native-20260731-c8-full29 client=i5 action=i5-c8-routed-target detail=kind=routed_target_zdo
[Info   :ComfyNetworkSense] [07/31/2026 07:26:31] CUTOVER_SCENARIO state=completed run_id=native-20260731-c8-full29 client=i5 action=i5-c8-routed-target detail=reset_cloth_dispatched_on_server
[Info   :ComfyNetworkSense] [07/31/2026 07:26:31] CUTOVER_SCENARIO state=action_started run_id=native-20260731-c8-full29 client=i5 action=i5-c8-zdo-journal-observe detail=kind=zdo_journal_observe
[Warning:ComfyNetworkSense] [07/31/2026 07:26:33] Authoritative consumer poll failed: TimeoutException: connect timeout to 8.231.129.249:42317
[Info   :ComfyNetworkSense] [07/31/2026 07:26:36] CUTOVER_SCENARIO state=completed run_id=native-20260731-c8-full29 client=i5 action=i5-c8-zdo-journal-observe detail=typed_journal_sequence_applied_snapshot=360_delta=3_stale=10_malformed=1_tombstone=2_native_rpc_zdo_data=0
[Info   :ComfyNetworkSense] [07/31/2026 07:26:36] CUTOVER_SCENARIO state=action_started run_id=native-20260731-c8-full29 client=i5 action=i5-c8-gateway-restart-resume detail=kind=gateway_restart_resume
[Info   :ComfyNetworkSense] [07/31/2026 07:26:36] LUMBERJACKS_SESSION state=probe_started run_id=native-20260731-c8-full29 client=i5 action=i5-c8-gateway-restart-resume detail=mode=external_resume_connection_id=7c1146952ea041cfb040407fc1fbd4d5_resume_epoch=0
[Info   :ComfyNetworkSense] [07/31/2026 07:26:41] LUMBERJACKS_SESSION state=connection_error run_id=native-20260731-c8-full29 client=i5 action=i5-c8-gateway-restart-resume detail=sequence=0_connection_id=_WebSocketException:The_remote_party_closed_the_WebSocket_connection_without_completing_the_close_handshake.
[Info   :ComfyNetworkSense] [07/31/2026 07:26:41] LUMBERJACKS_SESSION state=socket_closed run_id=native-20260731-c8-full29 client=i5 action=i5-c8-gateway-restart-resume detail=sequence=0_connection_id=
[Info   :ComfyNetworkSense] [07/31/2026 07:26:41] MOTION_AUTHORITY state=hold_entered run_id=native-20260731-c8-full29 client=i5 action=i5-c8-motion-observe-gap detail=sequence=1091_age_ms=509_native_fallback=false
[Info   :ComfyNetworkSense] [07/31/2026 07:26:41] LUMBERJACKS_SESSION state=connection_error run_id=native-20260731-c8-full29 client=i5 action=i5-c8-gateway-restart-resume detail=sequence=0_connection_id=_WebSocketException:Unable_to_connect_to_the_remote_server
[Info   :ComfyNetworkSense] [07/31/2026 07:26:41] LUMBERJACKS_SESSION state=socket_closed run_id=native-20260731-c8-full29 client=i5 action=i5-c8-gateway-restart-resume detail=sequence=0_connection_id=
[Info   :ComfyNetworkSense] [07/31/2026 07:26:43] LUMBERJACKS_SESSION state=connection_error run_id=native-20260731-c8-full29 client=i5 action=i5-c8-gateway-restart-resume detail=sequence=0_connection_id=_WebSocketException:Unable_to_connect_to_the_remote_server
[Info   :ComfyNetworkSense] [07/31/2026 07:26:43] LUMBERJACKS_SESSION state=socket_closed run_id=native-20260731-c8-full29 client=i5 action=i5-c8-gateway-restart-resume detail=sequence=0_connection_id=
[Info   :ComfyNetworkSense] [07/31/2026 07:26:43] LUMBERJACKS_SESSION state=connection_error run_id=native-20260731-c8-full29 client=i5 action=i5-c8-gateway-restart-resume detail=sequence=0_connection_id=_WebSocketException:Unable_to_connect_to_the_remote_server
[Info   :ComfyNetworkSense] [07/31/2026 07:26:43] LUMBERJACKS_SESSION state=socket_closed run_id=native-20260731-c8-full29 client=i5 action=i5-c8-gateway-restart-resume detail=sequence=0_connection_id=
[Warning:ComfyNetworkSense] [07/31/2026 07:26:43] Authoritative consumer poll failed: TimeoutException: connect timeout to 8.231.129.249:42317
[Info   :ComfyNetworkSense] [07/31/2026 07:26:44] LUMBERJACKS_SESSION state=connection_error run_id=native-20260731-c8-full29 client=i5 action=i5-c8-gateway-restart-resume detail=sequence=0_connection_id=_WebSocketException:Unable_to_connect_to_the_remote_server
[Info   :ComfyNetworkSense] [07/31/2026 07:26:44] LUMBERJACKS_SESSION state=socket_closed run_id=native-20260731-c8-full29 client=i5 action=i5-c8-gateway-restart-resume detail=sequence=0_connection_id=
[Info   :ComfyNetworkSense] [07/31/2026 07:26:44] LUMBERJACKS_SESSION state=session_started run_id=native-20260731-c8-full29 client=i5 action=none detail=sequence=0_connection_id=ad7e1927407e4d3f82ba71081b540b12_resumed=false_reincarnated=true_logical_peer_id=lp_19f2670527be6f633c140c5938e5ff4c85d4bbe309e63007f20327439f837d5c_server_instance_id=am4-gateway-dev_world_id=am4-cutover-world_udp_ready=true
[Info   :ComfyNetworkSense] [07/31/2026 07:26:44] LUMBERJACKS_SESSION state=peer_bind_queued run_id=native-20260731-c8-full29 client=i5 action=none detail=sequence=0_connection_id=ad7e1927407e4d3f82ba71081b540b12_role=client_peer_uid=3033958697
[Info   :ComfyNetworkSense] [07/31/2026 07:26:44] LUMBERJACKS_SESSION state=motion_region_join_queued run_id=native-20260731-c8-full29 client=i5 action=none detail=sequence=0_connection_id=ad7e1927407e4d3f82ba71081b540b12_region_id=region-spawn
[Info   :ComfyNetworkSense] [07/31/2026 07:26:44] CUTOVER_SCENARIO state=completed run_id=native-20260731-c8-full29 client=i5 action=i5-c8-gateway-restart-resume detail=external_gateway_recovery_observed_connection_id=ad7e1927407e4d3f82ba71081b540b12_resume_epoch=0_logical_peer_id=lp_19f2670527be6f633c140c5938e5ff4c85d4bbe309e63007f20327439f837d5c
[Info   :ComfyNetworkSense] [07/31/2026 07:26:44] LUMBERJACKS_SESSION state=motion_transport_fallback run_id=native-20260731-c8-full29 client=i5 action=none detail=sequence=0_connection_id=ad7e1927407e4d3f82ba71081b540b12_udp_receive_failed=ConnectionReset_fallback=binary_websocket
[Info   :ComfyNetworkSense] [07/31/2026 07:26:44] LOGICAL_PEER_CUTOVER state=logical_server_announced run_id=native-20260731-c8-full29 detail=peer_uid=1179166357_logical_peer_id=lp_c9b96e29024c30948164b6025b7d6b67ef3e40eb243b767a108cf27e4657b0da
[Info   :ComfyNetworkSense] [07/31/2026 07:26:44] CUTOVER_SCENARIO state=action_started run_id=native-20260731-c8-full29 client=i5 action=c8-ownership-contended detail=kind=ownership_contention
[Info   :ComfyNetworkSense] [07/31/2026 07:26:44] LUMBERJACKS_SESSION state=ownership_frame_queued run_id=native-20260731-c8-full29 client=i5 action=none detail=sequence=6_connection_id=ad7e1927407e4d3f82ba71081b540b12_type=valheim_ownership_lease_request_queue_depth=1
[Info   :ComfyNetworkSense] [07/31/2026 07:26:44] LUMBERJACKS_SESSION state=ownership_frame_sent run_id=native-20260731-c8-full29 client=i5 action=none detail=sequence=6_connection_id=ad7e1927407e4d3f82ba71081b540b12_type=valheim_ownership_lease_request
[Info   :ComfyNetworkSense] [07/31/2026 07:26:45] LUMBERJACKS_SESSION state=ownership_frame_queued run_id=native-20260731-c8-full29 client=i5 action=none detail=sequence=2013_connection_id=ad7e1927407e4d3f82ba71081b540b12_type=valheim_ownership_lease_request_queue_depth=43
[Info   :ComfyNetworkSense] [07/31/2026 07:26:45] LUMBERJACKS_SESSION state=ownership_frame_sent run_id=native-20260731-c8-full29 client=i5 action=none detail=sequence=2013_connection_id=ad7e1927407e4d3f82ba71081b540b12_type=valheim_ownership_lease_request
[Info   :ComfyNetworkSense] [07/31/2026 07:26:46] LUMBERJACKS_SESSION state=ownership_frame_queued run_id=native-20260731-c8-full29 client=i5 action=none detail=sequence=2615_connection_id=ad7e1927407e4d3f82ba71081b540b12_type=valheim_ownership_lease_request_queue_depth=1
[Info   :ComfyNetworkSense] [07/31/2026 07:26:46] LUMBERJACKS_SESSION state=ownership_frame_sent run_id=native-20260731-c8-full29 client=i5 action=none detail=sequence=2615_connection_id=ad7e1927407e4d3f82ba71081b540b12_type=valheim_ownership_lease_request
[Info   :ComfyNetworkSense] [07/31/2026 07:26:46] LUMBERJACKS_SESSION state=ownership_frame_queued run_id=native-20260731-c8-full29 client=i5 action=none detail=sequence=2617_connection_id=ad7e1927407e4d3f82ba71081b540b12_type=valheim_ownership_lease_request_queue_depth=1
[Info   :ComfyNetworkSense] [07/31/2026 07:26:46] LUMBERJACKS_SESSION state=ownership_frame_sent run_id=native-20260731-c8-full29 client=i5 action=none detail=sequence=2617_connection_id=ad7e1927407e4d3f82ba71081b540b12_type=valheim_ownership_lease_request
[Info   :ComfyNetworkSense] [07/31/2026 07:26:47] LUMBERJACKS_SESSION state=ownership_frame_queued run_id=native-20260731-c8-full29 client=i5 action=none detail=sequence=2620_connection_id=ad7e1927407e4d3f82ba71081b540b12_type=valheim_ownership_lease_request_queue_depth=1
[Info   :ComfyNetworkSense] [07/31/2026 07:26:47] LUMBERJACKS_SESSION state=ownership_frame_sent run_id=native-20260731-c8-full29 client=i5 action=none detail=sequence=2620_connection_id=ad7e1927407e4d3f82ba71081b540b12_type=valheim_ownership_lease_request
[Info   :ComfyNetworkSense] [07/31/2026 07:26:47] LUMBERJACKS_SESSION state=ownership_frame_queued run_id=native-20260731-c8-full29 client=i5 action=none detail=sequence=2622_connection_id=ad7e1927407e4d3f82ba71081b540b12_type=valheim_ownership_lease_request_queue_depth=1
[Info   :ComfyNetworkSense] [07/31/2026 07:26:47] LUMBERJACKS_SESSION state=ownership_frame_sent run_id=native-20260731-c8-full29 client=i5 action=none detail=sequence=2622_connection_id=ad7e1927407e4d3f82ba71081b540b12_type=valheim_ownership_lease_request
[Info   :ComfyNetworkSense] [07/31/2026 07:26:48] LUMBERJACKS_SESSION state=ownership_frame_queued run_id=native-20260731-c8-full29 client=i5 action=none detail=sequence=2624_connection_id=ad7e1927407e4d3f82ba71081b540b12_type=valheim_ownership_lease_request_queue_depth=1
[Info   :ComfyNetworkSense] [07/31/2026 07:26:48] LUMBERJACKS_SESSION state=ownership_frame_sent run_id=native-20260731-c8-full29 client=i5 action=none detail=sequence=2624_connection_id=ad7e1927407e4d3f82ba71081b540b12_type=valheim_ownership_lease_request
[Info   :ComfyNetworkSense] [07/31/2026 07:26:48] LUMBERJACKS_SESSION state=ownership_frame_queued run_id=native-20260731-c8-full29 client=i5 action=none detail=sequence=2627_connection_id=ad7e1927407e4d3f82ba71081b540b12_type=valheim_ownership_lease_request_queue_depth=1
[Info   :ComfyNetworkSense] [07/31/2026 07:26:48] LUMBERJACKS_SESSION state=ownership_frame_sent run_id=native-20260731-c8-full29 client=i5 action=none detail=sequence=2627_connection_id=ad7e1927407e4d3f82ba71081b540b12_type=valheim_ownership_lease_request
[Info   :ComfyNetworkSense] [07/31/2026 07:26:49] LUMBERJACKS_SESSION state=ownership_frame_queued run_id=native-20260731-c8-full29 client=i5 action=none detail=sequence=2629_connection_id=ad7e1927407e4d3f82ba71081b540b12_type=valheim_ownership_lease_request_queue_depth=1
[Info   :ComfyNetworkSense] [07/31/2026 07:26:49] LUMBERJACKS_SESSION state=ownership_frame_sent run_id=native-20260731-c8-full29 client=i5 action=none detail=sequence=2629_connection_id=ad7e1927407e4d3f82ba71081b540b12_type=valheim_ownership_lease_request
[Info   :ComfyNetworkSense] [07/31/2026 07:26:49] LUMBERJACKS_SESSION state=ownership_frame_queued run_id=native-20260731-c8-full29 client=i5 action=none detail=sequence=2631_connection_id=ad7e1927407e4d3f82ba71081b540b12_type=valheim_ownership_lease_request_queue_depth=1
[Info   :ComfyNetworkSense] [07/31/2026 07:26:49] LUMBERJACKS_SESSION state=ownership_frame_sent run_id=native-20260731-c8-full29 client=i5 action=none detail=sequence=2631_connection_id=ad7e1927407e4d3f82ba71081b540b12_type=valheim_ownership_lease_request
[Info   :ComfyNetworkSense] [07/31/2026 07:26:50] LUMBERJACKS_SESSION state=ownership_frame_queued run_id=native-20260731-c8-full29 client=i5 action=none detail=sequence=2633_connection_id=ad7e1927407e4d3f82ba71081b540b12_type=valheim_ownership_lease_request_queue_depth=1
[Info   :ComfyNetworkSense] [07/31/2026 07:26:50] LUMBERJACKS_SESSION state=ownership_frame_sent run_id=native-20260731-c8-full29 client=i5 action=none detail=sequence=2633_connection_id=ad7e1927407e4d3f82ba71081b540b12_type=valheim_ownership_lease_request
[Info   :ComfyNetworkSense] [07/31/2026 07:26:51] LUMBERJACKS_SESSION state=ownership_frame_queued run_id=native-20260731-c8-full29 client=i5 action=none detail=sequence=2636_connection_id=ad7e1927407e4d3f82ba71081b540b12_type=valheim_ownership_lease_request_queue_depth=1
[Info   :ComfyNetworkSense] [07/31/2026 07:26:51] LUMBERJACKS_SESSION state=ownership_frame_sent run_id=native-20260731-c8-full29 client=i5 action=none detail=sequence=2636_connection_id=ad7e1927407e4d3f82ba71081b540b12_type=valheim_ownership_lease_request
[Info   :ComfyNetworkSense] [07/31/2026 07:26:51] LUMBERJACKS_SESSION state=ownership_frame_queued run_id=native-20260731-c8-full29 client=i5 action=none detail=sequence=2638_connection_id=ad7e1927407e4d3f82ba71081b540b12_type=valheim_ownership_lease_request_queue_depth=1
[Info   :ComfyNetworkSense] [07/31/2026 07:26:51] LUMBERJACKS_SESSION state=ownership_frame_sent run_id=native-20260731-c8-full29 client=i5 action=none detail=sequence=2638_connection_id=ad7e1927407e4d3f82ba71081b540b12_type=valheim_ownership_lease_request
[Info   :ComfyNetworkSense] [07/31/2026 07:26:52] LUMBERJACKS_SESSION state=ownership_frame_queued run_id=native-20260731-c8-full29 client=i5 action=none detail=sequence=2640_connection_id=ad7e1927407e4d3f82ba71081b540b12_type=valheim_ownership_lease_request_queue_depth=1
[Info   :ComfyNetworkSense] [07/31/2026 07:26:52] LUMBERJACKS_SESSION state=ownership_frame_sent run_id=native-20260731-c8-full29 client=i5 action=none detail=sequence=2640_connection_id=ad7e1927407e4d3f82ba71081b540b12_type=valheim_ownership_lease_request
[Info   :ComfyNetworkSense] [07/31/2026 07:26:52] LUMBERJACKS_SESSION state=ownership_frame_queued run_id=native-20260731-c8-full29 client=i5 action=none detail=sequence=2642_connection_id=ad7e1927407e4d3f82ba71081b540b12_type=valheim_ownership_lease_request_queue_depth=1
[Info   :ComfyNetworkSense] [07/31/2026 07:26:52] LUMBERJACKS_SESSION state=ownership_frame_sent run_id=native-20260731-c8-full29 client=i5 action=none detail=sequence=2642_connection_id=ad7e1927407e4d3f82ba71081b540b12_type=valheim_ownership_lease_request
[Info   :ComfyNetworkSense] [07/31/2026 07:26:53] LUMBERJACKS_SESSION state=ownership_frame_queued run_id=native-20260731-c8-full29 client=i5 action=none detail=sequence=2645_connection_id=ad7e1927407e4d3f82ba71081b540b12_type=valheim_ownership_lease_request_queue_depth=1
[Info   :ComfyNetworkSense] [07/31/2026 07:26:53] LUMBERJACKS_SESSION state=ownership_frame_sent run_id=native-20260731-c8-full29 client=i5 action=none detail=sequence=2645_connection_id=ad7e1927407e4d3f82ba71081b540b12_type=valheim_ownership_lease_request
[Info   :ComfyNetworkSense] [07/31/2026 07:26:53] LUMBERJACKS_SESSION state=ownership_frame_queued run_id=native-20260731-c8-full29 client=i5 action=none detail=sequence=2647_connection_id=ad7e1927407e4d3f82ba71081b540b12_type=valheim_ownership_lease_request_queue_depth=1
[Info   :ComfyNetworkSense] [07/31/2026 07:26:53] LUMBERJACKS_SESSION state=ownership_frame_sent run_id=native-20260731-c8-full29 client=i5 action=none detail=sequence=2647_connection_id=ad7e1927407e4d3f82ba71081b540b12_type=valheim_ownership_lease_request
[Warning:ComfyNetworkSense] [07/31/2026 07:26:53] Authoritative consumer poll failed: TimeoutException: connect timeout to 8.231.129.249:42317
[Info   :ComfyNetworkSense] [07/31/2026 07:26:54] LUMBERJACKS_SESSION state=ownership_frame_queued run_id=native-20260731-c8-full29 client=i5 action=none detail=sequence=2649_connection_id=ad7e1927407e4d3f82ba71081b540b12_type=valheim_ownership_lease_request_queue_depth=1
[Info   :ComfyNetworkSense] [07/31/2026 07:26:54] LUMBERJACKS_SESSION state=ownership_frame_sent run_id=native-20260731-c8-full29 client=i5 action=none detail=sequence=2649_connection_id=ad7e1927407e4d3f82ba71081b540b12_type=valheim_ownership_lease_request
[Info   :ComfyNetworkSense] [07/31/2026 07:26:54] LUMBERJACKS_SESSION state=ownership_frame_queued run_id=native-20260731-c8-full29 client=i5 action=none detail=sequence=2652_connection_id=ad7e1927407e4d3f82ba71081b540b12_type=valheim_ownership_lease_request_queue_depth=1
[Info   :ComfyNetworkSense] [07/31/2026 07:26:54] LUMBERJACKS_SESSION state=ownership_frame_sent run_id=native-20260731-c8-full29 client=i5 action=none detail=sequence=2652_connection_id=ad7e1927407e4d3f82ba71081b540b12_type=valheim_ownership_lease_request
[Info   :ComfyNetworkSense] [07/31/2026 07:26:55] LUMBERJACKS_SESSION state=ownership_frame_queued run_id=native-20260731-c8-full29 client=i5 action=none detail=sequence=2654_connection_id=ad7e1927407e4d3f82ba71081b540b12_type=valheim_ownership_lease_request_queue_depth=1
[Info   :ComfyNetworkSense] [07/31/2026 07:26:55] LUMBERJACKS_SESSION state=ownership_frame_sent run_id=native-20260731-c8-full29 client=i5 action=none detail=sequence=2654_connection_id=ad7e1927407e4d3f82ba71081b540b12_type=valheim_ownership_lease_request
[Info   :ComfyNetworkSense] [07/31/2026 07:26:55] LUMBERJACKS_SESSION state=ownership_frame_queued run_id=native-20260731-c8-full29 client=i5 action=none detail=sequence=2656_connection_id=ad7e1927407e4d3f82ba71081b540b12_type=valheim_ownership_lease_request_queue_depth=1
[Info   :ComfyNetworkSense] [07/31/2026 07:26:55] LUMBERJACKS_SESSION state=ownership_frame_sent run_id=native-20260731-c8-full29 client=i5 action=none detail=sequence=2656_connection_id=ad7e1927407e4d3f82ba71081b540b12_type=valheim_ownership_lease_request
[Info   :ComfyNetworkSense] [07/31/2026 07:26:56] LUMBERJACKS_SESSION state=ownership_frame_queued run_id=native-20260731-c8-full29 client=i5 action=none detail=sequence=2658_connection_id=ad7e1927407e4d3f82ba71081b540b12_type=valheim_ownership_lease_request_queue_depth=1
[Info   :ComfyNetworkSense] [07/31/2026 07:26:56] LUMBERJACKS_SESSION state=ownership_frame_sent run_id=native-20260731-c8-full29 client=i5 action=none detail=sequence=2658_connection_id=ad7e1927407e4d3f82ba71081b540b12_type=valheim_ownership_lease_request
[Info   :ComfyNetworkSense] [07/31/2026 07:26:57] LUMBERJACKS_SESSION state=ownership_frame_queued run_id=native-20260731-c8-full29 client=i5 action=none detail=sequence=2661_connection_id=ad7e1927407e4d3f82ba71081b540b12_type=valheim_ownership_lease_request_queue_depth=1
[Info   :ComfyNetworkSense] [07/31/2026 07:26:57] LUMBERJACKS_SESSION state=ownership_frame_sent run_id=native-20260731-c8-full29 client=i5 action=none detail=sequence=2661_connection_id=ad7e1927407e4d3f82ba71081b540b12_type=valheim_ownership_lease_request
[Info   :ComfyNetworkSense] [07/31/2026 07:26:57] LUMBERJACKS_SESSION state=ownership_frame_queued run_id=native-20260731-c8-full29 client=i5 action=none detail=sequence=2663_connection_id=ad7e1927407e4d3f82ba71081b540b12_type=valheim_ownership_lease_request_queue_depth=1
[Info   :ComfyNetworkSense] [07/31/2026 07:26:57] LUMBERJACKS_SESSION state=ownership_frame_sent run_id=native-20260731-c8-full29 client=i5 action=none detail=sequence=2663_connection_id=ad7e1927407e4d3f82ba71081b540b12_type=valheim_ownership_lease_request
[Info   :ComfyNetworkSense] [07/31/2026 07:26:58] LUMBERJACKS_SESSION state=ownership_frame_queued run_id=native-20260731-c8-full29 client=i5 action=none detail=sequence=2665_connection_id=ad7e1927407e4d3f82ba71081b540b12_type=valheim_ownership_lease_request_queue_depth=1
[Info   :ComfyNetworkSense] [07/31/2026 07:26:58] LUMBERJACKS_SESSION state=ownership_frame_sent run_id=native-20260731-c8-full29 client=i5 action=none detail=sequence=2665_connection_id=ad7e1927407e4d3f82ba71081b540b12_type=valheim_ownership_lease_request
[Info   :ComfyNetworkSense] [07/31/2026 07:26:58] LUMBERJACKS_SESSION state=ownership_frame_queued run_id=native-20260731-c8-full29 client=i5 action=none detail=sequence=2667_connection_id=ad7e1927407e4d3f82ba71081b540b12_type=valheim_ownership_lease_request_queue_depth=1
[Info   :ComfyNetworkSense] [07/31/2026 07:26:58] LUMBERJACKS_SESSION state=ownership_frame_sent run_id=native-20260731-c8-full29 client=i5 action=none detail=sequence=2667_connection_id=ad7e1927407e4d3f82ba71081b540b12_type=valheim_ownership_lease_request
[Info   :ComfyNetworkSense] [07/31/2026 07:26:59] LUMBERJACKS_SESSION state=ownership_frame_queued run_id=native-20260731-c8-full29 client=i5 action=none detail=sequence=2670_connection_id=ad7e1927407e4d3f82ba71081b540b12_type=valheim_ownership_lease_request_queue_depth=1
[Info   :ComfyNetworkSense] [07/31/2026 07:26:59] LUMBERJACKS_SESSION state=ownership_frame_sent run_id=native-20260731-c8-full29 client=i5 action=none detail=sequence=2670_connection_id=ad7e1927407e4d3f82ba71081b540b12_type=valheim_ownership_lease_request
[Info   :ComfyNetworkSense] [07/31/2026 07:26:59] LUMBERJACKS_SESSION state=ownership_frame_queued run_id=native-20260731-c8-full29 client=i5 action=none detail=sequence=2672_connection_id=ad7e1927407e4d3f82ba71081b540b12_type=valheim_ownership_lease_request_queue_depth=1
[Info   :ComfyNetworkSense] [07/31/2026 07:26:59] LUMBERJACKS_SESSION state=ownership_frame_sent run_id=native-20260731-c8-full29 client=i5 action=none detail=sequence=2672_connection_id=ad7e1927407e4d3f82ba71081b540b12_type=valheim_ownership_lease_request
[Info   :ComfyNetworkSense] [07/31/2026 07:27:00] LUMBERJACKS_SESSION state=ownership_frame_queued run_id=native-20260731-c8-full29 client=i5 action=none detail=sequence=2674_connection_id=ad7e1927407e4d3f82ba71081b540b12_type=valheim_ownership_lease_request_queue_depth=1
[Info   :ComfyNetworkSense] [07/31/2026 07:27:00] LUMBERJACKS_SESSION state=ownership_frame_sent run_id=native-20260731-c8-full29 client=i5 action=none detail=sequence=2674_connection_id=ad7e1927407e4d3f82ba71081b540b12_type=valheim_ownership_lease_request
[Info   :ComfyNetworkSense] [07/31/2026 07:27:00] LUMBERJACKS_SESSION state=ownership_frame_queued run_id=native-20260731-c8-full29 client=i5 action=none detail=sequence=2677_connection_id=ad7e1927407e4d3f82ba71081b540b12_type=valheim_ownership_lease_request_queue_depth=1
[Info   :ComfyNetworkSense] [07/31/2026 07:27:00] LUMBERJACKS_SESSION state=ownership_frame_sent run_id=native-20260731-c8-full29 client=i5 action=none detail=sequence=2677_connection_id=ad7e1927407e4d3f82ba71081b540b12_type=valheim_ownership_lease_request
[Info   :ComfyNetworkSense] [07/31/2026 07:27:01] LUMBERJACKS_SESSION state=ownership_frame_queued run_id=native-20260731-c8-full29 client=i5 action=none detail=sequence=2679_connection_id=ad7e1927407e4d3f82ba71081b540b12_type=valheim_ownership_lease_request_queue_depth=1
[Info   :ComfyNetworkSense] [07/31/2026 07:27:01] LUMBERJACKS_SESSION state=ownership_frame_sent run_id=native-20260731-c8-full29 client=i5 action=none detail=sequence=2679_connection_id=ad7e1927407e4d3f82ba71081b540b12_type=valheim_ownership_lease_request
[Info   :ComfyNetworkSense] [07/31/2026 07:27:01] LUMBERJACKS_SESSION state=ownership_frame_queued run_id=native-20260731-c8-full29 client=i5 action=none detail=sequence=2681_connection_id=ad7e1927407e4d3f82ba71081b540b12_type=valheim_ownership_lease_request_queue_depth=1
[Info   :ComfyNetworkSense] [07/31/2026 07:27:01] LUMBERJACKS_SESSION state=ownership_frame_sent run_id=native-20260731-c8-full29 client=i5 action=none detail=sequence=2681_connection_id=ad7e1927407e4d3f82ba71081b540b12_type=valheim_ownership_lease_request
[Info   :ComfyNetworkSense] [07/31/2026 07:27:02] LUMBERJACKS_SESSION state=ownership_frame_queued run_id=native-20260731-c8-full29 client=i5 action=none detail=sequence=2683_connection_id=ad7e1927407e4d3f82ba71081b540b12_type=valheim_ownership_lease_request_queue_depth=1
[Info   :ComfyNetworkSense] [07/31/2026 07:27:02] LUMBERJACKS_SESSION state=ownership_frame_sent run_id=native-20260731-c8-full29 client=i5 action=none detail=sequence=2683_connection_id=ad7e1927407e4d3f82ba71081b540b12_type=valheim_ownership_lease_request
[Info   :ComfyNetworkSense] [07/31/2026 07:27:03] LUMBERJACKS_SESSION state=ownership_frame_queued run_id=native-20260731-c8-full29 client=i5 action=none detail=sequence=2686_connection_id=ad7e1927407e4d3f82ba71081b540b12_type=valheim_ownership_lease_request_queue_depth=1
[Info   :ComfyNetworkSense] [07/31/2026 07:27:03] LUMBERJACKS_SESSION state=ownership_frame_sent run_id=native-20260731-c8-full29 client=i5 action=none detail=sequence=2686_connection_id=ad7e1927407e4d3f82ba71081b540b12_type=valheim_ownership_lease_request
[Info   :ComfyNetworkSense] [07/31/2026 07:27:03] LUMBERJACKS_SESSION state=ownership_frame_queued run_id=native-20260731-c8-full29 client=i5 action=none detail=sequence=2688_connection_id=ad7e1927407e4d3f82ba71081b540b12_type=valheim_ownership_lease_request_queue_depth=1
[Info   :ComfyNetworkSense] [07/31/2026 07:27:03] LUMBERJACKS_SESSION state=ownership_frame_sent run_id=native-20260731-c8-full29 client=i5 action=none detail=sequence=2688_connection_id=ad7e1927407e4d3f82ba71081b540b12_type=valheim_ownership_lease_request
[Warning:ComfyNetworkSense] [07/31/2026 07:27:03] Authoritative consumer poll failed: TimeoutException: connect timeout to 8.231.129.249:42317
[Info   :ComfyNetworkSense] [07/31/2026 07:27:04] LUMBERJACKS_SESSION state=ownership_frame_queued run_id=native-20260731-c8-full29 client=i5 action=none detail=sequence=2690_connection_id=ad7e1927407e4d3f82ba71081b540b12_type=valheim_ownership_lease_request_queue_depth=1
[Info   :ComfyNetworkSense] [07/31/2026 07:27:04] LUMBERJACKS_SESSION state=ownership_frame_sent run_id=native-20260731-c8-full29 client=i5 action=none detail=sequence=2690_connection_id=ad7e1927407e4d3f82ba71081b540b12_type=valheim_ownership_lease_request
[Info   :ComfyNetworkSense] [07/31/2026 07:27:04] LUMBERJACKS_SESSION state=ownership_frame_queued run_id=native-20260731-c8-full29 client=i5 action=none detail=sequence=2692_connection_id=ad7e1927407e4d3f82ba71081b540b12_type=valheim_ownership_lease_request_queue_depth=1
[Info   :ComfyNetworkSense] [07/31/2026 07:27:04] LUMBERJACKS_SESSION state=ownership_frame_sent run_id=native-20260731-c8-full29 client=i5 action=none detail=sequence=2692_connection_id=ad7e1927407e4d3f82ba71081b540b12_type=valheim_ownership_lease_request
[Info   :ComfyNetworkSense] [07/31/2026 07:27:05] LUMBERJACKS_SESSION state=ownership_frame_queued run_id=native-20260731-c8-full29 client=i5 action=none detail=sequence=2695_connection_id=ad7e1927407e4d3f82ba71081b540b12_type=valheim_ownership_lease_request_queue_depth=1
[Info   :ComfyNetworkSense] [07/31/2026 07:27:05] LUMBERJACKS_SESSION state=ownership_frame_sent run_id=native-20260731-c8-full29 client=i5 action=none detail=sequence=2695_connection_id=ad7e1927407e4d3f82ba71081b540b12_type=valheim_ownership_lease_request
[Info   :ComfyNetworkSense] [07/31/2026 07:27:05] LUMBERJACKS_SESSION state=ownership_frame_queued run_id=native-20260731-c8-full29 client=i5 action=none detail=sequence=2697_connection_id=ad7e1927407e4d3f82ba71081b540b12_type=valheim_ownership_lease_request_queue_depth=1
[Info   :ComfyNetworkSense] [07/31/2026 07:27:05] LUMBERJACKS_SESSION state=ownership_frame_sent run_id=native-20260731-c8-full29 client=i5 action=none detail=sequence=2697_connection_id=ad7e1927407e4d3f82ba71081b540b12_type=valheim_ownership_lease_request
[Info   :ComfyNetworkSense] [07/31/2026 07:27:06] LUMBERJACKS_SESSION state=ownership_frame_queued run_id=native-20260731-c8-full29 client=i5 action=none detail=sequence=2699_connection_id=ad7e1927407e4d3f82ba71081b540b12_type=valheim_ownership_lease_request_queue_depth=1
[Info   :ComfyNetworkSense] [07/31/2026 07:27:06] LUMBERJACKS_SESSION state=ownership_frame_sent run_id=native-20260731-c8-full29 client=i5 action=none detail=sequence=2699_connection_id=ad7e1927407e4d3f82ba71081b540b12_type=valheim_ownership_lease_request
[Info   :ComfyNetworkSense] [07/31/2026 07:27:06] LUMBERJACKS_SESSION state=ownership_frame_queued run_id=native-20260731-c8-full29 client=i5 action=none detail=sequence=2702_connection_id=ad7e1927407e4d3f82ba71081b540b12_type=valheim_ownership_lease_request_queue_depth=1
[Info   :ComfyNetworkSense] [07/31/2026 07:27:06] LUMBERJACKS_SESSION state=ownership_frame_sent run_id=native-20260731-c8-full29 client=i5 action=none detail=sequence=2702_connection_id=ad7e1927407e4d3f82ba71081b540b12_type=valheim_ownership_lease_request
[Info   :ComfyNetworkSense] [07/31/2026 07:27:07] LUMBERJACKS_SESSION state=ownership_frame_queued run_id=native-20260731-c8-full29 client=i5 action=none detail=sequence=2704_connection_id=ad7e1927407e4d3f82ba71081b540b12_type=valheim_ownership_lease_request_queue_depth=1
[Info   :ComfyNetworkSense] [07/31/2026 07:27:07] LUMBERJACKS_SESSION state=ownership_frame_sent run_id=native-20260731-c8-full29 client=i5 action=none detail=sequence=2704_connection_id=ad7e1927407e4d3f82ba71081b540b12_type=valheim_ownership_lease_request
[Info   :ComfyNetworkSense] [07/31/2026 07:27:07] LUMBERJACKS_SESSION state=ownership_frame_queued run_id=native-20260731-c8-full29 client=i5 action=none detail=sequence=2706_connection_id=ad7e1927407e4d3f82ba71081b540b12_type=valheim_ownership_lease_request_queue_depth=1
[Info   :ComfyNetworkSense] [07/31/2026 07:27:07] LUMBERJACKS_SESSION state=ownership_frame_sent run_id=native-20260731-c8-full29 client=i5 action=none detail=sequence=2706_connection_id=ad7e1927407e4d3f82ba71081b540b12_type=valheim_ownership_lease_request
[Info   :ComfyNetworkSense] [07/31/2026 07:27:08] LUMBERJACKS_SESSION state=ownership_frame_queued run_id=native-20260731-c8-full29 client=i5 action=none detail=sequence=2708_connection_id=ad7e1927407e4d3f82ba71081b540b12_type=valheim_ownership_lease_request_queue_depth=1
[Info   :ComfyNetworkSense] [07/31/2026 07:27:08] LUMBERJACKS_SESSION state=ownership_frame_sent run_id=native-20260731-c8-full29 client=i5 action=none detail=sequence=2708_connection_id=ad7e1927407e4d3f82ba71081b540b12_type=valheim_ownership_lease_request
[Info   :ComfyNetworkSense] [07/31/2026 07:27:08] MOTION_AUTHORITY state=native_transform_writer_suppressed run_id=native-20260731-c8-full29 client=i5 action=i5-c8-motion-observe-gap detail=count=8192_writer=ZSyncTransform.CustomFixedUpdate
[Info   :ComfyNetworkSense] [07/31/2026 07:27:09] LUMBERJACKS_SESSION state=ownership_frame_queued run_id=native-20260731-c8-full29 client=i5 action=none detail=sequence=2711_connection_id=ad7e1927407e4d3f82ba71081b540b12_type=valheim_ownership_lease_request_queue_depth=1
[Info   :ComfyNetworkSense] [07/31/2026 07:27:09] LUMBERJACKS_SESSION state=ownership_frame_sent run_id=native-20260731-c8-full29 client=i5 action=none detail=sequence=2711_connection_id=ad7e1927407e4d3f82ba71081b540b12_type=valheim_ownership_lease_request
[Info   :ComfyNetworkSense] [07/31/2026 07:27:09] LUMBERJACKS_SESSION state=ownership_frame_queued run_id=native-20260731-c8-full29 client=i5 action=none detail=sequence=2713_connection_id=ad7e1927407e4d3f82ba71081b540b12_type=valheim_ownership_lease_request_queue_depth=1
[Info   :ComfyNetworkSense] [07/31/2026 07:27:09] LUMBERJACKS_SESSION state=ownership_frame_sent run_id=native-20260731-c8-full29 client=i5 action=none detail=sequence=2713_connection_id=ad7e1927407e4d3f82ba71081b540b12_type=valheim_ownership_lease_request
[Info   :ComfyNetworkSense] [07/31/2026 07:27:10] LUMBERJACKS_SESSION state=ownership_frame_queued run_id=native-20260731-c8-full29 client=i5 action=none detail=sequence=2715_connection_id=ad7e1927407e4d3f82ba71081b540b12_type=valheim_ownership_lease_request_queue_depth=1
[Info   :ComfyNetworkSense] [07/31/2026 07:27:10] LUMBERJACKS_SESSION state=ownership_frame_sent run_id=native-20260731-c8-full29 client=i5 action=none detail=sequence=2715_connection_id=ad7e1927407e4d3f82ba71081b540b12_type=valheim_ownership_lease_request
[Info   :ComfyNetworkSense] [07/31/2026 07:27:10] LUMBERJACKS_SESSION state=ownership_frame_queued run_id=native-20260731-c8-full29 client=i5 action=none detail=sequence=2717_connection_id=ad7e1927407e4d3f82ba71081b540b12_type=valheim_ownership_lease_request_queue_depth=1
[Info   :ComfyNetworkSense] [07/31/2026 07:27:10] LUMBERJACKS_SESSION state=ownership_frame_sent run_id=native-20260731-c8-full29 client=i5 action=none detail=sequence=2717_connection_id=ad7e1927407e4d3f82ba71081b540b12_type=valheim_ownership_lease_request
[Info   :ComfyNetworkSense] [07/31/2026 07:27:11] LUMBERJACKS_SESSION state=ownership_frame_queued run_id=native-20260731-c8-full29 client=i5 action=none detail=sequence=2720_connection_id=ad7e1927407e4d3f82ba71081b540b12_type=valheim_ownership_lease_request_queue_depth=1
[Info   :ComfyNetworkSense] [07/31/2026 07:27:11] LUMBERJACKS_SESSION state=ownership_frame_sent run_id=native-20260731-c8-full29 client=i5 action=none detail=sequence=2720_connection_id=ad7e1927407e4d3f82ba71081b540b12_type=valheim_ownership_lease_request
[Info   :ComfyNetworkSense] [07/31/2026 07:27:11] LUMBERJACKS_SESSION state=ownership_frame_queued run_id=native-20260731-c8-full29 client=i5 action=none detail=sequence=2722_connection_id=ad7e1927407e4d3f82ba71081b540b12_type=valheim_ownership_lease_request_queue_depth=1
[Info   :ComfyNetworkSense] [07/31/2026 07:27:11] LUMBERJACKS_SESSION state=ownership_frame_sent run_id=native-20260731-c8-full29 client=i5 action=none detail=sequence=2722_connection_id=ad7e1927407e4d3f82ba71081b540b12_type=valheim_ownership_lease_request
[Info   :ComfyNetworkSense] [07/31/2026 07:27:12] LUMBERJACKS_SESSION state=ownership_frame_queued run_id=native-20260731-c8-full29 client=i5 action=none detail=sequence=2724_connection_id=ad7e1927407e4d3f82ba71081b540b12_type=valheim_ownership_lease_request_queue_depth=1
[Info   :ComfyNetworkSense] [07/31/2026 07:27:12] LUMBERJACKS_SESSION state=ownership_frame_sent run_id=native-20260731-c8-full29 client=i5 action=none detail=sequence=2724_connection_id=ad7e1927407e4d3f82ba71081b540b12_type=valheim_ownership_lease_request
[Info   :ComfyNetworkSense] [07/31/2026 07:27:12] LUMBERJACKS_SESSION state=ownership_frame_queued run_id=native-20260731-c8-full29 client=i5 action=none detail=sequence=2727_connection_id=ad7e1927407e4d3f82ba71081b540b12_type=valheim_ownership_lease_request_queue_depth=1
[Info   :ComfyNetworkSense] [07/31/2026 07:27:12] LUMBERJACKS_SESSION state=ownership_frame_sent run_id=native-20260731-c8-full29 client=i5 action=none detail=sequence=2727_connection_id=ad7e1927407e4d3f82ba71081b540b12_type=valheim_ownership_lease_request
[Info   :ComfyNetworkSense] [07/31/2026 07:27:13] LUMBERJACKS_SESSION state=ownership_frame_queued run_id=native-20260731-c8-full29 client=i5 action=none detail=sequence=2729_connection_id=ad7e1927407e4d3f82ba71081b540b12_type=valheim_ownership_lease_request_queue_depth=1
[Info   :ComfyNetworkSense] [07/31/2026 07:27:13] LUMBERJACKS_SESSION state=ownership_frame_sent run_id=native-20260731-c8-full29 client=i5 action=none detail=sequence=2729_connection_id=ad7e1927407e4d3f82ba71081b540b12_type=valheim_ownership_lease_request
[Warning:ComfyNetworkSense] [07/31/2026 07:27:13] Authoritative consumer poll failed: TimeoutException: connect timeout to 8.231.129.249:42317
[Info   :ComfyNetworkSense] [07/31/2026 07:27:14] LUMBERJACKS_SESSION state=ownership_frame_queued run_id=native-20260731-c8-full29 client=i5 action=none detail=sequence=2731_connection_id=ad7e1927407e4d3f82ba71081b540b12_type=valheim_ownership_lease_request_queue_depth=1
[Info   :ComfyNetworkSense] [07/31/2026 07:27:14] LUMBERJACKS_SESSION state=ownership_frame_sent run_id=native-20260731-c8-full29 client=i5 action=none detail=sequence=2731_connection_id=ad7e1927407e4d3f82ba71081b540b12_type=valheim_ownership_lease_request
[Info   :ComfyNetworkSense] [07/31/2026 07:27:14] LUMBERJACKS_SESSION state=ownership_frame_queued run_id=native-20260731-c8-full29 client=i5 action=none detail=sequence=2733_connection_id=ad7e1927407e4d3f82ba71081b540b12_type=valheim_ownership_lease_request_queue_depth=1
[Info   :ComfyNetworkSense] [07/31/2026 07:27:14] LUMBERJACKS_SESSION state=ownership_frame_sent run_id=native-20260731-c8-full29 client=i5 action=none detail=sequence=2733_connection_id=ad7e1927407e4d3f82ba71081b540b12_type=valheim_ownership_lease_request
[Info   :ComfyNetworkSense] [07/31/2026 07:27:15] LUMBERJACKS_SESSION state=ownership_frame_queued run_id=native-20260731-c8-full29 client=i5 action=none detail=sequence=2736_connection_id=ad7e1927407e4d3f82ba71081b540b12_type=valheim_ownership_lease_request_queue_depth=1
[Info   :ComfyNetworkSense] [07/31/2026 07:27:15] LUMBERJACKS_SESSION state=ownership_frame_sent run_id=native-20260731-c8-full29 client=i5 action=none detail=sequence=2736_connection_id=ad7e1927407e4d3f82ba71081b540b12_type=valheim_ownership_lease_request
[Info   :ComfyNetworkSense] [07/31/2026 07:27:15] LUMBERJACKS_SESSION state=ownership_frame_queued run_id=native-20260731-c8-full29 client=i5 action=none detail=sequence=2738_connection_id=ad7e1927407e4d3f82ba71081b540b12_type=valheim_ownership_lease_request_queue_depth=1
[Info   :ComfyNetworkSense] [07/31/2026 07:27:15] LUMBERJACKS_SESSION state=ownership_frame_sent run_id=native-20260731-c8-full29 client=i5 action=none detail=sequence=2738_connection_id=ad7e1927407e4d3f82ba71081b540b12_type=valheim_ownership_lease_request
[Info   :ComfyNetworkSense] [07/31/2026 07:27:16] LUMBERJACKS_SESSION state=ownership_frame_queued run_id=native-20260731-c8-full29 client=i5 action=none detail=sequence=2740_connection_id=ad7e1927407e4d3f82ba71081b540b12_type=valheim_ownership_lease_request_queue_depth=1
[Info   :ComfyNetworkSense] [07/31/2026 07:27:16] LUMBERJACKS_SESSION state=ownership_frame_sent run_id=native-20260731-c8-full29 client=i5 action=none detail=sequence=2740_connection_id=ad7e1927407e4d3f82ba71081b540b12_type=valheim_ownership_lease_request
[Info   :ComfyNetworkSense] [07/31/2026 07:27:16] LUMBERJACKS_SESSION state=ownership_frame_queued run_id=native-20260731-c8-full29 client=i5 action=none detail=sequence=2742_connection_id=ad7e1927407e4d3f82ba71081b540b12_type=valheim_ownership_lease_request_queue_depth=1
[Info   :ComfyNetworkSense] [07/31/2026 07:27:16] LUMBERJACKS_SESSION state=ownership_frame_sent run_id=native-20260731-c8-full29 client=i5 action=none detail=sequence=2742_connection_id=ad7e1927407e4d3f82ba71081b540b12_type=valheim_ownership_lease_request
[Info   :ComfyNetworkSense] [07/31/2026 07:27:17] LUMBERJACKS_SESSION state=ownership_frame_queued run_id=native-20260731-c8-full29 client=i5 action=none detail=sequence=2745_connection_id=ad7e1927407e4d3f82ba71081b540b12_type=valheim_ownership_lease_request_queue_depth=1
[Info   :ComfyNetworkSense] [07/31/2026 07:27:17] LUMBERJACKS_SESSION state=ownership_frame_sent run_id=native-20260731-c8-full29 client=i5 action=none detail=sequence=2745_connection_id=ad7e1927407e4d3f82ba71081b540b12_type=valheim_ownership_lease_request
[Info   :ComfyNetworkSense] [07/31/2026 07:27:17] LUMBERJACKS_SESSION state=ownership_frame_queued run_id=native-20260731-c8-full29 client=i5 action=none detail=sequence=2747_connection_id=ad7e1927407e4d3f82ba71081b540b12_type=valheim_ownership_lease_request_queue_depth=1
[Info   :ComfyNetworkSense] [07/31/2026 07:27:17] LUMBERJACKS_SESSION state=ownership_frame_sent run_id=native-20260731-c8-full29 client=i5 action=none detail=sequence=2747_connection_id=ad7e1927407e4d3f82ba71081b540b12_type=valheim_ownership_lease_request
[Info   :ComfyNetworkSense] [07/31/2026 07:27:18] LUMBERJACKS_SESSION state=ownership_frame_queued run_id=native-20260731-c8-full29 client=i5 action=none detail=sequence=2749_connection_id=ad7e1927407e4d3f82ba71081b540b12_type=valheim_ownership_lease_request_queue_depth=1
[Info   :ComfyNetworkSense] [07/31/2026 07:27:18] LUMBERJACKS_SESSION state=ownership_frame_sent run_id=native-20260731-c8-full29 client=i5 action=none detail=sequence=2749_connection_id=ad7e1927407e4d3f82ba71081b540b12_type=valheim_ownership_lease_request
[Info   :ComfyNetworkSense] [07/31/2026 07:27:18] LUMBERJACKS_SESSION state=ownership_frame_queued run_id=native-20260731-c8-full29 client=i5 action=none detail=sequence=2752_connection_id=ad7e1927407e4d3f82ba71081b540b12_type=valheim_ownership_lease_request_queue_depth=1
[Info   :ComfyNetworkSense] [07/31/2026 07:27:18] LUMBERJACKS_SESSION state=ownership_frame_sent run_id=native-20260731-c8-full29 client=i5 action=none detail=sequence=2752_connection_id=ad7e1927407e4d3f82ba71081b540b12_type=valheim_ownership_lease_request
[Info   :ComfyNetworkSense] [07/31/2026 07:27:19] LUMBERJACKS_SESSION state=ownership_frame_queued run_id=native-20260731-c8-full29 client=i5 action=none detail=sequence=2754_connection_id=ad7e1927407e4d3f82ba71081b540b12_type=valheim_ownership_lease_request_queue_depth=1
[Info   :ComfyNetworkSense] [07/31/2026 07:27:19] LUMBERJACKS_SESSION state=ownership_frame_sent run_id=native-20260731-c8-full29 client=i5 action=none detail=sequence=2754_connection_id=ad7e1927407e4d3f82ba71081b540b12_type=valheim_ownership_lease_request
[Info   :ComfyNetworkSense] [07/31/2026 07:27:19] LUMBERJACKS_SESSION state=ownership_frame_queued run_id=native-20260731-c8-full29 client=i5 action=none detail=sequence=2756_connection_id=ad7e1927407e4d3f82ba71081b540b12_type=valheim_ownership_lease_request_queue_depth=1
[Info   :ComfyNetworkSense] [07/31/2026 07:27:19] LUMBERJACKS_SESSION state=ownership_frame_sent run_id=native-20260731-c8-full29 client=i5 action=none detail=sequence=2756_connection_id=ad7e1927407e4d3f82ba71081b540b12_type=valheim_ownership_lease_request
[Info   :ComfyNetworkSense] [07/31/2026 07:27:20] LUMBERJACKS_SESSION state=ownership_frame_queued run_id=native-20260731-c8-full29 client=i5 action=none detail=sequence=2758_connection_id=ad7e1927407e4d3f82ba71081b540b12_type=valheim_ownership_lease_request_queue_depth=1
[Info   :ComfyNetworkSense] [07/31/2026 07:27:20] LUMBERJACKS_SESSION state=ownership_frame_sent run_id=native-20260731-c8-full29 client=i5 action=none detail=sequence=2758_connection_id=ad7e1927407e4d3f82ba71081b540b12_type=valheim_ownership_lease_request
[Info   :ComfyNetworkSense] [07/31/2026 07:27:21] LUMBERJACKS_SESSION state=ownership_frame_queued run_id=native-20260731-c8-full29 client=i5 action=none detail=sequence=2761_connection_id=ad7e1927407e4d3f82ba71081b540b12_type=valheim_ownership_lease_request_queue_depth=1
[Info   :ComfyNetworkSense] [07/31/2026 07:27:21] LUMBERJACKS_SESSION state=ownership_frame_sent run_id=native-20260731-c8-full29 client=i5 action=none detail=sequence=2761_connection_id=ad7e1927407e4d3f82ba71081b540b12_type=valheim_ownership_lease_request
[Info   :ComfyNetworkSense] [07/31/2026 07:27:21] LUMBERJACKS_SESSION state=ownership_frame_queued run_id=native-20260731-c8-full29 client=i5 action=none detail=sequence=2763_connection_id=ad7e1927407e4d3f82ba71081b540b12_type=valheim_ownership_lease_request_queue_depth=1
[Info   :ComfyNetworkSense] [07/31/2026 07:27:21] LUMBERJACKS_SESSION state=ownership_frame_sent run_id=native-20260731-c8-full29 client=i5 action=none detail=sequence=2763_connection_id=ad7e1927407e4d3f82ba71081b540b12_type=valheim_ownership_lease_request
[Info   :ComfyNetworkSense] [07/31/2026 07:27:22] LUMBERJACKS_SESSION state=ownership_frame_queued run_id=native-20260731-c8-full29 client=i5 action=none detail=sequence=2765_connection_id=ad7e1927407e4d3f82ba71081b540b12_type=valheim_ownership_lease_request_queue_depth=1
[Info   :ComfyNetworkSense] [07/31/2026 07:27:22] LUMBERJACKS_SESSION state=ownership_frame_sent run_id=native-20260731-c8-full29 client=i5 action=none detail=sequence=2765_connection_id=ad7e1927407e4d3f82ba71081b540b12_type=valheim_ownership_lease_request
[Info   :ComfyNetworkSense] [07/31/2026 07:27:22] LUMBERJACKS_SESSION state=ownership_frame_queued run_id=native-20260731-c8-full29 client=i5 action=none detail=sequence=2767_connection_id=ad7e1927407e4d3f82ba71081b540b12_type=valheim_ownership_lease_request_queue_depth=1
[Info   :ComfyNetworkSense] [07/31/2026 07:27:22] LUMBERJACKS_SESSION state=ownership_frame_sent run_id=native-20260731-c8-full29 client=i5 action=none detail=sequence=2767_connection_id=ad7e1927407e4d3f82ba71081b540b12_type=valheim_ownership_lease_request
[Info   :ComfyNetworkSense] [07/31/2026 07:27:23] LUMBERJACKS_SESSION state=ownership_frame_queued run_id=native-20260731-c8-full29 client=i5 action=none detail=sequence=2770_connection_id=ad7e1927407e4d3f82ba71081b540b12_type=valheim_ownership_lease_request_queue_depth=1
[Info   :ComfyNetworkSense] [07/31/2026 07:27:23] LUMBERJACKS_SESSION state=ownership_frame_sent run_id=native-20260731-c8-full29 client=i5 action=none detail=sequence=2770_connection_id=ad7e1927407e4d3f82ba71081b540b12_type=valheim_ownership_lease_request
[Info   :ComfyNetworkSense] [07/31/2026 07:27:23] LUMBERJACKS_SESSION state=ownership_frame_queued run_id=native-20260731-c8-full29 client=i5 action=none detail=sequence=2772_connection_id=ad7e1927407e4d3f82ba71081b540b12_type=valheim_ownership_lease_request_queue_depth=1
[Info   :ComfyNetworkSense] [07/31/2026 07:27:23] LUMBERJACKS_SESSION state=ownership_frame_sent run_id=native-20260731-c8-full29 client=i5 action=none detail=sequence=2772_connection_id=ad7e1927407e4d3f82ba71081b540b12_type=valheim_ownership_lease_request
[Warning:ComfyNetworkSense] [07/31/2026 07:27:23] Authoritative consumer poll failed: TimeoutException: connect timeout to 8.231.129.249:42317
[Info   :ComfyNetworkSense] [07/31/2026 07:27:24] LUMBERJACKS_SESSION state=ownership_frame_queued run_id=native-20260731-c8-full29 client=i5 action=none detail=sequence=2774_connection_id=ad7e1927407e4d3f82ba71081b540b12_type=valheim_ownership_lease_request_queue_depth=1
[Info   :ComfyNetworkSense] [07/31/2026 07:27:24] LUMBERJACKS_SESSION state=ownership_frame_sent run_id=native-20260731-c8-full29 client=i5 action=none detail=sequence=2774_connection_id=ad7e1927407e4d3f82ba71081b540b12_type=valheim_ownership_lease_request
[Info   :ComfyNetworkSense] [07/31/2026 07:27:24] LUMBERJACKS_SESSION state=ownership_frame_queued run_id=native-20260731-c8-full29 client=i5 action=none detail=sequence=2777_connection_id=ad7e1927407e4d3f82ba71081b540b12_type=valheim_ownership_lease_request_queue_depth=1
[Info   :ComfyNetworkSense] [07/31/2026 07:27:24] LUMBERJACKS_SESSION state=ownership_frame_sent run_id=native-20260731-c8-full29 client=i5 action=none detail=sequence=2777_connection_id=ad7e1927407e4d3f82ba71081b540b12_type=valheim_ownership_lease_request
[Info   :ComfyNetworkSense] [07/31/2026 07:27:25] LUMBERJACKS_SESSION state=ownership_frame_queued run_id=native-20260731-c8-full29 client=i5 action=none detail=sequence=2779_connection_id=ad7e1927407e4d3f82ba71081b540b12_type=valheim_ownership_lease_request_queue_depth=1
[Info   :ComfyNetworkSense] [07/31/2026 07:27:25] LUMBERJACKS_SESSION state=ownership_frame_sent run_id=native-20260731-c8-full29 client=i5 action=none detail=sequence=2779_connection_id=ad7e1927407e4d3f82ba71081b540b12_type=valheim_ownership_lease_request
[Info   :ComfyNetworkSense] [07/31/2026 07:27:26] LUMBERJACKS_SESSION state=ownership_frame_queued run_id=native-20260731-c8-full29 client=i5 action=none detail=sequence=2781_connection_id=ad7e1927407e4d3f82ba71081b540b12_type=valheim_ownership_lease_request_queue_depth=1
[Info   :ComfyNetworkSense] [07/31/2026 07:27:26] LUMBERJACKS_SESSION state=ownership_frame_sent run_id=native-20260731-c8-full29 client=i5 action=none detail=sequence=2781_connection_id=ad7e1927407e4d3f82ba71081b540b12_type=valheim_ownership_lease_request
[Info   :ComfyNetworkSense] [07/31/2026 07:27:26] LUMBERJACKS_SESSION state=ownership_frame_queued run_id=native-20260731-c8-full29 client=i5 action=none detail=sequence=2783_connection_id=ad7e1927407e4d3f82ba71081b540b12_type=valheim_ownership_lease_request_queue_depth=1
[Info   :ComfyNetworkSense] [07/31/2026 07:27:26] LUMBERJACKS_SESSION state=ownership_frame_sent run_id=native-20260731-c8-full29 client=i5 action=none detail=sequence=2783_connection_id=ad7e1927407e4d3f82ba71081b540b12_type=valheim_ownership_lease_request
[Info   :ComfyNetworkSense] [07/31/2026 07:27:27] LUMBERJACKS_SESSION state=ownership_frame_queued run_id=native-20260731-c8-full29 client=i5 action=none detail=sequence=2786_connection_id=ad7e1927407e4d3f82ba71081b540b12_type=valheim_ownership_lease_request_queue_depth=1
[Info   :ComfyNetworkSense] [07/31/2026 07:27:27] LUMBERJACKS_SESSION state=ownership_frame_sent run_id=native-20260731-c8-full29 client=i5 action=none detail=sequence=2786_connection_id=ad7e1927407e4d3f82ba71081b540b12_type=valheim_ownership_lease_request
[Info   :ComfyNetworkSense] [07/31/2026 07:27:27] LUMBERJACKS_SESSION state=ownership_frame_queued run_id=native-20260731-c8-full29 client=i5 action=none detail=sequence=2788_connection_id=ad7e1927407e4d3f82ba71081b540b12_type=valheim_ownership_lease_request_queue_depth=1
[Info   :ComfyNetworkSense] [07/31/2026 07:27:27] LUMBERJACKS_SESSION state=ownership_frame_sent run_id=native-20260731-c8-full29 client=i5 action=none detail=sequence=2788_connection_id=ad7e1927407e4d3f82ba71081b540b12_type=valheim_ownership_lease_request
[Info   :ComfyNetworkSense] [07/31/2026 07:27:28] LUMBERJACKS_SESSION state=ownership_frame_queued run_id=native-20260731-c8-full29 client=i5 action=none detail=sequence=2790_connection_id=ad7e1927407e4d3f82ba71081b540b12_type=valheim_ownership_lease_request_queue_depth=1
[Info   :ComfyNetworkSense] [07/31/2026 07:27:28] LUMBERJACKS_SESSION state=ownership_frame_sent run_id=native-20260731-c8-full29 client=i5 action=none detail=sequence=2790_connection_id=ad7e1927407e4d3f82ba71081b540b12_type=valheim_ownership_lease_request
[Info   :ComfyNetworkSense] [07/31/2026 07:27:28] LUMBERJACKS_SESSION state=ownership_frame_queued run_id=native-20260731-c8-full29 client=i5 action=none detail=sequence=2792_connection_id=ad7e1927407e4d3f82ba71081b540b12_type=valheim_ownership_lease_request_queue_depth=1
[Info   :ComfyNetworkSense] [07/31/2026 07:27:28] LUMBERJACKS_SESSION state=ownership_frame_sent run_id=native-20260731-c8-full29 client=i5 action=none detail=sequence=2792_connection_id=ad7e1927407e4d3f82ba71081b540b12_type=valheim_ownership_lease_request
[Info   :ComfyNetworkSense] [07/31/2026 07:27:29] LUMBERJACKS_SESSION state=ownership_frame_queued run_id=native-20260731-c8-full29 client=i5 action=none detail=sequence=2795_connection_id=ad7e1927407e4d3f82ba71081b540b12_type=valheim_ownership_lease_request_queue_depth=1
[Info   :ComfyNetworkSense] [07/31/2026 07:27:29] LUMBERJACKS_SESSION state=ownership_frame_sent run_id=native-20260731-c8-full29 client=i5 action=none detail=sequence=2795_connection_id=ad7e1927407e4d3f82ba71081b540b12_type=valheim_ownership_lease_request
[Info   :ComfyNetworkSense] [07/31/2026 07:27:29] LUMBERJACKS_SESSION state=ownership_frame_queued run_id=native-20260731-c8-full29 client=i5 action=none detail=sequence=2797_connection_id=ad7e1927407e4d3f82ba71081b540b12_type=valheim_ownership_lease_request_queue_depth=1
[Info   :ComfyNetworkSense] [07/31/2026 07:27:29] LUMBERJACKS_SESSION state=ownership_frame_sent run_id=native-20260731-c8-full29 client=i5 action=none detail=sequence=2797_connection_id=ad7e1927407e4d3f82ba71081b540b12_type=valheim_ownership_lease_request
[Info   :ComfyNetworkSense] [07/31/2026 07:27:30] LUMBERJACKS_SESSION state=ownership_frame_queued run_id=native-20260731-c8-full29 client=i5 action=none detail=sequence=2799_connection_id=ad7e1927407e4d3f82ba71081b540b12_type=valheim_ownership_lease_request_queue_depth=1
[Info   :ComfyNetworkSense] [07/31/2026 07:27:30] LUMBERJACKS_SESSION state=ownership_frame_sent run_id=native-20260731-c8-full29 client=i5 action=none detail=sequence=2799_connection_id=ad7e1927407e4d3f82ba71081b540b12_type=valheim_ownership_lease_request
[Info   :ComfyNetworkSense] [07/31/2026 07:27:30] LUMBERJACKS_SESSION state=ownership_frame_queued run_id=native-20260731-c8-full29 client=i5 action=none detail=sequence=2802_connection_id=ad7e1927407e4d3f82ba71081b540b12_type=valheim_ownership_lease_request_queue_depth=1
[Info   :ComfyNetworkSense] [07/31/2026 07:27:30] LUMBERJACKS_SESSION state=ownership_frame_sent run_id=native-20260731-c8-full29 client=i5 action=none detail=sequence=2802_connection_id=ad7e1927407e4d3f82ba71081b540b12_type=valheim_ownership_lease_request
[Info   :ComfyNetworkSense] [07/31/2026 07:27:31] LUMBERJACKS_SESSION state=ownership_frame_queued run_id=native-20260731-c8-full29 client=i5 action=none detail=sequence=2804_connection_id=ad7e1927407e4d3f82ba71081b540b12_type=valheim_ownership_lease_request_queue_depth=1
[Info   :ComfyNetworkSense] [07/31/2026 07:27:31] LUMBERJACKS_SESSION state=ownership_frame_sent run_id=native-20260731-c8-full29 client=i5 action=none detail=sequence=2804_connection_id=ad7e1927407e4d3f82ba71081b540b12_type=valheim_ownership_lease_request
[Info   :ComfyNetworkSense] [07/31/2026 07:27:32] LUMBERJACKS_SESSION state=ownership_frame_queued run_id=native-20260731-c8-full29 client=i5 action=none detail=sequence=2806_connection_id=ad7e1927407e4d3f82ba71081b540b12_type=valheim_ownership_lease_request_queue_depth=1
[Info   :ComfyNetworkSense] [07/31/2026 07:27:32] LUMBERJACKS_SESSION state=ownership_frame_sent run_id=native-20260731-c8-full29 client=i5 action=none detail=sequence=2806_connection_id=ad7e1927407e4d3f82ba71081b540b12_type=valheim_ownership_lease_request
[Info   :ComfyNetworkSense] [07/31/2026 07:27:32] LUMBERJACKS_SESSION state=ownership_frame_queued run_id=native-20260731-c8-full29 client=i5 action=none detail=sequence=2808_connection_id=ad7e1927407e4d3f82ba71081b540b12_type=valheim_ownership_lease_request_queue_depth=1
[Info   :ComfyNetworkSense] [07/31/2026 07:27:32] LUMBERJACKS_SESSION state=ownership_frame_sent run_id=native-20260731-c8-full29 client=i5 action=none detail=sequence=2808_connection_id=ad7e1927407e4d3f82ba71081b540b12_type=valheim_ownership_lease_request
[Info   :ComfyNetworkSense] [07/31/2026 07:27:33] LUMBERJACKS_SESSION state=ownership_frame_queued run_id=native-20260731-c8-full29 client=i5 action=none detail=sequence=2811_connection_id=ad7e1927407e4d3f82ba71081b540b12_type=valheim_ownership_lease_request_queue_depth=1
[Info   :ComfyNetworkSense] [07/31/2026 07:27:33] LUMBERJACKS_SESSION state=ownership_frame_sent run_id=native-20260731-c8-full29 client=i5 action=none detail=sequence=2811_connection_id=ad7e1927407e4d3f82ba71081b540b12_type=valheim_ownership_lease_request
[Info   :ComfyNetworkSense] [07/31/2026 07:27:33] LUMBERJACKS_SESSION state=ownership_frame_queued run_id=native-20260731-c8-full29 client=i5 action=none detail=sequence=2813_connection_id=ad7e1927407e4d3f82ba71081b540b12_type=valheim_ownership_lease_request_queue_depth=1
[Info   :ComfyNetworkSense] [07/31/2026 07:27:33] LUMBERJACKS_SESSION state=ownership_frame_sent run_id=native-20260731-c8-full29 client=i5 action=none detail=sequence=2813_connection_id=ad7e1927407e4d3f82ba71081b540b12_type=valheim_ownership_lease_request
[Warning:ComfyNetworkSense] [07/31/2026 07:27:33] Authoritative consumer poll failed: TimeoutException: connect timeout to 8.231.129.249:42317
[Info   :ComfyNetworkSense] [07/31/2026 07:27:34] LUMBERJACKS_SESSION state=ownership_frame_queued run_id=native-20260731-c8-full29 client=i5 action=none detail=sequence=2815_connection_id=ad7e1927407e4d3f82ba71081b540b12_type=valheim_ownership_lease_request_queue_depth=1
[Info   :ComfyNetworkSense] [07/31/2026 07:27:34] LUMBERJACKS_SESSION state=ownership_frame_sent run_id=native-20260731-c8-full29 client=i5 action=none detail=sequence=2815_connection_id=ad7e1927407e4d3f82ba71081b540b12_type=valheim_ownership_lease_request
[Info   :ComfyNetworkSense] [07/31/2026 07:27:34] LUMBERJACKS_SESSION state=ownership_frame_queued run_id=native-20260731-c8-full29 client=i5 action=none detail=sequence=2817_connection_id=ad7e1927407e4d3f82ba71081b540b12_type=valheim_ownership_lease_request_queue_depth=1
[Info   :ComfyNetworkSense] [07/31/2026 07:27:34] LUMBERJACKS_SESSION state=ownership_frame_sent run_id=native-20260731-c8-full29 client=i5 action=none detail=sequence=2817_connection_id=ad7e1927407e4d3f82ba71081b540b12_type=valheim_ownership_lease_request
[Info   :ComfyNetworkSense] [07/31/2026 07:27:35] LUMBERJACKS_SESSION state=ownership_frame_queued run_id=native-20260731-c8-full29 client=i5 action=none detail=sequence=2820_connection_id=ad7e1927407e4d3f82ba71081b540b12_type=valheim_ownership_lease_request_queue_depth=1
[Info   :ComfyNetworkSense] [07/31/2026 07:27:35] LUMBERJACKS_SESSION state=ownership_frame_sent run_id=native-20260731-c8-full29 client=i5 action=none detail=sequence=2820_connection_id=ad7e1927407e4d3f82ba71081b540b12_type=valheim_ownership_lease_request
[Info   :ComfyNetworkSense] [07/31/2026 07:27:35] LUMBERJACKS_SESSION state=ownership_frame_queued run_id=native-20260731-c8-full29 client=i5 action=none detail=sequence=2822_connection_id=ad7e1927407e4d3f82ba71081b540b12_type=valheim_ownership_lease_request_queue_depth=1
[Info   :ComfyNetworkSense] [07/31/2026 07:27:35] LUMBERJACKS_SESSION state=ownership_frame_sent run_id=native-20260731-c8-full29 client=i5 action=none detail=sequence=2822_connection_id=ad7e1927407e4d3f82ba71081b540b12_type=valheim_ownership_lease_request
[Info   :ComfyNetworkSense] [07/31/2026 07:27:36] LUMBERJACKS_SESSION state=ownership_frame_queued run_id=native-20260731-c8-full29 client=i5 action=none detail=sequence=2824_connection_id=ad7e1927407e4d3f82ba71081b540b12_type=valheim_ownership_lease_request_queue_depth=1
[Info   :ComfyNetworkSense] [07/31/2026 07:27:36] LUMBERJACKS_SESSION state=ownership_frame_sent run_id=native-20260731-c8-full29 client=i5 action=none detail=sequence=2824_connection_id=ad7e1927407e4d3f82ba71081b540b12_type=valheim_ownership_lease_request
[Info   :ComfyNetworkSense] [07/31/2026 07:27:37] LUMBERJACKS_SESSION state=ownership_frame_queued run_id=native-20260731-c8-full29 client=i5 action=none detail=sequence=2827_connection_id=ad7e1927407e4d3f82ba71081b540b12_type=valheim_ownership_lease_request_queue_depth=1
[Info   :ComfyNetworkSense] [07/31/2026 07:27:37] LUMBERJACKS_SESSION state=ownership_frame_sent run_id=native-20260731-c8-full29 client=i5 action=none detail=sequence=2827_connection_id=ad7e1927407e4d3f82ba71081b540b12_type=valheim_ownership_lease_request
[Info   :ComfyNetworkSense] [07/31/2026 07:27:37] LUMBERJACKS_SESSION state=ownership_frame_queued run_id=native-20260731-c8-full29 client=i5 action=none detail=sequence=2829_connection_id=ad7e1927407e4d3f82ba71081b540b12_type=valheim_ownership_lease_request_queue_depth=1
[Info   :ComfyNetworkSense] [07/31/2026 07:27:37] LUMBERJACKS_SESSION state=ownership_frame_sent run_id=native-20260731-c8-full29 client=i5 action=none detail=sequence=2829_connection_id=ad7e1927407e4d3f82ba71081b540b12_type=valheim_ownership_lease_request
[Info   :ComfyNetworkSense] [07/31/2026 07:27:38] LUMBERJACKS_SESSION state=ownership_frame_queued run_id=native-20260731-c8-full29 client=i5 action=none detail=sequence=2831_connection_id=ad7e1927407e4d3f82ba71081b540b12_type=valheim_ownership_lease_request_queue_depth=1
[Info   :ComfyNetworkSense] [07/31/2026 07:27:38] LUMBERJACKS_SESSION state=ownership_frame_sent run_id=native-20260731-c8-full29 client=i5 action=none detail=sequence=2831_connection_id=ad7e1927407e4d3f82ba71081b540b12_type=valheim_ownership_lease_request
[Info   :ComfyNetworkSense] [07/31/2026 07:27:38] LUMBERJACKS_SESSION state=ownership_frame_queued run_id=native-20260731-c8-full29 client=i5 action=none detail=sequence=2834_connection_id=ad7e1927407e4d3f82ba71081b540b12_type=valheim_ownership_lease_request_queue_depth=1
[Info   :ComfyNetworkSense] [07/31/2026 07:27:38] LUMBERJACKS_SESSION state=ownership_frame_sent run_id=native-20260731-c8-full29 client=i5 action=none detail=sequence=2834_connection_id=ad7e1927407e4d3f82ba71081b540b12_type=valheim_ownership_lease_request
[Info   :ComfyNetworkSense] [07/31/2026 07:27:39] LUMBERJACKS_SESSION state=ownership_frame_queued run_id=native-20260731-c8-full29 client=i5 action=none detail=sequence=2836_connection_id=ad7e1927407e4d3f82ba71081b540b12_type=valheim_ownership_lease_request_queue_depth=1
[Info   :ComfyNetworkSense] [07/31/2026 07:27:39] LUMBERJACKS_SESSION state=ownership_frame_sent run_id=native-20260731-c8-full29 client=i5 action=none detail=sequence=2836_connection_id=ad7e1927407e4d3f82ba71081b540b12_type=valheim_ownership_lease_request
[Info   :ComfyNetworkSense] [07/31/2026 07:27:40] LUMBERJACKS_SESSION state=ownership_frame_queued run_id=native-20260731-c8-full29 client=i5 action=none detail=sequence=2838_connection_id=ad7e1927407e4d3f82ba71081b540b12_type=valheim_ownership_lease_request_queue_depth=1
[Info   :ComfyNetworkSense] [07/31/2026 07:27:40] LUMBERJACKS_SESSION state=ownership_frame_sent run_id=native-20260731-c8-full29 client=i5 action=none detail=sequence=2838_connection_id=ad7e1927407e4d3f82ba71081b540b12_type=valheim_ownership_lease_request
[Info   :ComfyNetworkSense] [07/31/2026 07:27:43] CUTOVER_SCENARIO state=failed run_id=native-20260731-c8-full29 client=i5 action=c8-ownership-contended detail=ownership_probe_deadline_state=await_contention_reject
[Warning:ComfyNetworkSense] [07/31/2026 07:27:43] Authoritative consumer poll failed: TimeoutException: connect timeout to 8.231.129.249:42317
[Info   :ComfyNetworkSense] [07/31/2026 07:27:45] LOGICAL_PEER_CUTOVER state=disconnect_queued run_id=native-20260731-c8-full29 detail=target_logical_peer_id=lp_c9b96e29024c30948164b6025b7d6b67ef3e40eb243b767a108cf27e4657b0da
