Mono path[0] = 'C:/Program Files (x86)/Steam/steamapps/common/Valheim/valheim_Data/Managed'
Mono config path = 'C:/Program Files (x86)/Steam/steamapps/common/Valheim/MonoBleedingEdge/etc'
Input System module state changed to: Initialized.
[Physics::Module] Initialized fallback backend.
[Physics::Module] Id: 0xdecafbad
Initialize engine version: 6000.0.61f1 (74a0adb02c31)
[Subsystems] Discovering subsystems at path C:/Program Files (x86)/Steam/steamapps/common/Valheim/valheim_Data/UnitySubsystems
kGfxThreadingModeSplitJobs is not supported on Direct3D 11. Reverting to kGfxThreadingModeClientWorkerJobs instead.
GfxDevice: creating device client; kGfxThreadingModeClientWorkerJobs
Direct3D:
    Version:  Direct3D 11.0 [level 11.1]
    Renderer: Intel(R) Iris(R) Xe Graphics (ID=0x46a6)
    Vendor:   Intel
    VRAM:     16226 MB
    Driver:   32.0.101.7077
Begin MonoManager ReloadAssembly
- Loaded All Assemblies, in  0.069 seconds
- Finished resetting the current domain, in  0.002 seconds
[Physics::Module] Selected backend.
[Physics::Module] Name: PhysX
[Physics::Module] Id: 0xf2b8ea05
[Physics::Module] SDK Version: 4.1.2
[Physics::Module] Integration Version: 1.0.0
[Physics::Module] Threading Mode: Multi-Threaded
[Message:   BepInEx] BepInEx 5.4.23.3 - valheim (7/9/2026 6:56:24 AM)
[Message:   BepInEx] User is running BepInExPack Valheim version 5.4.2333 from Thunderstore
[Info   :   BepInEx] Running under Unity v6000.0.61.7643309
[Info   :   BepInEx] CLR runtime version: 4.0.30319.42000
[Info   :   BepInEx] Supports SRE: True
[Info   :   BepInEx] System platform: Bits64, Windows
[Message:   BepInEx] Preloader started
[Info   :   BepInEx] Loaded 1 patcher method from [BepInEx.Preloader 5.4.23.3]
[Info   :   BepInEx] 1 patcher plugin loaded
[Info   :   BepInEx] Patching [UnityEngine.CoreModule] with [BepInEx.Chainloader]
[Message:   BepInEx] Preloader finished
[Message:   BepInEx] Chainloader ready
[Message:   BepInEx] Chainloader started
[Info   :   BepInEx] 3 plugins to load
[Info   :   BepInEx] Loading [Comfy Camera Proof 0.1.0]
[Info   :Comfy Camera Proof] Comfy Camera Proof loaded. F8/status and F9/move proof commands are available.
[Info   :   BepInEx] Loading [ComfyControlSurface 0.6.0]
[Info   :ComfyControlSurface] [07/31/2026 07:50:43] Comfy control surface loaded.
[Info   :   BepInEx] Loading [ComfyNetworkSense 0.5.45]
[Info   :ComfyNetworkSense] [07/31/2026 07:50:43] Authoritative consumer init: enabled=True, manifest=p7-primary-v1, gateway=http://8.231.129.249:42317
[Info   :ComfyNetworkSense] [07/31/2026 07:50:43] Authoritative consumer init: authoritative consumer armed
[Info   :ComfyNetworkSense] [07/31/2026 07:50:43] Panel input patch applied: GameCamera.UpdateMouseCapture
[Info   :ComfyNetworkSense] [07/31/2026 07:50:43] Panel input patch applied: Character.TakeInput
[Info   :ComfyNetworkSense] [07/31/2026 07:50:43] GameplayEventPatches: patched Character.RPC_Damage
[Info   :ComfyNetworkSense] [07/31/2026 07:50:43] GameplayEventPatches: patched Character.Damage
[Info   :ComfyNetworkSense] [07/31/2026 07:50:43] GameplayEventPatches: patched Character.OnDeath
[Info   :ComfyNetworkSense] [07/31/2026 07:50:43] Lab auto-join patch applied: FejdStartup.Start
[Info   :ComfyNetworkSense] [07/31/2026 07:50:43] Quest view loaded: 4 tracked quest(s) for Derek from C:\Program Files (x86)\Steam\steamapps\common\Valheim\BepInEx\config\comfy-network-sense\quest-view.json
[Info   :ComfyNetworkSense] [07/31/2026 07:50:43] Telemetry scaffold ready.
[Info   :ComfyNetworkSense] [07/31/2026 07:50:43] Lumberjacks contract release=m30-rolecontrol-20260723-r1 schema_version=2 operation=zdo_redirect
[Message:   BepInEx] Chainloader startup complete
<RI> Initializing input.
Using Windows.Gaming.Input
XInput1_3.dll not found. Trying XInput9_1_0.dll instead...
<RI> Input initialized.
UnloadTime: 0.524200 ms
07/31/2026 07:50:44: Using environment steamid 892970
07/31/2026 07:50:44: Using steam APPID:892970
07/31/2026 07:50:44: Authentication:k_ESteamNetworkingAvailability_Attempting
07/31/2026 07:50:44: Platform doesn't implement Process Lifetime Management! Don't initialize suspend manager.
07/31/2026 07:50:44: Initialized platform!
07/31/2026 07:50:44: Platform doesn't implement matchmaking! Don't initialize matchmaking manager.
07/31/2026 07:50:44: All files in local storage save data:
C:/Users/Admin/AppData/LocalLow/IronGate/Valheim\Player-prev.log (338522)
C:/Users/Admin/AppData/LocalLow/IronGate/Valheim\Player.log (4361)
07/31/2026 07:50:44: All files in platform save data:
characters/durracktu.fch (11376)
characters/durracktu_backup_auto-20260721235906.fch (792)
serverlist/recent.old (192)
serverlist/favorite (192)
serverlist/recent (192)
characters/durracktu.fch.old (11376)
characters/durracktu_backup_auto-20260722042716.fch (10690)
characters/durracktu_backup_auto-20260730233302.fch (11276)
characters/durracktu_backup_auto-20260723103121.fch (10764)
07/31/2026 07:50:44: Initializing preferences provider...
07/31/2026 07:50:44: No preference provider available for this platform!
07/31/2026 07:50:44: Set background loading budget to Low
07/31/2026 07:50:44: Loading first scene!
07/31/2026 07:50:44: Preferences initialized! Activating first scene!
[Debug  :   BepInEx] [UnityInput] Using LegacyInputSystem
Unloading 5 Unused Serialized files (Serialized files now loaded: 8)
UnloadTime: 0.141400 ms
07/31/2026 07:50:44: 
07/31/2026 07:50:44: Starting to load scene:start.unity (169d7618616154c03be07e9ad3af5893)
07/31/2026 07:50:44: Set background loading budget to Normal
07/31/2026 07:50:45: Loaded localization file #0 - 'localization' language: 'English'
07/31/2026 07:50:45: Loaded localization file #1 - 'localization_extra' language: 'English'
07/31/2026 07:50:45: Loaded localization file #2 - 'heightmap_message' language: 'English'
07/31/2026 07:50:45: Loaded localization file #3 - 'localization_witch' language: 'English'
07/31/2026 07:50:45: Loaded localization file #4 - 'localization_ashlands' language: 'English'
07/31/2026 07:50:45: Loaded localization file #5 - 'localization_captions' language: 'English'
07/31/2026 07:50:45: Loaded localization file #6 - 'localization_combatupdate' language: 'English'
07/31/2026 07:50:45: Loaded localization file #7 - 'localization_celebrationupdate' language: 'English'
07/31/2026 07:50:45: Loaded localization file #0 - 'localization' language: 'English'
07/31/2026 07:50:45: Loaded localization file #1 - 'localization_extra' language: 'English'
07/31/2026 07:50:45: Loaded localization file #2 - 'heightmap_message' language: 'English'
07/31/2026 07:50:45: Loaded localization file #3 - 'localization_witch' language: 'English'
07/31/2026 07:50:45: Loaded localization file #4 - 'localization_ashlands' language: 'English'
07/31/2026 07:50:45: Loaded localization file #5 - 'localization_captions' language: 'English'
07/31/2026 07:50:45: Loaded localization file #6 - 'localization_combatupdate' language: 'English'
07/31/2026 07:50:45: Loaded localization file #7 - 'localization_celebrationupdate' language: 'English'
Unloading 174 unused Assets to reduce memory usage. Loaded Objects now: 2507.
Total: 10.709100 ms (FindLiveObjects: 0.199200 ms CreateObjectMapping: 0.109600 ms MarkObjects: 10.233100 ms  DeleteObjects: 0.166700 ms)

The referenced script on this Behaviour (Game Object '<null>') is missing!
The referenced script on this Behaviour (Game Object '<null>') is missing!
The referenced script on this Behaviour (Game Object '<null>') is missing!
Unloading 3 Unused Serialized files (Serialized files now loaded: 20)
07/31/2026 07:50:49: Set background loading budget to High
07/31/2026 07:50:49: GPU Device: 8086:46A6 (Intel)
07/31/2026 07:50:49: Set background loading budget to Low
UnloadTime: 5.828600 ms
Only custom filters can be played. Please add a custom filter or an audioclip to the audiosource (Amb_MainMenu).
07/31/2026 07:50:49: Missing audio clip in music respawn
07/31/2026 07:50:49: Steam initialized, persona:derek
07/31/2026 07:50:49: Valheim version: 0.221.12 (network version 36)
07/31/2026 07:50:49: Worldgenerator version setup:2
07/31/2026 07:50:49: Render threading mode:LegacyJobified
07/31/2026 07:50:49: Checking for installed DLCs
07/31/2026 07:50:49: DLC:beta installed:False
07/31/2026 07:50:49: Builder started
[Info   :ComfyNetworkSense] [07/31/2026 07:50:49] AUTOTEST_READY run_id=native-20260731-c8-full30 client=i5 character=durracktu server=100.116.82.60:2456 renderer=Intel(R)_Iris(R)_Xe_Graphics renderer_type=Direct3D11 native_poison=true
07/31/2026 07:50:49: Sending PlayFab login request (attempt 1)
07/31/2026 07:50:49: Starting music menu
Unloading 93736 unused Assets to reduce memory usage. Loaded Objects now: 208933.
Total: 86.298600 ms (FindLiveObjects: 10.406500 ms CreateObjectMapping: 17.820000 ms MarkObjects: 37.442700 ms  DeleteObjects: 20.629100 ms)

[Info   :ComfyNetworkSense] [07/31/2026 07:50:50] CUTOVER_SCENARIO state=scenario_loaded run_id=native-20260731-c8-full30 client=i5 action=none detail=actions=24
07/31/2026 07:50:50: Session auth respons callback
07/31/2026 07:50:50: Logged in PlayFab user via Steam auth session ticket
07/31/2026 07:50:50: PlayFab local entity ID is 57A0988EB3CAD566
07/31/2026 07:50:50: Released session ticket
07/31/2026 07:50:58: OnCharacterStart
[Info   :ComfyNetworkSense] [07/31/2026 07:50:58] AUTOTEST_STEAM_FREE_SCENE_REQUESTED run_id=native-20260731-c8-full30 client=i5 character=durracktu server=100.116.82.60:2456 native_connect=false native_handshake=false
[Info   :ComfyNetworkSense] [07/31/2026 07:50:58] Lab auto-join started existing character 'Durracktu' at profile index 0.
[Info   :ComfyNetworkSense] [07/31/2026 07:50:58] AUTOTEST_CHARACTER_SELECTED run_id=native-20260731-c8-full30 client=i5 character=durracktu server=100.116.82.60:2456 profile_index=0
The referenced script on this Behaviour (Game Object '<null>') is missing!
Unloading 3 Unused Serialized files (Serialized files now loaded: 21)
UnloadTime: 10.981500 ms
07/31/2026 07:50:58: Audioman already exist, destroying self
07/31/2026 07:50:58: Steam initialized, persona:derek
07/31/2026 07:50:58: Loading player profile durracktu
07/31/2026 07:50:58: isModded: True
07/31/2026 07:50:58: Zonesystem Awake 769
07/31/2026 07:50:58: DungeonDB Awake 769
07/31/2026 07:50:58: Steam initialized, persona:derek
07/31/2026 07:50:58: Checking for installed DLCs
07/31/2026 07:50:58: DLC:beta installed:False
Unloading 376 unused Assets to reduce memory usage. Loaded Objects now: 207682.
Total: 72.436400 ms (FindLiveObjects: 6.744600 ms CreateObjectMapping: 9.318200 ms MarkObjects: 55.826300 ms  DeleteObjects: 0.546700 ms)

07/31/2026 07:50:59: Zonesystem Start 769
07/31/2026 07:50:59: Added 3 locations, 0 vegetations, 0 environments, 0 biome env-setups, 0 clutter  from main
07/31/2026 07:50:59: Added 1 locations, 0 vegetations, 2 environments, 0 biome env-setups, 0 clutter  from main
07/31/2026 07:50:59: Added 27 locations, 25 vegetations, 5 environments, 1 biome env-setups, 3 clutter  from main
07/31/2026 07:50:59: Added 4 locations, 0 vegetations, 1 environments, 0 biome env-setups, 0 clutter  from main
07/31/2026 07:50:59: Added 25 locations, 33 vegetations, 8 environments, 2 biome env-setups, 2 clutter  from main
07/31/2026 07:50:59: DungeonDB Start 769
07/31/2026 07:50:59: ZRpc timeout set to 30s 
07/31/2026 07:50:59: ZNET START
[Info   :ComfyNetworkSense] [07/31/2026 07:50:59] LOGICAL_PEER_CUTOVER state=native_client_connect_suppressed run_id=native-20260731-c8-full30 detail=source=request_manifest_native_target=false_logical_connection_status=connecting
[Info   :ComfyNetworkSense] [07/31/2026 07:50:59] Registered routed RPC: ComfyNetworkSense_ServerPulse
[Info   :ComfyNetworkSense] [07/31/2026 07:50:59] Registered routed RPC: ComfyNetworkSense_GameplayEvent
[Info   :ComfyNetworkSense] [07/31/2026 07:50:59] LUMBERJACKS_SESSION state=session_started run_id=native-20260731-c8-full30 client=i5 action=none detail=sequence=0_connection_id=a7ba27441dca4aa783549f0a8cc1fdbe_resumed=false_reincarnated=false_logical_peer_id=lp_19f2670527be6f633c140c5938e5ff4c85d4bbe309e63007f20327439f837d5c_server_instance_id=am4-gateway-dev_world_id=am4-cutover-world_udp_ready=true
[Info   :ComfyNetworkSense] [07/31/2026 07:50:59] LUMBERJACKS_SESSION state=peer_bind_queued run_id=native-20260731-c8-full30 client=i5 action=none detail=sequence=0_connection_id=a7ba27441dca4aa783549f0a8cc1fdbe_role=client_peer_uid=3098685135
[Info   :ComfyNetworkSense] [07/31/2026 07:50:59] LUMBERJACKS_SESSION state=motion_region_join_queued run_id=native-20260731-c8-full30 client=i5 action=none detail=sequence=0_connection_id=a7ba27441dca4aa783549f0a8cc1fdbe_region_id=region-spawn
[Info   :ComfyNetworkSense] [07/31/2026 07:50:59] WORLD_ZONE_CUTOVER state=descriptor_requested run_id=native-20260731-c8-full30 client=client detail=fault_mode=none
[Info   :ComfyNetworkSense] [07/31/2026 07:50:59] LOGICAL_PEER_CUTOVER state=logical_server_announced run_id=native-20260731-c8-full30 detail=peer_uid=1179166357_logical_peer_id=lp_c9b96e29024c30948164b6025b7d6b67ef3e40eb243b767a108cf27e4657b0da
[Info   :ComfyNetworkSense] [07/31/2026 07:50:59] WORLD_ZONE_CUTOVER state=descriptor_accepted run_id=native-20260731-c8-full30 client=client detail=world_epoch=world-ffffffff63e5be34_world_generation_version=2_initial_zone=35,-1_global_keys=8_location_icons=10
07/31/2026 07:50:59: Worldgenerator version setup:2
[Info   :ComfyNetworkSense] [07/31/2026 07:51:01] LOGICAL_PEER_CUTOVER state=logical_peer_constructed run_id=native-20260731-c8-full30 detail=role=server_peer_uid=1179166357_logical_peer_id=lp_c9b96e29024c30948164b6025b7d6b67ef3e40eb243b767a108cf27e4657b0da_socket_type=LogicalSocket_native_socket=false
[Info   :ComfyNetworkSense] [07/31/2026 07:51:01] LOGICAL_PEER_CUTOVER state=client_logical_peer_ready run_id=native-20260731-c8-full30 detail=remote_peer_uid=1179166357_remote_logical_peer_id=lp_c9b96e29024c30948164b6025b7d6b67ef3e40eb243b767a108cf27e4657b0da_world_epoch=world-ffffffff63e5be34_native_socket=false_native_handshake=false
07/31/2026 07:51:07: Generating new world minimap done [5993ms]
07/31/2026 07:51:07: Minimap: unpacking compressed mapData 8627 => 8388660 bytes
07/31/2026 07:51:07: Starting respawn
[Info   :ComfyNetworkSense] [07/31/2026 07:51:07] WORLD_ZONE_CUTOVER state=world_bootstrap_applied_typed run_id=native-20260731-c8-full30 client=client detail=start_location=StartTemple_global_keys=8_location_icons=10_native_routed_rpc=false
[Info   :ComfyNetworkSense] [07/31/2026 07:51:07] WORLD_ZONE_CUTOVER state=bootstrap_progress run_id=native-20260731-c8-full30 client=i5 detail=bootstrap_applied=True_start_icon=True_start_position=2211,33,-69_reference_position=2211,33.16,-59_reference_zone=35,-1_zone_loaded=False_area_ready=False_local_player=False_banked=0_inbound=0_applied=0_superseded=0_apply_failures=0
07/31/2026 07:51:07: tip:$loadscreen_tip15
[Info   :ComfyNetworkSense] [07/31/2026 07:51:09] LOGICAL_PEER_CUTOVER state=logical_native_invoke_suppressed run_id=native-20260731-c8-full30 detail=count=1_method=ServerSyncedPlayerData_semantic_fallback=false
[Info   :ComfyNetworkSense] [07/31/2026 07:51:09] WORLD_ZONE_CUTOVER state=bootstrap_progress run_id=native-20260731-c8-full30 client=i5 detail=bootstrap_applied=True_start_icon=True_start_position=2211,33,-69_reference_position=2211,33.16,-59_reference_zone=35,-1_zone_loaded=True_area_ready=False_local_player=False_banked=1302_inbound=0_applied=1293_superseded=0_apply_failures=0
07/31/2026 07:51:11: Done fading color
07/31/2026 07:51:11: Done fading color
07/31/2026 07:51:11: Done fading color
07/31/2026 07:51:11: Done fading color
07/31/2026 07:51:11: Done fading color
07/31/2026 07:51:11: Done fading color
[Info   :ComfyNetworkSense] [07/31/2026 07:51:11] LOGICAL_PEER_CUTOVER state=logical_native_invoke_suppressed run_id=native-20260731-c8-full30 detail=count=2_method=ServerSyncedPlayerData_semantic_fallback=false
07/31/2026 07:51:11: Done fading color
[Info   :ComfyNetworkSense] [07/31/2026 07:51:11] WORLD_ZONE_CUTOVER state=bootstrap_progress run_id=native-20260731-c8-full30 client=i5 detail=bootstrap_applied=True_start_icon=True_start_position=2211,33,-69_reference_position=2211,33.16,-59_reference_zone=35,-1_zone_loaded=True_area_ready=True_local_player=False_banked=1302_inbound=0_applied=1293_superseded=0_apply_failures=0
07/31/2026 07:51:11: Done fading color
07/31/2026 07:51:12: Failed to get attach prefab for item FlametalOre
07/31/2026 07:51:12: Failed to get attach prefab for item FlametalOre
[Warning:ComfyNetworkSense] [07/31/2026 07:51:12] Authoritative consumer poll failed: TimeoutException: connect timeout to 8.231.129.249:42317
[Info   :ComfyNetworkSense] [07/31/2026 07:51:13] LOGICAL_PEER_CUTOVER state=logical_native_invoke_suppressed run_id=native-20260731-c8-full30 detail=count=3_method=ServerSyncedPlayerData_semantic_fallback=false
[Info   :ComfyNetworkSense] [07/31/2026 07:51:13] WORLD_ZONE_CUTOVER state=bootstrap_progress run_id=native-20260731-c8-full30 client=i5 detail=bootstrap_applied=True_start_icon=True_start_position=2211,33,-69_reference_position=2211,33.16,-59_reference_zone=35,-1_zone_loaded=True_area_ready=True_local_player=False_banked=1307_inbound=0_applied=1298_superseded=0_apply_failures=0
[Info   :ComfyNetworkSense] [07/31/2026 07:51:15] LOGICAL_PEER_CUTOVER state=logical_native_invoke_suppressed run_id=native-20260731-c8-full30 detail=count=4_method=ServerSyncedPlayerData_semantic_fallback=false
07/31/2026 07:51:15: Spawned after 8.019993
[Info   :ComfyNetworkSense] [07/31/2026 07:51:15] LOGICAL_PEER_CUTOVER state=character_id_queued run_id=native-20260731-c8-full30 detail=target_logical_peer_id=lp_c9b96e29024c30948164b6025b7d6b67ef3e40eb243b767a108cf27e4657b0da_character_id=3098685135:1
07/31/2026 07:51:15: Failed to get player info for player Steam_76561198670175439 who sent the chat message "I HAVE ARRIVED!"!
07/31/2026 07:51:15: Skipping unloading unused assets
[Info   :ComfyNetworkSense] [07/31/2026 07:51:15] AUTOTEST_JOINED run_id=native-20260731-c8-full30 client=i5 character=durracktu server=100.116.82.60:2456 peer_count=1 player=Durracktu renderer=Intel(R)_Iris(R)_Xe_Graphics renderer_type=Direct3D11 graphics_memory_mb=16226
[Info   :ComfyNetworkSense] [07/31/2026 07:51:15] WORLD_ZONE_CUTOVER state=bootstrap_ready run_id=native-20260731-c8-full30 client=i5 detail=bootstrap_applied=True_start_icon=True_start_position=2211,33,-69_reference_position=2211,33.41,-59_reference_zone=35,-1_zone_loaded=True_area_ready=True_local_player=True_banked=1315_inbound=0_applied=1306_superseded=0_apply_failures=0
[Info   :ComfyNetworkSense] [07/31/2026 07:51:15] MOTION_AUTHORITY state=local_motion_identity run_id=native-20260731-c8-full30 client=i5 action=none detail=uid=3098685135:1_position=2211,33.406,-59
[Info   :ComfyNetworkSense] [07/31/2026 07:51:15] CUTOVER_SCENARIO state=teleport_safeguard_enabled run_id=native-20260731-c8-full30 client=i5 action=none detail=god=True_fly=False_dead=False
[Info   :ComfyNetworkSense] [07/31/2026 07:51:15] CUTOVER_SCENARIO state=action_started run_id=native-20260731-c8-full30 client=i5 action=i5-settle detail=kind=wait
07/31/2026 07:51:15: Minimap: Adding unique location (-4269.00, 40.00, 4415.00)
07/31/2026 07:51:15: Minimap: Adding unique location (-4424.00, 42.00, 4431.00)
07/31/2026 07:51:15: Minimap: Adding unique location (2211.00, 33.00, -69.00)
07/31/2026 07:51:15: Minimap: Adding unique location (-4357.00, 49.00, 4361.00)
[Info   :ComfyNetworkSense] [07/31/2026 07:51:15] LOGICAL_PEER_CUTOVER state=logical_native_invoke_suppressed run_id=native-20260731-c8-full30 detail=count=8_method=RoutedRPC_semantic_fallback=false
[Info   :ComfyNetworkSense] [07/31/2026 07:51:15] LUMBERJACKS_SESSION state=motion_transport_fallback run_id=native-20260731-c8-full30 client=i5 action=none detail=sequence=0_connection_id=a7ba27441dca4aa783549f0a8cc1fdbe_udp_receive_failed=ConnectionReset_fallback=binary_websocket
[Info   :ComfyNetworkSense] [07/31/2026 07:51:15] MOTION_AUTHORITY state=remote_player_descriptor_applied run_id=native-20260731-c8-full30 client=i5 action=none detail=logical_peer_id=lp_c63184ad7fe2fd0616f8f0cd84f7c6150d9687b039d568454b911e5f7dd544f1_uid=2159742766:1_generation=1_ack_queued=true
[Info   :ComfyNetworkSense] [07/31/2026 07:51:15] MOTION_AUTHORITY state=remote_motion_discovered run_id=native-20260731-c8-full30 client=i5 action=none detail=uid=2159742766:1_position=2214.99,33.16,-69_transport=websocket
[Info   :ComfyNetworkSense] [07/31/2026 07:51:15] MOTION_AUTHORITY state=logical_remote_seeded run_id=native-20260731-c8-full30 client=i5 action=none detail=uid=2159742766:1_prefab=Player_owner=2159742766_generation=1_source=reliable_aoi_descriptor
[Info   :ComfyNetworkSense] [07/31/2026 07:51:15] MOTION_AUTHORITY state=remote_instance_missing run_id=native-20260731-c8-full30 client=i5 action=none detail=uid=2159742766:1_known_player_uids=3098685135:1
[Info   :ComfyNetworkSense] [07/31/2026 07:51:15] MOTION_AUTHORITY state=native_transform_writer_suppressed run_id=native-20260731-c8-full30 client=i5 action=none detail=count=1_writer=ZSyncTransform.CustomFixedUpdate
[Info   :ComfyNetworkSense] [07/31/2026 07:51:15] MOTION_AUTHORITY state=native_transform_writer_suppressed run_id=native-20260731-c8-full30 client=i5 action=none detail=count=2_writer=ZSyncTransform.CustomFixedUpdate
[Info   :ComfyNetworkSense] [07/31/2026 07:51:15] MOTION_AUTHORITY state=native_transform_writer_suppressed run_id=native-20260731-c8-full30 client=i5 action=none detail=count=3_writer=ZSyncTransform.CustomFixedUpdate
[Info   :ComfyNetworkSense] [07/31/2026 07:51:15] MOTION_AUTHORITY state=native_transform_writer_suppressed run_id=native-20260731-c8-full30 client=i5 action=none detail=count=4_writer=ZSyncTransform.CustomFixedUpdate
[Info   :ComfyNetworkSense] [07/31/2026 07:51:15] MOTION_AUTHORITY state=native_transform_writer_suppressed run_id=native-20260731-c8-full30 client=i5 action=none detail=count=8_writer=ZSyncTransform.CustomFixedUpdate
[Info   :ComfyNetworkSense] [07/31/2026 07:51:15] MOTION_AUTHORITY state=native_transform_writer_suppressed run_id=native-20260731-c8-full30 client=i5 action=none detail=count=16_writer=ZSyncTransform.CustomFixedUpdate
[Info   :ComfyNetworkSense] [07/31/2026 07:51:15] LOGICAL_PEER_CUTOVER state=logical_native_invoke_suppressed run_id=native-20260731-c8-full30 detail=count=16_method=ZDOData_semantic_fallback=false
[Info   :ComfyNetworkSense] [07/31/2026 07:51:16] MOTION_AUTHORITY state=native_transform_writer_suppressed run_id=native-20260731-c8-full30 client=i5 action=none detail=count=32_writer=ZSyncTransform.CustomFixedUpdate
[Info   :ComfyNetworkSense] [07/31/2026 07:51:16] MOTION_AUTHORITY state=native_transform_writer_suppressed run_id=native-20260731-c8-full30 client=i5 action=none detail=count=64_writer=ZSyncTransform.CustomFixedUpdate
[Info   :ComfyNetworkSense] [07/31/2026 07:51:16] MOTION_AUTHORITY state=target_rejected run_id=native-20260731-c8-full30 client=i5 action=none detail=sequence=77_target_error_mm=47048_native_fallback=false
[Info   :ComfyNetworkSense] [07/31/2026 07:51:16] MOTION_AUTHORITY state=target_rejected run_id=native-20260731-c8-full30 client=i5 action=none detail=sequence=77_target_error_mm=47058_native_fallback=false
[Info   :ComfyNetworkSense] [07/31/2026 07:51:16] MOTION_AUTHORITY state=target_rejected run_id=native-20260731-c8-full30 client=i5 action=none detail=sequence=77_target_error_mm=47063_native_fallback=false
[Info   :ComfyNetworkSense] [07/31/2026 07:51:16] MOTION_AUTHORITY state=target_rejected run_id=native-20260731-c8-full30 client=i5 action=none detail=sequence=78_target_error_mm=47060_native_fallback=false
[Info   :ComfyNetworkSense] [07/31/2026 07:51:16] MOTION_AUTHORITY state=target_rejected run_id=native-20260731-c8-full30 client=i5 action=none detail=sequence=78_target_error_mm=47067_native_fallback=false
[Info   :ComfyNetworkSense] [07/31/2026 07:51:16] MOTION_AUTHORITY state=target_rejected run_id=native-20260731-c8-full30 client=i5 action=none detail=sequence=78_target_error_mm=47072_native_fallback=false
[Info   :ComfyNetworkSense] [07/31/2026 07:51:16] MOTION_AUTHORITY state=target_rejected run_id=native-20260731-c8-full30 client=i5 action=none detail=sequence=78_target_error_mm=47078_native_fallback=false
[Info   :ComfyNetworkSense] [07/31/2026 07:51:16] MOTION_AUTHORITY state=target_rejected run_id=native-20260731-c8-full30 client=i5 action=none detail=sequence=79_target_error_mm=47095_native_fallback=false
[Info   :ComfyNetworkSense] [07/31/2026 07:51:16] MOTION_AUTHORITY state=target_rejected run_id=native-20260731-c8-full30 client=i5 action=none detail=sequence=79_target_error_mm=47101_native_fallback=false
[Info   :ComfyNetworkSense] [07/31/2026 07:51:16] MOTION_AUTHORITY state=target_rejected run_id=native-20260731-c8-full30 client=i5 action=none detail=sequence=79_target_error_mm=47107_native_fallback=false
[Info   :ComfyNetworkSense] [07/31/2026 07:51:16] MOTION_AUTHORITY state=target_rejected run_id=native-20260731-c8-full30 client=i5 action=none detail=sequence=80_target_error_mm=47102_native_fallback=false
[Info   :ComfyNetworkSense] [07/31/2026 07:51:16] MOTION_AUTHORITY state=target_rejected run_id=native-20260731-c8-full30 client=i5 action=none detail=sequence=80_target_error_mm=47107_native_fallback=false
[Info   :ComfyNetworkSense] [07/31/2026 07:51:16] MOTION_AUTHORITY state=target_rejected run_id=native-20260731-c8-full30 client=i5 action=none detail=sequence=80_target_error_mm=47113_native_fallback=false
[Info   :ComfyNetworkSense] [07/31/2026 07:51:16] MOTION_AUTHORITY state=target_rejected run_id=native-20260731-c8-full30 client=i5 action=none detail=sequence=80_target_error_mm=47118_native_fallback=false
[Info   :ComfyNetworkSense] [07/31/2026 07:51:16] LOGICAL_PEER_CUTOVER state=logical_native_invoke_suppressed run_id=native-20260731-c8-full30 detail=count=32_method=ZDOData_semantic_fallback=false
[Info   :ComfyNetworkSense] [07/31/2026 07:51:16] MOTION_AUTHORITY state=target_rejected run_id=native-20260731-c8-full30 client=i5 action=none detail=sequence=81_target_error_mm=47134_native_fallback=false
[Info   :ComfyNetworkSense] [07/31/2026 07:51:16] MOTION_AUTHORITY state=target_rejected run_id=native-20260731-c8-full30 client=i5 action=none detail=sequence=81_target_error_mm=47139_native_fallback=false
[Info   :ComfyNetworkSense] [07/31/2026 07:51:16] MOTION_AUTHORITY state=target_rejected run_id=native-20260731-c8-full30 client=i5 action=none detail=sequence=81_target_error_mm=47144_native_fallback=false
[Info   :ComfyNetworkSense] [07/31/2026 07:51:16] MOTION_AUTHORITY state=target_rejected run_id=native-20260731-c8-full30 client=i5 action=none detail=sequence=81_target_error_mm=47149_native_fallback=false
[Info   :ComfyNetworkSense] [07/31/2026 07:51:16] MOTION_AUTHORITY state=target_rejected run_id=native-20260731-c8-full30 client=i5 action=none detail=sequence=81_target_error_mm=47154_native_fallback=false
[Info   :ComfyNetworkSense] [07/31/2026 07:51:16] MOTION_AUTHORITY state=target_rejected run_id=native-20260731-c8-full30 client=i5 action=none detail=sequence=82_target_error_mm=47160_native_fallback=false
[Info   :ComfyNetworkSense] [07/31/2026 07:51:16] MOTION_AUTHORITY state=target_rejected run_id=native-20260731-c8-full30 client=i5 action=none detail=sequence=82_target_error_mm=47165_native_fallback=false
[Info   :ComfyNetworkSense] [07/31/2026 07:51:16] MOTION_AUTHORITY state=target_rejected run_id=native-20260731-c8-full30 client=i5 action=none detail=sequence=82_target_error_mm=47170_native_fallback=false
[Info   :ComfyNetworkSense] [07/31/2026 07:51:16] MOTION_AUTHORITY state=target_rejected run_id=native-20260731-c8-full30 client=i5 action=none detail=sequence=82_target_error_mm=47175_native_fallback=false
[Info   :ComfyNetworkSense] [07/31/2026 07:51:16] MOTION_AUTHORITY state=target_rejected run_id=native-20260731-c8-full30 client=i5 action=none detail=sequence=82_target_error_mm=47180_native_fallback=false
[Info   :ComfyNetworkSense] [07/31/2026 07:51:16] MOTION_AUTHORITY state=target_rejected run_id=native-20260731-c8-full30 client=i5 action=none detail=sequence=82_target_error_mm=47187_native_fallback=false
[Info   :ComfyNetworkSense] [07/31/2026 07:51:16] MOTION_AUTHORITY state=target_rejected run_id=native-20260731-c8-full30 client=i5 action=none detail=sequence=82_target_error_mm=47191_native_fallback=false
[Info   :ComfyNetworkSense] [07/31/2026 07:51:16] MOTION_AUTHORITY state=target_rejected run_id=native-20260731-c8-full30 client=i5 action=none detail=sequence=84_target_error_mm=47196_native_fallback=false
[Info   :ComfyNetworkSense] [07/31/2026 07:51:16] MOTION_AUTHORITY state=target_rejected run_id=native-20260731-c8-full30 client=i5 action=none detail=sequence=84_target_error_mm=47201_native_fallback=false
[Info   :ComfyNetworkSense] [07/31/2026 07:51:16] MOTION_AUTHORITY state=target_rejected run_id=native-20260731-c8-full30 client=i5 action=none detail=sequence=84_target_error_mm=47207_native_fallback=false
[Info   :ComfyNetworkSense] [07/31/2026 07:51:16] MOTION_AUTHORITY state=target_rejected run_id=native-20260731-c8-full30 client=i5 action=none detail=sequence=84_target_error_mm=47212_native_fallback=false
[Info   :ComfyNetworkSense] [07/31/2026 07:51:16] MOTION_AUTHORITY state=target_rejected run_id=native-20260731-c8-full30 client=i5 action=none detail=sequence=85_target_error_mm=47217_native_fallback=false
[Info   :ComfyNetworkSense] [07/31/2026 07:51:16] MOTION_AUTHORITY state=target_rejected run_id=native-20260731-c8-full30 client=i5 action=none detail=sequence=85_target_error_mm=47222_native_fallback=false
[Info   :ComfyNetworkSense] [07/31/2026 07:51:17] MOTION_AUTHORITY state=target_rejected run_id=native-20260731-c8-full30 client=i5 action=none detail=sequence=85_target_error_mm=47227_native_fallback=false
[Info   :ComfyNetworkSense] [07/31/2026 07:51:17] MOTION_AUTHORITY state=target_rejected run_id=native-20260731-c8-full30 client=i5 action=none detail=sequence=85_target_error_mm=47233_native_fallback=false
[Info   :ComfyNetworkSense] [07/31/2026 07:51:17] MOTION_AUTHORITY state=native_transform_writer_suppressed run_id=native-20260731-c8-full30 client=i5 action=none detail=count=128_writer=ZSyncTransform.CustomFixedUpdate
[Info   :ComfyNetworkSense] [07/31/2026 07:51:17] MOTION_AUTHORITY state=target_rejected run_id=native-20260731-c8-full30 client=i5 action=none detail=sequence=86_target_error_mm=47228_native_fallback=false
[Info   :ComfyNetworkSense] [07/31/2026 07:51:17] MOTION_AUTHORITY state=target_rejected run_id=native-20260731-c8-full30 client=i5 action=none detail=sequence=86_target_error_mm=47233_native_fallback=false
[Info   :ComfyNetworkSense] [07/31/2026 07:51:17] MOTION_AUTHORITY state=target_rejected run_id=native-20260731-c8-full30 client=i5 action=none detail=sequence=86_target_error_mm=47238_native_fallback=false
[Info   :ComfyNetworkSense] [07/31/2026 07:51:17] MOTION_AUTHORITY state=target_rejected run_id=native-20260731-c8-full30 client=i5 action=none detail=sequence=86_target_error_mm=47243_native_fallback=false
[Info   :ComfyNetworkSense] [07/31/2026 07:51:17] MOTION_AUTHORITY state=target_rejected run_id=native-20260731-c8-full30 client=i5 action=none detail=sequence=87_target_error_mm=47260_native_fallback=false
[Info   :ComfyNetworkSense] [07/31/2026 07:51:17] MOTION_AUTHORITY state=target_rejected run_id=native-20260731-c8-full30 client=i5 action=none detail=sequence=87_target_error_mm=47264_native_fallback=false
[Info   :ComfyNetworkSense] [07/31/2026 07:51:17] MOTION_AUTHORITY state=target_rejected run_id=native-20260731-c8-full30 client=i5 action=none detail=sequence=87_target_error_mm=47269_native_fallback=false
[Info   :ComfyNetworkSense] [07/31/2026 07:51:17] MOTION_AUTHORITY state=target_rejected run_id=native-20260731-c8-full30 client=i5 action=none detail=sequence=87_target_error_mm=47274_native_fallback=false
[Info   :ComfyNetworkSense] [07/31/2026 07:51:17] MOTION_AUTHORITY state=target_rejected run_id=native-20260731-c8-full30 client=i5 action=none detail=sequence=87_target_error_mm=47280_native_fallback=false
[Info   :ComfyNetworkSense] [07/31/2026 07:51:17] MOTION_AUTHORITY state=target_rejected run_id=native-20260731-c8-full30 client=i5 action=none detail=sequence=88_target_error_mm=47286_native_fallback=false
[Info   :ComfyNetworkSense] [07/31/2026 07:51:17] MOTION_AUTHORITY state=target_rejected run_id=native-20260731-c8-full30 client=i5 action=none detail=sequence=88_target_error_mm=47290_native_fallback=false
[Info   :ComfyNetworkSense] [07/31/2026 07:51:17] MOTION_AUTHORITY state=target_rejected run_id=native-20260731-c8-full30 client=i5 action=none detail=sequence=88_target_error_mm=47296_native_fallback=false
[Info   :ComfyNetworkSense] [07/31/2026 07:51:17] MOTION_AUTHORITY state=target_rejected run_id=native-20260731-c8-full30 client=i5 action=none detail=sequence=89_target_error_mm=47291_native_fallback=false
[Info   :ComfyNetworkSense] [07/31/2026 07:51:17] MOTION_AUTHORITY state=target_rejected run_id=native-20260731-c8-full30 client=i5 action=none detail=sequence=89_target_error_mm=47296_native_fallback=false
[Info   :ComfyNetworkSense] [07/31/2026 07:51:17] MOTION_AUTHORITY state=target_rejected run_id=native-20260731-c8-full30 client=i5 action=none detail=sequence=89_target_error_mm=47303_native_fallback=false
[Info   :ComfyNetworkSense] [07/31/2026 07:51:17] MOTION_AUTHORITY state=target_rejected run_id=native-20260731-c8-full30 client=i5 action=none detail=sequence=89_target_error_mm=47307_native_fallback=false
[Info   :ComfyNetworkSense] [07/31/2026 07:51:17] MOTION_AUTHORITY state=target_rejected run_id=native-20260731-c8-full30 client=i5 action=none detail=sequence=90_target_error_mm=47322_native_fallback=false
[Info   :ComfyNetworkSense] [07/31/2026 07:51:17] MOTION_AUTHORITY state=target_rejected run_id=native-20260731-c8-full30 client=i5 action=none detail=sequence=90_target_error_mm=47328_native_fallback=false
[Info   :ComfyNetworkSense] [07/31/2026 07:51:17] MOTION_AUTHORITY state=target_rejected run_id=native-20260731-c8-full30 client=i5 action=none detail=sequence=90_target_error_mm=47333_native_fallback=false
[Info   :ComfyNetworkSense] [07/31/2026 07:51:17] MOTION_AUTHORITY state=target_rejected run_id=native-20260731-c8-full30 client=i5 action=none detail=sequence=91_target_error_mm=47329_native_fallback=false
[Info   :ComfyNetworkSense] [07/31/2026 07:51:17] MOTION_AUTHORITY state=target_rejected run_id=native-20260731-c8-full30 client=i5 action=none detail=sequence=91_target_error_mm=47334_native_fallback=false
[Info   :ComfyNetworkSense] [07/31/2026 07:51:17] MOTION_AUTHORITY state=target_rejected run_id=native-20260731-c8-full30 client=i5 action=none detail=sequence=91_target_error_mm=47340_native_fallback=false
[Info   :ComfyNetworkSense] [07/31/2026 07:51:17] MOTION_AUTHORITY state=target_rejected run_id=native-20260731-c8-full30 client=i5 action=none detail=sequence=91_target_error_mm=47345_native_fallback=false
[Info   :ComfyNetworkSense] [07/31/2026 07:51:17] MOTION_AUTHORITY state=target_rejected run_id=native-20260731-c8-full30 client=i5 action=none detail=sequence=92_target_error_mm=47361_native_fallback=false
[Info   :ComfyNetworkSense] [07/31/2026 07:51:17] MOTION_AUTHORITY state=target_rejected run_id=native-20260731-c8-full30 client=i5 action=none detail=sequence=92_target_error_mm=47366_native_fallback=false
[Info   :ComfyNetworkSense] [07/31/2026 07:51:17] MOTION_AUTHORITY state=target_rejected run_id=native-20260731-c8-full30 client=i5 action=none detail=sequence=92_target_error_mm=47372_native_fallback=false
[Info   :ComfyNetworkSense] [07/31/2026 07:51:17] MOTION_AUTHORITY state=target_rejected run_id=native-20260731-c8-full30 client=i5 action=none detail=sequence=92_target_error_mm=47377_native_fallback=false
[Info   :ComfyNetworkSense] [07/31/2026 07:51:17] MOTION_AUTHORITY state=target_rejected run_id=native-20260731-c8-full30 client=i5 action=none detail=sequence=93_target_error_mm=47384_native_fallback=false
[Info   :ComfyNetworkSense] [07/31/2026 07:51:17] MOTION_AUTHORITY state=target_rejected run_id=native-20260731-c8-full30 client=i5 action=none detail=sequence=93_target_error_mm=47389_native_fallback=false
[Info   :ComfyNetworkSense] [07/31/2026 07:51:17] MOTION_AUTHORITY state=target_rejected run_id=native-20260731-c8-full30 client=i5 action=none detail=sequence=93_target_error_mm=47394_native_fallback=false
[Info   :ComfyNetworkSense] [07/31/2026 07:51:17] MOTION_AUTHORITY state=target_rejected run_id=native-20260731-c8-full30 client=i5 action=none detail=sequence=93_target_error_mm=47400_native_fallback=false
[Info   :ComfyNetworkSense] [07/31/2026 07:51:17] MOTION_AUTHORITY state=target_rejected run_id=native-20260731-c8-full30 client=i5 action=none detail=sequence=94_target_error_mm=47396_native_fallback=false
[Info   :ComfyNetworkSense] [07/31/2026 07:51:17] MOTION_AUTHORITY state=target_rejected run_id=native-20260731-c8-full30 client=i5 action=none detail=sequence=94_target_error_mm=47401_native_fallback=false
[Info   :ComfyNetworkSense] [07/31/2026 07:51:17] MOTION_AUTHORITY state=target_rejected run_id=native-20260731-c8-full30 client=i5 action=none detail=sequence=94_target_error_mm=47406_native_fallback=false
[Info   :ComfyNetworkSense] [07/31/2026 07:51:17] MOTION_AUTHORITY state=target_rejected run_id=native-20260731-c8-full30 client=i5 action=none detail=sequence=94_target_error_mm=47411_native_fallback=false
[Info   :ComfyNetworkSense] [07/31/2026 07:51:17] MOTION_AUTHORITY state=target_rejected run_id=native-20260731-c8-full30 client=i5 action=none detail=sequence=94_target_error_mm=47417_native_fallback=false
[Info   :ComfyNetworkSense] [07/31/2026 07:51:17] MOTION_AUTHORITY state=target_rejected run_id=native-20260731-c8-full30 client=i5 action=none detail=sequence=94_target_error_mm=47422_native_fallback=false
[Info   :ComfyNetworkSense] [07/31/2026 07:51:17] CUTOVER_SCENARIO state=completed run_id=native-20260731-c8-full30 client=i5 action=i5-settle detail=wait_elapsed
[Info   :ComfyNetworkSense] [07/31/2026 07:51:17] MOTION_AUTHORITY state=target_rejected run_id=native-20260731-c8-full30 client=i5 action=none detail=sequence=95_target_error_mm=47437_native_fallback=false
[Info   :ComfyNetworkSense] [07/31/2026 07:51:17] CUTOVER_SCENARIO state=action_started run_id=native-20260731-c8-full30 client=i5 action=i5-c8-safe-origin detail=kind=teleport_to
[Info   :ComfyNetworkSense] [07/31/2026 07:51:17] CUTOVER_SCENARIO state=teleport_safeguard_enabled run_id=native-20260731-c8-full30 client=i5 action=i5-c8-safe-origin detail=god=True_fly=False_dead=False
[Info   :ComfyNetworkSense] [07/31/2026 07:51:17] CUTOVER_SCENARIO state=coordinate_teleport_started run_id=native-20260731-c8-full30 client=i5 action=i5-c8-safe-origin detail=target=2211,80,-69
[Info   :ComfyNetworkSense] [07/31/2026 07:51:17] MOTION_AUTHORITY state=target_rejected run_id=native-20260731-c8-full30 client=i5 action=none detail=sequence=95_target_error_mm=47442_native_fallback=false
[Info   :ComfyNetworkSense] [07/31/2026 07:51:17] MOTION_AUTHORITY state=target_rejected run_id=native-20260731-c8-full30 client=i5 action=none detail=sequence=96_target_error_mm=47448_native_fallback=false
[Info   :ComfyNetworkSense] [07/31/2026 07:51:17] MOTION_AUTHORITY state=target_rejected run_id=native-20260731-c8-full30 client=i5 action=none detail=sequence=96_target_error_mm=47453_native_fallback=false
[Info   :ComfyNetworkSense] [07/31/2026 07:51:17] MOTION_AUTHORITY state=target_rejected run_id=native-20260731-c8-full30 client=i5 action=none detail=sequence=96_target_error_mm=47459_native_fallback=false
[Info   :ComfyNetworkSense] [07/31/2026 07:51:17] MOTION_AUTHORITY state=target_rejected run_id=native-20260731-c8-full30 client=i5 action=none detail=sequence=96_target_error_mm=47464_native_fallback=false
[Info   :ComfyNetworkSense] [07/31/2026 07:51:17] MOTION_AUTHORITY state=target_rejected run_id=native-20260731-c8-full30 client=i5 action=none detail=sequence=97_target_error_mm=47459_native_fallback=false
[Info   :ComfyNetworkSense] [07/31/2026 07:51:17] MOTION_AUTHORITY state=target_rejected run_id=native-20260731-c8-full30 client=i5 action=none detail=sequence=97_target_error_mm=47465_native_fallback=false
[Warning:ComfyNetworkSense] [07/31/2026 07:51:17] Authoritative consumer telemetry failed: TimeoutException: connect timeout to 8.231.129.249:42317
[Info   :ComfyNetworkSense] [07/31/2026 07:51:17] MOTION_AUTHORITY state=target_rejected run_id=native-20260731-c8-full30 client=i5 action=none detail=sequence=97_target_error_mm=47470_native_fallback=false
[Info   :ComfyNetworkSense] [07/31/2026 07:51:17] MOTION_AUTHORITY state=target_rejected run_id=native-20260731-c8-full30 client=i5 action=none detail=sequence=97_target_error_mm=47475_native_fallback=false
[Info   :ComfyNetworkSense] [07/31/2026 07:51:17] MOTION_AUTHORITY state=target_rejected run_id=native-20260731-c8-full30 client=i5 action=none detail=sequence=98_target_error_mm=47492_native_fallback=false
[Info   :ComfyNetworkSense] [07/31/2026 07:51:17] MOTION_AUTHORITY state=target_rejected run_id=native-20260731-c8-full30 client=i5 action=none detail=sequence=98_target_error_mm=47496_native_fallback=false
07/31/2026 07:51:17: Starting music blackforest
07/31/2026 07:51:17: Resumed music blackforest at 0
[Info   :ComfyNetworkSense] [07/31/2026 07:51:17] MOTION_AUTHORITY state=target_rejected run_id=native-20260731-c8-full30 client=i5 action=none detail=sequence=98_target_error_mm=47501_native_fallback=false
[Info   :ComfyNetworkSense] [07/31/2026 07:51:17] MOTION_AUTHORITY state=target_rejected run_id=native-20260731-c8-full30 client=i5 action=none detail=sequence=98_target_error_mm=47507_native_fallback=false
[Info   :ComfyNetworkSense] [07/31/2026 07:51:17] MOTION_AUTHORITY state=target_rejected run_id=native-20260731-c8-full30 client=i5 action=none detail=sequence=99_target_error_mm=47502_native_fallback=false
[Info   :ComfyNetworkSense] [07/31/2026 07:51:17] MOTION_AUTHORITY state=target_rejected run_id=native-20260731-c8-full30 client=i5 action=none detail=sequence=99_target_error_mm=47509_native_fallback=false
[Info   :ComfyNetworkSense] [07/31/2026 07:51:17] MOTION_AUTHORITY state=target_rejected run_id=native-20260731-c8-full30 client=i5 action=none detail=sequence=99_target_error_mm=47513_native_fallback=false
[Info   :ComfyNetworkSense] [07/31/2026 07:51:17] MOTION_AUTHORITY state=target_rejected run_id=native-20260731-c8-full30 client=i5 action=none detail=sequence=99_target_error_mm=47518_native_fallback=false
[Info   :ComfyNetworkSense] [07/31/2026 07:51:17] MOTION_AUTHORITY state=target_rejected run_id=native-20260731-c8-full30 client=i5 action=none detail=sequence=100_target_error_mm=47534_native_fallback=false
[Info   :ComfyNetworkSense] [07/31/2026 07:51:17] MOTION_AUTHORITY state=target_rejected run_id=native-20260731-c8-full30 client=i5 action=none detail=sequence=100_target_error_mm=47540_native_fallback=false
[Info   :ComfyNetworkSense] [07/31/2026 07:51:17] MOTION_AUTHORITY state=target_rejected run_id=native-20260731-c8-full30 client=i5 action=none detail=sequence=100_target_error_mm=47546_native_fallback=false
[Info   :ComfyNetworkSense] [07/31/2026 07:51:17] MOTION_AUTHORITY state=target_rejected run_id=native-20260731-c8-full30 client=i5 action=none detail=sequence=101_target_error_mm=47552_native_fallback=false
[Info   :ComfyNetworkSense] [07/31/2026 07:51:17] MOTION_AUTHORITY state=target_rejected run_id=native-20260731-c8-full30 client=i5 action=none detail=sequence=101_target_error_mm=47558_native_fallback=false
[Info   :ComfyNetworkSense] [07/31/2026 07:51:17] MOTION_AUTHORITY state=target_rejected run_id=native-20260731-c8-full30 client=i5 action=none detail=sequence=101_target_error_mm=47563_native_fallback=false
[Info   :ComfyNetworkSense] [07/31/2026 07:51:17] MOTION_AUTHORITY state=target_rejected run_id=native-20260731-c8-full30 client=i5 action=none detail=sequence=101_target_error_mm=47568_native_fallback=false
[Info   :ComfyNetworkSense] [07/31/2026 07:51:17] MOTION_AUTHORITY state=target_rejected run_id=native-20260731-c8-full30 client=i5 action=none detail=sequence=102_target_error_mm=47564_native_fallback=false
[Info   :ComfyNetworkSense] [07/31/2026 07:51:17] MOTION_AUTHORITY state=target_rejected run_id=native-20260731-c8-full30 client=i5 action=none detail=sequence=102_target_error_mm=47569_native_fallback=false
[Info   :ComfyNetworkSense] [07/31/2026 07:51:17] MOTION_AUTHORITY state=target_rejected run_id=native-20260731-c8-full30 client=i5 action=none detail=sequence=102_target_error_mm=47575_native_fallback=false
[Info   :ComfyNetworkSense] [07/31/2026 07:51:17] MOTION_AUTHORITY state=target_rejected run_id=native-20260731-c8-full30 client=i5 action=none detail=sequence=102_target_error_mm=47580_native_fallback=false
[Info   :ComfyNetworkSense] [07/31/2026 07:51:17] MOTION_AUTHORITY state=target_rejected run_id=native-20260731-c8-full30 client=i5 action=none detail=sequence=103_target_error_mm=47596_native_fallback=false
[Info   :ComfyNetworkSense] [07/31/2026 07:51:17] MOTION_AUTHORITY state=target_rejected run_id=native-20260731-c8-full30 client=i5 action=none detail=sequence=103_target_error_mm=47601_native_fallback=false
[Info   :ComfyNetworkSense] [07/31/2026 07:51:17] MOTION_AUTHORITY state=target_rejected run_id=native-20260731-c8-full30 client=i5 action=none detail=sequence=103_target_error_mm=47607_native_fallback=false
[Info   :ComfyNetworkSense] [07/31/2026 07:51:17] MOTION_AUTHORITY state=target_rejected run_id=native-20260731-c8-full30 client=i5 action=none detail=sequence=103_target_error_mm=47612_native_fallback=false
[Info   :ComfyNetworkSense] [07/31/2026 07:51:17] MOTION_AUTHORITY state=target_rejected run_id=native-20260731-c8-full30 client=i5 action=none detail=sequence=104_target_error_mm=47618_native_fallback=false
[Info   :ComfyNetworkSense] [07/31/2026 07:51:18] MOTION_AUTHORITY state=target_rejected run_id=native-20260731-c8-full30 client=i5 action=none detail=sequence=104_target_error_mm=47623_native_fallback=false
[Info   :ComfyNetworkSense] [07/31/2026 07:51:18] MOTION_AUTHORITY state=target_rejected run_id=native-20260731-c8-full30 client=i5 action=none detail=sequence=104_target_error_mm=47629_native_fallback=false
[Info   :ComfyNetworkSense] [07/31/2026 07:51:18] MOTION_AUTHORITY state=target_rejected run_id=native-20260731-c8-full30 client=i5 action=none detail=sequence=105_target_error_mm=47624_native_fallback=false
[Info   :ComfyNetworkSense] [07/31/2026 07:51:18] MOTION_AUTHORITY state=target_rejected run_id=native-20260731-c8-full30 client=i5 action=none detail=sequence=105_target_error_mm=47630_native_fallback=false
[Info   :ComfyNetworkSense] [07/31/2026 07:51:18] MOTION_AUTHORITY state=target_rejected run_id=native-20260731-c8-full30 client=i5 action=none detail=sequence=105_target_error_mm=47636_native_fallback=false
[Info   :ComfyNetworkSense] [07/31/2026 07:51:18] MOTION_AUTHORITY state=target_rejected run_id=native-20260731-c8-full30 client=i5 action=none detail=sequence=105_target_error_mm=47641_native_fallback=false
[Info   :ComfyNetworkSense] [07/31/2026 07:51:18] MOTION_AUTHORITY state=target_rejected run_id=native-20260731-c8-full30 client=i5 action=none detail=sequence=105_target_error_mm=47647_native_fallback=false
[Info   :ComfyNetworkSense] [07/31/2026 07:51:18] MOTION_AUTHORITY state=target_rejected run_id=native-20260731-c8-full30 client=i5 action=none detail=sequence=106_target_error_mm=47662_native_fallback=false
[Info   :ComfyNetworkSense] [07/31/2026 07:51:18] MOTION_AUTHORITY state=target_rejected run_id=native-20260731-c8-full30 client=i5 action=none detail=sequence=106_target_error_mm=47668_native_fallback=false
[Info   :ComfyNetworkSense] [07/31/2026 07:51:18] MOTION_AUTHORITY state=target_rejected run_id=native-20260731-c8-full30 client=i5 action=none detail=sequence=106_target_error_mm=47673_native_fallback=false
[Info   :ComfyNetworkSense] [07/31/2026 07:51:18] MOTION_AUTHORITY state=target_rejected run_id=native-20260731-c8-full30 client=i5 action=none detail=sequence=107_target_error_mm=47678_native_fallback=false
[Info   :ComfyNetworkSense] [07/31/2026 07:51:18] MOTION_AUTHORITY state=target_rejected run_id=native-20260731-c8-full30 client=i5 action=none detail=sequence=107_target_error_mm=47684_native_fallback=false
[Info   :ComfyNetworkSense] [07/31/2026 07:51:18] MOTION_AUTHORITY state=target_rejected run_id=native-20260731-c8-full30 client=i5 action=none detail=sequence=107_target_error_mm=47689_native_fallback=false
[Info   :ComfyNetworkSense] [07/31/2026 07:51:18] MOTION_AUTHORITY state=target_rejected run_id=native-20260731-c8-full30 client=i5 action=none detail=sequence=107_target_error_mm=47695_native_fallback=false
[Info   :ComfyNetworkSense] [07/31/2026 07:51:18] MOTION_AUTHORITY state=target_rejected run_id=native-20260731-c8-full30 client=i5 action=none detail=sequence=108_target_error_mm=47690_native_fallback=false
[Info   :ComfyNetworkSense] [07/31/2026 07:51:18] MOTION_AUTHORITY state=target_rejected run_id=native-20260731-c8-full30 client=i5 action=none detail=sequence=108_target_error_mm=47696_native_fallback=false
[Info   :ComfyNetworkSense] [07/31/2026 07:51:18] MOTION_AUTHORITY state=target_rejected run_id=native-20260731-c8-full30 client=i5 action=none detail=sequence=108_target_error_mm=47701_native_fallback=false
[Info   :ComfyNetworkSense] [07/31/2026 07:51:18] MOTION_AUTHORITY state=target_rejected run_id=native-20260731-c8-full30 client=i5 action=none detail=sequence=108_target_error_mm=47708_native_fallback=false
[Info   :ComfyNetworkSense] [07/31/2026 07:51:18] MOTION_AUTHORITY state=target_rejected run_id=native-20260731-c8-full30 client=i5 action=none detail=sequence=109_target_error_mm=47722_native_fallback=false
[Info   :ComfyNetworkSense] [07/31/2026 07:51:18] MOTION_AUTHORITY state=target_rejected run_id=native-20260731-c8-full30 client=i5 action=none detail=sequence=109_target_error_mm=47728_native_fallback=false
[Info   :ComfyNetworkSense] [07/31/2026 07:51:18] MOTION_AUTHORITY state=target_rejected run_id=native-20260731-c8-full30 client=i5 action=none detail=sequence=109_target_error_mm=47733_native_fallback=false
[Info   :ComfyNetworkSense] [07/31/2026 07:51:18] LOGICAL_PEER_CUTOVER state=logical_native_invoke_suppressed run_id=native-20260731-c8-full30 detail=count=64_method=ZDOData_semantic_fallback=false
[Info   :ComfyNetworkSense] [07/31/2026 07:51:18] MOTION_AUTHORITY state=target_rejected run_id=native-20260731-c8-full30 client=i5 action=none detail=sequence=110_target_error_mm=47729_native_fallback=false
[Info   :ComfyNetworkSense] [07/31/2026 07:51:18] MOTION_AUTHORITY state=target_rejected run_id=native-20260731-c8-full30 client=i5 action=none detail=sequence=110_target_error_mm=47734_native_fallback=false
[Info   :ComfyNetworkSense] [07/31/2026 07:51:18] MOTION_AUTHORITY state=native_transform_writer_suppressed run_id=native-20260731-c8-full30 client=i5 action=none detail=count=256_writer=ZSyncTransform.CustomFixedUpdate
[Info   :ComfyNetworkSense] [07/31/2026 07:51:18] MOTION_AUTHORITY state=target_rejected run_id=native-20260731-c8-full30 client=i5 action=none detail=sequence=110_target_error_mm=47741_native_fallback=false
[Info   :ComfyNetworkSense] [07/31/2026 07:51:18] MOTION_AUTHORITY state=target_rejected run_id=native-20260731-c8-full30 client=i5 action=none detail=sequence=110_target_error_mm=47745_native_fallback=false
[Info   :ComfyNetworkSense] [07/31/2026 07:51:18] MOTION_AUTHORITY state=target_rejected run_id=native-20260731-c8-full30 client=i5 action=none detail=sequence=111_target_error_mm=47761_native_fallback=false
[Info   :ComfyNetworkSense] [07/31/2026 07:51:18] MOTION_AUTHORITY state=target_rejected run_id=native-20260731-c8-full30 client=i5 action=none detail=sequence=111_target_error_mm=47766_native_fallback=false
[Info   :ComfyNetworkSense] [07/31/2026 07:51:18] MOTION_AUTHORITY state=target_rejected run_id=native-20260731-c8-full30 client=i5 action=none detail=sequence=111_target_error_mm=47772_native_fallback=false
[Info   :ComfyNetworkSense] [07/31/2026 07:51:18] MOTION_AUTHORITY state=target_rejected run_id=native-20260731-c8-full30 client=i5 action=none detail=sequence=111_target_error_mm=47777_native_fallback=false
[Info   :ComfyNetworkSense] [07/31/2026 07:51:18] MOTION_AUTHORITY state=target_rejected run_id=native-20260731-c8-full30 client=i5 action=none detail=sequence=112_target_error_mm=47784_native_fallback=false
[Info   :ComfyNetworkSense] [07/31/2026 07:51:18] MOTION_AUTHORITY state=target_rejected run_id=native-20260731-c8-full30 client=i5 action=none detail=sequence=112_target_error_mm=47789_native_fallback=false
[Info   :ComfyNetworkSense] [07/31/2026 07:51:18] MOTION_AUTHORITY state=target_rejected run_id=native-20260731-c8-full30 client=i5 action=none detail=sequence=112_target_error_mm=47794_native_fallback=false
[Info   :ComfyNetworkSense] [07/31/2026 07:51:18] MOTION_AUTHORITY state=target_rejected run_id=native-20260731-c8-full30 client=i5 action=none detail=sequence=112_target_error_mm=47801_native_fallback=false
[Info   :ComfyNetworkSense] [07/31/2026 07:51:18] MOTION_AUTHORITY state=target_rejected run_id=native-20260731-c8-full30 client=i5 action=none detail=sequence=113_target_error_mm=47796_native_fallback=false
[Info   :ComfyNetworkSense] [07/31/2026 07:51:18] MOTION_AUTHORITY state=target_rejected run_id=native-20260731-c8-full30 client=i5 action=none detail=sequence=113_target_error_mm=47802_native_fallback=false
[Info   :ComfyNetworkSense] [07/31/2026 07:51:18] MOTION_AUTHORITY state=target_rejected run_id=native-20260731-c8-full30 client=i5 action=none detail=sequence=113_target_error_mm=47808_native_fallback=false
[Info   :ComfyNetworkSense] [07/31/2026 07:51:18] MOTION_AUTHORITY state=target_rejected run_id=native-20260731-c8-full30 client=i5 action=none detail=sequence=113_target_error_mm=47814_native_fallback=false
[Info   :ComfyNetworkSense] [07/31/2026 07:51:18] MOTION_AUTHORITY state=target_rejected run_id=native-20260731-c8-full30 client=i5 action=none detail=sequence=114_target_error_mm=47830_native_fallback=false
[Info   :ComfyNetworkSense] [07/31/2026 07:51:18] MOTION_AUTHORITY state=target_rejected run_id=native-20260731-c8-full30 client=i5 action=none detail=sequence=114_target_error_mm=47835_native_fallback=false
[Info   :ComfyNetworkSense] [07/31/2026 07:51:18] MOTION_AUTHORITY state=target_rejected run_id=native-20260731-c8-full30 client=i5 action=none detail=sequence=114_target_error_mm=47841_native_fallback=false
[Info   :ComfyNetworkSense] [07/31/2026 07:51:18] MOTION_AUTHORITY state=target_rejected run_id=native-20260731-c8-full30 client=i5 action=none detail=sequence=115_target_error_mm=47846_native_fallback=false
[Info   :ComfyNetworkSense] [07/31/2026 07:51:18] MOTION_AUTHORITY state=target_rejected run_id=native-20260731-c8-full30 client=i5 action=none detail=sequence=115_target_error_mm=47852_native_fallback=false
[Info   :ComfyNetworkSense] [07/31/2026 07:51:18] MOTION_AUTHORITY state=target_rejected run_id=native-20260731-c8-full30 client=i5 action=none detail=sequence=115_target_error_mm=47858_native_fallback=false
[Info   :ComfyNetworkSense] [07/31/2026 07:51:18] MOTION_AUTHORITY state=target_rejected run_id=native-20260731-c8-full30 client=i5 action=none detail=sequence=115_target_error_mm=47864_native_fallback=false
[Info   :ComfyNetworkSense] [07/31/2026 07:51:18] MOTION_AUTHORITY state=target_rejected run_id=native-20260731-c8-full30 client=i5 action=none detail=sequence=116_target_error_mm=47860_native_fallback=false
[Info   :ComfyNetworkSense] [07/31/2026 07:51:18] MOTION_AUTHORITY state=target_rejected run_id=native-20260731-c8-full30 client=i5 action=none detail=sequence=116_target_error_mm=47865_native_fallback=false
[Info   :ComfyNetworkSense] [07/31/2026 07:51:18] MOTION_AUTHORITY state=target_rejected run_id=native-20260731-c8-full30 client=i5 action=none detail=sequence=116_target_error_mm=47871_native_fallback=false
[Info   :ComfyNetworkSense] [07/31/2026 07:51:18] MOTION_AUTHORITY state=target_rejected run_id=native-20260731-c8-full30 client=i5 action=none detail=sequence=117_target_error_mm=47886_native_fallback=false
[Info   :ComfyNetworkSense] [07/31/2026 07:51:18] MOTION_AUTHORITY state=target_rejected run_id=native-20260731-c8-full30 client=i5 action=none detail=sequence=117_target_error_mm=47892_native_fallback=false
[Info   :ComfyNetworkSense] [07/31/2026 07:51:18] MOTION_AUTHORITY state=target_rejected run_id=native-20260731-c8-full30 client=i5 action=none detail=sequence=117_target_error_mm=47898_native_fallback=false
[Info   :ComfyNetworkSense] [07/31/2026 07:51:18] MOTION_AUTHORITY state=target_rejected run_id=native-20260731-c8-full30 client=i5 action=none detail=sequence=117_target_error_mm=47903_native_fallback=false
[Info   :ComfyNetworkSense] [07/31/2026 07:51:18] MOTION_AUTHORITY state=target_rejected run_id=native-20260731-c8-full30 client=i5 action=none detail=sequence=118_target_error_mm=47910_native_fallback=false
[Info   :ComfyNetworkSense] [07/31/2026 07:51:18] MOTION_AUTHORITY state=target_rejected run_id=native-20260731-c8-full30 client=i5 action=none detail=sequence=118_target_error_mm=47915_native_fallback=false
[Info   :ComfyNetworkSense] [07/31/2026 07:51:18] MOTION_AUTHORITY state=target_rejected run_id=native-20260731-c8-full30 client=i5 action=none detail=sequence=118_target_error_mm=47920_native_fallback=false
[Info   :ComfyNetworkSense] [07/31/2026 07:51:18] MOTION_AUTHORITY state=target_rejected run_id=native-20260731-c8-full30 client=i5 action=none detail=sequence=118_target_error_mm=47926_native_fallback=false
[Info   :ComfyNetworkSense] [07/31/2026 07:51:18] MOTION_AUTHORITY state=target_rejected run_id=native-20260731-c8-full30 client=i5 action=none detail=sequence=119_target_error_mm=47922_native_fallback=false
[Info   :ComfyNetworkSense] [07/31/2026 07:51:18] MOTION_AUTHORITY state=target_rejected run_id=native-20260731-c8-full30 client=i5 action=none detail=sequence=119_target_error_mm=47927_native_fallback=false
[Info   :ComfyNetworkSense] [07/31/2026 07:51:18] MOTION_AUTHORITY state=target_rejected run_id=native-20260731-c8-full30 client=i5 action=none detail=sequence=119_target_error_mm=47933_native_fallback=false
[Info   :ComfyNetworkSense] [07/31/2026 07:51:18] MOTION_AUTHORITY state=target_rejected run_id=native-20260731-c8-full30 client=i5 action=none detail=sequence=119_target_error_mm=47939_native_fallback=false
[Info   :ComfyNetworkSense] [07/31/2026 07:51:18] MOTION_AUTHORITY state=target_rejected run_id=native-20260731-c8-full30 client=i5 action=none detail=sequence=120_target_error_mm=47954_native_fallback=false
[Info   :ComfyNetworkSense] [07/31/2026 07:51:18] MOTION_AUTHORITY state=target_rejected run_id=native-20260731-c8-full30 client=i5 action=none detail=sequence=120_target_error_mm=47960_native_fallback=false
[Info   :ComfyNetworkSense] [07/31/2026 07:51:18] MOTION_AUTHORITY state=target_rejected run_id=native-20260731-c8-full30 client=i5 action=none detail=sequence=120_target_error_mm=47965_native_fallback=false
[Info   :ComfyNetworkSense] [07/31/2026 07:51:18] MOTION_AUTHORITY state=target_rejected run_id=native-20260731-c8-full30 client=i5 action=none detail=sequence=121_target_error_mm=47961_native_fallback=false
[Info   :ComfyNetworkSense] [07/31/2026 07:51:18] MOTION_AUTHORITY state=target_rejected run_id=native-20260731-c8-full30 client=i5 action=none detail=sequence=121_target_error_mm=47967_native_fallback=false
[Info   :ComfyNetworkSense] [07/31/2026 07:51:18] MOTION_AUTHORITY state=target_rejected run_id=native-20260731-c8-full30 client=i5 action=none detail=sequence=121_target_error_mm=47973_native_fallback=false
[Info   :ComfyNetworkSense] [07/31/2026 07:51:18] MOTION_AUTHORITY state=target_rejected run_id=native-20260731-c8-full30 client=i5 action=none detail=sequence=121_target_error_mm=47978_native_fallback=false
[Info   :ComfyNetworkSense] [07/31/2026 07:51:18] MOTION_AUTHORITY state=target_rejected run_id=native-20260731-c8-full30 client=i5 action=none detail=sequence=121_target_error_mm=47984_native_fallback=false
[Info   :ComfyNetworkSense] [07/31/2026 07:51:18] MOTION_AUTHORITY state=target_rejected run_id=native-20260731-c8-full30 client=i5 action=none detail=sequence=122_target_error_mm=47999_native_fallback=false
[Info   :ComfyNetworkSense] [07/31/2026 07:51:18] MOTION_AUTHORITY state=target_rejected run_id=native-20260731-c8-full30 client=i5 action=none detail=sequence=122_target_error_mm=48005_native_fallback=false
[Info   :ComfyNetworkSense] [07/31/2026 07:51:18] MOTION_AUTHORITY state=target_rejected run_id=native-20260731-c8-full30 client=i5 action=none detail=sequence=122_target_error_mm=48011_native_fallback=false
[Info   :ComfyNetworkSense] [07/31/2026 07:51:18] MOTION_AUTHORITY state=target_rejected run_id=native-20260731-c8-full30 client=i5 action=none detail=sequence=123_target_error_mm=48016_native_fallback=false
[Info   :ComfyNetworkSense] [07/31/2026 07:51:19] MOTION_AUTHORITY state=target_rejected run_id=native-20260731-c8-full30 client=i5 action=none detail=sequence=123_target_error_mm=48023_native_fallback=false
[Info   :ComfyNetworkSense] [07/31/2026 07:51:19] MOTION_AUTHORITY state=target_rejected run_id=native-20260731-c8-full30 client=i5 action=none detail=sequence=123_target_error_mm=48028_native_fallback=false
[Info   :ComfyNetworkSense] [07/31/2026 07:51:19] MOTION_AUTHORITY state=target_rejected run_id=native-20260731-c8-full30 client=i5 action=none detail=sequence=123_target_error_mm=48033_native_fallback=false
[Info   :ComfyNetworkSense] [07/31/2026 07:51:19] MOTION_AUTHORITY state=target_rejected run_id=native-20260731-c8-full30 client=i5 action=none detail=sequence=124_target_error_mm=48029_native_fallback=false
[Info   :ComfyNetworkSense] [07/31/2026 07:51:19] MOTION_AUTHORITY state=target_rejected run_id=native-20260731-c8-full30 client=i5 action=none detail=sequence=124_target_error_mm=48035_native_fallback=false
[Info   :ComfyNetworkSense] [07/31/2026 07:51:19] MOTION_AUTHORITY state=target_rejected run_id=native-20260731-c8-full30 client=i5 action=none detail=sequence=124_target_error_mm=48041_native_fallback=false
[Info   :ComfyNetworkSense] [07/31/2026 07:51:19] MOTION_AUTHORITY state=target_rejected run_id=native-20260731-c8-full30 client=i5 action=none detail=sequence=125_target_error_mm=48056_native_fallback=false
[Info   :ComfyNetworkSense] [07/31/2026 07:51:19] MOTION_AUTHORITY state=target_rejected run_id=native-20260731-c8-full30 client=i5 action=none detail=sequence=125_target_error_mm=48063_native_fallback=false
[Info   :ComfyNetworkSense] [07/31/2026 07:51:19] MOTION_AUTHORITY state=target_rejected run_id=native-20260731-c8-full30 client=i5 action=none detail=sequence=125_target_error_mm=48068_native_fallback=false
[Info   :ComfyNetworkSense] [07/31/2026 07:51:19] MOTION_AUTHORITY state=target_rejected run_id=native-20260731-c8-full30 client=i5 action=none detail=sequence=125_target_error_mm=48073_native_fallback=false
[Info   :ComfyNetworkSense] [07/31/2026 07:51:19] MOTION_AUTHORITY state=target_rejected run_id=native-20260731-c8-full30 client=i5 action=none detail=sequence=126_target_error_mm=48079_native_fallback=false
[Info   :ComfyNetworkSense] [07/31/2026 07:51:19] MOTION_AUTHORITY state=target_rejected run_id=native-20260731-c8-full30 client=i5 action=none detail=sequence=126_target_error_mm=48085_native_fallback=false
[Info   :ComfyNetworkSense] [07/31/2026 07:51:19] MOTION_AUTHORITY state=target_rejected run_id=native-20260731-c8-full30 client=i5 action=none detail=sequence=126_target_error_mm=48091_native_fallback=false
[Info   :ComfyNetworkSense] [07/31/2026 07:51:19] MOTION_AUTHORITY state=target_rejected run_id=native-20260731-c8-full30 client=i5 action=none detail=sequence=127_target_error_mm=48086_native_fallback=false
[Info   :ComfyNetworkSense] [07/31/2026 07:51:19] MOTION_AUTHORITY state=target_rejected run_id=native-20260731-c8-full30 client=i5 action=none detail=sequence=127_target_error_mm=48093_native_fallback=false
[Info   :ComfyNetworkSense] [07/31/2026 07:51:19] MOTION_AUTHORITY state=target_rejected run_id=native-20260731-c8-full30 client=i5 action=none detail=sequence=127_target_error_mm=48097_native_fallback=false
[Info   :ComfyNetworkSense] [07/31/2026 07:51:19] MOTION_AUTHORITY state=target_rejected run_id=native-20260731-c8-full30 client=i5 action=none detail=sequence=127_target_error_mm=48103_native_fallback=false
[Info   :ComfyNetworkSense] [07/31/2026 07:51:19] MOTION_AUTHORITY state=target_rejected run_id=native-20260731-c8-full30 client=i5 action=none detail=sequence=127_target_error_mm=48109_native_fallback=false
[Info   :ComfyNetworkSense] [07/31/2026 07:51:19] MOTION_AUTHORITY state=target_rejected run_id=native-20260731-c8-full30 client=i5 action=none detail=sequence=128_target_error_mm=48124_native_fallback=false
[Info   :ComfyNetworkSense] [07/31/2026 07:51:19] MOTION_AUTHORITY state=target_rejected run_id=native-20260731-c8-full30 client=i5 action=none detail=sequence=128_target_error_mm=48130_native_fallback=false
[Info   :ComfyNetworkSense] [07/31/2026 07:51:19] MOTION_AUTHORITY state=target_rejected run_id=native-20260731-c8-full30 client=i5 action=none detail=sequence=128_target_error_mm=48136_native_fallback=false
[Info   :ComfyNetworkSense] [07/31/2026 07:51:19] MOTION_AUTHORITY state=target_rejected run_id=native-20260731-c8-full30 client=i5 action=none detail=sequence=129_target_error_mm=48131_native_fallback=false
[Info   :ComfyNetworkSense] [07/31/2026 07:51:19] MOTION_AUTHORITY state=target_rejected run_id=native-20260731-c8-full30 client=i5 action=none detail=sequence=129_target_error_mm=48137_native_fallback=false
[Info   :ComfyNetworkSense] [07/31/2026 07:51:19] MOTION_AUTHORITY state=target_rejected run_id=native-20260731-c8-full30 client=i5 action=none detail=sequence=129_target_error_mm=48142_native_fallback=false
[Info   :ComfyNetworkSense] [07/31/2026 07:51:19] MOTION_AUTHORITY state=target_rejected run_id=native-20260731-c8-full30 client=i5 action=none detail=sequence=129_target_error_mm=48148_native_fallback=false
[Info   :ComfyNetworkSense] [07/31/2026 07:51:19] MOTION_AUTHORITY state=target_rejected run_id=native-20260731-c8-full30 client=i5 action=none detail=sequence=130_target_error_mm=48163_native_fallback=false
[Info   :ComfyNetworkSense] [07/31/2026 07:51:19] MOTION_AUTHORITY state=target_rejected run_id=native-20260731-c8-full30 client=i5 action=none detail=sequence=130_target_error_mm=48169_native_fallback=false
[Info   :ComfyNetworkSense] [07/31/2026 07:51:19] MOTION_AUTHORITY state=target_rejected run_id=native-20260731-c8-full30 client=i5 action=none detail=sequence=130_target_error_mm=48176_native_fallback=false
[Info   :ComfyNetworkSense] [07/31/2026 07:51:19] MOTION_AUTHORITY state=target_rejected run_id=native-20260731-c8-full30 client=i5 action=none detail=sequence=130_target_error_mm=48180_native_fallback=false
[Info   :ComfyNetworkSense] [07/31/2026 07:51:19] MOTION_AUTHORITY state=target_rejected run_id=native-20260731-c8-full30 client=i5 action=none detail=sequence=131_target_error_mm=48186_native_fallback=false
[Info   :ComfyNetworkSense] [07/31/2026 07:51:19] MOTION_AUTHORITY state=target_rejected run_id=native-20260731-c8-full30 client=i5 action=none detail=sequence=131_target_error_mm=48192_native_fallback=false
[Info   :ComfyNetworkSense] [07/31/2026 07:51:19] MOTION_AUTHORITY state=target_rejected run_id=native-20260731-c8-full30 client=i5 action=none detail=sequence=131_target_error_mm=48198_native_fallback=false
[Info   :ComfyNetworkSense] [07/31/2026 07:51:19] MOTION_AUTHORITY state=target_rejected run_id=native-20260731-c8-full30 client=i5 action=none detail=sequence=132_target_error_mm=48193_native_fallback=false
[Info   :ComfyNetworkSense] [07/31/2026 07:51:19] MOTION_AUTHORITY state=target_rejected run_id=native-20260731-c8-full30 client=i5 action=none detail=sequence=132_target_error_mm=48199_native_fallback=false
[Info   :ComfyNetworkSense] [07/31/2026 07:51:19] MOTION_AUTHORITY state=target_rejected run_id=native-20260731-c8-full30 client=i5 action=none detail=sequence=132_target_error_mm=48205_native_fallback=false
[Info   :ComfyNetworkSense] [07/31/2026 07:51:19] MOTION_AUTHORITY state=target_rejected run_id=native-20260731-c8-full30 client=i5 action=none detail=sequence=132_target_error_mm=48210_native_fallback=false
[Info   :ComfyNetworkSense] [07/31/2026 07:51:19] MOTION_AUTHORITY state=target_rejected run_id=native-20260731-c8-full30 client=i5 action=none detail=sequence=133_target_error_mm=48226_native_fallback=false
[Info   :ComfyNetworkSense] [07/31/2026 07:51:19] MOTION_AUTHORITY state=target_rejected run_id=native-20260731-c8-full30 client=i5 action=none detail=sequence=133_target_error_mm=48231_native_fallback=false
[Info   :ComfyNetworkSense] [07/31/2026 07:51:19] MOTION_AUTHORITY state=target_rejected run_id=native-20260731-c8-full30 client=i5 action=none detail=sequence=133_target_error_mm=48237_native_fallback=false
[Info   :ComfyNetworkSense] [07/31/2026 07:51:19] MOTION_AUTHORITY state=target_rejected run_id=native-20260731-c8-full30 client=i5 action=none detail=sequence=133_target_error_mm=48243_native_fallback=false
[Info   :ComfyNetworkSense] [07/31/2026 07:51:19] MOTION_AUTHORITY state=target_rejected run_id=native-20260731-c8-full30 client=i5 action=none detail=sequence=134_target_error_mm=48249_native_fallback=false
[Info   :ComfyNetworkSense] [07/31/2026 07:51:19] MOTION_AUTHORITY state=target_rejected run_id=native-20260731-c8-full30 client=i5 action=none detail=sequence=134_target_error_mm=48255_native_fallback=false
[Info   :ComfyNetworkSense] [07/31/2026 07:51:19] MOTION_AUTHORITY state=target_rejected run_id=native-20260731-c8-full30 client=i5 action=none detail=sequence=134_target_error_mm=48258_native_fallback=false
[Info   :ComfyNetworkSense] [07/31/2026 07:51:19] MOTION_AUTHORITY state=target_rejected run_id=native-20260731-c8-full30 client=i5 action=none detail=sequence=134_target_error_mm=48262_native_fallback=false
[Info   :ComfyNetworkSense] [07/31/2026 07:51:19] MOTION_AUTHORITY state=target_rejected run_id=native-20260731-c8-full30 client=i5 action=none detail=sequence=135_target_error_mm=48256_native_fallback=false
[Info   :ComfyNetworkSense] [07/31/2026 07:51:19] MOTION_AUTHORITY state=target_rejected run_id=native-20260731-c8-full30 client=i5 action=none detail=sequence=135_target_error_mm=48260_native_fallback=false
[Info   :ComfyNetworkSense] [07/31/2026 07:51:19] MOTION_AUTHORITY state=target_rejected run_id=native-20260731-c8-full30 client=i5 action=none detail=sequence=135_target_error_mm=48264_native_fallback=false
[Info   :ComfyNetworkSense] [07/31/2026 07:51:19] MOTION_AUTHORITY state=target_rejected run_id=native-20260731-c8-full30 client=i5 action=none detail=sequence=135_target_error_mm=48268_native_fallback=false
[Info   :ComfyNetworkSense] [07/31/2026 07:51:19] MOTION_AUTHORITY state=target_rejected run_id=native-20260731-c8-full30 client=i5 action=none detail=sequence=135_target_error_mm=48272_native_fallback=false
[Info   :ComfyNetworkSense] [07/31/2026 07:51:19] MOTION_AUTHORITY state=target_rejected run_id=native-20260731-c8-full30 client=i5 action=none detail=sequence=136_target_error_mm=48285_native_fallback=false
[Info   :ComfyNetworkSense] [07/31/2026 07:51:19] MOTION_AUTHORITY state=target_rejected run_id=native-20260731-c8-full30 client=i5 action=none detail=sequence=136_target_error_mm=48288_native_fallback=false
[Info   :ComfyNetworkSense] [07/31/2026 07:51:19] MOTION_AUTHORITY state=target_rejected run_id=native-20260731-c8-full30 client=i5 action=none detail=sequence=136_target_error_mm=48291_native_fallback=false
[Info   :ComfyNetworkSense] [07/31/2026 07:51:19] MOTION_AUTHORITY state=target_rejected run_id=native-20260731-c8-full30 client=i5 action=none detail=sequence=136_target_error_mm=48295_native_fallback=false
[Info   :ComfyNetworkSense] [07/31/2026 07:51:19] MOTION_AUTHORITY state=target_rejected run_id=native-20260731-c8-full30 client=i5 action=none detail=sequence=136_target_error_mm=48298_native_fallback=false
[Info   :ComfyNetworkSense] [07/31/2026 07:51:19] MOTION_AUTHORITY state=target_rejected run_id=native-20260731-c8-full30 client=i5 action=none detail=sequence=136_target_error_mm=48302_native_fallback=false
[Info   :ComfyNetworkSense] [07/31/2026 07:51:19] MOTION_AUTHORITY state=target_rejected run_id=native-20260731-c8-full30 client=i5 action=none detail=sequence=136_target_error_mm=48304_native_fallback=false
[Info   :ComfyNetworkSense] [07/31/2026 07:51:19] MOTION_AUTHORITY state=target_rejected run_id=native-20260731-c8-full30 client=i5 action=none detail=sequence=136_target_error_mm=48307_native_fallback=false
[Info   :ComfyNetworkSense] [07/31/2026 07:51:19] MOTION_AUTHORITY state=target_rejected run_id=native-20260731-c8-full30 client=i5 action=none detail=sequence=137_target_error_mm=48310_native_fallback=false
[Info   :ComfyNetworkSense] [07/31/2026 07:51:19] MOTION_AUTHORITY state=target_rejected run_id=native-20260731-c8-full30 client=i5 action=none detail=sequence=137_target_error_mm=48313_native_fallback=false
[Info   :ComfyNetworkSense] [07/31/2026 07:51:19] MOTION_AUTHORITY state=target_rejected run_id=native-20260731-c8-full30 client=i5 action=none detail=sequence=137_target_error_mm=48315_native_fallback=false
[Info   :ComfyNetworkSense] [07/31/2026 07:51:19] MOTION_AUTHORITY state=target_rejected run_id=native-20260731-c8-full30 client=i5 action=none detail=sequence=137_target_error_mm=48318_native_fallback=false
[Info   :ComfyNetworkSense] [07/31/2026 07:51:19] MOTION_AUTHORITY state=target_rejected run_id=native-20260731-c8-full30 client=i5 action=none detail=sequence=137_target_error_mm=48322_native_fallback=false
[Info   :ComfyNetworkSense] [07/31/2026 07:51:19] MOTION_AUTHORITY state=target_rejected run_id=native-20260731-c8-full30 client=i5 action=none detail=sequence=137_target_error_mm=48324_native_fallback=false
[Info   :ComfyNetworkSense] [07/31/2026 07:51:19] MOTION_AUTHORITY state=target_rejected run_id=native-20260731-c8-full30 client=i5 action=none detail=sequence=138_target_error_mm=48318_native_fallback=false
[Info   :ComfyNetworkSense] [07/31/2026 07:51:19] MOTION_AUTHORITY state=target_rejected run_id=native-20260731-c8-full30 client=i5 action=none detail=sequence=138_target_error_mm=48321_native_fallback=false
[Info   :ComfyNetworkSense] [07/31/2026 07:51:19] MOTION_AUTHORITY state=target_rejected run_id=native-20260731-c8-full30 client=i5 action=none detail=sequence=138_target_error_mm=48325_native_fallback=false
[Info   :ComfyNetworkSense] [07/31/2026 07:51:19] MOTION_AUTHORITY state=target_rejected run_id=native-20260731-c8-full30 client=i5 action=none detail=sequence=138_target_error_mm=48328_native_fallback=false
[Info   :ComfyNetworkSense] [07/31/2026 07:51:19] MOTION_AUTHORITY state=target_rejected run_id=native-20260731-c8-full30 client=i5 action=none detail=sequence=138_target_error_mm=48332_native_fallback=false
[Info   :ComfyNetworkSense] [07/31/2026 07:51:19] MOTION_AUTHORITY state=target_rejected run_id=native-20260731-c8-full30 client=i5 action=none detail=sequence=138_target_error_mm=48334_native_fallback=false
[Info   :ComfyNetworkSense] [07/31/2026 07:51:19] MOTION_AUTHORITY state=target_rejected run_id=native-20260731-c8-full30 client=i5 action=none detail=sequence=139_target_error_mm=48348_native_fallback=false
[Info   :ComfyNetworkSense] [07/31/2026 07:51:19] MOTION_AUTHORITY state=target_rejected run_id=native-20260731-c8-full30 client=i5 action=none detail=sequence=139_target_error_mm=48352_native_fallback=false
[Info   :ComfyNetworkSense] [07/31/2026 07:51:19] MOTION_AUTHORITY state=target_rejected run_id=native-20260731-c8-full30 client=i5 action=none detail=sequence=139_target_error_mm=48355_native_fallback=false
[Info   :ComfyNetworkSense] [07/31/2026 07:51:19] MOTION_AUTHORITY state=target_rejected run_id=native-20260731-c8-full30 client=i5 action=none detail=sequence=139_target_error_mm=48358_native_fallback=false
[Info   :ComfyNetworkSense] [07/31/2026 07:51:19] MOTION_AUTHORITY state=target_rejected run_id=native-20260731-c8-full30 client=i5 action=none detail=sequence=139_target_error_mm=48361_native_fallback=false
[Info   :ComfyNetworkSense] [07/31/2026 07:51:19] MOTION_AUTHORITY state=target_rejected run_id=native-20260731-c8-full30 client=i5 action=none detail=sequence=139_target_error_mm=48364_native_fallback=false
[Info   :ComfyNetworkSense] [07/31/2026 07:51:19] MOTION_AUTHORITY state=target_rejected run_id=native-20260731-c8-full30 client=i5 action=none detail=sequence=140_target_error_mm=48358_native_fallback=false
[Info   :ComfyNetworkSense] [07/31/2026 07:51:19] MOTION_AUTHORITY state=target_rejected run_id=native-20260731-c8-full30 client=i5 action=none detail=sequence=140_target_error_mm=48361_native_fallback=false
[Info   :ComfyNetworkSense] [07/31/2026 07:51:19] MOTION_AUTHORITY state=target_rejected run_id=native-20260731-c8-full30 client=i5 action=none detail=sequence=140_target_error_mm=48365_native_fallback=false
[Info   :ComfyNetworkSense] [07/31/2026 07:51:19] MOTION_AUTHORITY state=target_rejected run_id=native-20260731-c8-full30 client=i5 action=none detail=sequence=140_target_error_mm=48367_native_fallback=false
[Info   :ComfyNetworkSense] [07/31/2026 07:51:19] MOTION_AUTHORITY state=target_rejected run_id=native-20260731-c8-full30 client=i5 action=none detail=sequence=140_target_error_mm=48371_native_fallback=false
[Info   :ComfyNetworkSense] [07/31/2026 07:51:19] MOTION_AUTHORITY state=target_rejected run_id=native-20260731-c8-full30 client=i5 action=none detail=sequence=140_target_error_mm=48374_native_fallback=false
[Info   :ComfyNetworkSense] [07/31/2026 07:51:19] MOTION_AUTHORITY state=target_rejected run_id=native-20260731-c8-full30 client=i5 action=none detail=sequence=140_target_error_mm=48377_native_fallback=false
[Info   :ComfyNetworkSense] [07/31/2026 07:51:19] MOTION_AUTHORITY state=target_rejected run_id=native-20260731-c8-full30 client=i5 action=none detail=sequence=141_target_error_mm=48389_native_fallback=false
[Info   :ComfyNetworkSense] [07/31/2026 07:51:19] MOTION_AUTHORITY state=target_rejected run_id=native-20260731-c8-full30 client=i5 action=none detail=sequence=141_target_error_mm=48392_native_fallback=false
[Info   :ComfyNetworkSense] [07/31/2026 07:51:19] MOTION_AUTHORITY state=target_rejected run_id=native-20260731-c8-full30 client=i5 action=none detail=sequence=141_target_error_mm=48395_native_fallback=false
[Info   :ComfyNetworkSense] [07/31/2026 07:51:19] MOTION_AUTHORITY state=target_rejected run_id=native-20260731-c8-full30 client=i5 action=none detail=sequence=141_target_error_mm=48398_native_fallback=false
[Info   :ComfyNetworkSense] [07/31/2026 07:51:19] MOTION_AUTHORITY state=target_rejected run_id=native-20260731-c8-full30 client=i5 action=none detail=sequence=141_target_error_mm=48401_native_fallback=false
[Info   :ComfyNetworkSense] [07/31/2026 07:51:19] MOTION_AUTHORITY state=target_rejected run_id=native-20260731-c8-full30 client=i5 action=none detail=sequence=141_target_error_mm=48404_native_fallback=false
[Info   :ComfyNetworkSense] [07/31/2026 07:51:19] MOTION_AUTHORITY state=target_rejected run_id=native-20260731-c8-full30 client=i5 action=none detail=sequence=141_target_error_mm=48408_native_fallback=false
[Info   :ComfyNetworkSense] [07/31/2026 07:51:19] MOTION_AUTHORITY state=target_rejected run_id=native-20260731-c8-full30 client=i5 action=none detail=sequence=141_target_error_mm=48411_native_fallback=false
[Info   :ComfyNetworkSense] [07/31/2026 07:51:19] MOTION_AUTHORITY state=target_rejected run_id=native-20260731-c8-full30 client=i5 action=none detail=sequence=142_target_error_mm=48414_native_fallback=false
[Info   :ComfyNetworkSense] [07/31/2026 07:51:19] MOTION_AUTHORITY state=target_rejected run_id=native-20260731-c8-full30 client=i5 action=none detail=sequence=142_target_error_mm=48417_native_fallback=false
[Info   :ComfyNetworkSense] [07/31/2026 07:51:20] MOTION_AUTHORITY state=target_rejected run_id=native-20260731-c8-full30 client=i5 action=none detail=sequence=142_target_error_mm=48421_native_fallback=false
[Info   :ComfyNetworkSense] [07/31/2026 07:51:20] MOTION_AUTHORITY state=target_rejected run_id=native-20260731-c8-full30 client=i5 action=none detail=sequence=142_target_error_mm=48424_native_fallback=false
[Info   :ComfyNetworkSense] [07/31/2026 07:51:20] MOTION_AUTHORITY state=target_rejected run_id=native-20260731-c8-full30 client=i5 action=none detail=sequence=142_target_error_mm=48426_native_fallback=false
[Info   :ComfyNetworkSense] [07/31/2026 07:51:20] MOTION_AUTHORITY state=target_rejected run_id=native-20260731-c8-full30 client=i5 action=none detail=sequence=142_target_error_mm=48429_native_fallback=false
[Info   :ComfyNetworkSense] [07/31/2026 07:51:20] MOTION_AUTHORITY state=target_rejected run_id=native-20260731-c8-full30 client=i5 action=none detail=sequence=143_target_error_mm=48422_native_fallback=false
[Info   :ComfyNetworkSense] [07/31/2026 07:51:20] MOTION_AUTHORITY state=target_rejected run_id=native-20260731-c8-full30 client=i5 action=none detail=sequence=143_target_error_mm=48425_native_fallback=false
[Info   :ComfyNetworkSense] [07/31/2026 07:51:20] MOTION_AUTHORITY state=target_rejected run_id=native-20260731-c8-full30 client=i5 action=none detail=sequence=143_target_error_mm=48428_native_fallback=false
[Info   :ComfyNetworkSense] [07/31/2026 07:51:20] MOTION_AUTHORITY state=target_rejected run_id=native-20260731-c8-full30 client=i5 action=none detail=sequence=143_target_error_mm=48431_native_fallback=false
[Info   :ComfyNetworkSense] [07/31/2026 07:51:20] MOTION_AUTHORITY state=target_rejected run_id=native-20260731-c8-full30 client=i5 action=none detail=sequence=143_target_error_mm=48434_native_fallback=false
[Info   :ComfyNetworkSense] [07/31/2026 07:51:20] MOTION_AUTHORITY state=target_rejected run_id=native-20260731-c8-full30 client=i5 action=none detail=sequence=143_target_error_mm=48438_native_fallback=false
[Info   :ComfyNetworkSense] [07/31/2026 07:51:20] MOTION_AUTHORITY state=target_rejected run_id=native-20260731-c8-full30 client=i5 action=none detail=sequence=143_target_error_mm=48441_native_fallback=false
[Info   :ComfyNetworkSense] [07/31/2026 07:51:20] MOTION_AUTHORITY state=target_rejected run_id=native-20260731-c8-full30 client=i5 action=none detail=sequence=144_target_error_mm=48454_native_fallback=false
[Info   :ComfyNetworkSense] [07/31/2026 07:51:20] MOTION_AUTHORITY state=target_rejected run_id=native-20260731-c8-full30 client=i5 action=none detail=sequence=144_target_error_mm=48457_native_fallback=false
[Info   :ComfyNetworkSense] [07/31/2026 07:51:20] MOTION_AUTHORITY state=target_rejected run_id=native-20260731-c8-full30 client=i5 action=none detail=sequence=144_target_error_mm=48461_native_fallback=false
[Info   :ComfyNetworkSense] [07/31/2026 07:51:20] MOTION_AUTHORITY state=target_rejected run_id=native-20260731-c8-full30 client=i5 action=none detail=sequence=144_target_error_mm=48464_native_fallback=false
[Info   :ComfyNetworkSense] [07/31/2026 07:51:20] MOTION_AUTHORITY state=target_rejected run_id=native-20260731-c8-full30 client=i5 action=none detail=sequence=144_target_error_mm=48468_native_fallback=false
[Info   :ComfyNetworkSense] [07/31/2026 07:51:20] MOTION_AUTHORITY state=target_rejected run_id=native-20260731-c8-full30 client=i5 action=none detail=sequence=144_target_error_mm=48470_native_fallback=false
[Info   :ComfyNetworkSense] [07/31/2026 07:51:20] MOTION_AUTHORITY state=target_rejected run_id=native-20260731-c8-full30 client=i5 action=none detail=sequence=145_target_error_mm=48474_native_fallback=false
[Info   :ComfyNetworkSense] [07/31/2026 07:51:20] MOTION_AUTHORITY state=target_rejected run_id=native-20260731-c8-full30 client=i5 action=none detail=sequence=145_target_error_mm=48477_native_fallback=false
[Info   :ComfyNetworkSense] [07/31/2026 07:51:20] MOTION_AUTHORITY state=target_rejected run_id=native-20260731-c8-full30 client=i5 action=none detail=sequence=145_target_error_mm=48481_native_fallback=false
[Info   :ComfyNetworkSense] [07/31/2026 07:51:20] MOTION_AUTHORITY state=target_rejected run_id=native-20260731-c8-full30 client=i5 action=none detail=sequence=145_target_error_mm=48484_native_fallback=false
[Info   :ComfyNetworkSense] [07/31/2026 07:51:20] MOTION_AUTHORITY state=target_rejected run_id=native-20260731-c8-full30 client=i5 action=none detail=sequence=145_target_error_mm=48488_native_fallback=false
[Info   :ComfyNetworkSense] [07/31/2026 07:51:20] MOTION_AUTHORITY state=target_rejected run_id=native-20260731-c8-full30 client=i5 action=none detail=sequence=145_target_error_mm=48491_native_fallback=false
[Info   :ComfyNetworkSense] [07/31/2026 07:51:20] MOTION_AUTHORITY state=target_rejected run_id=native-20260731-c8-full30 client=i5 action=none detail=sequence=145_target_error_mm=48494_native_fallback=false
[Info   :ComfyNetworkSense] [07/31/2026 07:51:20] MOTION_AUTHORITY state=target_rejected run_id=native-20260731-c8-full30 client=i5 action=none detail=sequence=146_target_error_mm=48487_native_fallback=false
[Info   :ComfyNetworkSense] [07/31/2026 07:51:20] MOTION_AUTHORITY state=target_rejected run_id=native-20260731-c8-full30 client=i5 action=none detail=sequence=146_target_error_mm=48491_native_fallback=false
[Info   :ComfyNetworkSense] [07/31/2026 07:51:20] MOTION_AUTHORITY state=target_rejected run_id=native-20260731-c8-full30 client=i5 action=none detail=sequence=146_target_error_mm=48493_native_fallback=false
[Info   :ComfyNetworkSense] [07/31/2026 07:51:20] MOTION_AUTHORITY state=target_rejected run_id=native-20260731-c8-full30 client=i5 action=none detail=sequence=146_target_error_mm=48497_native_fallback=false
[Info   :ComfyNetworkSense] [07/31/2026 07:51:20] MOTION_AUTHORITY state=target_rejected run_id=native-20260731-c8-full30 client=i5 action=none detail=sequence=146_target_error_mm=48500_native_fallback=false
[Info   :ComfyNetworkSense] [07/31/2026 07:51:20] MOTION_AUTHORITY state=target_rejected run_id=native-20260731-c8-full30 client=i5 action=none detail=sequence=146_target_error_mm=48504_native_fallback=false
[Info   :ComfyNetworkSense] [07/31/2026 07:51:20] MOTION_AUTHORITY state=target_rejected run_id=native-20260731-c8-full30 client=i5 action=none detail=sequence=146_target_error_mm=48508_native_fallback=false
[Info   :ComfyNetworkSense] [07/31/2026 07:51:20] MOTION_AUTHORITY state=target_rejected run_id=native-20260731-c8-full30 client=i5 action=none detail=sequence=147_target_error_mm=48521_native_fallback=false
[Info   :ComfyNetworkSense] [07/31/2026 07:51:20] MOTION_AUTHORITY state=target_rejected run_id=native-20260731-c8-full30 client=i5 action=none detail=sequence=147_target_error_mm=48524_native_fallback=false
[Info   :ComfyNetworkSense] [07/31/2026 07:51:20] MOTION_AUTHORITY state=target_rejected run_id=native-20260731-c8-full30 client=i5 action=none detail=sequence=147_target_error_mm=48527_native_fallback=false
[Info   :ComfyNetworkSense] [07/31/2026 07:51:20] MOTION_AUTHORITY state=target_rejected run_id=native-20260731-c8-full30 client=i5 action=none detail=sequence=147_target_error_mm=48531_native_fallback=false
[Info   :ComfyNetworkSense] [07/31/2026 07:51:20] MOTION_AUTHORITY state=target_rejected run_id=native-20260731-c8-full30 client=i5 action=none detail=sequence=147_target_error_mm=48534_native_fallback=false
[Info   :ComfyNetworkSense] [07/31/2026 07:51:20] MOTION_AUTHORITY state=target_rejected run_id=native-20260731-c8-full30 client=i5 action=none detail=sequence=147_target_error_mm=48537_native_fallback=false
[Info   :ComfyNetworkSense] [07/31/2026 07:51:20] MOTION_AUTHORITY state=target_rejected run_id=native-20260731-c8-full30 client=i5 action=none detail=sequence=148_target_error_mm=48531_native_fallback=false
[Info   :ComfyNetworkSense] [07/31/2026 07:51:20] MOTION_AUTHORITY state=target_rejected run_id=native-20260731-c8-full30 client=i5 action=none detail=sequence=148_target_error_mm=48533_native_fallback=false
[Info   :ComfyNetworkSense] [07/31/2026 07:51:20] MOTION_AUTHORITY state=target_rejected run_id=native-20260731-c8-full30 client=i5 action=none detail=sequence=148_target_error_mm=48537_native_fallback=false
[Info   :ComfyNetworkSense] [07/31/2026 07:51:20] MOTION_AUTHORITY state=target_rejected run_id=native-20260731-c8-full30 client=i5 action=none detail=sequence=148_target_error_mm=48540_native_fallback=false
[Info   :ComfyNetworkSense] [07/31/2026 07:51:20] MOTION_AUTHORITY state=target_rejected run_id=native-20260731-c8-full30 client=i5 action=none detail=sequence=148_target_error_mm=48544_native_fallback=false
[Info   :ComfyNetworkSense] [07/31/2026 07:51:20] MOTION_AUTHORITY state=target_rejected run_id=native-20260731-c8-full30 client=i5 action=none detail=sequence=148_target_error_mm=48546_native_fallback=false
[Info   :ComfyNetworkSense] [07/31/2026 07:51:20] MOTION_AUTHORITY state=target_rejected run_id=native-20260731-c8-full30 client=i5 action=none detail=sequence=149_target_error_mm=48551_native_fallback=false
[Info   :ComfyNetworkSense] [07/31/2026 07:51:20] MOTION_AUTHORITY state=target_rejected run_id=native-20260731-c8-full30 client=i5 action=none detail=sequence=149_target_error_mm=48554_native_fallback=false
[Info   :ComfyNetworkSense] [07/31/2026 07:51:20] MOTION_AUTHORITY state=target_rejected run_id=native-20260731-c8-full30 client=i5 action=none detail=sequence=149_target_error_mm=48557_native_fallback=false
[Info   :ComfyNetworkSense] [07/31/2026 07:51:20] MOTION_AUTHORITY state=target_rejected run_id=native-20260731-c8-full30 client=i5 action=none detail=sequence=149_target_error_mm=48560_native_fallback=false
[Info   :ComfyNetworkSense] [07/31/2026 07:51:20] MOTION_AUTHORITY state=target_rejected run_id=native-20260731-c8-full30 client=i5 action=none detail=sequence=149_target_error_mm=48564_native_fallback=false
[Info   :ComfyNetworkSense] [07/31/2026 07:51:20] MOTION_AUTHORITY state=target_rejected run_id=native-20260731-c8-full30 client=i5 action=none detail=sequence=149_target_error_mm=48566_native_fallback=false
[Info   :ComfyNetworkSense] [07/31/2026 07:51:20] MOTION_AUTHORITY state=target_rejected run_id=native-20260731-c8-full30 client=i5 action=none detail=sequence=150_target_error_mm=48579_native_fallback=false
[Info   :ComfyNetworkSense] [07/31/2026 07:51:20] MOTION_AUTHORITY state=target_rejected run_id=native-20260731-c8-full30 client=i5 action=none detail=sequence=150_target_error_mm=48582_native_fallback=false
[Info   :ComfyNetworkSense] [07/31/2026 07:51:20] MOTION_AUTHORITY state=target_rejected run_id=native-20260731-c8-full30 client=i5 action=none detail=sequence=150_target_error_mm=48586_native_fallback=false
[Info   :ComfyNetworkSense] [07/31/2026 07:51:20] MOTION_AUTHORITY state=target_rejected run_id=native-20260731-c8-full30 client=i5 action=none detail=sequence=150_target_error_mm=48589_native_fallback=false
[Info   :ComfyNetworkSense] [07/31/2026 07:51:20] MOTION_AUTHORITY state=target_rejected run_id=native-20260731-c8-full30 client=i5 action=none detail=sequence=150_target_error_mm=48592_native_fallback=false
[Info   :ComfyNetworkSense] [07/31/2026 07:51:20] MOTION_AUTHORITY state=target_rejected run_id=native-20260731-c8-full30 client=i5 action=none detail=sequence=150_target_error_mm=48595_native_fallback=false
[Info   :ComfyNetworkSense] [07/31/2026 07:51:20] MOTION_AUTHORITY state=target_rejected run_id=native-20260731-c8-full30 client=i5 action=none detail=sequence=150_target_error_mm=48598_native_fallback=false
[Info   :ComfyNetworkSense] [07/31/2026 07:51:20] MOTION_AUTHORITY state=target_rejected run_id=native-20260731-c8-full30 client=i5 action=none detail=sequence=150_target_error_mm=48601_native_fallback=false
[Info   :ComfyNetworkSense] [07/31/2026 07:51:20] MOTION_AUTHORITY state=target_rejected run_id=native-20260731-c8-full30 client=i5 action=none detail=sequence=151_target_error_mm=48594_native_fallback=false
[Info   :ComfyNetworkSense] [07/31/2026 07:51:20] MOTION_AUTHORITY state=target_rejected run_id=native-20260731-c8-full30 client=i5 action=none detail=sequence=151_target_error_mm=48597_native_fallback=false
[Info   :ComfyNetworkSense] [07/31/2026 07:51:20] MOTION_AUTHORITY state=target_rejected run_id=native-20260731-c8-full30 client=i5 action=none detail=sequence=151_target_error_mm=48600_native_fallback=false
[Info   :ComfyNetworkSense] [07/31/2026 07:51:20] MOTION_AUTHORITY state=target_rejected run_id=native-20260731-c8-full30 client=i5 action=none detail=sequence=151_target_error_mm=48604_native_fallback=false
[Info   :ComfyNetworkSense] [07/31/2026 07:51:20] MOTION_AUTHORITY state=target_rejected run_id=native-20260731-c8-full30 client=i5 action=none detail=sequence=151_target_error_mm=48606_native_fallback=false
[Info   :ComfyNetworkSense] [07/31/2026 07:51:20] MOTION_AUTHORITY state=target_rejected run_id=native-20260731-c8-full30 client=i5 action=none detail=sequence=151_target_error_mm=48609_native_fallback=false
[Info   :ComfyNetworkSense] [07/31/2026 07:51:20] MOTION_AUTHORITY state=target_rejected run_id=native-20260731-c8-full30 client=i5 action=none detail=sequence=152_target_error_mm=48622_native_fallback=false
[Info   :ComfyNetworkSense] [07/31/2026 07:51:20] MOTION_AUTHORITY state=target_rejected run_id=native-20260731-c8-full30 client=i5 action=none detail=sequence=152_target_error_mm=48625_native_fallback=false
[Info   :ComfyNetworkSense] [07/31/2026 07:51:20] MOTION_AUTHORITY state=target_rejected run_id=native-20260731-c8-full30 client=i5 action=none detail=sequence=152_target_error_mm=48628_native_fallback=false
[Info   :ComfyNetworkSense] [07/31/2026 07:51:20] MOTION_AUTHORITY state=target_rejected run_id=native-20260731-c8-full30 client=i5 action=none detail=sequence=152_target_error_mm=48631_native_fallback=false
[Info   :ComfyNetworkSense] [07/31/2026 07:51:20] MOTION_AUTHORITY state=target_rejected run_id=native-20260731-c8-full30 client=i5 action=none detail=sequence=152_target_error_mm=48634_native_fallback=false
[Info   :ComfyNetworkSense] [07/31/2026 07:51:20] MOTION_AUTHORITY state=target_rejected run_id=native-20260731-c8-full30 client=i5 action=none detail=sequence=152_target_error_mm=48637_native_fallback=false
[Info   :ComfyNetworkSense] [07/31/2026 07:51:20] MOTION_AUTHORITY state=target_rejected run_id=native-20260731-c8-full30 client=i5 action=none detail=sequence=152_target_error_mm=48640_native_fallback=false
[Info   :ComfyNetworkSense] [07/31/2026 07:51:20] MOTION_AUTHORITY state=target_rejected run_id=native-20260731-c8-full30 client=i5 action=none detail=sequence=153_target_error_mm=48644_native_fallback=false
[Info   :ComfyNetworkSense] [07/31/2026 07:51:20] MOTION_AUTHORITY state=target_rejected run_id=native-20260731-c8-full30 client=i5 action=none detail=sequence=153_target_error_mm=48647_native_fallback=false
[Info   :ComfyNetworkSense] [07/31/2026 07:51:20] MOTION_AUTHORITY state=target_rejected run_id=native-20260731-c8-full30 client=i5 action=none detail=sequence=153_target_error_mm=48650_native_fallback=false
[Info   :ComfyNetworkSense] [07/31/2026 07:51:20] MOTION_AUTHORITY state=target_rejected run_id=native-20260731-c8-full30 client=i5 action=none detail=sequence=153_target_error_mm=48653_native_fallback=false
[Info   :ComfyNetworkSense] [07/31/2026 07:51:20] MOTION_AUTHORITY state=target_rejected run_id=native-20260731-c8-full30 client=i5 action=none detail=sequence=153_target_error_mm=48656_native_fallback=false
[Info   :ComfyNetworkSense] [07/31/2026 07:51:20] MOTION_AUTHORITY state=target_rejected run_id=native-20260731-c8-full30 client=i5 action=none detail=sequence=153_target_error_mm=48660_native_fallback=false
[Info   :ComfyNetworkSense] [07/31/2026 07:51:20] MOTION_AUTHORITY state=target_rejected run_id=native-20260731-c8-full30 client=i5 action=none detail=sequence=154_target_error_mm=48653_native_fallback=false
[Info   :ComfyNetworkSense] [07/31/2026 07:51:20] MOTION_AUTHORITY state=target_rejected run_id=native-20260731-c8-full30 client=i5 action=none detail=sequence=154_target_error_mm=48657_native_fallback=false
[Info   :ComfyNetworkSense] [07/31/2026 07:51:20] MOTION_AUTHORITY state=target_rejected run_id=native-20260731-c8-full30 client=i5 action=none detail=sequence=154_target_error_mm=48659_native_fallback=false
[Info   :ComfyNetworkSense] [07/31/2026 07:51:20] MOTION_AUTHORITY state=target_rejected run_id=native-20260731-c8-full30 client=i5 action=none detail=sequence=154_target_error_mm=48662_native_fallback=false
[Info   :ComfyNetworkSense] [07/31/2026 07:51:20] MOTION_AUTHORITY state=target_rejected run_id=native-20260731-c8-full30 client=i5 action=none detail=sequence=154_target_error_mm=48665_native_fallback=false
[Info   :ComfyNetworkSense] [07/31/2026 07:51:20] MOTION_AUTHORITY state=target_rejected run_id=native-20260731-c8-full30 client=i5 action=none detail=sequence=154_target_error_mm=48668_native_fallback=false
[Info   :ComfyNetworkSense] [07/31/2026 07:51:20] MOTION_AUTHORITY state=target_rejected run_id=native-20260731-c8-full30 client=i5 action=none detail=sequence=154_target_error_mm=48671_native_fallback=false
[Info   :ComfyNetworkSense] [07/31/2026 07:51:20] MOTION_AUTHORITY state=target_rejected run_id=native-20260731-c8-full30 client=i5 action=none detail=sequence=155_target_error_mm=48684_native_fallback=false
[Info   :ComfyNetworkSense] [07/31/2026 07:51:20] MOTION_AUTHORITY state=target_rejected run_id=native-20260731-c8-full30 client=i5 action=none detail=sequence=155_target_error_mm=48687_native_fallback=false
[Info   :ComfyNetworkSense] [07/31/2026 07:51:20] MOTION_AUTHORITY state=target_rejected run_id=native-20260731-c8-full30 client=i5 action=none detail=sequence=155_target_error_mm=48690_native_fallback=false
[Info   :ComfyNetworkSense] [07/31/2026 07:51:20] MOTION_AUTHORITY state=target_rejected run_id=native-20260731-c8-full30 client=i5 action=none detail=sequence=155_target_error_mm=48693_native_fallback=false
[Info   :ComfyNetworkSense] [07/31/2026 07:51:20] MOTION_AUTHORITY state=target_rejected run_id=native-20260731-c8-full30 client=i5 action=none detail=sequence=155_target_error_mm=48696_native_fallback=false
[Info   :ComfyNetworkSense] [07/31/2026 07:51:20] MOTION_AUTHORITY state=target_rejected run_id=native-20260731-c8-full30 client=i5 action=none detail=sequence=155_target_error_mm=48700_native_fallback=false
[Info   :ComfyNetworkSense] [07/31/2026 07:51:20] MOTION_AUTHORITY state=target_rejected run_id=native-20260731-c8-full30 client=i5 action=none detail=sequence=155_target_error_mm=48702_native_fallback=false
[Info   :ComfyNetworkSense] [07/31/2026 07:51:20] MOTION_AUTHORITY state=target_rejected run_id=native-20260731-c8-full30 client=i5 action=none detail=sequence=156_target_error_mm=48707_native_fallback=false
[Info   :ComfyNetworkSense] [07/31/2026 07:51:20] MOTION_AUTHORITY state=target_rejected run_id=native-20260731-c8-full30 client=i5 action=none detail=sequence=156_target_error_mm=48709_native_fallback=false
[Info   :ComfyNetworkSense] [07/31/2026 07:51:20] MOTION_AUTHORITY state=target_rejected run_id=native-20260731-c8-full30 client=i5 action=none detail=sequence=156_target_error_mm=48713_native_fallback=false
[Info   :ComfyNetworkSense] [07/31/2026 07:51:20] MOTION_AUTHORITY state=target_rejected run_id=native-20260731-c8-full30 client=i5 action=none detail=sequence=156_target_error_mm=48716_native_fallback=false
[Info   :ComfyNetworkSense] [07/31/2026 07:51:20] MOTION_AUTHORITY state=target_rejected run_id=native-20260731-c8-full30 client=i5 action=none detail=sequence=156_target_error_mm=48720_native_fallback=false
[Info   :ComfyNetworkSense] [07/31/2026 07:51:20] MOTION_AUTHORITY state=target_rejected run_id=native-20260731-c8-full30 client=i5 action=none detail=sequence=156_target_error_mm=48723_native_fallback=false
[Info   :ComfyNetworkSense] [07/31/2026 07:51:20] MOTION_AUTHORITY state=target_rejected run_id=native-20260731-c8-full30 client=i5 action=none detail=sequence=157_target_error_mm=48716_native_fallback=false
[Info   :ComfyNetworkSense] [07/31/2026 07:51:20] MOTION_AUTHORITY state=target_rejected run_id=native-20260731-c8-full30 client=i5 action=none detail=sequence=157_target_error_mm=48719_native_fallback=false
[Info   :ComfyNetworkSense] [07/31/2026 07:51:20] MOTION_AUTHORITY state=target_rejected run_id=native-20260731-c8-full30 client=i5 action=none detail=sequence=157_target_error_mm=48723_native_fallback=false
[Info   :ComfyNetworkSense] [07/31/2026 07:51:20] MOTION_AUTHORITY state=target_rejected run_id=native-20260731-c8-full30 client=i5 action=none detail=sequence=157_target_error_mm=48726_native_fallback=false
[Info   :ComfyNetworkSense] [07/31/2026 07:51:20] MOTION_AUTHORITY state=target_rejected run_id=native-20260731-c8-full30 client=i5 action=none detail=sequence=157_target_error_mm=48730_native_fallback=false
[Info   :ComfyNetworkSense] [07/31/2026 07:51:20] MOTION_AUTHORITY state=target_rejected run_id=native-20260731-c8-full30 client=i5 action=none detail=sequence=157_target_error_mm=48732_native_fallback=false
[Info   :ComfyNetworkSense] [07/31/2026 07:51:20] MOTION_AUTHORITY state=target_rejected run_id=native-20260731-c8-full30 client=i5 action=none detail=sequence=157_target_error_mm=48736_native_fallback=false
[Info   :ComfyNetworkSense] [07/31/2026 07:51:20] MOTION_AUTHORITY state=target_rejected run_id=native-20260731-c8-full30 client=i5 action=none detail=sequence=158_target_error_mm=48749_native_fallback=false
[Info   :ComfyNetworkSense] [07/31/2026 07:51:20] MOTION_AUTHORITY state=target_rejected run_id=native-20260731-c8-full30 client=i5 action=none detail=sequence=158_target_error_mm=48753_native_fallback=false
[Info   :ComfyNetworkSense] [07/31/2026 07:51:20] MOTION_AUTHORITY state=target_rejected run_id=native-20260731-c8-full30 client=i5 action=none detail=sequence=158_target_error_mm=48756_native_fallback=false
[Info   :ComfyNetworkSense] [07/31/2026 07:51:20] MOTION_AUTHORITY state=target_rejected run_id=native-20260731-c8-full30 client=i5 action=none detail=sequence=158_target_error_mm=48760_native_fallback=false
[Info   :ComfyNetworkSense] [07/31/2026 07:51:20] MOTION_AUTHORITY state=target_rejected run_id=native-20260731-c8-full30 client=i5 action=none detail=sequence=158_target_error_mm=48763_native_fallback=false
[Info   :ComfyNetworkSense] [07/31/2026 07:51:20] MOTION_AUTHORITY state=native_transform_writer_suppressed run_id=native-20260731-c8-full30 client=i5 action=none detail=count=512_writer=ZSyncTransform.CustomFixedUpdate
[Info   :ComfyNetworkSense] [07/31/2026 07:51:20] MOTION_AUTHORITY state=target_rejected run_id=native-20260731-c8-full30 client=i5 action=none detail=sequence=158_target_error_mm=48766_native_fallback=false
[Info   :ComfyNetworkSense] [07/31/2026 07:51:20] MOTION_AUTHORITY state=target_rejected run_id=native-20260731-c8-full30 client=i5 action=none detail=sequence=159_target_error_mm=48759_native_fallback=false
[Info   :ComfyNetworkSense] [07/31/2026 07:51:20] MOTION_AUTHORITY state=target_rejected run_id=native-20260731-c8-full30 client=i5 action=none detail=sequence=159_target_error_mm=48763_native_fallback=false
[Info   :ComfyNetworkSense] [07/31/2026 07:51:20] MOTION_AUTHORITY state=target_rejected run_id=native-20260731-c8-full30 client=i5 action=none detail=sequence=159_target_error_mm=48765_native_fallback=false
[Info   :ComfyNetworkSense] [07/31/2026 07:51:20] MOTION_AUTHORITY state=target_rejected run_id=native-20260731-c8-full30 client=i5 action=none detail=sequence=159_target_error_mm=48770_native_fallback=false
[Info   :ComfyNetworkSense] [07/31/2026 07:51:20] MOTION_AUTHORITY state=target_rejected run_id=native-20260731-c8-full30 client=i5 action=none detail=sequence=159_target_error_mm=48772_native_fallback=false
[Info   :ComfyNetworkSense] [07/31/2026 07:51:20] MOTION_AUTHORITY state=target_rejected run_id=native-20260731-c8-full30 client=i5 action=none detail=sequence=159_target_error_mm=48776_native_fallback=false
[Info   :ComfyNetworkSense] [07/31/2026 07:51:20] MOTION_AUTHORITY state=target_rejected run_id=native-20260731-c8-full30 client=i5 action=none detail=sequence=160_target_error_mm=48789_native_fallback=false
[Info   :ComfyNetworkSense] [07/31/2026 07:51:20] MOTION_AUTHORITY state=target_rejected run_id=native-20260731-c8-full30 client=i5 action=none detail=sequence=160_target_error_mm=48793_native_fallback=false
[Info   :ComfyNetworkSense] [07/31/2026 07:51:20] MOTION_AUTHORITY state=target_rejected run_id=native-20260731-c8-full30 client=i5 action=none detail=sequence=160_target_error_mm=48796_native_fallback=false
[Info   :ComfyNetworkSense] [07/31/2026 07:51:20] MOTION_AUTHORITY state=target_rejected run_id=native-20260731-c8-full30 client=i5 action=none detail=sequence=160_target_error_mm=48799_native_fallback=false
[Info   :ComfyNetworkSense] [07/31/2026 07:51:20] MOTION_AUTHORITY state=target_rejected run_id=native-20260731-c8-full30 client=i5 action=none detail=sequence=160_target_error_mm=48802_native_fallback=false
[Info   :ComfyNetworkSense] [07/31/2026 07:51:20] MOTION_AUTHORITY state=target_rejected run_id=native-20260731-c8-full30 client=i5 action=none detail=sequence=160_target_error_mm=48806_native_fallback=false
[Info   :ComfyNetworkSense] [07/31/2026 07:51:20] MOTION_AUTHORITY state=target_rejected run_id=native-20260731-c8-full30 client=i5 action=none detail=sequence=160_target_error_mm=48809_native_fallback=false
[Info   :ComfyNetworkSense] [07/31/2026 07:51:20] MOTION_AUTHORITY state=target_rejected run_id=native-20260731-c8-full30 client=i5 action=none detail=sequence=161_target_error_mm=48813_native_fallback=false
[Info   :ComfyNetworkSense] [07/31/2026 07:51:20] MOTION_AUTHORITY state=target_rejected run_id=native-20260731-c8-full30 client=i5 action=none detail=sequence=161_target_error_mm=48815_native_fallback=false
[Info   :ComfyNetworkSense] [07/31/2026 07:51:21] MOTION_AUTHORITY state=target_rejected run_id=native-20260731-c8-full30 client=i5 action=none detail=sequence=161_target_error_mm=48819_native_fallback=false
[Info   :ComfyNetworkSense] [07/31/2026 07:51:21] MOTION_AUTHORITY state=target_rejected run_id=native-20260731-c8-full30 client=i5 action=none detail=sequence=161_target_error_mm=48822_native_fallback=false
[Info   :ComfyNetworkSense] [07/31/2026 07:51:21] MOTION_AUTHORITY state=target_rejected run_id=native-20260731-c8-full30 client=i5 action=none detail=sequence=161_target_error_mm=48826_native_fallback=false
[Info   :ComfyNetworkSense] [07/31/2026 07:51:21] MOTION_AUTHORITY state=target_rejected run_id=native-20260731-c8-full30 client=i5 action=none detail=sequence=161_target_error_mm=48828_native_fallback=false
[Info   :ComfyNetworkSense] [07/31/2026 07:51:21] MOTION_AUTHORITY state=target_rejected run_id=native-20260731-c8-full30 client=i5 action=none detail=sequence=162_target_error_mm=48821_native_fallback=false
[Info   :ComfyNetworkSense] [07/31/2026 07:51:21] MOTION_AUTHORITY state=target_rejected run_id=native-20260731-c8-full30 client=i5 action=none detail=sequence=162_target_error_mm=48824_native_fallback=false
[Info   :ComfyNetworkSense] [07/31/2026 07:51:21] MOTION_AUTHORITY state=target_rejected run_id=native-20260731-c8-full30 client=i5 action=none detail=sequence=162_target_error_mm=48827_native_fallback=false
[Info   :ComfyNetworkSense] [07/31/2026 07:51:21] MOTION_AUTHORITY state=target_rejected run_id=native-20260731-c8-full30 client=i5 action=none detail=sequence=162_target_error_mm=48830_native_fallback=false
[Info   :ComfyNetworkSense] [07/31/2026 07:51:21] MOTION_AUTHORITY state=target_rejected run_id=native-20260731-c8-full30 client=i5 action=none detail=sequence=162_target_error_mm=48833_native_fallback=false
[Info   :ComfyNetworkSense] [07/31/2026 07:51:21] MOTION_AUTHORITY state=target_rejected run_id=native-20260731-c8-full30 client=i5 action=none detail=sequence=162_target_error_mm=48836_native_fallback=false
[Info   :ComfyNetworkSense] [07/31/2026 07:51:21] MOTION_AUTHORITY state=target_rejected run_id=native-20260731-c8-full30 client=i5 action=none detail=sequence=162_target_error_mm=48839_native_fallback=false
[Info   :ComfyNetworkSense] [07/31/2026 07:51:21] MOTION_AUTHORITY state=target_rejected run_id=native-20260731-c8-full30 client=i5 action=none detail=sequence=163_target_error_mm=48843_native_fallback=false
[Info   :ComfyNetworkSense] [07/31/2026 07:51:21] MOTION_AUTHORITY state=target_rejected run_id=native-20260731-c8-full30 client=i5 action=none detail=sequence=163_target_error_mm=48845_native_fallback=false
[Info   :ComfyNetworkSense] [07/31/2026 07:51:21] MOTION_AUTHORITY state=target_rejected run_id=native-20260731-c8-full30 client=i5 action=none detail=sequence=163_target_error_mm=48849_native_fallback=false
[Info   :ComfyNetworkSense] [07/31/2026 07:51:21] MOTION_AUTHORITY state=target_rejected run_id=native-20260731-c8-full30 client=i5 action=none detail=sequence=163_target_error_mm=48852_native_fallback=false
[Info   :ComfyNetworkSense] [07/31/2026 07:51:21] MOTION_AUTHORITY state=target_rejected run_id=native-20260731-c8-full30 client=i5 action=none detail=sequence=163_target_error_mm=48856_native_fallback=false
[Info   :ComfyNetworkSense] [07/31/2026 07:51:21] MOTION_AUTHORITY state=target_rejected run_id=native-20260731-c8-full30 client=i5 action=none detail=sequence=163_target_error_mm=48858_native_fallback=false
[Info   :ComfyNetworkSense] [07/31/2026 07:51:21] MOTION_AUTHORITY state=target_rejected run_id=native-20260731-c8-full30 client=i5 action=none detail=sequence=163_target_error_mm=48863_native_fallback=false
[Info   :ComfyNetworkSense] [07/31/2026 07:51:21] MOTION_AUTHORITY state=target_rejected run_id=native-20260731-c8-full30 client=i5 action=none detail=sequence=163_target_error_mm=48866_native_fallback=false
[Info   :ComfyNetworkSense] [07/31/2026 07:51:21] MOTION_AUTHORITY state=target_rejected run_id=native-20260731-c8-full30 client=i5 action=none detail=sequence=164_target_error_mm=48879_native_fallback=false
[Info   :ComfyNetworkSense] [07/31/2026 07:51:21] MOTION_AUTHORITY state=target_rejected run_id=native-20260731-c8-full30 client=i5 action=none detail=sequence=164_target_error_mm=48882_native_fallback=false
[Info   :ComfyNetworkSense] [07/31/2026 07:51:21] MOTION_AUTHORITY state=target_rejected run_id=native-20260731-c8-full30 client=i5 action=none detail=sequence=164_target_error_mm=48886_native_fallback=false
[Info   :ComfyNetworkSense] [07/31/2026 07:51:21] MOTION_AUTHORITY state=target_rejected run_id=native-20260731-c8-full30 client=i5 action=none detail=sequence=164_target_error_mm=48889_native_fallback=false
[Info   :ComfyNetworkSense] [07/31/2026 07:51:21] MOTION_AUTHORITY state=target_rejected run_id=native-20260731-c8-full30 client=i5 action=none detail=sequence=164_target_error_mm=48892_native_fallback=false
[Info   :ComfyNetworkSense] [07/31/2026 07:51:21] MOTION_AUTHORITY state=target_rejected run_id=native-20260731-c8-full30 client=i5 action=none detail=sequence=164_target_error_mm=48896_native_fallback=false
[Info   :ComfyNetworkSense] [07/31/2026 07:51:21] MOTION_AUTHORITY state=target_rejected run_id=native-20260731-c8-full30 client=i5 action=none detail=sequence=164_target_error_mm=48900_native_fallback=false
[Info   :ComfyNetworkSense] [07/31/2026 07:51:21] MOTION_AUTHORITY state=target_rejected run_id=native-20260731-c8-full30 client=i5 action=none detail=sequence=165_target_error_mm=48904_native_fallback=false
[Info   :ComfyNetworkSense] [07/31/2026 07:51:21] MOTION_AUTHORITY state=target_rejected run_id=native-20260731-c8-full30 client=i5 action=none detail=sequence=165_target_error_mm=48907_native_fallback=false
[Info   :ComfyNetworkSense] [07/31/2026 07:51:21] MOTION_AUTHORITY state=target_rejected run_id=native-20260731-c8-full30 client=i5 action=none detail=sequence=165_target_error_mm=48911_native_fallback=false
[Info   :ComfyNetworkSense] [07/31/2026 07:51:21] MOTION_AUTHORITY state=target_rejected run_id=native-20260731-c8-full30 client=i5 action=none detail=sequence=165_target_error_mm=48914_native_fallback=false
[Info   :ComfyNetworkSense] [07/31/2026 07:51:21] MOTION_AUTHORITY state=target_rejected run_id=native-20260731-c8-full30 client=i5 action=none detail=sequence=166_target_error_mm=48907_native_fallback=false
[Info   :ComfyNetworkSense] [07/31/2026 07:51:21] MOTION_AUTHORITY state=target_rejected run_id=native-20260731-c8-full30 client=i5 action=none detail=sequence=166_target_error_mm=48910_native_fallback=false
[Info   :ComfyNetworkSense] [07/31/2026 07:51:21] MOTION_AUTHORITY state=target_rejected run_id=native-20260731-c8-full30 client=i5 action=none detail=sequence=166_target_error_mm=48913_native_fallback=false
[Info   :ComfyNetworkSense] [07/31/2026 07:51:21] MOTION_AUTHORITY state=target_rejected run_id=native-20260731-c8-full30 client=i5 action=none detail=sequence=166_target_error_mm=48917_native_fallback=false
[Info   :ComfyNetworkSense] [07/31/2026 07:51:21] MOTION_AUTHORITY state=target_rejected run_id=native-20260731-c8-full30 client=i5 action=none detail=sequence=166_target_error_mm=48921_native_fallback=false
[Info   :ComfyNetworkSense] [07/31/2026 07:51:21] MOTION_AUTHORITY state=target_rejected run_id=native-20260731-c8-full30 client=i5 action=none detail=sequence=166_target_error_mm=48926_native_fallback=false
[Info   :ComfyNetworkSense] [07/31/2026 07:51:21] MOTION_AUTHORITY state=target_rejected run_id=native-20260731-c8-full30 client=i5 action=none detail=sequence=167_target_error_mm=48939_native_fallback=false
[Info   :ComfyNetworkSense] [07/31/2026 07:51:21] MOTION_AUTHORITY state=target_rejected run_id=native-20260731-c8-full30 client=i5 action=none detail=sequence=167_target_error_mm=48942_native_fallback=false
[Info   :ComfyNetworkSense] [07/31/2026 07:51:21] MOTION_AUTHORITY state=target_rejected run_id=native-20260731-c8-full30 client=i5 action=none detail=sequence=167_target_error_mm=48946_native_fallback=false
[Info   :ComfyNetworkSense] [07/31/2026 07:51:21] MOTION_AUTHORITY state=target_rejected run_id=native-20260731-c8-full30 client=i5 action=none detail=sequence=167_target_error_mm=48949_native_fallback=false
[Info   :ComfyNetworkSense] [07/31/2026 07:51:21] MOTION_AUTHORITY state=target_rejected run_id=native-20260731-c8-full30 client=i5 action=none detail=sequence=167_target_error_mm=48952_native_fallback=false
[Info   :ComfyNetworkSense] [07/31/2026 07:51:21] MOTION_AUTHORITY state=target_rejected run_id=native-20260731-c8-full30 client=i5 action=none detail=sequence=167_target_error_mm=48955_native_fallback=false
[Info   :ComfyNetworkSense] [07/31/2026 07:51:21] MOTION_AUTHORITY state=target_rejected run_id=native-20260731-c8-full30 client=i5 action=none detail=sequence=167_target_error_mm=48959_native_fallback=false
[Info   :ComfyNetworkSense] [07/31/2026 07:51:21] MOTION_AUTHORITY state=target_rejected run_id=native-20260731-c8-full30 client=i5 action=none detail=sequence=167_target_error_mm=48962_native_fallback=false
[Info   :ComfyNetworkSense] [07/31/2026 07:51:21] MOTION_AUTHORITY state=target_rejected run_id=native-20260731-c8-full30 client=i5 action=none detail=sequence=168_target_error_mm=48965_native_fallback=false
[Info   :ComfyNetworkSense] [07/31/2026 07:51:21] MOTION_AUTHORITY state=target_rejected run_id=native-20260731-c8-full30 client=i5 action=none detail=sequence=168_target_error_mm=48968_native_fallback=false
[Info   :ComfyNetworkSense] [07/31/2026 07:51:21] MOTION_AUTHORITY state=target_rejected run_id=native-20260731-c8-full30 client=i5 action=none detail=sequence=168_target_error_mm=48972_native_fallback=false
[Info   :ComfyNetworkSense] [07/31/2026 07:51:21] MOTION_AUTHORITY state=target_rejected run_id=native-20260731-c8-full30 client=i5 action=none detail=sequence=168_target_error_mm=48975_native_fallback=false
[Info   :ComfyNetworkSense] [07/31/2026 07:51:21] MOTION_AUTHORITY state=target_rejected run_id=native-20260731-c8-full30 client=i5 action=none detail=sequence=168_target_error_mm=48979_native_fallback=false
[Info   :ComfyNetworkSense] [07/31/2026 07:51:21] MOTION_AUTHORITY state=target_rejected run_id=native-20260731-c8-full30 client=i5 action=none detail=sequence=168_target_error_mm=48981_native_fallback=false
[Info   :ComfyNetworkSense] [07/31/2026 07:51:21] MOTION_AUTHORITY state=target_rejected run_id=native-20260731-c8-full30 client=i5 action=none detail=sequence=169_target_error_mm=48975_native_fallback=false
[Info   :ComfyNetworkSense] [07/31/2026 07:51:21] MOTION_AUTHORITY state=target_rejected run_id=native-20260731-c8-full30 client=i5 action=none detail=sequence=169_target_error_mm=48979_native_fallback=false
[Info   :ComfyNetworkSense] [07/31/2026 07:51:21] MOTION_AUTHORITY state=target_rejected run_id=native-20260731-c8-full30 client=i5 action=none detail=sequence=169_target_error_mm=48982_native_fallback=false
[Info   :ComfyNetworkSense] [07/31/2026 07:51:21] MOTION_AUTHORITY state=target_rejected run_id=native-20260731-c8-full30 client=i5 action=none detail=sequence=169_target_error_mm=48985_native_fallback=false
[Info   :ComfyNetworkSense] [07/31/2026 07:51:21] MOTION_AUTHORITY state=target_rejected run_id=native-20260731-c8-full30 client=i5 action=none detail=sequence=169_target_error_mm=48989_native_fallback=false
[Info   :ComfyNetworkSense] [07/31/2026 07:51:21] MOTION_AUTHORITY state=target_rejected run_id=native-20260731-c8-full30 client=i5 action=none detail=sequence=169_target_error_mm=48992_native_fallback=false
[Info   :ComfyNetworkSense] [07/31/2026 07:51:21] MOTION_AUTHORITY state=target_rejected run_id=native-20260731-c8-full30 client=i5 action=none detail=sequence=170_target_error_mm=49005_native_fallback=false
[Info   :ComfyNetworkSense] [07/31/2026 07:51:21] MOTION_AUTHORITY state=target_rejected run_id=native-20260731-c8-full30 client=i5 action=none detail=sequence=170_target_error_mm=49008_native_fallback=false
[Info   :ComfyNetworkSense] [07/31/2026 07:51:21] MOTION_AUTHORITY state=target_rejected run_id=native-20260731-c8-full30 client=i5 action=none detail=sequence=170_target_error_mm=49012_native_fallback=false
[Info   :ComfyNetworkSense] [07/31/2026 07:51:21] MOTION_AUTHORITY state=target_rejected run_id=native-20260731-c8-full30 client=i5 action=none detail=sequence=170_target_error_mm=49014_native_fallback=false
[Info   :ComfyNetworkSense] [07/31/2026 07:51:21] MOTION_AUTHORITY state=target_rejected run_id=native-20260731-c8-full30 client=i5 action=none detail=sequence=170_target_error_mm=49019_native_fallback=false
[Info   :ComfyNetworkSense] [07/31/2026 07:51:21] MOTION_AUTHORITY state=target_rejected run_id=native-20260731-c8-full30 client=i5 action=none detail=sequence=170_target_error_mm=49021_native_fallback=false
[Info   :ComfyNetworkSense] [07/31/2026 07:51:21] MOTION_AUTHORITY state=target_rejected run_id=native-20260731-c8-full30 client=i5 action=none detail=sequence=171_target_error_mm=49015_native_fallback=false
[Info   :ComfyNetworkSense] [07/31/2026 07:51:21] MOTION_AUTHORITY state=target_rejected run_id=native-20260731-c8-full30 client=i5 action=none detail=sequence=171_target_error_mm=49018_native_fallback=false
[Info   :ComfyNetworkSense] [07/31/2026 07:51:21] MOTION_AUTHORITY state=target_rejected run_id=native-20260731-c8-full30 client=i5 action=none detail=sequence=171_target_error_mm=49022_native_fallback=false
[Info   :ComfyNetworkSense] [07/31/2026 07:51:21] MOTION_AUTHORITY state=target_rejected run_id=native-20260731-c8-full30 client=i5 action=none detail=sequence=171_target_error_mm=49025_native_fallback=false
[Info   :ComfyNetworkSense] [07/31/2026 07:51:21] MOTION_AUTHORITY state=target_rejected run_id=native-20260731-c8-full30 client=i5 action=none detail=sequence=171_target_error_mm=49028_native_fallback=false
[Info   :ComfyNetworkSense] [07/31/2026 07:51:21] MOTION_AUTHORITY state=target_rejected run_id=native-20260731-c8-full30 client=i5 action=none detail=sequence=171_target_error_mm=49031_native_fallback=false
[Info   :ComfyNetworkSense] [07/31/2026 07:51:21] MOTION_AUTHORITY state=target_rejected run_id=native-20260731-c8-full30 client=i5 action=none detail=sequence=172_target_error_mm=49045_native_fallback=false
[Info   :ComfyNetworkSense] [07/31/2026 07:51:21] MOTION_AUTHORITY state=target_rejected run_id=native-20260731-c8-full30 client=i5 action=none detail=sequence=172_target_error_mm=49049_native_fallback=false
[Info   :ComfyNetworkSense] [07/31/2026 07:51:21] MOTION_AUTHORITY state=target_rejected run_id=native-20260731-c8-full30 client=i5 action=none detail=sequence=172_target_error_mm=49052_native_fallback=false
[Info   :ComfyNetworkSense] [07/31/2026 07:51:21] MOTION_AUTHORITY state=target_rejected run_id=native-20260731-c8-full30 client=i5 action=none detail=sequence=172_target_error_mm=49055_native_fallback=false
[Info   :ComfyNetworkSense] [07/31/2026 07:51:21] MOTION_AUTHORITY state=target_rejected run_id=native-20260731-c8-full30 client=i5 action=none detail=sequence=172_target_error_mm=49058_native_fallback=false
[Info   :ComfyNetworkSense] [07/31/2026 07:51:21] MOTION_AUTHORITY state=target_rejected run_id=native-20260731-c8-full30 client=i5 action=none detail=sequence=172_target_error_mm=49061_native_fallback=false
[Info   :ComfyNetworkSense] [07/31/2026 07:51:21] MOTION_AUTHORITY state=target_rejected run_id=native-20260731-c8-full30 client=i5 action=none detail=sequence=172_target_error_mm=49065_native_fallback=false
[Info   :ComfyNetworkSense] [07/31/2026 07:51:21] MOTION_AUTHORITY state=target_rejected run_id=native-20260731-c8-full30 client=i5 action=none detail=sequence=173_target_error_mm=49067_native_fallback=false
[Info   :ComfyNetworkSense] [07/31/2026 07:51:21] MOTION_AUTHORITY state=target_rejected run_id=native-20260731-c8-full30 client=i5 action=none detail=sequence=173_target_error_mm=49072_native_fallback=false
[Info   :ComfyNetworkSense] [07/31/2026 07:51:21] MOTION_AUTHORITY state=target_rejected run_id=native-20260731-c8-full30 client=i5 action=none detail=sequence=173_target_error_mm=49074_native_fallback=false
[Info   :ComfyNetworkSense] [07/31/2026 07:51:21] MOTION_AUTHORITY state=target_rejected run_id=native-20260731-c8-full30 client=i5 action=none detail=sequence=173_target_error_mm=49078_native_fallback=false
[Info   :ComfyNetworkSense] [07/31/2026 07:51:21] MOTION_AUTHORITY state=target_rejected run_id=native-20260731-c8-full30 client=i5 action=none detail=sequence=173_target_error_mm=49081_native_fallback=false
[Info   :ComfyNetworkSense] [07/31/2026 07:51:21] MOTION_AUTHORITY state=target_rejected run_id=native-20260731-c8-full30 client=i5 action=none detail=sequence=173_target_error_mm=49085_native_fallback=false
[Info   :ComfyNetworkSense] [07/31/2026 07:51:21] MOTION_AUTHORITY state=target_rejected run_id=native-20260731-c8-full30 client=i5 action=none detail=sequence=174_target_error_mm=49078_native_fallback=false
[Info   :ComfyNetworkSense] [07/31/2026 07:51:21] MOTION_AUTHORITY state=target_rejected run_id=native-20260731-c8-full30 client=i5 action=none detail=sequence=174_target_error_mm=49082_native_fallback=false
[Info   :ComfyNetworkSense] [07/31/2026 07:51:21] MOTION_AUTHORITY state=target_rejected run_id=native-20260731-c8-full30 client=i5 action=none detail=sequence=174_target_error_mm=49084_native_fallback=false
[Info   :ComfyNetworkSense] [07/31/2026 07:51:21] MOTION_AUTHORITY state=target_rejected run_id=native-20260731-c8-full30 client=i5 action=none detail=sequence=174_target_error_mm=49087_native_fallback=false
[Info   :ComfyNetworkSense] [07/31/2026 07:51:21] MOTION_AUTHORITY state=target_rejected run_id=native-20260731-c8-full30 client=i5 action=none detail=sequence=174_target_error_mm=49090_native_fallback=false
[Info   :ComfyNetworkSense] [07/31/2026 07:51:21] MOTION_AUTHORITY state=target_rejected run_id=native-20260731-c8-full30 client=i5 action=none detail=sequence=174_target_error_mm=49093_native_fallback=false
[Info   :ComfyNetworkSense] [07/31/2026 07:51:21] MOTION_AUTHORITY state=target_rejected run_id=native-20260731-c8-full30 client=i5 action=none detail=sequence=174_target_error_mm=49096_native_fallback=false
[Info   :ComfyNetworkSense] [07/31/2026 07:51:21] MOTION_AUTHORITY state=target_rejected run_id=native-20260731-c8-full30 client=i5 action=none detail=sequence=175_target_error_mm=49109_native_fallback=false
[Info   :ComfyNetworkSense] [07/31/2026 07:51:21] MOTION_AUTHORITY state=target_rejected run_id=native-20260731-c8-full30 client=i5 action=none detail=sequence=175_target_error_mm=49112_native_fallback=false
[Info   :ComfyNetworkSense] [07/31/2026 07:51:21] MOTION_AUTHORITY state=target_rejected run_id=native-20260731-c8-full30 client=i5 action=none detail=sequence=175_target_error_mm=49115_native_fallback=false
[Info   :ComfyNetworkSense] [07/31/2026 07:51:21] LOGICAL_PEER_CUTOVER state=logical_native_invoke_suppressed run_id=native-20260731-c8-full30 detail=count=128_method=ZDOData_semantic_fallback=false
[Info   :ComfyNetworkSense] [07/31/2026 07:51:21] MOTION_AUTHORITY state=target_rejected run_id=native-20260731-c8-full30 client=i5 action=none detail=sequence=175_target_error_mm=49118_native_fallback=false
[Info   :ComfyNetworkSense] [07/31/2026 07:51:21] MOTION_AUTHORITY state=target_rejected run_id=native-20260731-c8-full30 client=i5 action=none detail=sequence=175_target_error_mm=49121_native_fallback=false
[Info   :ComfyNetworkSense] [07/31/2026 07:51:21] MOTION_AUTHORITY state=target_rejected run_id=native-20260731-c8-full30 client=i5 action=none detail=sequence=175_target_error_mm=49125_native_fallback=false
[Info   :ComfyNetworkSense] [07/31/2026 07:51:21] MOTION_AUTHORITY state=target_rejected run_id=native-20260731-c8-full30 client=i5 action=none detail=sequence=176_target_error_mm=49128_native_fallback=false
[Info   :ComfyNetworkSense] [07/31/2026 07:51:21] MOTION_AUTHORITY state=target_rejected run_id=native-20260731-c8-full30 client=i5 action=none detail=sequence=176_target_error_mm=49131_native_fallback=false
[Info   :ComfyNetworkSense] [07/31/2026 07:51:21] MOTION_AUTHORITY state=target_rejected run_id=native-20260731-c8-full30 client=i5 action=none detail=sequence=176_target_error_mm=49134_native_fallback=false
[Info   :ComfyNetworkSense] [07/31/2026 07:51:21] MOTION_AUTHORITY state=target_rejected run_id=native-20260731-c8-full30 client=i5 action=none detail=sequence=176_target_error_mm=49138_native_fallback=false
[Info   :ComfyNetworkSense] [07/31/2026 07:51:21] MOTION_AUTHORITY state=target_rejected run_id=native-20260731-c8-full30 client=i5 action=none detail=sequence=176_target_error_mm=49140_native_fallback=false
[Info   :ComfyNetworkSense] [07/31/2026 07:51:21] MOTION_AUTHORITY state=target_rejected run_id=native-20260731-c8-full30 client=i5 action=none detail=sequence=176_target_error_mm=49143_native_fallback=false
[Info   :ComfyNetworkSense] [07/31/2026 07:51:21] MOTION_AUTHORITY state=target_rejected run_id=native-20260731-c8-full30 client=i5 action=none detail=sequence=176_target_error_mm=49146_native_fallback=false
[Info   :ComfyNetworkSense] [07/31/2026 07:51:21] MOTION_AUTHORITY state=target_rejected run_id=native-20260731-c8-full30 client=i5 action=none detail=sequence=177_target_error_mm=49139_native_fallback=false
[Info   :ComfyNetworkSense] [07/31/2026 07:51:21] MOTION_AUTHORITY state=target_rejected run_id=native-20260731-c8-full30 client=i5 action=none detail=sequence=177_target_error_mm=49142_native_fallback=false
[Info   :ComfyNetworkSense] [07/31/2026 07:51:21] MOTION_AUTHORITY state=target_rejected run_id=native-20260731-c8-full30 client=i5 action=none detail=sequence=177_target_error_mm=49145_native_fallback=false
[Info   :ComfyNetworkSense] [07/31/2026 07:51:21] MOTION_AUTHORITY state=target_rejected run_id=native-20260731-c8-full30 client=i5 action=none detail=sequence=177_target_error_mm=49149_native_fallback=false
[Info   :ComfyNetworkSense] [07/31/2026 07:51:21] MOTION_AUTHORITY state=target_rejected run_id=native-20260731-c8-full30 client=i5 action=none detail=sequence=177_target_error_mm=49152_native_fallback=false
[Info   :ComfyNetworkSense] [07/31/2026 07:51:21] MOTION_AUTHORITY state=target_rejected run_id=native-20260731-c8-full30 client=i5 action=none detail=sequence=177_target_error_mm=49155_native_fallback=false
[Info   :ComfyNetworkSense] [07/31/2026 07:51:21] MOTION_AUTHORITY state=target_rejected run_id=native-20260731-c8-full30 client=i5 action=none detail=sequence=177_target_error_mm=49158_native_fallback=false
[Info   :ComfyNetworkSense] [07/31/2026 07:51:21] MOTION_AUTHORITY state=target_rejected run_id=native-20260731-c8-full30 client=i5 action=none detail=sequence=177_target_error_mm=49161_native_fallback=false
[Info   :ComfyNetworkSense] [07/31/2026 07:51:21] MOTION_AUTHORITY state=target_rejected run_id=native-20260731-c8-full30 client=i5 action=none detail=sequence=178_target_error_mm=49174_native_fallback=false
[Info   :ComfyNetworkSense] [07/31/2026 07:51:21] MOTION_AUTHORITY state=target_rejected run_id=native-20260731-c8-full30 client=i5 action=none detail=sequence=178_target_error_mm=49178_native_fallback=false
[Info   :ComfyNetworkSense] [07/31/2026 07:51:21] MOTION_AUTHORITY state=target_rejected run_id=native-20260731-c8-full30 client=i5 action=none detail=sequence=178_target_error_mm=49180_native_fallback=false
[Info   :ComfyNetworkSense] [07/31/2026 07:51:21] MOTION_AUTHORITY state=target_rejected run_id=native-20260731-c8-full30 client=i5 action=none detail=sequence=178_target_error_mm=49185_native_fallback=false
[Info   :ComfyNetworkSense] [07/31/2026 07:51:21] MOTION_AUTHORITY state=target_rejected run_id=native-20260731-c8-full30 client=i5 action=none detail=sequence=178_target_error_mm=49188_native_fallback=false
[Info   :ComfyNetworkSense] [07/31/2026 07:51:21] MOTION_AUTHORITY state=target_rejected run_id=native-20260731-c8-full30 client=i5 action=none detail=sequence=179_target_error_mm=49183_native_fallback=false
[Info   :ComfyNetworkSense] [07/31/2026 07:51:21] MOTION_AUTHORITY state=target_rejected run_id=native-20260731-c8-full30 client=i5 action=none detail=sequence=179_target_error_mm=49187_native_fallback=false
[Info   :ComfyNetworkSense] [07/31/2026 07:51:21] MOTION_AUTHORITY state=target_rejected run_id=native-20260731-c8-full30 client=i5 action=none detail=sequence=179_target_error_mm=49190_native_fallback=false
[Info   :ComfyNetworkSense] [07/31/2026 07:51:21] MOTION_AUTHORITY state=target_rejected run_id=native-20260731-c8-full30 client=i5 action=none detail=sequence=179_target_error_mm=49193_native_fallback=false
[Info   :ComfyNetworkSense] [07/31/2026 07:51:21] MOTION_AUTHORITY state=target_rejected run_id=native-20260731-c8-full30 client=i5 action=none detail=sequence=179_target_error_mm=49196_native_fallback=false
[Info   :ComfyNetworkSense] [07/31/2026 07:51:21] MOTION_AUTHORITY state=target_rejected run_id=native-20260731-c8-full30 client=i5 action=none detail=sequence=179_target_error_mm=49199_native_fallback=false
[Info   :ComfyNetworkSense] [07/31/2026 07:51:21] MOTION_AUTHORITY state=target_rejected run_id=native-20260731-c8-full30 client=i5 action=none detail=sequence=179_target_error_mm=49202_native_fallback=false
[Info   :ComfyNetworkSense] [07/31/2026 07:51:21] MOTION_AUTHORITY state=target_rejected run_id=native-20260731-c8-full30 client=i5 action=none detail=sequence=179_target_error_mm=49205_native_fallback=false
[Info   :ComfyNetworkSense] [07/31/2026 07:51:22] MOTION_AUTHORITY state=target_rejected run_id=native-20260731-c8-full30 client=i5 action=none detail=sequence=179_target_error_mm=49208_native_fallback=false
[Info   :ComfyNetworkSense] [07/31/2026 07:51:22] MOTION_AUTHORITY state=target_rejected run_id=native-20260731-c8-full30 client=i5 action=none detail=sequence=179_target_error_mm=49211_native_fallback=false
[Info   :ComfyNetworkSense] [07/31/2026 07:51:22] MOTION_AUTHORITY state=target_rejected run_id=native-20260731-c8-full30 client=i5 action=none detail=sequence=180_target_error_mm=49225_native_fallback=false
[Info   :ComfyNetworkSense] [07/31/2026 07:51:22] MOTION_AUTHORITY state=target_rejected run_id=native-20260731-c8-full30 client=i5 action=none detail=sequence=180_target_error_mm=49228_native_fallback=false
[Info   :ComfyNetworkSense] [07/31/2026 07:51:22] MOTION_AUTHORITY state=target_rejected run_id=native-20260731-c8-full30 client=i5 action=none detail=sequence=180_target_error_mm=49231_native_fallback=false
[Info   :ComfyNetworkSense] [07/31/2026 07:51:22] MOTION_AUTHORITY state=target_rejected run_id=native-20260731-c8-full30 client=i5 action=none detail=sequence=181_target_error_mm=49234_native_fallback=false
[Info   :ComfyNetworkSense] [07/31/2026 07:51:22] MOTION_AUTHORITY state=target_rejected run_id=native-20260731-c8-full30 client=i5 action=none detail=sequence=181_target_error_mm=49238_native_fallback=false
[Info   :ComfyNetworkSense] [07/31/2026 07:51:22] MOTION_AUTHORITY state=target_rejected run_id=native-20260731-c8-full30 client=i5 action=none detail=sequence=181_target_error_mm=49240_native_fallback=false
[Info   :ComfyNetworkSense] [07/31/2026 07:51:22] MOTION_AUTHORITY state=target_rejected run_id=native-20260731-c8-full30 client=i5 action=none detail=sequence=181_target_error_mm=49244_native_fallback=false
[Info   :ComfyNetworkSense] [07/31/2026 07:51:22] MOTION_AUTHORITY state=target_rejected run_id=native-20260731-c8-full30 client=i5 action=none detail=sequence=181_target_error_mm=49247_native_fallback=false
[Info   :ComfyNetworkSense] [07/31/2026 07:51:22] MOTION_AUTHORITY state=target_rejected run_id=native-20260731-c8-full30 client=i5 action=none detail=sequence=181_target_error_mm=49251_native_fallback=false
[Info   :ComfyNetworkSense] [07/31/2026 07:51:22] MOTION_AUTHORITY state=target_rejected run_id=native-20260731-c8-full30 client=i5 action=none detail=sequence=182_target_error_mm=49243_native_fallback=false
[Info   :ComfyNetworkSense] [07/31/2026 07:51:22] MOTION_AUTHORITY state=target_rejected run_id=native-20260731-c8-full30 client=i5 action=none detail=sequence=182_target_error_mm=49246_native_fallback=false
[Info   :ComfyNetworkSense] [07/31/2026 07:51:22] MOTION_AUTHORITY state=target_rejected run_id=native-20260731-c8-full30 client=i5 action=none detail=sequence=182_target_error_mm=49249_native_fallback=false
[Info   :ComfyNetworkSense] [07/31/2026 07:51:22] MOTION_AUTHORITY state=target_rejected run_id=native-20260731-c8-full30 client=i5 action=none detail=sequence=182_target_error_mm=49252_native_fallback=false
[Info   :ComfyNetworkSense] [07/31/2026 07:51:22] MOTION_AUTHORITY state=target_rejected run_id=native-20260731-c8-full30 client=i5 action=none detail=sequence=182_target_error_mm=49255_native_fallback=false
[Info   :ComfyNetworkSense] [07/31/2026 07:51:22] MOTION_AUTHORITY state=target_rejected run_id=native-20260731-c8-full30 client=i5 action=none detail=sequence=182_target_error_mm=49258_native_fallback=false
[Info   :ComfyNetworkSense] [07/31/2026 07:51:22] MOTION_AUTHORITY state=target_rejected run_id=native-20260731-c8-full30 client=i5 action=none detail=sequence=182_target_error_mm=49261_native_fallback=false
[Info   :ComfyNetworkSense] [07/31/2026 07:51:22] MOTION_AUTHORITY state=target_rejected run_id=native-20260731-c8-full30 client=i5 action=none detail=sequence=182_target_error_mm=49264_native_fallback=false
[Info   :ComfyNetworkSense] [07/31/2026 07:51:22] MOTION_AUTHORITY state=target_rejected run_id=native-20260731-c8-full30 client=i5 action=none detail=sequence=183_target_error_mm=49277_native_fallback=false
[Info   :ComfyNetworkSense] [07/31/2026 07:51:22] MOTION_AUTHORITY state=target_rejected run_id=native-20260731-c8-full30 client=i5 action=none detail=sequence=183_target_error_mm=49280_native_fallback=false
[Info   :ComfyNetworkSense] [07/31/2026 07:51:22] MOTION_AUTHORITY state=target_rejected run_id=native-20260731-c8-full30 client=i5 action=none detail=sequence=183_target_error_mm=49284_native_fallback=false
[Info   :ComfyNetworkSense] [07/31/2026 07:51:22] MOTION_AUTHORITY state=target_rejected run_id=native-20260731-c8-full30 client=i5 action=none detail=sequence=183_target_error_mm=49287_native_fallback=false
[Info   :ComfyNetworkSense] [07/31/2026 07:51:22] MOTION_AUTHORITY state=target_rejected run_id=native-20260731-c8-full30 client=i5 action=none detail=sequence=183_target_error_mm=49291_native_fallback=false
[Info   :ComfyNetworkSense] [07/31/2026 07:51:22] MOTION_AUTHORITY state=target_rejected run_id=native-20260731-c8-full30 client=i5 action=none detail=sequence=183_target_error_mm=49293_native_fallback=false
[Info   :ComfyNetworkSense] [07/31/2026 07:51:22] MOTION_AUTHORITY state=target_rejected run_id=native-20260731-c8-full30 client=i5 action=none detail=sequence=184_target_error_mm=49297_native_fallback=false
[Info   :ComfyNetworkSense] [07/31/2026 07:51:22] MOTION_AUTHORITY state=target_rejected run_id=native-20260731-c8-full30 client=i5 action=none detail=sequence=184_target_error_mm=49300_native_fallback=false
[Info   :ComfyNetworkSense] [07/31/2026 07:51:22] MOTION_AUTHORITY state=target_rejected run_id=native-20260731-c8-full30 client=i5 action=none detail=sequence=184_target_error_mm=49303_native_fallback=false
[Info   :ComfyNetworkSense] [07/31/2026 07:51:22] MOTION_AUTHORITY state=target_rejected run_id=native-20260731-c8-full30 client=i5 action=none detail=sequence=184_target_error_mm=49306_native_fallback=false
[Info   :ComfyNetworkSense] [07/31/2026 07:51:22] MOTION_AUTHORITY state=target_rejected run_id=native-20260731-c8-full30 client=i5 action=none detail=sequence=184_target_error_mm=49309_native_fallback=false
[Info   :ComfyNetworkSense] [07/31/2026 07:51:22] MOTION_AUTHORITY state=target_rejected run_id=native-20260731-c8-full30 client=i5 action=none detail=sequence=184_target_error_mm=49312_native_fallback=false
[Info   :ComfyNetworkSense] [07/31/2026 07:51:22] MOTION_AUTHORITY state=target_rejected run_id=native-20260731-c8-full30 client=i5 action=none detail=sequence=184_target_error_mm=49315_native_fallback=false
[Info   :ComfyNetworkSense] [07/31/2026 07:51:22] MOTION_AUTHORITY state=target_rejected run_id=native-20260731-c8-full30 client=i5 action=none detail=sequence=185_target_error_mm=49308_native_fallback=false
[Info   :ComfyNetworkSense] [07/31/2026 07:51:22] MOTION_AUTHORITY state=target_rejected run_id=native-20260731-c8-full30 client=i5 action=none detail=sequence=185_target_error_mm=49311_native_fallback=false
[Info   :ComfyNetworkSense] [07/31/2026 07:51:22] MOTION_AUTHORITY state=target_rejected run_id=native-20260731-c8-full30 client=i5 action=none detail=sequence=185_target_error_mm=49314_native_fallback=false
[Info   :ComfyNetworkSense] [07/31/2026 07:51:22] MOTION_AUTHORITY state=target_rejected run_id=native-20260731-c8-full30 client=i5 action=none detail=sequence=185_target_error_mm=49317_native_fallback=false
[Info   :ComfyNetworkSense] [07/31/2026 07:51:22] MOTION_AUTHORITY state=target_rejected run_id=native-20260731-c8-full30 client=i5 action=none detail=sequence=185_target_error_mm=49321_native_fallback=false
[Info   :ComfyNetworkSense] [07/31/2026 07:51:22] MOTION_AUTHORITY state=target_rejected run_id=native-20260731-c8-full30 client=i5 action=none detail=sequence=185_target_error_mm=49323_native_fallback=false
[Info   :ComfyNetworkSense] [07/31/2026 07:51:22] MOTION_AUTHORITY state=target_rejected run_id=native-20260731-c8-full30 client=i5 action=none detail=sequence=186_target_error_mm=49337_native_fallback=false
[Info   :ComfyNetworkSense] [07/31/2026 07:51:22] MOTION_AUTHORITY state=target_rejected run_id=native-20260731-c8-full30 client=i5 action=none detail=sequence=186_target_error_mm=49339_native_fallback=false
[Info   :ComfyNetworkSense] [07/31/2026 07:51:22] MOTION_AUTHORITY state=target_rejected run_id=native-20260731-c8-full30 client=i5 action=none detail=sequence=186_target_error_mm=49343_native_fallback=false
[Info   :ComfyNetworkSense] [07/31/2026 07:51:22] MOTION_AUTHORITY state=target_rejected run_id=native-20260731-c8-full30 client=i5 action=none detail=sequence=186_target_error_mm=49346_native_fallback=false
[Info   :ComfyNetworkSense] [07/31/2026 07:51:22] MOTION_AUTHORITY state=target_rejected run_id=native-20260731-c8-full30 client=i5 action=none detail=sequence=186_target_error_mm=49349_native_fallback=false
[Info   :ComfyNetworkSense] [07/31/2026 07:51:22] MOTION_AUTHORITY state=target_rejected run_id=native-20260731-c8-full30 client=i5 action=none detail=sequence=186_target_error_mm=49352_native_fallback=false
[Info   :ComfyNetworkSense] [07/31/2026 07:51:22] MOTION_AUTHORITY state=target_rejected run_id=native-20260731-c8-full30 client=i5 action=none detail=sequence=186_target_error_mm=49355_native_fallback=false
[Info   :ComfyNetworkSense] [07/31/2026 07:51:22] MOTION_AUTHORITY state=target_rejected run_id=native-20260731-c8-full30 client=i5 action=none detail=sequence=186_target_error_mm=49358_native_fallback=false
[Info   :ComfyNetworkSense] [07/31/2026 07:51:22] MOTION_AUTHORITY state=target_rejected run_id=native-20260731-c8-full30 client=i5 action=none detail=sequence=187_target_error_mm=49361_native_fallback=false
[Info   :ComfyNetworkSense] [07/31/2026 07:51:22] MOTION_AUTHORITY state=target_rejected run_id=native-20260731-c8-full30 client=i5 action=none detail=sequence=187_target_error_mm=49364_native_fallback=false
[Info   :ComfyNetworkSense] [07/31/2026 07:51:22] MOTION_AUTHORITY state=target_rejected run_id=native-20260731-c8-full30 client=i5 action=none detail=sequence=187_target_error_mm=49367_native_fallback=false
[Info   :ComfyNetworkSense] [07/31/2026 07:51:22] MOTION_AUTHORITY state=target_rejected run_id=native-20260731-c8-full30 client=i5 action=none detail=sequence=187_target_error_mm=49370_native_fallback=false
[Info   :ComfyNetworkSense] [07/31/2026 07:51:22] MOTION_AUTHORITY state=target_rejected run_id=native-20260731-c8-full30 client=i5 action=none detail=sequence=187_target_error_mm=49373_native_fallback=false
[Info   :ComfyNetworkSense] [07/31/2026 07:51:22] MOTION_AUTHORITY state=target_rejected run_id=native-20260731-c8-full30 client=i5 action=none detail=sequence=187_target_error_mm=49377_native_fallback=false
[Info   :ComfyNetworkSense] [07/31/2026 07:51:22] MOTION_AUTHORITY state=target_rejected run_id=native-20260731-c8-full30 client=i5 action=none detail=sequence=187_target_error_mm=49380_native_fallback=false
[Info   :ComfyNetworkSense] [07/31/2026 07:51:22] MOTION_AUTHORITY state=target_rejected run_id=native-20260731-c8-full30 client=i5 action=none detail=sequence=188_target_error_mm=49374_native_fallback=false
[Info   :ComfyNetworkSense] [07/31/2026 07:51:22] MOTION_AUTHORITY state=target_rejected run_id=native-20260731-c8-full30 client=i5 action=none detail=sequence=188_target_error_mm=49377_native_fallback=false
[Info   :ComfyNetworkSense] [07/31/2026 07:51:22] MOTION_AUTHORITY state=target_rejected run_id=native-20260731-c8-full30 client=i5 action=none detail=sequence=188_target_error_mm=49380_native_fallback=false
[Info   :ComfyNetworkSense] [07/31/2026 07:51:22] MOTION_AUTHORITY state=target_rejected run_id=native-20260731-c8-full30 client=i5 action=none detail=sequence=188_target_error_mm=49383_native_fallback=false
[Info   :ComfyNetworkSense] [07/31/2026 07:51:22] MOTION_AUTHORITY state=target_rejected run_id=native-20260731-c8-full30 client=i5 action=none detail=sequence=188_target_error_mm=49387_native_fallback=false
[Info   :ComfyNetworkSense] [07/31/2026 07:51:22] MOTION_AUTHORITY state=target_rejected run_id=native-20260731-c8-full30 client=i5 action=none detail=sequence=188_target_error_mm=49390_native_fallback=false
[Info   :ComfyNetworkSense] [07/31/2026 07:51:22] MOTION_AUTHORITY state=target_rejected run_id=native-20260731-c8-full30 client=i5 action=none detail=sequence=189_target_error_mm=49404_native_fallback=false
[Info   :ComfyNetworkSense] [07/31/2026 07:51:22] MOTION_AUTHORITY state=target_rejected run_id=native-20260731-c8-full30 client=i5 action=none detail=sequence=189_target_error_mm=49407_native_fallback=false
[Info   :ComfyNetworkSense] [07/31/2026 07:51:22] MOTION_AUTHORITY state=target_rejected run_id=native-20260731-c8-full30 client=i5 action=none detail=sequence=189_target_error_mm=49410_native_fallback=false
[Info   :ComfyNetworkSense] [07/31/2026 07:51:22] MOTION_AUTHORITY state=target_rejected run_id=native-20260731-c8-full30 client=i5 action=none detail=sequence=189_target_error_mm=49413_native_fallback=false
[Info   :ComfyNetworkSense] [07/31/2026 07:51:22] MOTION_AUTHORITY state=target_rejected run_id=native-20260731-c8-full30 client=i5 action=none detail=sequence=189_target_error_mm=49417_native_fallback=false
[Info   :ComfyNetworkSense] [07/31/2026 07:51:22] MOTION_AUTHORITY state=target_rejected run_id=native-20260731-c8-full30 client=i5 action=none detail=sequence=189_target_error_mm=49419_native_fallback=false
[Info   :ComfyNetworkSense] [07/31/2026 07:51:22] MOTION_AUTHORITY state=target_rejected run_id=native-20260731-c8-full30 client=i5 action=none detail=sequence=190_target_error_mm=49414_native_fallback=false
[Info   :ComfyNetworkSense] [07/31/2026 07:51:22] MOTION_AUTHORITY state=target_rejected run_id=native-20260731-c8-full30 client=i5 action=none detail=sequence=190_target_error_mm=49416_native_fallback=false
[Info   :ComfyNetworkSense] [07/31/2026 07:51:22] MOTION_AUTHORITY state=target_rejected run_id=native-20260731-c8-full30 client=i5 action=none detail=sequence=190_target_error_mm=49420_native_fallback=false
[Info   :ComfyNetworkSense] [07/31/2026 07:51:22] MOTION_AUTHORITY state=target_rejected run_id=native-20260731-c8-full30 client=i5 action=none detail=sequence=190_target_error_mm=49423_native_fallback=false
[Info   :ComfyNetworkSense] [07/31/2026 07:51:22] CUTOVER_SCENARIO state=coordinate_teleport_progress run_id=native-20260731-c8-full30 client=i5 action=i5-c8-safe-origin detail=teleporting=True_distance=0_target_zone=35,-1_reference_zone=35,-1_zone_loaded=True_area_ready=True_sector_objects=1246_valid_prefabs=1246_instantiated=1246_missing=0_banked=1315_inbound=0_applied=1306_superseded=0_apply_failures=0
[Info   :ComfyNetworkSense] [07/31/2026 07:51:22] MOTION_AUTHORITY state=target_rejected run_id=native-20260731-c8-full30 client=i5 action=none detail=sequence=190_target_error_mm=49427_native_fallback=false
[Info   :ComfyNetworkSense] [07/31/2026 07:51:22] MOTION_AUTHORITY state=target_rejected run_id=native-20260731-c8-full30 client=i5 action=none detail=sequence=190_target_error_mm=49431_native_fallback=false
[Info   :ComfyNetworkSense] [07/31/2026 07:51:22] MOTION_AUTHORITY state=target_rejected run_id=native-20260731-c8-full30 client=i5 action=none detail=sequence=191_target_error_mm=49429_native_fallback=false
[Info   :ComfyNetworkSense] [07/31/2026 07:51:22] MOTION_AUTHORITY state=target_rejected run_id=native-20260731-c8-full30 client=i5 action=none detail=sequence=191_target_error_mm=49432_native_fallback=false
[Info   :ComfyNetworkSense] [07/31/2026 07:51:22] MOTION_AUTHORITY state=target_rejected run_id=native-20260731-c8-full30 client=i5 action=none detail=sequence=191_target_error_mm=49435_native_fallback=false
[Info   :ComfyNetworkSense] [07/31/2026 07:51:22] MOTION_AUTHORITY state=target_rejected run_id=native-20260731-c8-full30 client=i5 action=none detail=sequence=191_target_error_mm=49438_native_fallback=false
[Info   :ComfyNetworkSense] [07/31/2026 07:51:22] MOTION_AUTHORITY state=target_rejected run_id=native-20260731-c8-full30 client=i5 action=none detail=sequence=191_target_error_mm=49442_native_fallback=false
[Info   :ComfyNetworkSense] [07/31/2026 07:51:22] MOTION_AUTHORITY state=target_rejected run_id=native-20260731-c8-full30 client=i5 action=none detail=sequence=191_target_error_mm=49445_native_fallback=false
[Info   :ComfyNetworkSense] [07/31/2026 07:51:22] MOTION_AUTHORITY state=target_rejected run_id=native-20260731-c8-full30 client=i5 action=none detail=sequence=191_target_error_mm=49449_native_fallback=false
[Info   :ComfyNetworkSense] [07/31/2026 07:51:22] MOTION_AUTHORITY state=target_rejected run_id=native-20260731-c8-full30 client=i5 action=none detail=sequence=192_target_error_mm=49436_native_fallback=false
[Info   :ComfyNetworkSense] [07/31/2026 07:51:22] MOTION_AUTHORITY state=target_rejected run_id=native-20260731-c8-full30 client=i5 action=none detail=sequence=192_target_error_mm=49440_native_fallback=false
[Warning:ComfyNetworkSense] [07/31/2026 07:51:22] Authoritative consumer poll failed: TimeoutException: connect timeout to 8.231.129.249:42317
[Info   :ComfyNetworkSense] [07/31/2026 07:51:22] MOTION_AUTHORITY state=target_rejected run_id=native-20260731-c8-full30 client=i5 action=none detail=sequence=192_target_error_mm=49445_native_fallback=false
[Info   :ComfyNetworkSense] [07/31/2026 07:51:22] MOTION_AUTHORITY state=target_rejected run_id=native-20260731-c8-full30 client=i5 action=none detail=sequence=192_target_error_mm=49448_native_fallback=false
[Info   :ComfyNetworkSense] [07/31/2026 07:51:22] MOTION_AUTHORITY state=target_rejected run_id=native-20260731-c8-full30 client=i5 action=none detail=sequence=192_target_error_mm=49451_native_fallback=false
[Info   :ComfyNetworkSense] [07/31/2026 07:51:22] MOTION_AUTHORITY state=target_rejected run_id=native-20260731-c8-full30 client=i5 action=none detail=sequence=192_target_error_mm=49455_native_fallback=false
[Info   :ComfyNetworkSense] [07/31/2026 07:51:22] MOTION_AUTHORITY state=target_rejected run_id=native-20260731-c8-full30 client=i5 action=none detail=sequence=193_target_error_mm=49459_native_fallback=false
[Info   :ComfyNetworkSense] [07/31/2026 07:51:22] MOTION_AUTHORITY state=target_rejected run_id=native-20260731-c8-full30 client=i5 action=none detail=sequence=193_target_error_mm=49461_native_fallback=false
[Info   :ComfyNetworkSense] [07/31/2026 07:51:22] MOTION_AUTHORITY state=target_rejected run_id=native-20260731-c8-full30 client=i5 action=none detail=sequence=193_target_error_mm=49466_native_fallback=false
[Info   :ComfyNetworkSense] [07/31/2026 07:51:22] MOTION_AUTHORITY state=target_rejected run_id=native-20260731-c8-full30 client=i5 action=none detail=sequence=193_target_error_mm=49468_native_fallback=false
[Info   :ComfyNetworkSense] [07/31/2026 07:51:22] MOTION_AUTHORITY state=target_rejected run_id=native-20260731-c8-full30 client=i5 action=none detail=sequence=193_target_error_mm=49471_native_fallback=false
[Info   :ComfyNetworkSense] [07/31/2026 07:51:22] MOTION_AUTHORITY state=target_rejected run_id=native-20260731-c8-full30 client=i5 action=none detail=sequence=193_target_error_mm=49474_native_fallback=false
[Info   :ComfyNetworkSense] [07/31/2026 07:51:22] MOTION_AUTHORITY state=target_rejected run_id=native-20260731-c8-full30 client=i5 action=none detail=sequence=194_target_error_mm=49469_native_fallback=false
[Info   :ComfyNetworkSense] [07/31/2026 07:51:22] MOTION_AUTHORITY state=target_rejected run_id=native-20260731-c8-full30 client=i5 action=none detail=sequence=194_target_error_mm=49472_native_fallback=false
[Info   :ComfyNetworkSense] [07/31/2026 07:51:22] MOTION_AUTHORITY state=target_rejected run_id=native-20260731-c8-full30 client=i5 action=none detail=sequence=194_target_error_mm=49475_native_fallback=false
[Info   :ComfyNetworkSense] [07/31/2026 07:51:22] MOTION_AUTHORITY state=target_rejected run_id=native-20260731-c8-full30 client=i5 action=none detail=sequence=194_target_error_mm=49478_native_fallback=false
[Info   :ComfyNetworkSense] [07/31/2026 07:51:22] MOTION_AUTHORITY state=target_rejected run_id=native-20260731-c8-full30 client=i5 action=none detail=sequence=194_target_error_mm=49481_native_fallback=false
[Info   :ComfyNetworkSense] [07/31/2026 07:51:22] MOTION_AUTHORITY state=target_rejected run_id=native-20260731-c8-full30 client=i5 action=none detail=sequence=194_target_error_mm=49484_native_fallback=false
[Info   :ComfyNetworkSense] [07/31/2026 07:51:22] MOTION_AUTHORITY state=target_rejected run_id=native-20260731-c8-full30 client=i5 action=none detail=sequence=194_target_error_mm=49487_native_fallback=false
[Info   :ComfyNetworkSense] [07/31/2026 07:51:22] MOTION_AUTHORITY state=target_rejected run_id=native-20260731-c8-full30 client=i5 action=none detail=sequence=194_target_error_mm=49491_native_fallback=false
[Info   :ComfyNetworkSense] [07/31/2026 07:51:22] MOTION_AUTHORITY state=target_rejected run_id=native-20260731-c8-full30 client=i5 action=none detail=sequence=195_target_error_mm=49467_native_fallback=false
[Info   :ComfyNetworkSense] [07/31/2026 07:51:22] MOTION_AUTHORITY state=target_rejected run_id=native-20260731-c8-full30 client=i5 action=none detail=sequence=195_target_error_mm=49471_native_fallback=false
[Info   :ComfyNetworkSense] [07/31/2026 07:51:22] MOTION_AUTHORITY state=target_rejected run_id=native-20260731-c8-full30 client=i5 action=none detail=sequence=195_target_error_mm=49473_native_fallback=false
[Info   :ComfyNetworkSense] [07/31/2026 07:51:22] MOTION_AUTHORITY state=target_rejected run_id=native-20260731-c8-full30 client=i5 action=none detail=sequence=195_target_error_mm=49476_native_fallback=false
[Info   :ComfyNetworkSense] [07/31/2026 07:51:22] MOTION_AUTHORITY state=target_rejected run_id=native-20260731-c8-full30 client=i5 action=none detail=sequence=195_target_error_mm=49479_native_fallback=false
[Info   :ComfyNetworkSense] [07/31/2026 07:51:22] MOTION_AUTHORITY state=target_rejected run_id=native-20260731-c8-full30 client=i5 action=none detail=sequence=195_target_error_mm=49482_native_fallback=false
[Info   :ComfyNetworkSense] [07/31/2026 07:51:22] MOTION_AUTHORITY state=target_rejected run_id=native-20260731-c8-full30 client=i5 action=none detail=sequence=195_target_error_mm=49485_native_fallback=false
[Info   :ComfyNetworkSense] [07/31/2026 07:51:22] MOTION_AUTHORITY state=target_rejected run_id=native-20260731-c8-full30 client=i5 action=none detail=sequence=196_target_error_mm=49500_native_fallback=false
[Info   :ComfyNetworkSense] [07/31/2026 07:51:22] MOTION_AUTHORITY state=target_rejected run_id=native-20260731-c8-full30 client=i5 action=none detail=sequence=196_target_error_mm=49503_native_fallback=false
[Info   :ComfyNetworkSense] [07/31/2026 07:51:22] MOTION_AUTHORITY state=target_rejected run_id=native-20260731-c8-full30 client=i5 action=none detail=sequence=196_target_error_mm=49506_native_fallback=false
[Info   :ComfyNetworkSense] [07/31/2026 07:51:22] MOTION_AUTHORITY state=target_rejected run_id=native-20260731-c8-full30 client=i5 action=none detail=sequence=196_target_error_mm=49509_native_fallback=false
[Info   :ComfyNetworkSense] [07/31/2026 07:51:22] MOTION_AUTHORITY state=target_rejected run_id=native-20260731-c8-full30 client=i5 action=none detail=sequence=196_target_error_mm=49512_native_fallback=false
[Info   :ComfyNetworkSense] [07/31/2026 07:51:22] MOTION_AUTHORITY state=target_rejected run_id=native-20260731-c8-full30 client=i5 action=none detail=sequence=196_target_error_mm=49516_native_fallback=false
[Info   :ComfyNetworkSense] [07/31/2026 07:51:22] MOTION_AUTHORITY state=target_rejected run_id=native-20260731-c8-full30 client=i5 action=none detail=sequence=197_target_error_mm=49510_native_fallback=false
[Info   :ComfyNetworkSense] [07/31/2026 07:51:22] MOTION_AUTHORITY state=target_rejected run_id=native-20260731-c8-full30 client=i5 action=none detail=sequence=197_target_error_mm=49515_native_fallback=false
[Info   :ComfyNetworkSense] [07/31/2026 07:51:22] MOTION_AUTHORITY state=target_rejected run_id=native-20260731-c8-full30 client=i5 action=none detail=sequence=197_target_error_mm=49517_native_fallback=false
[Info   :ComfyNetworkSense] [07/31/2026 07:51:22] MOTION_AUTHORITY state=target_rejected run_id=native-20260731-c8-full30 client=i5 action=none detail=sequence=197_target_error_mm=49520_native_fallback=false
[Info   :ComfyNetworkSense] [07/31/2026 07:51:22] MOTION_AUTHORITY state=target_rejected run_id=native-20260731-c8-full30 client=i5 action=none detail=sequence=197_target_error_mm=49523_native_fallback=false
[Info   :ComfyNetworkSense] [07/31/2026 07:51:22] MOTION_AUTHORITY state=target_rejected run_id=native-20260731-c8-full30 client=i5 action=none detail=sequence=197_target_error_mm=49526_native_fallback=false
[Info   :ComfyNetworkSense] [07/31/2026 07:51:22] MOTION_AUTHORITY state=target_rejected run_id=native-20260731-c8-full30 client=i5 action=none detail=sequence=197_target_error_mm=49529_native_fallback=false
[Info   :ComfyNetworkSense] [07/31/2026 07:51:22] MOTION_AUTHORITY state=target_rejected run_id=native-20260731-c8-full30 client=i5 action=none detail=sequence=198_target_error_mm=49496_native_fallback=false
[Info   :ComfyNetworkSense] [07/31/2026 07:51:22] MOTION_AUTHORITY state=target_rejected run_id=native-20260731-c8-full30 client=i5 action=none detail=sequence=198_target_error_mm=49499_native_fallback=false
[Info   :ComfyNetworkSense] [07/31/2026 07:51:22] MOTION_AUTHORITY state=target_rejected run_id=native-20260731-c8-full30 client=i5 action=none detail=sequence=198_target_error_mm=49502_native_fallback=false
[Info   :ComfyNetworkSense] [07/31/2026 07:51:22] MOTION_AUTHORITY state=target_rejected run_id=native-20260731-c8-full30 client=i5 action=none detail=sequence=198_target_error_mm=49506_native_fallback=false
[Info   :ComfyNetworkSense] [07/31/2026 07:51:22] MOTION_AUTHORITY state=target_rejected run_id=native-20260731-c8-full30 client=i5 action=none detail=sequence=198_target_error_mm=49508_native_fallback=false
[Info   :ComfyNetworkSense] [07/31/2026 07:51:22] MOTION_AUTHORITY state=target_rejected run_id=native-20260731-c8-full30 client=i5 action=none detail=sequence=198_target_error_mm=49512_native_fallback=false
[Info   :ComfyNetworkSense] [07/31/2026 07:51:22] MOTION_AUTHORITY state=target_rejected run_id=native-20260731-c8-full30 client=i5 action=none detail=sequence=199_target_error_mm=49537_native_fallback=false
[Info   :ComfyNetworkSense] [07/31/2026 07:51:23] MOTION_AUTHORITY state=target_rejected run_id=native-20260731-c8-full30 client=i5 action=none detail=sequence=199_target_error_mm=49541_native_fallback=false
[Info   :ComfyNetworkSense] [07/31/2026 07:51:23] MOTION_AUTHORITY state=target_rejected run_id=native-20260731-c8-full30 client=i5 action=none detail=sequence=199_target_error_mm=49543_native_fallback=false
[Info   :ComfyNetworkSense] [07/31/2026 07:51:23] MOTION_AUTHORITY state=target_rejected run_id=native-20260731-c8-full30 client=i5 action=none detail=sequence=199_target_error_mm=49547_native_fallback=false
[Info   :ComfyNetworkSense] [07/31/2026 07:51:23] MOTION_AUTHORITY state=target_rejected run_id=native-20260731-c8-full30 client=i5 action=none detail=sequence=199_target_error_mm=49549_native_fallback=false
[Info   :ComfyNetworkSense] [07/31/2026 07:51:23] MOTION_AUTHORITY state=target_rejected run_id=native-20260731-c8-full30 client=i5 action=none detail=sequence=199_target_error_mm=49552_native_fallback=false
[Info   :ComfyNetworkSense] [07/31/2026 07:51:23] MOTION_AUTHORITY state=target_rejected run_id=native-20260731-c8-full30 client=i5 action=none detail=sequence=199_target_error_mm=49555_native_fallback=false
[Info   :ComfyNetworkSense] [07/31/2026 07:51:23] MOTION_AUTHORITY state=target_rejected run_id=native-20260731-c8-full30 client=i5 action=none detail=sequence=200_target_error_mm=49552_native_fallback=false
[Info   :ComfyNetworkSense] [07/31/2026 07:51:23] MOTION_AUTHORITY state=target_rejected run_id=native-20260731-c8-full30 client=i5 action=none detail=sequence=200_target_error_mm=49555_native_fallback=false
[Info   :ComfyNetworkSense] [07/31/2026 07:51:23] MOTION_AUTHORITY state=target_rejected run_id=native-20260731-c8-full30 client=i5 action=none detail=sequence=200_target_error_mm=49558_native_fallback=false
[Info   :ComfyNetworkSense] [07/31/2026 07:51:23] MOTION_AUTHORITY state=target_rejected run_id=native-20260731-c8-full30 client=i5 action=none detail=sequence=200_target_error_mm=49562_native_fallback=false
[Info   :ComfyNetworkSense] [07/31/2026 07:51:23] MOTION_AUTHORITY state=target_rejected run_id=native-20260731-c8-full30 client=i5 action=none detail=sequence=200_target_error_mm=49564_native_fallback=false
[Info   :ComfyNetworkSense] [07/31/2026 07:51:23] MOTION_AUTHORITY state=target_rejected run_id=native-20260731-c8-full30 client=i5 action=none detail=sequence=200_target_error_mm=49568_native_fallback=false
[Info   :ComfyNetworkSense] [07/31/2026 07:51:23] MOTION_AUTHORITY state=target_rejected run_id=native-20260731-c8-full30 client=i5 action=none detail=sequence=200_target_error_mm=49571_native_fallback=false
[Info   :ComfyNetworkSense] [07/31/2026 07:51:23] MOTION_AUTHORITY state=target_rejected run_id=native-20260731-c8-full30 client=i5 action=none detail=sequence=200_target_error_mm=49575_native_fallback=false
[Info   :ComfyNetworkSense] [07/31/2026 07:51:23] MOTION_AUTHORITY state=target_rejected run_id=native-20260731-c8-full30 client=i5 action=none detail=sequence=201_target_error_mm=49552_native_fallback=false
[Info   :ComfyNetworkSense] [07/31/2026 07:51:23] MOTION_AUTHORITY state=target_rejected run_id=native-20260731-c8-full30 client=i5 action=none detail=sequence=201_target_error_mm=49555_native_fallback=false
[Info   :ComfyNetworkSense] [07/31/2026 07:51:23] MOTION_AUTHORITY state=target_rejected run_id=native-20260731-c8-full30 client=i5 action=none detail=sequence=201_target_error_mm=49558_native_fallback=false
[Info   :ComfyNetworkSense] [07/31/2026 07:51:23] MOTION_AUTHORITY state=target_rejected run_id=native-20260731-c8-full30 client=i5 action=none detail=sequence=201_target_error_mm=49561_native_fallback=false
[Info   :ComfyNetworkSense] [07/31/2026 07:51:23] MOTION_AUTHORITY state=target_rejected run_id=native-20260731-c8-full30 client=i5 action=none detail=sequence=201_target_error_mm=49564_native_fallback=false
[Info   :ComfyNetworkSense] [07/31/2026 07:51:23] MOTION_AUTHORITY state=target_rejected run_id=native-20260731-c8-full30 client=i5 action=none detail=sequence=201_target_error_mm=49567_native_fallback=false
[Info   :ComfyNetworkSense] [07/31/2026 07:51:23] MOTION_AUTHORITY state=target_rejected run_id=native-20260731-c8-full30 client=i5 action=none detail=sequence=201_target_error_mm=49570_native_fallback=false
[Info   :ComfyNetworkSense] [07/31/2026 07:51:23] MOTION_AUTHORITY state=target_rejected run_id=native-20260731-c8-full30 client=i5 action=none detail=sequence=201_target_error_mm=49573_native_fallback=false
[Info   :ComfyNetworkSense] [07/31/2026 07:51:23] MOTION_AUTHORITY state=target_rejected run_id=native-20260731-c8-full30 client=i5 action=none detail=sequence=202_target_error_mm=49589_native_fallback=false
[Info   :ComfyNetworkSense] [07/31/2026 07:51:23] MOTION_AUTHORITY state=target_rejected run_id=native-20260731-c8-full30 client=i5 action=none detail=sequence=202_target_error_mm=49592_native_fallback=false
[Info   :ComfyNetworkSense] [07/31/2026 07:51:23] MOTION_AUTHORITY state=target_rejected run_id=native-20260731-c8-full30 client=i5 action=none detail=sequence=202_target_error_mm=49596_native_fallback=false
[Info   :ComfyNetworkSense] [07/31/2026 07:51:23] MOTION_AUTHORITY state=target_rejected run_id=native-20260731-c8-full30 client=i5 action=none detail=sequence=202_target_error_mm=49598_native_fallback=false
[Info   :ComfyNetworkSense] [07/31/2026 07:51:23] MOTION_AUTHORITY state=target_rejected run_id=native-20260731-c8-full30 client=i5 action=none detail=sequence=202_target_error_mm=49601_native_fallback=false
[Info   :ComfyNetworkSense] [07/31/2026 07:51:23] MOTION_AUTHORITY state=target_rejected run_id=native-20260731-c8-full30 client=i5 action=none detail=sequence=202_target_error_mm=49604_native_fallback=false
[Info   :ComfyNetworkSense] [07/31/2026 07:51:23] MOTION_AUTHORITY state=target_rejected run_id=native-20260731-c8-full30 client=i5 action=none detail=sequence=203_target_error_mm=49601_native_fallback=false
[Info   :ComfyNetworkSense] [07/31/2026 07:51:23] MOTION_AUTHORITY state=target_rejected run_id=native-20260731-c8-full30 client=i5 action=none detail=sequence=203_target_error_mm=49604_native_fallback=false
[Info   :ComfyNetworkSense] [07/31/2026 07:51:23] MOTION_AUTHORITY state=target_rejected run_id=native-20260731-c8-full30 client=i5 action=none detail=sequence=203_target_error_mm=49607_native_fallback=false
[Info   :ComfyNetworkSense] [07/31/2026 07:51:23] MOTION_AUTHORITY state=target_rejected run_id=native-20260731-c8-full30 client=i5 action=none detail=sequence=203_target_error_mm=49610_native_fallback=false
[Info   :ComfyNetworkSense] [07/31/2026 07:51:23] MOTION_AUTHORITY state=target_rejected run_id=native-20260731-c8-full30 client=i5 action=none detail=sequence=203_target_error_mm=49613_native_fallback=false
[Info   :ComfyNetworkSense] [07/31/2026 07:51:23] MOTION_AUTHORITY state=target_rejected run_id=native-20260731-c8-full30 client=i5 action=none detail=sequence=203_target_error_mm=49617_native_fallback=false
[Info   :ComfyNetworkSense] [07/31/2026 07:51:23] MOTION_AUTHORITY state=target_rejected run_id=native-20260731-c8-full30 client=i5 action=none detail=sequence=204_target_error_mm=49615_native_fallback=false
[Info   :ComfyNetworkSense] [07/31/2026 07:51:23] MOTION_AUTHORITY state=target_rejected run_id=native-20260731-c8-full30 client=i5 action=none detail=sequence=204_target_error_mm=49618_native_fallback=false
[Info   :ComfyNetworkSense] [07/31/2026 07:51:23] MOTION_AUTHORITY state=target_rejected run_id=native-20260731-c8-full30 client=i5 action=none detail=sequence=204_target_error_mm=49621_native_fallback=false
[Info   :ComfyNetworkSense] [07/31/2026 07:51:23] MOTION_AUTHORITY state=target_rejected run_id=native-20260731-c8-full30 client=i5 action=none detail=sequence=204_target_error_mm=49625_native_fallback=false
[Info   :ComfyNetworkSense] [07/31/2026 07:51:23] MOTION_AUTHORITY state=target_rejected run_id=native-20260731-c8-full30 client=i5 action=none detail=sequence=204_target_error_mm=49628_native_fallback=false
[Info   :ComfyNetworkSense] [07/31/2026 07:51:23] MOTION_AUTHORITY state=target_rejected run_id=native-20260731-c8-full30 client=i5 action=none detail=sequence=204_target_error_mm=49632_native_fallback=false
[Info   :ComfyNetworkSense] [07/31/2026 07:51:23] MOTION_AUTHORITY state=target_rejected run_id=native-20260731-c8-full30 client=i5 action=none detail=sequence=204_target_error_mm=49634_native_fallback=false
[Info   :ComfyNetworkSense] [07/31/2026 07:51:23] MOTION_AUTHORITY state=target_rejected run_id=native-20260731-c8-full30 client=i5 action=none detail=sequence=205_target_error_mm=49631_native_fallback=false
[Info   :ComfyNetworkSense] [07/31/2026 07:51:23] MOTION_AUTHORITY state=target_rejected run_id=native-20260731-c8-full30 client=i5 action=none detail=sequence=205_target_error_mm=49634_native_fallback=false
[Info   :ComfyNetworkSense] [07/31/2026 07:51:23] MOTION_AUTHORITY state=target_rejected run_id=native-20260731-c8-full30 client=i5 action=none detail=sequence=205_target_error_mm=49637_native_fallback=false
[Info   :ComfyNetworkSense] [07/31/2026 07:51:23] MOTION_AUTHORITY state=target_rejected run_id=native-20260731-c8-full30 client=i5 action=none detail=sequence=205_target_error_mm=49640_native_fallback=false
[Info   :ComfyNetworkSense] [07/31/2026 07:51:23] MOTION_AUTHORITY state=target_rejected run_id=native-20260731-c8-full30 client=i5 action=none detail=sequence=205_target_error_mm=49643_native_fallback=false
[Info   :ComfyNetworkSense] [07/31/2026 07:51:23] MOTION_AUTHORITY state=target_rejected run_id=native-20260731-c8-full30 client=i5 action=none detail=sequence=205_target_error_mm=49646_native_fallback=false
[Info   :ComfyNetworkSense] [07/31/2026 07:51:23] MOTION_AUTHORITY state=target_rejected run_id=native-20260731-c8-full30 client=i5 action=none detail=sequence=205_target_error_mm=49649_native_fallback=false
[Info   :ComfyNetworkSense] [07/31/2026 07:51:23] MOTION_AUTHORITY state=target_rejected run_id=native-20260731-c8-full30 client=i5 action=none detail=sequence=206_target_error_mm=49548_native_fallback=false
[Info   :ComfyNetworkSense] [07/31/2026 07:51:23] MOTION_AUTHORITY state=target_rejected run_id=native-20260731-c8-full30 client=i5 action=none detail=sequence=206_target_error_mm=49551_native_fallback=false
[Info   :ComfyNetworkSense] [07/31/2026 07:51:23] MOTION_AUTHORITY state=target_rejected run_id=native-20260731-c8-full30 client=i5 action=none detail=sequence=206_target_error_mm=49555_native_fallback=false
[Info   :ComfyNetworkSense] [07/31/2026 07:51:23] MOTION_AUTHORITY state=target_rejected run_id=native-20260731-c8-full30 client=i5 action=none detail=sequence=206_target_error_mm=49557_native_fallback=false
[Info   :ComfyNetworkSense] [07/31/2026 07:51:23] MOTION_AUTHORITY state=target_rejected run_id=native-20260731-c8-full30 client=i5 action=none detail=sequence=206_target_error_mm=49561_native_fallback=false
[Info   :ComfyNetworkSense] [07/31/2026 07:51:23] MOTION_AUTHORITY state=target_rejected run_id=native-20260731-c8-full30 client=i5 action=none detail=sequence=206_target_error_mm=49564_native_fallback=false
[Info   :ComfyNetworkSense] [07/31/2026 07:51:23] MOTION_AUTHORITY state=target_rejected run_id=native-20260731-c8-full30 client=i5 action=none detail=sequence=206_target_error_mm=49567_native_fallback=false
[Info   :ComfyNetworkSense] [07/31/2026 07:51:23] MOTION_AUTHORITY state=target_rejected run_id=native-20260731-c8-full30 client=i5 action=none detail=sequence=207_target_error_mm=49665_native_fallback=false
[Info   :ComfyNetworkSense] [07/31/2026 07:51:23] MOTION_AUTHORITY state=target_rejected run_id=native-20260731-c8-full30 client=i5 action=none detail=sequence=207_target_error_mm=49669_native_fallback=false
[Info   :ComfyNetworkSense] [07/31/2026 07:51:23] MOTION_AUTHORITY state=target_rejected run_id=native-20260731-c8-full30 client=i5 action=none detail=sequence=207_target_error_mm=49672_native_fallback=false
[Info   :ComfyNetworkSense] [07/31/2026 07:51:23] MOTION_AUTHORITY state=target_rejected run_id=native-20260731-c8-full30 client=i5 action=none detail=sequence=207_target_error_mm=49676_native_fallback=false
[Info   :ComfyNetworkSense] [07/31/2026 07:51:23] MOTION_AUTHORITY state=target_rejected run_id=native-20260731-c8-full30 client=i5 action=none detail=sequence=207_target_error_mm=49678_native_fallback=false
[Info   :ComfyNetworkSense] [07/31/2026 07:51:23] MOTION_AUTHORITY state=target_rejected run_id=native-20260731-c8-full30 client=i5 action=none detail=sequence=208_target_error_mm=49677_native_fallback=false
[Info   :ComfyNetworkSense] [07/31/2026 07:51:23] MOTION_AUTHORITY state=target_rejected run_id=native-20260731-c8-full30 client=i5 action=none detail=sequence=208_target_error_mm=49680_native_fallback=false
[Info   :ComfyNetworkSense] [07/31/2026 07:51:23] MOTION_AUTHORITY state=target_rejected run_id=native-20260731-c8-full30 client=i5 action=none detail=sequence=208_target_error_mm=49684_native_fallback=false
[Info   :ComfyNetworkSense] [07/31/2026 07:51:23] MOTION_AUTHORITY state=target_rejected run_id=native-20260731-c8-full30 client=i5 action=none detail=sequence=208_target_error_mm=49686_native_fallback=false
[Info   :ComfyNetworkSense] [07/31/2026 07:51:23] MOTION_AUTHORITY state=target_rejected run_id=native-20260731-c8-full30 client=i5 action=none detail=sequence=208_target_error_mm=49690_native_fallback=false
[Info   :ComfyNetworkSense] [07/31/2026 07:51:23] MOTION_AUTHORITY state=target_rejected run_id=native-20260731-c8-full30 client=i5 action=none detail=sequence=208_target_error_mm=49693_native_fallback=false
[Info   :ComfyNetworkSense] [07/31/2026 07:51:23] MOTION_AUTHORITY state=target_rejected run_id=native-20260731-c8-full30 client=i5 action=none detail=sequence=208_target_error_mm=49696_native_fallback=false
[Info   :ComfyNetworkSense] [07/31/2026 07:51:23] MOTION_AUTHORITY state=target_rejected run_id=native-20260731-c8-full30 client=i5 action=none detail=sequence=209_target_error_mm=49625_native_fallback=false
[Info   :ComfyNetworkSense] [07/31/2026 07:51:23] MOTION_AUTHORITY state=target_rejected run_id=native-20260731-c8-full30 client=i5 action=none detail=sequence=209_target_error_mm=49628_native_fallback=false
[Info   :ComfyNetworkSense] [07/31/2026 07:51:23] MOTION_AUTHORITY state=target_rejected run_id=native-20260731-c8-full30 client=i5 action=none detail=sequence=209_target_error_mm=49631_native_fallback=false
[Info   :ComfyNetworkSense] [07/31/2026 07:51:23] MOTION_AUTHORITY state=target_rejected run_id=native-20260731-c8-full30 client=i5 action=none detail=sequence=209_target_error_mm=49634_native_fallback=false
[Info   :ComfyNetworkSense] [07/31/2026 07:51:23] MOTION_AUTHORITY state=target_rejected run_id=native-20260731-c8-full30 client=i5 action=none detail=sequence=209_target_error_mm=49637_native_fallback=false
[Info   :ComfyNetworkSense] [07/31/2026 07:51:23] MOTION_AUTHORITY state=target_rejected run_id=native-20260731-c8-full30 client=i5 action=none detail=sequence=209_target_error_mm=49641_native_fallback=false
[Info   :ComfyNetworkSense] [07/31/2026 07:51:23] MOTION_AUTHORITY state=target_rejected run_id=native-20260731-c8-full30 client=i5 action=none detail=sequence=210_target_error_mm=49709_native_fallback=false
[Info   :ComfyNetworkSense] [07/31/2026 07:51:23] MOTION_AUTHORITY state=target_rejected run_id=native-20260731-c8-full30 client=i5 action=none detail=sequence=210_target_error_mm=49712_native_fallback=false
[Info   :ComfyNetworkSense] [07/31/2026 07:51:23] MOTION_AUTHORITY state=target_rejected run_id=native-20260731-c8-full30 client=i5 action=none detail=sequence=210_target_error_mm=49715_native_fallback=false
[Info   :ComfyNetworkSense] [07/31/2026 07:51:23] MOTION_AUTHORITY state=target_rejected run_id=native-20260731-c8-full30 client=i5 action=none detail=sequence=210_target_error_mm=49718_native_fallback=false
[Info   :ComfyNetworkSense] [07/31/2026 07:51:23] MOTION_AUTHORITY state=target_rejected run_id=native-20260731-c8-full30 client=i5 action=none detail=sequence=210_target_error_mm=49722_native_fallback=false
[Info   :ComfyNetworkSense] [07/31/2026 07:51:23] MOTION_AUTHORITY state=target_rejected run_id=native-20260731-c8-full30 client=i5 action=none detail=sequence=210_target_error_mm=49724_native_fallback=false
[Info   :ComfyNetworkSense] [07/31/2026 07:51:23] MOTION_AUTHORITY state=target_rejected run_id=native-20260731-c8-full30 client=i5 action=none detail=sequence=210_target_error_mm=49729_native_fallback=false
[Info   :ComfyNetworkSense] [07/31/2026 07:51:23] MOTION_AUTHORITY state=target_rejected run_id=native-20260731-c8-full30 client=i5 action=none detail=sequence=210_target_error_mm=49732_native_fallback=false
[Info   :ComfyNetworkSense] [07/31/2026 07:51:23] MOTION_AUTHORITY state=target_rejected run_id=native-20260731-c8-full30 client=i5 action=none detail=sequence=211_target_error_mm=49732_native_fallback=false
[Info   :ComfyNetworkSense] [07/31/2026 07:51:23] MOTION_AUTHORITY state=target_rejected run_id=native-20260731-c8-full30 client=i5 action=none detail=sequence=211_target_error_mm=49734_native_fallback=false
[Info   :ComfyNetworkSense] [07/31/2026 07:51:23] MOTION_AUTHORITY state=target_rejected run_id=native-20260731-c8-full30 client=i5 action=none detail=sequence=211_target_error_mm=49738_native_fallback=false
[Info   :ComfyNetworkSense] [07/31/2026 07:51:23] MOTION_AUTHORITY state=target_rejected run_id=native-20260731-c8-full30 client=i5 action=none detail=sequence=211_target_error_mm=49741_native_fallback=false
[Info   :ComfyNetworkSense] [07/31/2026 07:51:23] MOTION_AUTHORITY state=target_rejected run_id=native-20260731-c8-full30 client=i5 action=none detail=sequence=211_target_error_mm=49745_native_fallback=false
[Info   :ComfyNetworkSense] [07/31/2026 07:51:23] MOTION_AUTHORITY state=target_rejected run_id=native-20260731-c8-full30 client=i5 action=none detail=sequence=211_target_error_mm=49748_native_fallback=false
[Info   :ComfyNetworkSense] [07/31/2026 07:51:23] MOTION_AUTHORITY state=target_rejected run_id=native-20260731-c8-full30 client=i5 action=none detail=sequence=212_target_error_mm=49718_native_fallback=false
[Info   :ComfyNetworkSense] [07/31/2026 07:51:23] MOTION_AUTHORITY state=target_rejected run_id=native-20260731-c8-full30 client=i5 action=none detail=sequence=212_target_error_mm=49721_native_fallback=false
[Info   :ComfyNetworkSense] [07/31/2026 07:51:23] MOTION_AUTHORITY state=target_rejected run_id=native-20260731-c8-full30 client=i5 action=none detail=sequence=212_target_error_mm=49725_native_fallback=false
[Info   :ComfyNetworkSense] [07/31/2026 07:51:23] MOTION_AUTHORITY state=target_rejected run_id=native-20260731-c8-full30 client=i5 action=none detail=sequence=212_target_error_mm=49727_native_fallback=false
[Info   :ComfyNetworkSense] [07/31/2026 07:51:23] MOTION_AUTHORITY state=target_rejected run_id=native-20260731-c8-full30 client=i5 action=none detail=sequence=212_target_error_mm=49730_native_fallback=false
[Info   :ComfyNetworkSense] [07/31/2026 07:51:23] MOTION_AUTHORITY state=target_rejected run_id=native-20260731-c8-full30 client=i5 action=none detail=sequence=212_target_error_mm=49734_native_fallback=false
[Info   :ComfyNetworkSense] [07/31/2026 07:51:23] MOTION_AUTHORITY state=target_rejected run_id=native-20260731-c8-full30 client=i5 action=none detail=sequence=213_target_error_mm=49763_native_fallback=false
[Info   :ComfyNetworkSense] [07/31/2026 07:51:23] MOTION_AUTHORITY state=target_rejected run_id=native-20260731-c8-full30 client=i5 action=none detail=sequence=213_target_error_mm=49766_native_fallback=false
[Info   :ComfyNetworkSense] [07/31/2026 07:51:23] MOTION_AUTHORITY state=target_rejected run_id=native-20260731-c8-full30 client=i5 action=none detail=sequence=213_target_error_mm=49769_native_fallback=false
[Info   :ComfyNetworkSense] [07/31/2026 07:51:23] MOTION_AUTHORITY state=target_rejected run_id=native-20260731-c8-full30 client=i5 action=none detail=sequence=213_target_error_mm=49772_native_fallback=false
[Info   :ComfyNetworkSense] [07/31/2026 07:51:23] MOTION_AUTHORITY state=target_rejected run_id=native-20260731-c8-full30 client=i5 action=none detail=sequence=213_target_error_mm=49775_native_fallback=false
[Info   :ComfyNetworkSense] [07/31/2026 07:51:23] MOTION_AUTHORITY state=target_rejected run_id=native-20260731-c8-full30 client=i5 action=none detail=sequence=213_target_error_mm=49778_native_fallback=false
[Info   :ComfyNetworkSense] [07/31/2026 07:51:23] MOTION_AUTHORITY state=target_rejected run_id=native-20260731-c8-full30 client=i5 action=none detail=sequence=213_target_error_mm=49781_native_fallback=false
[Info   :ComfyNetworkSense] [07/31/2026 07:51:23] MOTION_AUTHORITY state=target_rejected run_id=native-20260731-c8-full30 client=i5 action=none detail=sequence=214_target_error_mm=49612_native_fallback=false
[Info   :ComfyNetworkSense] [07/31/2026 07:51:23] MOTION_AUTHORITY state=target_rejected run_id=native-20260731-c8-full30 client=i5 action=none detail=sequence=214_target_error_mm=49615_native_fallback=false
[Info   :ComfyNetworkSense] [07/31/2026 07:51:23] MOTION_AUTHORITY state=target_rejected run_id=native-20260731-c8-full30 client=i5 action=none detail=sequence=214_target_error_mm=49618_native_fallback=false
[Info   :ComfyNetworkSense] [07/31/2026 07:51:23] MOTION_AUTHORITY state=target_rejected run_id=native-20260731-c8-full30 client=i5 action=none detail=sequence=214_target_error_mm=49621_native_fallback=false
[Info   :ComfyNetworkSense] [07/31/2026 07:51:23] MOTION_AUTHORITY state=target_rejected run_id=native-20260731-c8-full30 client=i5 action=none detail=sequence=214_target_error_mm=49625_native_fallback=false
[Info   :ComfyNetworkSense] [07/31/2026 07:51:23] MOTION_AUTHORITY state=target_rejected run_id=native-20260731-c8-full30 client=i5 action=none detail=sequence=214_target_error_mm=49627_native_fallback=false
[Info   :ComfyNetworkSense] [07/31/2026 07:51:23] MOTION_AUTHORITY state=target_rejected run_id=native-20260731-c8-full30 client=i5 action=none detail=sequence=215_target_error_mm=49798_native_fallback=false
[Info   :ComfyNetworkSense] [07/31/2026 07:51:23] MOTION_AUTHORITY state=target_rejected run_id=native-20260731-c8-full30 client=i5 action=none detail=sequence=215_target_error_mm=49801_native_fallback=false
[Info   :ComfyNetworkSense] [07/31/2026 07:51:23] MOTION_AUTHORITY state=target_rejected run_id=native-20260731-c8-full30 client=i5 action=none detail=sequence=215_target_error_mm=49805_native_fallback=false
[Info   :ComfyNetworkSense] [07/31/2026 07:51:23] MOTION_AUTHORITY state=target_rejected run_id=native-20260731-c8-full30 client=i5 action=none detail=sequence=215_target_error_mm=49808_native_fallback=false
[Info   :ComfyNetworkSense] [07/31/2026 07:51:23] MOTION_AUTHORITY state=target_rejected run_id=native-20260731-c8-full30 client=i5 action=none detail=sequence=215_target_error_mm=49811_native_fallback=false
[Info   :ComfyNetworkSense] [07/31/2026 07:51:23] MOTION_AUTHORITY state=target_rejected run_id=native-20260731-c8-full30 client=i5 action=none detail=sequence=215_target_error_mm=49814_native_fallback=false
[Info   :ComfyNetworkSense] [07/31/2026 07:51:23] MOTION_AUTHORITY state=target_rejected run_id=native-20260731-c8-full30 client=i5 action=none detail=sequence=215_target_error_mm=49818_native_fallback=false
[Info   :ComfyNetworkSense] [07/31/2026 07:51:23] MOTION_AUTHORITY state=target_rejected run_id=native-20260731-c8-full30 client=i5 action=none detail=sequence=216_target_error_mm=49818_native_fallback=false
[Info   :ComfyNetworkSense] [07/31/2026 07:51:23] MOTION_AUTHORITY state=target_rejected run_id=native-20260731-c8-full30 client=i5 action=none detail=sequence=216_target_error_mm=49822_native_fallback=false
[Info   :ComfyNetworkSense] [07/31/2026 07:51:23] MOTION_AUTHORITY state=target_rejected run_id=native-20260731-c8-full30 client=i5 action=none detail=sequence=216_target_error_mm=49825_native_fallback=false
[Info   :ComfyNetworkSense] [07/31/2026 07:51:23] MOTION_AUTHORITY state=target_rejected run_id=native-20260731-c8-full30 client=i5 action=none detail=sequence=216_target_error_mm=49828_native_fallback=false
[Info   :ComfyNetworkSense] [07/31/2026 07:51:23] MOTION_AUTHORITY state=target_rejected run_id=native-20260731-c8-full30 client=i5 action=none detail=sequence=216_target_error_mm=49831_native_fallback=false
[Info   :ComfyNetworkSense] [07/31/2026 07:51:23] MOTION_AUTHORITY state=target_rejected run_id=native-20260731-c8-full30 client=i5 action=none detail=sequence=216_target_error_mm=49835_native_fallback=false
[Info   :ComfyNetworkSense] [07/31/2026 07:51:23] MOTION_AUTHORITY state=target_rejected run_id=native-20260731-c8-full30 client=i5 action=none detail=sequence=216_target_error_mm=49838_native_fallback=false
[Info   :ComfyNetworkSense] [07/31/2026 07:51:23] MOTION_AUTHORITY state=target_rejected run_id=native-20260731-c8-full30 client=i5 action=none detail=sequence=217_target_error_mm=49699_native_fallback=false
[Info   :ComfyNetworkSense] [07/31/2026 07:51:23] MOTION_AUTHORITY state=target_rejected run_id=native-20260731-c8-full30 client=i5 action=none detail=sequence=217_target_error_mm=49702_native_fallback=false
[Info   :ComfyNetworkSense] [07/31/2026 07:51:23] MOTION_AUTHORITY state=target_rejected run_id=native-20260731-c8-full30 client=i5 action=none detail=sequence=217_target_error_mm=49706_native_fallback=false
[Info   :ComfyNetworkSense] [07/31/2026 07:51:23] MOTION_AUTHORITY state=target_rejected run_id=native-20260731-c8-full30 client=i5 action=none detail=sequence=217_target_error_mm=49709_native_fallback=false
[Info   :ComfyNetworkSense] [07/31/2026 07:51:23] MOTION_AUTHORITY state=target_rejected run_id=native-20260731-c8-full30 client=i5 action=none detail=sequence=217_target_error_mm=49713_native_fallback=false
[Info   :ComfyNetworkSense] [07/31/2026 07:51:23] MOTION_AUTHORITY state=target_rejected run_id=native-20260731-c8-full30 client=i5 action=none detail=sequence=217_target_error_mm=49715_native_fallback=false
[Info   :ComfyNetworkSense] [07/31/2026 07:51:23] MOTION_AUTHORITY state=target_rejected run_id=native-20260731-c8-full30 client=i5 action=none detail=sequence=218_target_error_mm=49855_native_fallback=false
[Info   :ComfyNetworkSense] [07/31/2026 07:51:24] MOTION_AUTHORITY state=target_rejected run_id=native-20260731-c8-full30 client=i5 action=none detail=sequence=218_target_error_mm=49858_native_fallback=false
[Info   :ComfyNetworkSense] [07/31/2026 07:51:24] MOTION_AUTHORITY state=target_rejected run_id=native-20260731-c8-full30 client=i5 action=none detail=sequence=218_target_error_mm=49862_native_fallback=false
[Info   :ComfyNetworkSense] [07/31/2026 07:51:24] MOTION_AUTHORITY state=target_rejected run_id=native-20260731-c8-full30 client=i5 action=none detail=sequence=218_target_error_mm=49865_native_fallback=false
[Info   :ComfyNetworkSense] [07/31/2026 07:51:24] MOTION_AUTHORITY state=target_rejected run_id=native-20260731-c8-full30 client=i5 action=none detail=sequence=218_target_error_mm=49868_native_fallback=false
[Info   :ComfyNetworkSense] [07/31/2026 07:51:24] MOTION_AUTHORITY state=target_rejected run_id=native-20260731-c8-full30 client=i5 action=none detail=sequence=218_target_error_mm=49871_native_fallback=false
[Info   :ComfyNetworkSense] [07/31/2026 07:51:24] MOTION_AUTHORITY state=target_rejected run_id=native-20260731-c8-full30 client=i5 action=none detail=sequence=219_target_error_mm=49872_native_fallback=false
[Info   :ComfyNetworkSense] [07/31/2026 07:51:24] MOTION_AUTHORITY state=target_rejected run_id=native-20260731-c8-full30 client=i5 action=none detail=sequence=219_target_error_mm=49877_native_fallback=false
[Info   :ComfyNetworkSense] [07/31/2026 07:51:24] MOTION_AUTHORITY state=target_rejected run_id=native-20260731-c8-full30 client=i5 action=none detail=sequence=219_target_error_mm=49880_native_fallback=false
[Info   :ComfyNetworkSense] [07/31/2026 07:51:24] MOTION_AUTHORITY state=target_rejected run_id=native-20260731-c8-full30 client=i5 action=none detail=sequence=219_target_error_mm=49883_native_fallback=false
[Info   :ComfyNetworkSense] [07/31/2026 07:51:24] MOTION_AUTHORITY state=target_rejected run_id=native-20260731-c8-full30 client=i5 action=none detail=sequence=219_target_error_mm=49886_native_fallback=false
[Info   :ComfyNetworkSense] [07/31/2026 07:51:24] MOTION_AUTHORITY state=target_rejected run_id=native-20260731-c8-full30 client=i5 action=none detail=sequence=219_target_error_mm=49889_native_fallback=false
[Info   :ComfyNetworkSense] [07/31/2026 07:51:24] MOTION_AUTHORITY state=target_rejected run_id=native-20260731-c8-full30 client=i5 action=none detail=sequence=219_target_error_mm=49892_native_fallback=false
[Info   :ComfyNetworkSense] [07/31/2026 07:51:24] MOTION_AUTHORITY state=target_rejected run_id=native-20260731-c8-full30 client=i5 action=none detail=sequence=219_target_error_mm=49895_native_fallback=false
[Info   :ComfyNetworkSense] [07/31/2026 07:51:24] MOTION_AUTHORITY state=target_rejected run_id=native-20260731-c8-full30 client=i5 action=none detail=sequence=220_target_error_mm=49817_native_fallback=false
[Info   :ComfyNetworkSense] [07/31/2026 07:51:24] MOTION_AUTHORITY state=target_rejected run_id=native-20260731-c8-full30 client=i5 action=none detail=sequence=220_target_error_mm=49820_native_fallback=false
[Info   :ComfyNetworkSense] [07/31/2026 07:51:24] MOTION_AUTHORITY state=target_rejected run_id=native-20260731-c8-full30 client=i5 action=none detail=sequence=220_target_error_mm=49823_native_fallback=false
[Info   :ComfyNetworkSense] [07/31/2026 07:51:24] MOTION_AUTHORITY state=target_rejected run_id=native-20260731-c8-full30 client=i5 action=none detail=sequence=220_target_error_mm=49826_native_fallback=false
[Info   :ComfyNetworkSense] [07/31/2026 07:51:24] MOTION_AUTHORITY state=target_rejected run_id=native-20260731-c8-full30 client=i5 action=none detail=sequence=220_target_error_mm=49830_native_fallback=false
[Info   :ComfyNetworkSense] [07/31/2026 07:51:24] MOTION_AUTHORITY state=target_rejected run_id=native-20260731-c8-full30 client=i5 action=none detail=sequence=220_target_error_mm=49833_native_fallback=false
[Info   :ComfyNetworkSense] [07/31/2026 07:51:24] MOTION_AUTHORITY state=target_rejected run_id=native-20260731-c8-full30 client=i5 action=none detail=sequence=221_target_error_mm=49914_native_fallback=false
[Info   :ComfyNetworkSense] [07/31/2026 07:51:24] MOTION_AUTHORITY state=target_rejected run_id=native-20260731-c8-full30 client=i5 action=none detail=sequence=221_target_error_mm=49917_native_fallback=false
[Info   :ComfyNetworkSense] [07/31/2026 07:51:24] MOTION_AUTHORITY state=target_rejected run_id=native-20260731-c8-full30 client=i5 action=none detail=sequence=221_target_error_mm=49920_native_fallback=false
[Info   :ComfyNetworkSense] [07/31/2026 07:51:24] MOTION_AUTHORITY state=target_rejected run_id=native-20260731-c8-full30 client=i5 action=none detail=sequence=221_target_error_mm=49924_native_fallback=false
[Info   :ComfyNetworkSense] [07/31/2026 07:51:24] MOTION_AUTHORITY state=target_rejected run_id=native-20260731-c8-full30 client=i5 action=none detail=sequence=221_target_error_mm=49926_native_fallback=false
[Info   :ComfyNetworkSense] [07/31/2026 07:51:24] MOTION_AUTHORITY state=target_rejected run_id=native-20260731-c8-full30 client=i5 action=none detail=sequence=221_target_error_mm=49931_native_fallback=false
[Info   :ComfyNetworkSense] [07/31/2026 07:51:24] MOTION_AUTHORITY state=target_rejected run_id=native-20260731-c8-full30 client=i5 action=none detail=sequence=222_target_error_mm=49932_native_fallback=false
[Info   :ComfyNetworkSense] [07/31/2026 07:51:24] MOTION_AUTHORITY state=target_rejected run_id=native-20260731-c8-full30 client=i5 action=none detail=sequence=222_target_error_mm=49936_native_fallback=false
[Info   :ComfyNetworkSense] [07/31/2026 07:51:24] MOTION_AUTHORITY state=target_rejected run_id=native-20260731-c8-full30 client=i5 action=none detail=sequence=222_target_error_mm=49939_native_fallback=false
[Info   :ComfyNetworkSense] [07/31/2026 07:51:24] MOTION_AUTHORITY state=target_rejected run_id=native-20260731-c8-full30 client=i5 action=none detail=sequence=222_target_error_mm=49943_native_fallback=false
[Info   :ComfyNetworkSense] [07/31/2026 07:51:24] MOTION_AUTHORITY state=target_rejected run_id=native-20260731-c8-full30 client=i5 action=none detail=sequence=222_target_error_mm=49946_native_fallback=false
[Info   :ComfyNetworkSense] [07/31/2026 07:51:24] MOTION_AUTHORITY state=target_rejected run_id=native-20260731-c8-full30 client=i5 action=none detail=sequence=222_target_error_mm=49949_native_fallback=false
[Info   :ComfyNetworkSense] [07/31/2026 07:51:24] MOTION_AUTHORITY state=target_rejected run_id=native-20260731-c8-full30 client=i5 action=none detail=sequence=223_target_error_mm=49931_native_fallback=false
[Info   :ComfyNetworkSense] [07/31/2026 07:51:24] MOTION_AUTHORITY state=target_rejected run_id=native-20260731-c8-full30 client=i5 action=none detail=sequence=223_target_error_mm=49935_native_fallback=false
[Info   :ComfyNetworkSense] [07/31/2026 07:51:24] MOTION_AUTHORITY state=target_rejected run_id=native-20260731-c8-full30 client=i5 action=none detail=sequence=223_target_error_mm=49938_native_fallback=false
[Info   :ComfyNetworkSense] [07/31/2026 07:51:24] MOTION_AUTHORITY state=target_rejected run_id=native-20260731-c8-full30 client=i5 action=none detail=sequence=223_target_error_mm=49941_native_fallback=false
[Info   :ComfyNetworkSense] [07/31/2026 07:51:24] MOTION_AUTHORITY state=target_rejected run_id=native-20260731-c8-full30 client=i5 action=none detail=sequence=223_target_error_mm=49944_native_fallback=false
[Info   :ComfyNetworkSense] [07/31/2026 07:51:24] MOTION_AUTHORITY state=target_rejected run_id=native-20260731-c8-full30 client=i5 action=none detail=sequence=223_target_error_mm=49948_native_fallback=false
[Info   :ComfyNetworkSense] [07/31/2026 07:51:24] MOTION_AUTHORITY state=target_rejected run_id=native-20260731-c8-full30 client=i5 action=none detail=sequence=224_target_error_mm=49969_native_fallback=false
[Info   :ComfyNetworkSense] [07/31/2026 07:51:24] MOTION_AUTHORITY state=target_rejected run_id=native-20260731-c8-full30 client=i5 action=none detail=sequence=224_target_error_mm=49974_native_fallback=false
[Info   :ComfyNetworkSense] [07/31/2026 07:51:24] MOTION_AUTHORITY state=target_rejected run_id=native-20260731-c8-full30 client=i5 action=none detail=sequence=224_target_error_mm=49976_native_fallback=false
[Info   :ComfyNetworkSense] [07/31/2026 07:51:24] MOTION_AUTHORITY state=target_rejected run_id=native-20260731-c8-full30 client=i5 action=none detail=sequence=224_target_error_mm=49980_native_fallback=false
[Info   :ComfyNetworkSense] [07/31/2026 07:51:24] MOTION_AUTHORITY state=target_rejected run_id=native-20260731-c8-full30 client=i5 action=none detail=sequence=224_target_error_mm=49983_native_fallback=false
[Info   :ComfyNetworkSense] [07/31/2026 07:51:24] MOTION_AUTHORITY state=target_rejected run_id=native-20260731-c8-full30 client=i5 action=none detail=sequence=224_target_error_mm=49987_native_fallback=false
[Info   :ComfyNetworkSense] [07/31/2026 07:51:24] MOTION_AUTHORITY state=target_rejected run_id=native-20260731-c8-full30 client=i5 action=none detail=sequence=224_target_error_mm=49990_native_fallback=false
[Info   :ComfyNetworkSense] [07/31/2026 07:51:24] MOTION_AUTHORITY state=target_rejected run_id=native-20260731-c8-full30 client=i5 action=none detail=sequence=225_target_error_mm=49723_native_fallback=false
[Info   :ComfyNetworkSense] [07/31/2026 07:51:24] MOTION_AUTHORITY state=target_rejected run_id=native-20260731-c8-full30 client=i5 action=none detail=sequence=225_target_error_mm=49726_native_fallback=false
[Info   :ComfyNetworkSense] [07/31/2026 07:51:24] MOTION_AUTHORITY state=target_rejected run_id=native-20260731-c8-full30 client=i5 action=none detail=sequence=225_target_error_mm=49729_native_fallback=false
[Info   :ComfyNetworkSense] [07/31/2026 07:51:24] MOTION_AUTHORITY state=target_rejected run_id=native-20260731-c8-full30 client=i5 action=none detail=sequence=225_target_error_mm=49733_native_fallback=false
[Info   :ComfyNetworkSense] [07/31/2026 07:51:24] MOTION_AUTHORITY state=target_rejected run_id=native-20260731-c8-full30 client=i5 action=none detail=sequence=225_target_error_mm=49736_native_fallback=false
[Info   :ComfyNetworkSense] [07/31/2026 07:51:24] MOTION_AUTHORITY state=target_rejected run_id=native-20260731-c8-full30 client=i5 action=none detail=sequence=225_target_error_mm=49739_native_fallback=false
[Info   :ComfyNetworkSense] [07/31/2026 07:51:24] MOTION_AUTHORITY state=target_rejected run_id=native-20260731-c8-full30 client=i5 action=none detail=sequence=225_target_error_mm=49743_native_fallback=false
[Info   :ComfyNetworkSense] [07/31/2026 07:51:24] MOTION_AUTHORITY state=target_rejected run_id=native-20260731-c8-full30 client=i5 action=none detail=sequence=226_target_error_mm=50006_native_fallback=false
[Info   :ComfyNetworkSense] [07/31/2026 07:51:24] MOTION_AUTHORITY state=target_rejected run_id=native-20260731-c8-full30 client=i5 action=none detail=sequence=226_target_error_mm=50009_native_fallback=false
[Info   :ComfyNetworkSense] [07/31/2026 07:51:24] MOTION_AUTHORITY state=target_rejected run_id=native-20260731-c8-full30 client=i5 action=none detail=sequence=226_target_error_mm=50012_native_fallback=false
[Info   :ComfyNetworkSense] [07/31/2026 07:51:24] MOTION_AUTHORITY state=target_rejected run_id=native-20260731-c8-full30 client=i5 action=none detail=sequence=226_target_error_mm=50016_native_fallback=false
[Info   :ComfyNetworkSense] [07/31/2026 07:51:24] MOTION_AUTHORITY state=target_rejected run_id=native-20260731-c8-full30 client=i5 action=none detail=sequence=226_target_error_mm=50019_native_fallback=false
[Info   :ComfyNetworkSense] [07/31/2026 07:51:24] MOTION_AUTHORITY state=target_rejected run_id=native-20260731-c8-full30 client=i5 action=none detail=sequence=226_target_error_mm=50022_native_fallback=false
[Info   :ComfyNetworkSense] [07/31/2026 07:51:24] MOTION_AUTHORITY state=target_rejected run_id=native-20260731-c8-full30 client=i5 action=none detail=sequence=227_target_error_mm=50035_native_fallback=false
[Info   :ComfyNetworkSense] [07/31/2026 07:51:24] MOTION_AUTHORITY state=target_rejected run_id=native-20260731-c8-full30 client=i5 action=none detail=sequence=227_target_error_mm=50038_native_fallback=false
[Info   :ComfyNetworkSense] [07/31/2026 07:51:24] MOTION_AUTHORITY state=target_rejected run_id=native-20260731-c8-full30 client=i5 action=none detail=sequence=227_target_error_mm=50042_native_fallback=false
[Info   :ComfyNetworkSense] [07/31/2026 07:51:24] MOTION_AUTHORITY state=target_rejected run_id=native-20260731-c8-full30 client=i5 action=none detail=sequence=227_target_error_mm=50045_native_fallback=false
[Info   :ComfyNetworkSense] [07/31/2026 07:51:24] MOTION_AUTHORITY state=target_rejected run_id=native-20260731-c8-full30 client=i5 action=none detail=sequence=227_target_error_mm=50048_native_fallback=false
[Info   :ComfyNetworkSense] [07/31/2026 07:51:24] MOTION_AUTHORITY state=target_rejected run_id=native-20260731-c8-full30 client=i5 action=none detail=sequence=227_target_error_mm=50052_native_fallback=false
[Info   :ComfyNetworkSense] [07/31/2026 07:51:24] MOTION_AUTHORITY state=target_rejected run_id=native-20260731-c8-full30 client=i5 action=none detail=sequence=227_target_error_mm=50055_native_fallback=false
[Info   :ComfyNetworkSense] [07/31/2026 07:51:24] MOTION_AUTHORITY state=target_rejected run_id=native-20260731-c8-full30 client=i5 action=none detail=sequence=228_target_error_mm=49828_native_fallback=false
[Info   :ComfyNetworkSense] [07/31/2026 07:51:24] MOTION_AUTHORITY state=target_rejected run_id=native-20260731-c8-full30 client=i5 action=none detail=sequence=228_target_error_mm=49831_native_fallback=false
[Info   :ComfyNetworkSense] [07/31/2026 07:51:24] MOTION_AUTHORITY state=target_rejected run_id=native-20260731-c8-full30 client=i5 action=none detail=sequence=228_target_error_mm=49835_native_fallback=false
[Info   :ComfyNetworkSense] [07/31/2026 07:51:24] MOTION_AUTHORITY state=target_rejected run_id=native-20260731-c8-full30 client=i5 action=none detail=sequence=228_target_error_mm=49838_native_fallback=false
[Info   :ComfyNetworkSense] [07/31/2026 07:51:24] MOTION_AUTHORITY state=target_rejected run_id=native-20260731-c8-full30 client=i5 action=none detail=sequence=228_target_error_mm=49841_native_fallback=false
[Info   :ComfyNetworkSense] [07/31/2026 07:51:24] MOTION_AUTHORITY state=target_rejected run_id=native-20260731-c8-full30 client=i5 action=none detail=sequence=229_target_error_mm=50075_native_fallback=false
[Info   :ComfyNetworkSense] [07/31/2026 07:51:24] MOTION_AUTHORITY state=target_rejected run_id=native-20260731-c8-full30 client=i5 action=none detail=sequence=229_target_error_mm=50078_native_fallback=false
[Info   :ComfyNetworkSense] [07/31/2026 07:51:24] MOTION_AUTHORITY state=target_rejected run_id=native-20260731-c8-full30 client=i5 action=none detail=sequence=229_target_error_mm=50081_native_fallback=false
[Info   :ComfyNetworkSense] [07/31/2026 07:51:24] MOTION_AUTHORITY state=target_rejected run_id=native-20260731-c8-full30 client=i5 action=none detail=sequence=229_target_error_mm=50085_native_fallback=false
[Info   :ComfyNetworkSense] [07/31/2026 07:51:24] MOTION_AUTHORITY state=target_rejected run_id=native-20260731-c8-full30 client=i5 action=none detail=sequence=229_target_error_mm=50088_native_fallback=false
[Info   :ComfyNetworkSense] [07/31/2026 07:51:24] MOTION_AUTHORITY state=target_rejected run_id=native-20260731-c8-full30 client=i5 action=none detail=sequence=229_target_error_mm=50091_native_fallback=false
[Info   :ComfyNetworkSense] [07/31/2026 07:51:24] MOTION_AUTHORITY state=target_rejected run_id=native-20260731-c8-full30 client=i5 action=none detail=sequence=229_target_error_mm=50094_native_fallback=false
[Info   :ComfyNetworkSense] [07/31/2026 07:51:24] MOTION_AUTHORITY state=target_rejected run_id=native-20260731-c8-full30 client=i5 action=none detail=sequence=230_target_error_mm=50098_native_fallback=false
[Info   :ComfyNetworkSense] [07/31/2026 07:51:24] MOTION_AUTHORITY state=target_rejected run_id=native-20260731-c8-full30 client=i5 action=none detail=sequence=230_target_error_mm=50101_native_fallback=false
[Info   :ComfyNetworkSense] [07/31/2026 07:51:24] MOTION_AUTHORITY state=target_rejected run_id=native-20260731-c8-full30 client=i5 action=none detail=sequence=230_target_error_mm=50105_native_fallback=false
[Info   :ComfyNetworkSense] [07/31/2026 07:51:24] MOTION_AUTHORITY state=target_rejected run_id=native-20260731-c8-full30 client=i5 action=none detail=sequence=230_target_error_mm=50108_native_fallback=false
[Info   :ComfyNetworkSense] [07/31/2026 07:51:24] MOTION_AUTHORITY state=target_rejected run_id=native-20260731-c8-full30 client=i5 action=none detail=sequence=230_target_error_mm=50112_native_fallback=false
[Info   :ComfyNetworkSense] [07/31/2026 07:51:24] MOTION_AUTHORITY state=target_rejected run_id=native-20260731-c8-full30 client=i5 action=none detail=sequence=230_target_error_mm=50114_native_fallback=false
[Info   :ComfyNetworkSense] [07/31/2026 07:51:24] MOTION_AUTHORITY state=target_rejected run_id=native-20260731-c8-full30 client=i5 action=none detail=sequence=231_target_error_mm=49929_native_fallback=false
[Info   :ComfyNetworkSense] [07/31/2026 07:51:24] MOTION_AUTHORITY state=target_rejected run_id=native-20260731-c8-full30 client=i5 action=none detail=sequence=231_target_error_mm=49931_native_fallback=false
[Info   :ComfyNetworkSense] [07/31/2026 07:51:24] MOTION_AUTHORITY state=target_rejected run_id=native-20260731-c8-full30 client=i5 action=none detail=sequence=231_target_error_mm=49935_native_fallback=false
[Info   :ComfyNetworkSense] [07/31/2026 07:51:24] MOTION_AUTHORITY state=target_rejected run_id=native-20260731-c8-full30 client=i5 action=none detail=sequence=231_target_error_mm=49938_native_fallback=false
[Info   :ComfyNetworkSense] [07/31/2026 07:51:24] MOTION_AUTHORITY state=target_rejected run_id=native-20260731-c8-full30 client=i5 action=none detail=sequence=231_target_error_mm=49942_native_fallback=false
[Info   :ComfyNetworkSense] [07/31/2026 07:51:24] MOTION_AUTHORITY state=target_rejected run_id=native-20260731-c8-full30 client=i5 action=none detail=sequence=231_target_error_mm=49945_native_fallback=false
[Info   :ComfyNetworkSense] [07/31/2026 07:51:24] MOTION_AUTHORITY state=target_rejected run_id=native-20260731-c8-full30 client=i5 action=none detail=sequence=232_target_error_mm=50140_native_fallback=false
[Info   :ComfyNetworkSense] [07/31/2026 07:51:24] MOTION_AUTHORITY state=target_rejected run_id=native-20260731-c8-full30 client=i5 action=none detail=sequence=232_target_error_mm=50143_native_fallback=false
[Info   :ComfyNetworkSense] [07/31/2026 07:51:24] MOTION_AUTHORITY state=target_rejected run_id=native-20260731-c8-full30 client=i5 action=none detail=sequence=232_target_error_mm=50146_native_fallback=false
[Info   :ComfyNetworkSense] [07/31/2026 07:51:24] MOTION_AUTHORITY state=target_rejected run_id=native-20260731-c8-full30 client=i5 action=none detail=sequence=232_target_error_mm=50149_native_fallback=false
[Info   :ComfyNetworkSense] [07/31/2026 07:51:24] MOTION_AUTHORITY state=target_rejected run_id=native-20260731-c8-full30 client=i5 action=none detail=sequence=232_target_error_mm=50153_native_fallback=false
[Info   :ComfyNetworkSense] [07/31/2026 07:51:24] MOTION_AUTHORITY state=target_rejected run_id=native-20260731-c8-full30 client=i5 action=none detail=sequence=232_target_error_mm=50156_native_fallback=false
[Info   :ComfyNetworkSense] [07/31/2026 07:51:24] MOTION_AUTHORITY state=target_rejected run_id=native-20260731-c8-full30 client=i5 action=none detail=sequence=232_target_error_mm=50160_native_fallback=false
[Info   :ComfyNetworkSense] [07/31/2026 07:51:24] MOTION_AUTHORITY state=target_rejected run_id=native-20260731-c8-full30 client=i5 action=none detail=sequence=232_target_error_mm=50162_native_fallback=false
[Info   :ComfyNetworkSense] [07/31/2026 07:51:24] MOTION_AUTHORITY state=target_rejected run_id=native-20260731-c8-full30 client=i5 action=none detail=sequence=233_target_error_mm=50167_native_fallback=false
[Info   :ComfyNetworkSense] [07/31/2026 07:51:24] MOTION_AUTHORITY state=target_rejected run_id=native-20260731-c8-full30 client=i5 action=none detail=sequence=233_target_error_mm=50170_native_fallback=false
[Info   :ComfyNetworkSense] [07/31/2026 07:51:24] MOTION_AUTHORITY state=target_rejected run_id=native-20260731-c8-full30 client=i5 action=none detail=sequence=233_target_error_mm=50174_native_fallback=false
[Info   :ComfyNetworkSense] [07/31/2026 07:51:24] MOTION_AUTHORITY state=target_rejected run_id=native-20260731-c8-full30 client=i5 action=none detail=sequence=233_target_error_mm=50177_native_fallback=false
[Info   :ComfyNetworkSense] [07/31/2026 07:51:24] MOTION_AUTHORITY state=target_rejected run_id=native-20260731-c8-full30 client=i5 action=none detail=sequence=233_target_error_mm=50180_native_fallback=false
[Info   :ComfyNetworkSense] [07/31/2026 07:51:24] MOTION_AUTHORITY state=target_rejected run_id=native-20260731-c8-full30 client=i5 action=none detail=sequence=233_target_error_mm=50183_native_fallback=false
[Info   :ComfyNetworkSense] [07/31/2026 07:51:24] MOTION_AUTHORITY state=target_rejected run_id=native-20260731-c8-full30 client=i5 action=none detail=sequence=234_target_error_mm=50058_native_fallback=false
[Info   :ComfyNetworkSense] [07/31/2026 07:51:24] MOTION_AUTHORITY state=target_rejected run_id=native-20260731-c8-full30 client=i5 action=none detail=sequence=234_target_error_mm=50061_native_fallback=false
[Info   :ComfyNetworkSense] [07/31/2026 07:51:24] MOTION_AUTHORITY state=target_rejected run_id=native-20260731-c8-full30 client=i5 action=none detail=sequence=234_target_error_mm=50065_native_fallback=false
[Info   :ComfyNetworkSense] [07/31/2026 07:51:24] MOTION_AUTHORITY state=target_rejected run_id=native-20260731-c8-full30 client=i5 action=none detail=sequence=234_target_error_mm=50068_native_fallback=false
[Info   :ComfyNetworkSense] [07/31/2026 07:51:24] MOTION_AUTHORITY state=target_rejected run_id=native-20260731-c8-full30 client=i5 action=none detail=sequence=234_target_error_mm=50072_native_fallback=false
[Info   :ComfyNetworkSense] [07/31/2026 07:51:24] MOTION_AUTHORITY state=target_rejected run_id=native-20260731-c8-full30 client=i5 action=none detail=sequence=234_target_error_mm=50074_native_fallback=false
[Info   :ComfyNetworkSense] [07/31/2026 07:51:24] MOTION_AUTHORITY state=target_rejected run_id=native-20260731-c8-full30 client=i5 action=none detail=sequence=235_target_error_mm=50200_native_fallback=false
[Info   :ComfyNetworkSense] [07/31/2026 07:51:24] MOTION_AUTHORITY state=target_rejected run_id=native-20260731-c8-full30 client=i5 action=none detail=sequence=235_target_error_mm=50202_native_fallback=false
[Info   :ComfyNetworkSense] [07/31/2026 07:51:24] MOTION_AUTHORITY state=target_rejected run_id=native-20260731-c8-full30 client=i5 action=none detail=sequence=235_target_error_mm=50206_native_fallback=false
[Info   :ComfyNetworkSense] [07/31/2026 07:51:24] MOTION_AUTHORITY state=target_rejected run_id=native-20260731-c8-full30 client=i5 action=none detail=sequence=235_target_error_mm=50209_native_fallback=false
[Info   :ComfyNetworkSense] [07/31/2026 07:51:24] MOTION_AUTHORITY state=target_rejected run_id=native-20260731-c8-full30 client=i5 action=none detail=sequence=235_target_error_mm=50213_native_fallback=false
[Info   :ComfyNetworkSense] [07/31/2026 07:51:24] MOTION_AUTHORITY state=target_rejected run_id=native-20260731-c8-full30 client=i5 action=none detail=sequence=235_target_error_mm=50216_native_fallback=false
[Info   :ComfyNetworkSense] [07/31/2026 07:51:24] MOTION_AUTHORITY state=target_rejected run_id=native-20260731-c8-full30 client=i5 action=none detail=sequence=236_target_error_mm=50231_native_fallback=false
[Info   :ComfyNetworkSense] [07/31/2026 07:51:24] MOTION_AUTHORITY state=target_rejected run_id=native-20260731-c8-full30 client=i5 action=none detail=sequence=236_target_error_mm=50235_native_fallback=false
[Info   :ComfyNetworkSense] [07/31/2026 07:51:24] MOTION_AUTHORITY state=target_rejected run_id=native-20260731-c8-full30 client=i5 action=none detail=sequence=236_target_error_mm=50238_native_fallback=false
[Info   :ComfyNetworkSense] [07/31/2026 07:51:24] MOTION_AUTHORITY state=target_rejected run_id=native-20260731-c8-full30 client=i5 action=none detail=sequence=236_target_error_mm=50241_native_fallback=false
[Info   :ComfyNetworkSense] [07/31/2026 07:51:24] MOTION_AUTHORITY state=target_rejected run_id=native-20260731-c8-full30 client=i5 action=none detail=sequence=236_target_error_mm=50245_native_fallback=false
[Info   :ComfyNetworkSense] [07/31/2026 07:51:24] MOTION_AUTHORITY state=target_rejected run_id=native-20260731-c8-full30 client=i5 action=none detail=sequence=236_target_error_mm=50248_native_fallback=false
[Info   :ComfyNetworkSense] [07/31/2026 07:51:24] MOTION_AUTHORITY state=target_rejected run_id=native-20260731-c8-full30 client=i5 action=none detail=sequence=236_target_error_mm=50251_native_fallback=false
[Info   :ComfyNetworkSense] [07/31/2026 07:51:25] MOTION_AUTHORITY state=target_rejected run_id=native-20260731-c8-full30 client=i5 action=none detail=sequence=236_target_error_mm=50254_native_fallback=false
[Info   :ComfyNetworkSense] [07/31/2026 07:51:25] MOTION_AUTHORITY state=target_rejected run_id=native-20260731-c8-full30 client=i5 action=none detail=sequence=236_target_error_mm=50258_native_fallback=false
[Info   :ComfyNetworkSense] [07/31/2026 07:51:25] MOTION_AUTHORITY state=target_rejected run_id=native-20260731-c8-full30 client=i5 action=none detail=sequence=236_target_error_mm=50261_native_fallback=false
[Info   :ComfyNetworkSense] [07/31/2026 07:51:25] MOTION_AUTHORITY state=target_rejected run_id=native-20260731-c8-full30 client=i5 action=none detail=sequence=237_target_error_mm=49986_native_fallback=false
[Info   :ComfyNetworkSense] [07/31/2026 07:51:25] MOTION_AUTHORITY state=target_rejected run_id=native-20260731-c8-full30 client=i5 action=none detail=sequence=237_target_error_mm=49989_native_fallback=false
[Info   :ComfyNetworkSense] [07/31/2026 07:51:25] MOTION_AUTHORITY state=target_rejected run_id=native-20260731-c8-full30 client=i5 action=none detail=sequence=237_target_error_mm=49993_native_fallback=false
[Info   :ComfyNetworkSense] [07/31/2026 07:51:25] MOTION_AUTHORITY state=target_rejected run_id=native-20260731-c8-full30 client=i5 action=none detail=sequence=237_target_error_mm=49996_native_fallback=false
[Info   :ComfyNetworkSense] [07/31/2026 07:51:25] MOTION_AUTHORITY state=target_rejected run_id=native-20260731-c8-full30 client=i5 action=none detail=sequence=238_target_error_mm=50282_native_fallback=false
[Info   :ComfyNetworkSense] [07/31/2026 07:51:25] MOTION_AUTHORITY state=target_rejected run_id=native-20260731-c8-full30 client=i5 action=none detail=sequence=238_target_error_mm=50285_native_fallback=false
[Info   :ComfyNetworkSense] [07/31/2026 07:51:25] MOTION_AUTHORITY state=target_rejected run_id=native-20260731-c8-full30 client=i5 action=none detail=sequence=238_target_error_mm=50289_native_fallback=false
[Info   :ComfyNetworkSense] [07/31/2026 07:51:25] MOTION_AUTHORITY state=target_rejected run_id=native-20260731-c8-full30 client=i5 action=none detail=sequence=238_target_error_mm=50291_native_fallback=false
[Info   :ComfyNetworkSense] [07/31/2026 07:51:25] MOTION_AUTHORITY state=target_rejected run_id=native-20260731-c8-full30 client=i5 action=none detail=sequence=238_target_error_mm=50295_native_fallback=false
[Info   :ComfyNetworkSense] [07/31/2026 07:51:25] MOTION_AUTHORITY state=target_rejected run_id=native-20260731-c8-full30 client=i5 action=none detail=sequence=238_target_error_mm=50298_native_fallback=false
[Info   :ComfyNetworkSense] [07/31/2026 07:51:25] MOTION_AUTHORITY state=target_rejected run_id=native-20260731-c8-full30 client=i5 action=none detail=sequence=239_target_error_mm=50304_native_fallback=false
[Info   :ComfyNetworkSense] [07/31/2026 07:51:25] MOTION_AUTHORITY state=target_rejected run_id=native-20260731-c8-full30 client=i5 action=none detail=sequence=239_target_error_mm=50307_native_fallback=false
[Info   :ComfyNetworkSense] [07/31/2026 07:51:25] MOTION_AUTHORITY state=target_rejected run_id=native-20260731-c8-full30 client=i5 action=none detail=sequence=239_target_error_mm=50311_native_fallback=false
[Info   :ComfyNetworkSense] [07/31/2026 07:51:25] MOTION_AUTHORITY state=target_rejected run_id=native-20260731-c8-full30 client=i5 action=none detail=sequence=239_target_error_mm=50314_native_fallback=false
[Info   :ComfyNetworkSense] [07/31/2026 07:51:25] MOTION_AUTHORITY state=target_rejected run_id=native-20260731-c8-full30 client=i5 action=none detail=sequence=239_target_error_mm=50318_native_fallback=false
[Info   :ComfyNetworkSense] [07/31/2026 07:51:25] MOTION_AUTHORITY state=target_rejected run_id=native-20260731-c8-full30 client=i5 action=none detail=sequence=239_target_error_mm=50320_native_fallback=false
[Info   :ComfyNetworkSense] [07/31/2026 07:51:25] MOTION_AUTHORITY state=target_rejected run_id=native-20260731-c8-full30 client=i5 action=none detail=sequence=240_target_error_mm=50146_native_fallback=false
[Info   :ComfyNetworkSense] [07/31/2026 07:51:25] MOTION_AUTHORITY state=target_rejected run_id=native-20260731-c8-full30 client=i5 action=none detail=sequence=240_target_error_mm=50149_native_fallback=false
[Info   :ComfyNetworkSense] [07/31/2026 07:51:25] MOTION_AUTHORITY state=target_rejected run_id=native-20260731-c8-full30 client=i5 action=none detail=sequence=240_target_error_mm=50153_native_fallback=false
[Info   :ComfyNetworkSense] [07/31/2026 07:51:25] MOTION_AUTHORITY state=target_rejected run_id=native-20260731-c8-full30 client=i5 action=none detail=sequence=240_target_error_mm=50156_native_fallback=false
[Info   :ComfyNetworkSense] [07/31/2026 07:51:25] MOTION_AUTHORITY state=target_rejected run_id=native-20260731-c8-full30 client=i5 action=none detail=sequence=240_target_error_mm=50160_native_fallback=false
[Info   :ComfyNetworkSense] [07/31/2026 07:51:25] MOTION_AUTHORITY state=target_rejected run_id=native-20260731-c8-full30 client=i5 action=none detail=sequence=240_target_error_mm=50162_native_fallback=false
[Info   :ComfyNetworkSense] [07/31/2026 07:51:25] MOTION_AUTHORITY state=target_rejected run_id=native-20260731-c8-full30 client=i5 action=none detail=sequence=241_target_error_mm=50350_native_fallback=false
[Info   :ComfyNetworkSense] [07/31/2026 07:51:25] MOTION_AUTHORITY state=target_rejected run_id=native-20260731-c8-full30 client=i5 action=none detail=sequence=241_target_error_mm=50352_native_fallback=false
[Info   :ComfyNetworkSense] [07/31/2026 07:51:25] MOTION_AUTHORITY state=target_rejected run_id=native-20260731-c8-full30 client=i5 action=none detail=sequence=241_target_error_mm=50356_native_fallback=false
[Info   :ComfyNetworkSense] [07/31/2026 07:51:25] MOTION_AUTHORITY state=target_rejected run_id=native-20260731-c8-full30 client=i5 action=none detail=sequence=241_target_error_mm=50359_native_fallback=false
[Info   :ComfyNetworkSense] [07/31/2026 07:51:25] MOTION_AUTHORITY state=target_rejected run_id=native-20260731-c8-full30 client=i5 action=none detail=sequence=241_target_error_mm=50363_native_fallback=false
[Info   :ComfyNetworkSense] [07/31/2026 07:51:25] MOTION_AUTHORITY state=target_rejected run_id=native-20260731-c8-full30 client=i5 action=none detail=sequence=241_target_error_mm=50366_native_fallback=false
[Info   :ComfyNetworkSense] [07/31/2026 07:51:25] MOTION_AUTHORITY state=target_rejected run_id=native-20260731-c8-full30 client=i5 action=none detail=sequence=242_target_error_mm=50372_native_fallback=false
[Info   :ComfyNetworkSense] [07/31/2026 07:51:25] MOTION_AUTHORITY state=target_rejected run_id=native-20260731-c8-full30 client=i5 action=none detail=sequence=242_target_error_mm=50375_native_fallback=false
[Info   :ComfyNetworkSense] [07/31/2026 07:51:25] MOTION_AUTHORITY state=target_rejected run_id=native-20260731-c8-full30 client=i5 action=none detail=sequence=242_target_error_mm=50379_native_fallback=false
[Info   :ComfyNetworkSense] [07/31/2026 07:51:25] MOTION_AUTHORITY state=target_rejected run_id=native-20260731-c8-full30 client=i5 action=none detail=sequence=242_target_error_mm=50381_native_fallback=false
[Info   :ComfyNetworkSense] [07/31/2026 07:51:25] MOTION_AUTHORITY state=target_rejected run_id=native-20260731-c8-full30 client=i5 action=none detail=sequence=242_target_error_mm=50386_native_fallback=false
[Info   :ComfyNetworkSense] [07/31/2026 07:51:25] MOTION_AUTHORITY state=target_rejected run_id=native-20260731-c8-full30 client=i5 action=none detail=sequence=242_target_error_mm=50388_native_fallback=false
[Info   :ComfyNetworkSense] [07/31/2026 07:51:25] MOTION_AUTHORITY state=target_rejected run_id=native-20260731-c8-full30 client=i5 action=none detail=sequence=242_target_error_mm=50392_native_fallback=false
[Info   :ComfyNetworkSense] [07/31/2026 07:51:25] MOTION_AUTHORITY state=target_rejected run_id=native-20260731-c8-full30 client=i5 action=none detail=sequence=243_target_error_mm=50318_native_fallback=false
[Info   :ComfyNetworkSense] [07/31/2026 07:51:25] MOTION_AUTHORITY state=target_rejected run_id=native-20260731-c8-full30 client=i5 action=none detail=sequence=243_target_error_mm=50322_native_fallback=false
[Info   :ComfyNetworkSense] [07/31/2026 07:51:25] MOTION_AUTHORITY state=target_rejected run_id=native-20260731-c8-full30 client=i5 action=none detail=sequence=243_target_error_mm=50324_native_fallback=false
[Info   :ComfyNetworkSense] [07/31/2026 07:51:25] MOTION_AUTHORITY state=target_rejected run_id=native-20260731-c8-full30 client=i5 action=none detail=sequence=243_target_error_mm=50328_native_fallback=false
[Info   :ComfyNetworkSense] [07/31/2026 07:51:25] MOTION_AUTHORITY state=target_rejected run_id=native-20260731-c8-full30 client=i5 action=none detail=sequence=243_target_error_mm=50331_native_fallback=false
[Info   :ComfyNetworkSense] [07/31/2026 07:51:25] MOTION_AUTHORITY state=target_rejected run_id=native-20260731-c8-full30 client=i5 action=none detail=sequence=243_target_error_mm=50335_native_fallback=false
[Info   :ComfyNetworkSense] [07/31/2026 07:51:25] MOTION_AUTHORITY state=target_rejected run_id=native-20260731-c8-full30 client=i5 action=none detail=sequence=244_target_error_mm=50422_native_fallback=false
[Info   :ComfyNetworkSense] [07/31/2026 07:51:25] MOTION_AUTHORITY state=target_rejected run_id=native-20260731-c8-full30 client=i5 action=none detail=sequence=244_target_error_mm=50426_native_fallback=false
[Info   :ComfyNetworkSense] [07/31/2026 07:51:25] MOTION_AUTHORITY state=target_rejected run_id=native-20260731-c8-full30 client=i5 action=none detail=sequence=244_target_error_mm=50429_native_fallback=false
[Info   :ComfyNetworkSense] [07/31/2026 07:51:25] MOTION_AUTHORITY state=target_rejected run_id=native-20260731-c8-full30 client=i5 action=none detail=sequence=244_target_error_mm=50432_native_fallback=false
[Info   :ComfyNetworkSense] [07/31/2026 07:51:25] MOTION_AUTHORITY state=target_rejected run_id=native-20260731-c8-full30 client=i5 action=none detail=sequence=244_target_error_mm=50435_native_fallback=false
[Info   :ComfyNetworkSense] [07/31/2026 07:51:25] MOTION_AUTHORITY state=target_rejected run_id=native-20260731-c8-full30 client=i5 action=none detail=sequence=244_target_error_mm=50439_native_fallback=false
[Info   :ComfyNetworkSense] [07/31/2026 07:51:25] MOTION_AUTHORITY state=target_rejected run_id=native-20260731-c8-full30 client=i5 action=none detail=sequence=245_target_error_mm=50447_native_fallback=false
[Info   :ComfyNetworkSense] [07/31/2026 07:51:25] MOTION_AUTHORITY state=target_rejected run_id=native-20260731-c8-full30 client=i5 action=none detail=sequence=245_target_error_mm=50450_native_fallback=false
[Info   :ComfyNetworkSense] [07/31/2026 07:51:25] MOTION_AUTHORITY state=target_rejected run_id=native-20260731-c8-full30 client=i5 action=none detail=sequence=245_target_error_mm=50454_native_fallback=false
[Info   :ComfyNetworkSense] [07/31/2026 07:51:25] MOTION_AUTHORITY state=target_rejected run_id=native-20260731-c8-full30 client=i5 action=none detail=sequence=245_target_error_mm=50457_native_fallback=false
[Info   :ComfyNetworkSense] [07/31/2026 07:51:25] MOTION_AUTHORITY state=target_rejected run_id=native-20260731-c8-full30 client=i5 action=none detail=sequence=245_target_error_mm=50460_native_fallback=false
[Info   :ComfyNetworkSense] [07/31/2026 07:51:25] MOTION_AUTHORITY state=target_rejected run_id=native-20260731-c8-full30 client=i5 action=none detail=sequence=245_target_error_mm=50464_native_fallback=false
[Info   :ComfyNetworkSense] [07/31/2026 07:51:25] MOTION_AUTHORITY state=target_rejected run_id=native-20260731-c8-full30 client=i5 action=none detail=sequence=246_target_error_mm=50390_native_fallback=false
[Info   :ComfyNetworkSense] [07/31/2026 07:51:25] MOTION_AUTHORITY state=target_rejected run_id=native-20260731-c8-full30 client=i5 action=none detail=sequence=246_target_error_mm=50394_native_fallback=false
[Info   :ComfyNetworkSense] [07/31/2026 07:51:25] MOTION_AUTHORITY state=target_rejected run_id=native-20260731-c8-full30 client=i5 action=none detail=sequence=246_target_error_mm=50397_native_fallback=false
[Info   :ComfyNetworkSense] [07/31/2026 07:51:25] MOTION_AUTHORITY state=target_rejected run_id=native-20260731-c8-full30 client=i5 action=none detail=sequence=246_target_error_mm=50401_native_fallback=false
[Info   :ComfyNetworkSense] [07/31/2026 07:51:25] MOTION_AUTHORITY state=target_rejected run_id=native-20260731-c8-full30 client=i5 action=none detail=sequence=246_target_error_mm=50404_native_fallback=false
[Info   :ComfyNetworkSense] [07/31/2026 07:51:25] MOTION_AUTHORITY state=target_rejected run_id=native-20260731-c8-full30 client=i5 action=none detail=sequence=246_target_error_mm=50407_native_fallback=false
[Info   :ComfyNetworkSense] [07/31/2026 07:51:25] MOTION_AUTHORITY state=target_rejected run_id=native-20260731-c8-full30 client=i5 action=none detail=sequence=246_target_error_mm=50411_native_fallback=false
[Info   :ComfyNetworkSense] [07/31/2026 07:51:25] MOTION_AUTHORITY state=target_rejected run_id=native-20260731-c8-full30 client=i5 action=none detail=sequence=247_target_error_mm=50499_native_fallback=false
[Info   :ComfyNetworkSense] [07/31/2026 07:51:25] MOTION_AUTHORITY state=target_rejected run_id=native-20260731-c8-full30 client=i5 action=none detail=sequence=247_target_error_mm=50502_native_fallback=false
[Info   :ComfyNetworkSense] [07/31/2026 07:51:25] MOTION_AUTHORITY state=target_rejected run_id=native-20260731-c8-full30 client=i5 action=none detail=sequence=247_target_error_mm=50505_native_fallback=false
[Info   :ComfyNetworkSense] [07/31/2026 07:51:25] MOTION_AUTHORITY state=target_rejected run_id=native-20260731-c8-full30 client=i5 action=none detail=sequence=247_target_error_mm=50509_native_fallback=false
[Info   :ComfyNetworkSense] [07/31/2026 07:51:25] CUTOVER_SCENARIO state=completed run_id=native-20260731-c8-full30 client=i5 action=i5-c8-safe-origin detail=coordinate_teleport_complete_target=2211,80,-69
[Info   :ComfyNetworkSense] [07/31/2026 07:51:25] MOTION_AUTHORITY state=target_rejected run_id=native-20260731-c8-full30 client=i5 action=none detail=sequence=247_target_error_mm=50512_native_fallback=false
[Info   :ComfyNetworkSense] [07/31/2026 07:51:25] CUTOVER_SCENARIO state=action_started run_id=native-20260731-c8-full30 client=i5 action=i5-move detail=kind=move
[Info   :ComfyNetworkSense] [07/31/2026 07:51:25] MOTION_AUTHORITY state=target_rejected run_id=native-20260731-c8-full30 client=i5 action=none detail=sequence=247_target_error_mm=50516_native_fallback=false
[Info   :ComfyNetworkSense] [07/31/2026 07:51:25] MOTION_AUTHORITY state=target_rejected run_id=native-20260731-c8-full30 client=i5 action=none detail=sequence=247_target_error_mm=50520_native_fallback=false
[Info   :ComfyNetworkSense] [07/31/2026 07:51:25] MOTION_AUTHORITY state=target_rejected run_id=native-20260731-c8-full30 client=i5 action=none detail=sequence=247_target_error_mm=50524_native_fallback=false
[Info   :ComfyNetworkSense] [07/31/2026 07:51:25] MOTION_AUTHORITY state=target_rejected run_id=native-20260731-c8-full30 client=i5 action=none detail=sequence=248_target_error_mm=48689_native_fallback=false
[Info   :ComfyNetworkSense] [07/31/2026 07:51:25] MOTION_AUTHORITY state=target_rejected run_id=native-20260731-c8-full30 client=i5 action=none detail=sequence=248_target_error_mm=48693_native_fallback=false
[Info   :ComfyNetworkSense] [07/31/2026 07:51:25] MOTION_AUTHORITY state=target_rejected run_id=native-20260731-c8-full30 client=i5 action=none detail=sequence=248_target_error_mm=48697_native_fallback=false
[Info   :ComfyNetworkSense] [07/31/2026 07:51:25] MOTION_AUTHORITY state=target_rejected run_id=native-20260731-c8-full30 client=i5 action=none detail=sequence=249_target_error_mm=45434_native_fallback=false
[Info   :ComfyNetworkSense] [07/31/2026 07:51:25] MOTION_AUTHORITY state=target_rejected run_id=native-20260731-c8-full30 client=i5 action=none detail=sequence=249_target_error_mm=45439_native_fallback=false
[Info   :ComfyNetworkSense] [07/31/2026 07:51:25] MOTION_AUTHORITY state=target_rejected run_id=native-20260731-c8-full30 client=i5 action=none detail=sequence=249_target_error_mm=45443_native_fallback=false
[Info   :ComfyNetworkSense] [07/31/2026 07:51:25] MOTION_AUTHORITY state=target_rejected run_id=native-20260731-c8-full30 client=i5 action=none detail=sequence=249_target_error_mm=45447_native_fallback=false
[Info   :ComfyNetworkSense] [07/31/2026 07:51:25] MOTION_AUTHORITY state=target_rejected run_id=native-20260731-c8-full30 client=i5 action=none detail=sequence=249_target_error_mm=45450_native_fallback=false
[Info   :ComfyNetworkSense] [07/31/2026 07:51:25] MOTION_AUTHORITY state=target_rejected run_id=native-20260731-c8-full30 client=i5 action=none detail=sequence=250_target_error_mm=42127_native_fallback=false
[Info   :ComfyNetworkSense] [07/31/2026 07:51:25] MOTION_AUTHORITY state=target_rejected run_id=native-20260731-c8-full30 client=i5 action=none detail=sequence=250_target_error_mm=42130_native_fallback=false
[Info   :ComfyNetworkSense] [07/31/2026 07:51:25] MOTION_AUTHORITY state=target_rejected run_id=native-20260731-c8-full30 client=i5 action=none detail=sequence=250_target_error_mm=42134_native_fallback=false
[Info   :ComfyNetworkSense] [07/31/2026 07:51:25] MOTION_AUTHORITY state=target_rejected run_id=native-20260731-c8-full30 client=i5 action=none detail=sequence=250_target_error_mm=42137_native_fallback=false
[Info   :ComfyNetworkSense] [07/31/2026 07:51:25] MOTION_AUTHORITY state=target_rejected run_id=native-20260731-c8-full30 client=i5 action=none detail=sequence=250_target_error_mm=42140_native_fallback=false
[Info   :ComfyNetworkSense] [07/31/2026 07:51:25] MOTION_AUTHORITY state=target_rejected run_id=native-20260731-c8-full30 client=i5 action=none detail=sequence=250_target_error_mm=42143_native_fallback=false
[Info   :ComfyNetworkSense] [07/31/2026 07:51:25] MOTION_AUTHORITY state=target_rejected run_id=native-20260731-c8-full30 client=i5 action=none detail=sequence=250_target_error_mm=42147_native_fallback=false
[Info   :ComfyNetworkSense] [07/31/2026 07:51:25] MOTION_AUTHORITY state=target_rejected run_id=native-20260731-c8-full30 client=i5 action=none detail=sequence=250_target_error_mm=42150_native_fallback=false
[Info   :ComfyNetworkSense] [07/31/2026 07:51:25] MOTION_AUTHORITY state=target_rejected run_id=native-20260731-c8-full30 client=i5 action=none detail=sequence=251_target_error_mm=38777_native_fallback=false
[Info   :ComfyNetworkSense] [07/31/2026 07:51:25] MOTION_AUTHORITY state=target_rejected run_id=native-20260731-c8-full30 client=i5 action=none detail=sequence=251_target_error_mm=38780_native_fallback=false
[Info   :ComfyNetworkSense] [07/31/2026 07:51:25] MOTION_AUTHORITY state=target_rejected run_id=native-20260731-c8-full30 client=i5 action=none detail=sequence=251_target_error_mm=38784_native_fallback=false
[Info   :ComfyNetworkSense] [07/31/2026 07:51:25] MOTION_AUTHORITY state=target_rejected run_id=native-20260731-c8-full30 client=i5 action=none detail=sequence=251_target_error_mm=38787_native_fallback=false
[Info   :ComfyNetworkSense] [07/31/2026 07:51:25] MOTION_AUTHORITY state=target_rejected run_id=native-20260731-c8-full30 client=i5 action=none detail=sequence=251_target_error_mm=38790_native_fallback=false
[Info   :ComfyNetworkSense] [07/31/2026 07:51:25] MOTION_AUTHORITY state=target_rejected run_id=native-20260731-c8-full30 client=i5 action=none detail=sequence=251_target_error_mm=38793_native_fallback=false
[Info   :ComfyNetworkSense] [07/31/2026 07:51:25] MOTION_AUTHORITY state=target_rejected run_id=native-20260731-c8-full30 client=i5 action=none detail=sequence=252_target_error_mm=35362_native_fallback=false
[Info   :ComfyNetworkSense] [07/31/2026 07:51:25] MOTION_AUTHORITY state=target_rejected run_id=native-20260731-c8-full30 client=i5 action=none detail=sequence=252_target_error_mm=35365_native_fallback=false
[Info   :ComfyNetworkSense] [07/31/2026 07:51:25] MOTION_AUTHORITY state=target_rejected run_id=native-20260731-c8-full30 client=i5 action=none detail=sequence=252_target_error_mm=35368_native_fallback=false
[Info   :ComfyNetworkSense] [07/31/2026 07:51:25] MOTION_AUTHORITY state=target_rejected run_id=native-20260731-c8-full30 client=i5 action=none detail=sequence=252_target_error_mm=35371_native_fallback=false
[Info   :ComfyNetworkSense] [07/31/2026 07:51:25] MOTION_AUTHORITY state=target_rejected run_id=native-20260731-c8-full30 client=i5 action=none detail=sequence=252_target_error_mm=35375_native_fallback=false
[Info   :ComfyNetworkSense] [07/31/2026 07:51:25] MOTION_AUTHORITY state=target_rejected run_id=native-20260731-c8-full30 client=i5 action=none detail=sequence=252_target_error_mm=35378_native_fallback=false
[Info   :ComfyNetworkSense] [07/31/2026 07:51:25] MOTION_AUTHORITY state=target_rejected run_id=native-20260731-c8-full30 client=i5 action=none detail=sequence=253_target_error_mm=31898_native_fallback=false
[Info   :ComfyNetworkSense] [07/31/2026 07:51:25] MOTION_AUTHORITY state=target_rejected run_id=native-20260731-c8-full30 client=i5 action=none detail=sequence=253_target_error_mm=31901_native_fallback=false
[Info   :ComfyNetworkSense] [07/31/2026 07:51:25] MOTION_AUTHORITY state=target_rejected run_id=native-20260731-c8-full30 client=i5 action=none detail=sequence=253_target_error_mm=31904_native_fallback=false
[Info   :ComfyNetworkSense] [07/31/2026 07:51:25] MOTION_AUTHORITY state=target_rejected run_id=native-20260731-c8-full30 client=i5 action=none detail=sequence=253_target_error_mm=31908_native_fallback=false
[Info   :ComfyNetworkSense] [07/31/2026 07:51:25] MOTION_AUTHORITY state=target_rejected run_id=native-20260731-c8-full30 client=i5 action=none detail=sequence=253_target_error_mm=31911_native_fallback=false
[Info   :ComfyNetworkSense] [07/31/2026 07:51:25] MOTION_AUTHORITY state=target_rejected run_id=native-20260731-c8-full30 client=i5 action=none detail=sequence=253_target_error_mm=31914_native_fallback=false
[Info   :ComfyNetworkSense] [07/31/2026 07:51:25] MOTION_AUTHORITY state=native_transform_writer_suppressed run_id=native-20260731-c8-full30 client=i5 action=none detail=count=1024_writer=ZSyncTransform.CustomFixedUpdate
[Info   :ComfyNetworkSense] [07/31/2026 07:51:28] LOGICAL_PEER_CUTOVER state=logical_native_invoke_suppressed run_id=native-20260731-c8-full30 detail=count=256_method=ZDOData_semantic_fallback=false
[Info   :ComfyNetworkSense] [07/31/2026 07:51:28] CUTOVER_SCENARIO state=completed run_id=native-20260731-c8-full30 client=i5 action=i5-move detail=distance_reached
[Info   :ComfyNetworkSense] [07/31/2026 07:51:28] CUTOVER_SCENARIO state=action_started run_id=native-20260731-c8-full30 client=i5 action=i5-c8-rendezvous detail=kind=motion_rendezvous
[Info   :ComfyNetworkSense] [07/31/2026 07:51:28] MOTION_AUTHORITY state=rendezvous_complete run_id=native-20260731-c8-full30 client=i5 action=i5-c8-rendezvous detail=remote_player_instance_ready_uid=2159742766:1
[Info   :ComfyNetworkSense] [07/31/2026 07:51:28] CUTOVER_SCENARIO state=completed run_id=native-20260731-c8-full30 client=i5 action=i5-c8-rendezvous detail=remote_player_instance_ready_uid=2159742766:1
[Info   :ComfyNetworkSense] [07/31/2026 07:51:28] CUTOVER_SCENARIO state=action_started run_id=native-20260731-c8-full30 client=i5 action=i5-c8-rendezvous-settle detail=kind=wait
[Info   :ComfyNetworkSense] [07/31/2026 07:51:31] CUTOVER_SCENARIO state=completed run_id=native-20260731-c8-full30 client=i5 action=i5-c8-rendezvous-settle detail=wait_elapsed
[Info   :ComfyNetworkSense] [07/31/2026 07:51:31] CUTOVER_SCENARIO state=action_started run_id=native-20260731-c8-full30 client=i5 action=i5-c8-motion-observe-one detail=kind=motion_observe
[Info   :ComfyNetworkSense] [07/31/2026 07:51:31] MOTION_AUTHORITY state=probe_started run_id=native-20260731-c8-full30 client=i5 action=i5-c8-motion-observe-one detail=mode=observe_correlation_id=c8-omen-to-i5_connection_id=a7ba27441dca4aa783549f0a8cc1fdbe_logical_peer_id=lp_19f2670527be6f633c140c5938e5ff4c85d4bbe309e63007f20327439f837d5c
[Warning:ComfyNetworkSense] [07/31/2026 07:51:32] Authoritative consumer poll failed: TimeoutException: connect timeout to 8.231.129.249:42317
[Info   :ComfyNetworkSense] [07/31/2026 07:51:36] MOTION_AUTHORITY state=native_transform_writer_suppressed run_id=native-20260731-c8-full30 client=i5 action=i5-c8-motion-observe-one detail=count=2048_writer=ZSyncTransform.CustomFixedUpdate
[Info   :ComfyNetworkSense] [07/31/2026 07:51:37] MOTION_AUTHORITY state=probe_passed run_id=native-20260731-c8-full30 client=i5 action=i5-c8-motion-observe-one detail=numbered_motion_applied_native_writer_zero_sent=107_received=113_applied=428_native_writer_suppressed=602_native_position_masked=0_holds=0_gaps=0_resync_applied=0_failures=0_gap_dropped=0
[Info   :ComfyNetworkSense] [07/31/2026 07:51:37] CUTOVER_SCENARIO state=completed run_id=native-20260731-c8-full30 client=i5 action=i5-c8-motion-observe-one detail=numbered_motion_applied_native_writer_zero_sent=107_received=113_applied=428_native_writer_suppressed=602_native_position_masked=0_holds=0_gaps=0_resync_applied=0_failures=0_gap_dropped=0
[Info   :ComfyNetworkSense] [07/31/2026 07:51:37] CUTOVER_SCENARIO state=action_started run_id=native-20260731-c8-full30 client=i5 action=i5-c8-motion-pair-one-settle detail=kind=wait
[Info   :ComfyNetworkSense] [07/31/2026 07:51:41] CUTOVER_SCENARIO state=completed run_id=native-20260731-c8-full30 client=i5 action=i5-c8-motion-pair-one-settle detail=wait_elapsed
[Info   :ComfyNetworkSense] [07/31/2026 07:51:41] CUTOVER_SCENARIO state=action_started run_id=native-20260731-c8-full30 client=i5 action=i5-c8-motion-drive-two detail=kind=motion_drive
[Info   :ComfyNetworkSense] [07/31/2026 07:51:41] MOTION_AUTHORITY state=probe_started run_id=native-20260731-c8-full30 client=i5 action=i5-c8-motion-drive-two detail=mode=drive_correlation_id=c8-i5-to-omen_connection_id=a7ba27441dca4aa783549f0a8cc1fdbe_logical_peer_id=lp_19f2670527be6f633c140c5938e5ff4c85d4bbe309e63007f20327439f837d5c
[Warning:ComfyNetworkSense] [07/31/2026 07:51:42] Authoritative consumer poll failed: TimeoutException: connect timeout to 8.231.129.249:42317
[Info   :ComfyNetworkSense] [07/31/2026 07:51:44] MOTION_AUTHORITY state=motion_frame_sent run_id=native-20260731-c8-full30 client=i5 action=i5-c8-motion-drive-two detail=sequence=512_transport=websocket_connection_id=a7ba27441dca4aa783549f0a8cc1fdbe
[Info   :ComfyNetworkSense] [07/31/2026 07:51:47] MOTION_AUTHORITY state=probe_passed run_id=native-20260731-c8-full30 client=i5 action=i5-c8-motion-drive-two detail=numbered_motion_sent_sent=101_received=113_applied=403_native_writer_suppressed=600_native_position_masked=0_holds=0_gaps=0_resync_applied=0_failures=0_gap_dropped=0
[Info   :ComfyNetworkSense] [07/31/2026 07:51:47] CUTOVER_SCENARIO state=completed run_id=native-20260731-c8-full30 client=i5 action=i5-c8-motion-drive-two detail=numbered_motion_sent_sent=101_received=113_applied=403_native_writer_suppressed=600_native_position_masked=0_holds=0_gaps=0_resync_applied=0_failures=0_gap_dropped=0
[Info   :ComfyNetworkSense] [07/31/2026 07:51:47] CUTOVER_SCENARIO state=action_started run_id=native-20260731-c8-full30 client=i5 action=i5-c8-motion-pair-two-settle detail=kind=wait
[Info   :ComfyNetworkSense] [07/31/2026 07:51:51] CUTOVER_SCENARIO state=completed run_id=native-20260731-c8-full30 client=i5 action=i5-c8-motion-pair-two-settle detail=wait_elapsed
[Info   :ComfyNetworkSense] [07/31/2026 07:51:51] CUTOVER_SCENARIO state=action_started run_id=native-20260731-c8-full30 client=i5 action=i5-c8-motion-observe-gap detail=kind=motion_observe_gap
[Info   :ComfyNetworkSense] [07/31/2026 07:51:51] MOTION_AUTHORITY state=probe_started run_id=native-20260731-c8-full30 client=i5 action=i5-c8-motion-observe-gap detail=mode=observe_gap_correlation_id=c8-gap-omen-to-i5_connection_id=a7ba27441dca4aa783549f0a8cc1fdbe_logical_peer_id=lp_19f2670527be6f633c140c5938e5ff4c85d4bbe309e63007f20327439f837d5c
[Warning:ComfyNetworkSense] [07/31/2026 07:51:52] Authoritative consumer poll failed: TimeoutException: connect timeout to 8.231.129.249:42317
[Info   :ComfyNetworkSense] [07/31/2026 07:51:56] MOTION_AUTHORITY state=native_transform_writer_suppressed run_id=native-20260731-c8-full30 client=i5 action=i5-c8-motion-observe-gap detail=count=4096_writer=ZSyncTransform.CustomFixedUpdate
[Info   :ComfyNetworkSense] [07/31/2026 07:51:56] LOGICAL_PEER_CUTOVER state=logical_native_invoke_suppressed run_id=native-20260731-c8-full30 detail=count=512_method=RoutedRPC_semantic_fallback=false
[Info   :ComfyNetworkSense] [07/31/2026 07:51:59] MOTION_AUTHORITY state=hold_entered run_id=native-20260731-c8-full30 client=i5 action=i5-c8-motion-observe-gap detail=sequence=880_age_ms=503_native_fallback=false
[Info   :ComfyNetworkSense] [07/31/2026 07:52:00] MOTION_AUTHORITY state=reliable_resync_applied run_id=native-20260731-c8-full30 client=i5 action=i5-c8-motion-observe-gap detail=correlation_id=c8-gap-omen-to-i5_motion_sequence=900_reliable_sequence=1346_gap_start=881_gap_end=900_ack_queued=true
[Info   :ComfyNetworkSense] [07/31/2026 07:52:00] MOTION_AUTHORITY state=probe_passed run_id=native-20260731-c8-full30 client=i5 action=i5-c8-motion-observe-gap detail=gap_held_reliable_resync_applied_native_writer_zero_sent=138_received=140_applied=497_native_writer_suppressed=842_native_position_masked=0_holds=1_gaps=1_resync_applied=1_failures=0_gap_dropped=0
[Info   :ComfyNetworkSense] [07/31/2026 07:52:00] CUTOVER_SCENARIO state=completed run_id=native-20260731-c8-full30 client=i5 action=i5-c8-motion-observe-gap detail=gap_held_reliable_resync_applied_native_writer_zero_sent=138_received=140_applied=497_native_writer_suppressed=842_native_position_masked=0_holds=1_gaps=1_resync_applied=1_failures=0_gap_dropped=0
[Info   :ComfyNetworkSense] [07/31/2026 07:52:00] CUTOVER_SCENARIO state=action_started run_id=native-20260731-c8-full30 client=i5 action=i5-c8-direct-pulse detail=kind=direct_control_pulse
[Info   :ComfyNetworkSense] [07/31/2026 07:52:00] LUMBERJACKS_SESSION state=direct_pulse_probe_started run_id=native-20260731-c8-full30 client=i5 action=i5-c8-direct-pulse detail=mode=deliver_connection_id=a7ba27441dca4aa783549f0a8cc1fdbe
[Info   :ComfyNetworkSense] [07/31/2026 07:52:00] LUMBERJACKS_SESSION state=lumberjacks_direct_pulse_received run_id=native-20260731-c8-full30 client=i5 action=i5-c8-direct-pulse detail=sequence=1347_connection_id=a7ba27441dca4aa783549f0a8cc1fdbe_run_id=native-20260731-c8-full30_action_id=i5-c8-direct-pulse
[Info   :ComfyNetworkSense] [07/31/2026 07:52:00] CUTOVER_SCENARIO state=completed run_id=native-20260731-c8-full30 client=i5 action=i5-c8-direct-pulse detail=lumberjacks_direct_pulse_applied_sequence=1347
[Info   :ComfyNetworkSense] [07/31/2026 07:52:00] CUTOVER_SCENARIO state=action_started run_id=native-20260731-c8-full30 client=i5 action=i5-c8-routed-request detail=kind=routed_request
[Info   :ComfyNetworkSense] [07/31/2026 07:52:00] CUTOVER_SCENARIO state=completed run_id=native-20260731-c8-full30 client=i5 action=i5-c8-routed-request detail=routed_response_applied
[Info   :ComfyNetworkSense] [07/31/2026 07:52:00] CUTOVER_SCENARIO state=action_started run_id=native-20260731-c8-full30 client=i5 action=i5-c8-routed-broadcast detail=kind=routed_broadcast
[Info   :ComfyNetworkSense] [07/31/2026 07:52:00] CUTOVER_SCENARIO state=completed run_id=native-20260731-c8-full30 client=i5 action=i5-c8-routed-broadcast detail=routed_broadcast_applied
[Info   :ComfyNetworkSense] [07/31/2026 07:52:00] CUTOVER_SCENARIO state=action_started run_id=native-20260731-c8-full30 client=i5 action=i5-c8-routed-target detail=kind=routed_target_zdo
[Info   :ComfyNetworkSense] [07/31/2026 07:52:00] CUTOVER_SCENARIO state=completed run_id=native-20260731-c8-full30 client=i5 action=i5-c8-routed-target detail=reset_cloth_dispatched_on_server
[Info   :ComfyNetworkSense] [07/31/2026 07:52:00] CUTOVER_SCENARIO state=action_started run_id=native-20260731-c8-full30 client=i5 action=i5-c8-zdo-journal-observe detail=kind=zdo_journal_observe
[Warning:ComfyNetworkSense] [07/31/2026 07:52:02] Authoritative consumer poll failed: TimeoutException: connect timeout to 8.231.129.249:42317
[Info   :ComfyNetworkSense] [07/31/2026 07:52:05] CUTOVER_SCENARIO state=completed run_id=native-20260731-c8-full30 client=i5 action=i5-c8-zdo-journal-observe detail=typed_journal_sequence_applied_snapshot=361_delta=3_stale=10_malformed=1_tombstone=2_native_rpc_zdo_data=0
[Info   :ComfyNetworkSense] [07/31/2026 07:52:05] CUTOVER_SCENARIO state=action_started run_id=native-20260731-c8-full30 client=i5 action=i5-c8-gateway-restart-resume detail=kind=gateway_restart_resume
[Info   :ComfyNetworkSense] [07/31/2026 07:52:05] LUMBERJACKS_SESSION state=probe_started run_id=native-20260731-c8-full30 client=i5 action=i5-c8-gateway-restart-resume detail=mode=external_resume_connection_id=a7ba27441dca4aa783549f0a8cc1fdbe_resume_epoch=0
[Info   :ComfyNetworkSense] [07/31/2026 07:52:09] LUMBERJACKS_SESSION state=connection_error run_id=native-20260731-c8-full30 client=i5 action=i5-c8-gateway-restart-resume detail=sequence=0_connection_id=_WebSocketException:The_remote_party_closed_the_WebSocket_connection_without_completing_the_close_handshake.
[Info   :ComfyNetworkSense] [07/31/2026 07:52:09] LUMBERJACKS_SESSION state=socket_closed run_id=native-20260731-c8-full30 client=i5 action=i5-c8-gateway-restart-resume detail=sequence=0_connection_id=
[Info   :ComfyNetworkSense] [07/31/2026 07:52:09] MOTION_AUTHORITY state=hold_entered run_id=native-20260731-c8-full30 client=i5 action=i5-c8-motion-observe-gap detail=sequence=1070_age_ms=511_native_fallback=false
[Info   :ComfyNetworkSense] [07/31/2026 07:52:09] LUMBERJACKS_SESSION state=connection_error run_id=native-20260731-c8-full30 client=i5 action=i5-c8-gateway-restart-resume detail=sequence=0_connection_id=_WebSocketException:Unable_to_connect_to_the_remote_server
[Info   :ComfyNetworkSense] [07/31/2026 07:52:09] LUMBERJACKS_SESSION state=socket_closed run_id=native-20260731-c8-full30 client=i5 action=i5-c8-gateway-restart-resume detail=sequence=0_connection_id=
[Info   :ComfyNetworkSense] [07/31/2026 07:52:11] LUMBERJACKS_SESSION state=connection_error run_id=native-20260731-c8-full30 client=i5 action=i5-c8-gateway-restart-resume detail=sequence=0_connection_id=_WebSocketException:Unable_to_connect_to_the_remote_server
[Info   :ComfyNetworkSense] [07/31/2026 07:52:11] LUMBERJACKS_SESSION state=socket_closed run_id=native-20260731-c8-full30 client=i5 action=i5-c8-gateway-restart-resume detail=sequence=0_connection_id=
[Info   :ComfyNetworkSense] [07/31/2026 07:52:11] LUMBERJACKS_SESSION state=connection_error run_id=native-20260731-c8-full30 client=i5 action=i5-c8-gateway-restart-resume detail=sequence=0_connection_id=_WebSocketException:Unable_to_connect_to_the_remote_server
[Info   :ComfyNetworkSense] [07/31/2026 07:52:11] LUMBERJACKS_SESSION state=socket_closed run_id=native-20260731-c8-full30 client=i5 action=i5-c8-gateway-restart-resume detail=sequence=0_connection_id=
[Info   :ComfyNetworkSense] [07/31/2026 07:52:12] LUMBERJACKS_SESSION state=connection_error run_id=native-20260731-c8-full30 client=i5 action=i5-c8-gateway-restart-resume detail=sequence=0_connection_id=_WebSocketException:Unable_to_connect_to_the_remote_server
[Info   :ComfyNetworkSense] [07/31/2026 07:52:12] LUMBERJACKS_SESSION state=socket_closed run_id=native-20260731-c8-full30 client=i5 action=i5-c8-gateway-restart-resume detail=sequence=0_connection_id=
[Warning:ComfyNetworkSense] [07/31/2026 07:52:12] Authoritative consumer poll failed: TimeoutException: connect timeout to 8.231.129.249:42317
[Info   :ComfyNetworkSense] [07/31/2026 07:52:12] LUMBERJACKS_SESSION state=session_started run_id=native-20260731-c8-full30 client=i5 action=none detail=sequence=0_connection_id=ce00ce3e6b37490cbbac4362931ed248_resumed=false_reincarnated=true_logical_peer_id=lp_19f2670527be6f633c140c5938e5ff4c85d4bbe309e63007f20327439f837d5c_server_instance_id=am4-gateway-dev_world_id=am4-cutover-world_udp_ready=true
[Info   :ComfyNetworkSense] [07/31/2026 07:52:12] LUMBERJACKS_SESSION state=peer_bind_queued run_id=native-20260731-c8-full30 client=i5 action=none detail=sequence=0_connection_id=ce00ce3e6b37490cbbac4362931ed248_role=client_peer_uid=3098685135
[Info   :ComfyNetworkSense] [07/31/2026 07:52:12] LUMBERJACKS_SESSION state=motion_region_join_queued run_id=native-20260731-c8-full30 client=i5 action=none detail=sequence=0_connection_id=ce00ce3e6b37490cbbac4362931ed248_region_id=region-spawn
[Info   :ComfyNetworkSense] [07/31/2026 07:52:12] CUTOVER_SCENARIO state=completed run_id=native-20260731-c8-full30 client=i5 action=i5-c8-gateway-restart-resume detail=external_gateway_recovery_observed_connection_id=ce00ce3e6b37490cbbac4362931ed248_resume_epoch=0_logical_peer_id=lp_19f2670527be6f633c140c5938e5ff4c85d4bbe309e63007f20327439f837d5c
[Info   :ComfyNetworkSense] [07/31/2026 07:52:12] LUMBERJACKS_SESSION state=motion_transport_fallback run_id=native-20260731-c8-full30 client=i5 action=none detail=sequence=0_connection_id=ce00ce3e6b37490cbbac4362931ed248_udp_receive_failed=ConnectionReset_fallback=binary_websocket
[Info   :ComfyNetworkSense] [07/31/2026 07:52:12] CUTOVER_SCENARIO state=action_started run_id=native-20260731-c8-full30 client=i5 action=c8-ownership-contended detail=kind=ownership_contention
[Info   :ComfyNetworkSense] [07/31/2026 07:52:12] LUMBERJACKS_SESSION state=ownership_frame_queued run_id=native-20260731-c8-full30 client=i5 action=none detail=sequence=5_connection_id=ce00ce3e6b37490cbbac4362931ed248_type=valheim_ownership_lease_request_queue_depth=1
[Info   :ComfyNetworkSense] [07/31/2026 07:52:12] LUMBERJACKS_SESSION state=ownership_frame_sent run_id=native-20260731-c8-full30 client=i5 action=none detail=sequence=5_connection_id=ce00ce3e6b37490cbbac4362931ed248_type=valheim_ownership_lease_request
[Info   :ComfyNetworkSense] [07/31/2026 07:52:12] LOGICAL_PEER_CUTOVER state=logical_server_announced run_id=native-20260731-c8-full30 detail=peer_uid=1179166357_logical_peer_id=lp_c9b96e29024c30948164b6025b7d6b67ef3e40eb243b767a108cf27e4657b0da
[Info   :ComfyNetworkSense] [07/31/2026 07:52:13] LUMBERJACKS_SESSION state=ownership_frame_queued run_id=native-20260731-c8-full30 client=i5 action=none detail=sequence=1989_connection_id=ce00ce3e6b37490cbbac4362931ed248_type=valheim_ownership_lease_request_queue_depth=56
[Info   :ComfyNetworkSense] [07/31/2026 07:52:13] LUMBERJACKS_SESSION state=ownership_frame_sent run_id=native-20260731-c8-full30 client=i5 action=none detail=sequence=1989_connection_id=ce00ce3e6b37490cbbac4362931ed248_type=valheim_ownership_lease_request
[Info   :ComfyNetworkSense] [07/31/2026 07:52:13] CUTOVER_SCENARIO state=completed run_id=native-20260731-c8-full30 client=i5 action=c8-ownership-contended detail=second_logical_peer_rejected_for_active_target_uid=1179166357:9155606_epoch=1_reason=holder_mismatch
[Info   :ComfyNetworkSense] [07/31/2026 07:52:13] CUTOVER_SCENARIO state=action_started run_id=native-20260731-c8-full30 client=i5 action=i5-c8-ownership-pickup detail=kind=ownership_lease_pickup
[Info   :ComfyNetworkSense] [07/31/2026 07:52:13] LUMBERJACKS_SESSION state=ownership_frame_queued run_id=native-20260731-c8-full30 client=i5 action=none detail=sequence=2499_connection_id=ce00ce3e6b37490cbbac4362931ed248_type=valheim_ownership_lease_request_queue_depth=74
[Info   :ComfyNetworkSense] [07/31/2026 07:52:13] LUMBERJACKS_SESSION state=ownership_frame_sent run_id=native-20260731-c8-full30 client=i5 action=none detail=sequence=2499_connection_id=ce00ce3e6b37490cbbac4362931ed248_type=valheim_ownership_lease_request
[Info   :ComfyNetworkSense] [07/31/2026 07:52:14] LUMBERJACKS_SESSION state=connection_error run_id=native-20260731-c8-full30 client=i5 action=none detail=sequence=0_connection_id=_OperationCanceledException:Aborted
[Info   :ComfyNetworkSense] [07/31/2026 07:52:14] LUMBERJACKS_SESSION state=socket_closed run_id=native-20260731-c8-full30 client=i5 action=none detail=sequence=0_connection_id=
[Info   :ComfyNetworkSense] [07/31/2026 07:52:15] LUMBERJACKS_SESSION state=session_started run_id=native-20260731-c8-full30 client=i5 action=none detail=sequence=1_connection_id=ce00ce3e6b37490cbbac4362931ed248_resumed=true_reincarnated=false_logical_peer_id=lp_19f2670527be6f633c140c5938e5ff4c85d4bbe309e63007f20327439f837d5c_server_instance_id=am4-gateway-dev_world_id=am4-cutover-world_udp_ready=true
[Info   :ComfyNetworkSense] [07/31/2026 07:52:15] LUMBERJACKS_SESSION state=peer_bind_queued run_id=native-20260731-c8-full30 client=i5 action=none detail=sequence=0_connection_id=ce00ce3e6b37490cbbac4362931ed248_role=client_peer_uid=3098685135
[Info   :ComfyNetworkSense] [07/31/2026 07:52:15] LUMBERJACKS_SESSION state=motion_region_join_queued run_id=native-20260731-c8-full30 client=i5 action=none detail=sequence=0_connection_id=ce00ce3e6b37490cbbac4362931ed248_region_id=region-spawn
[Info   :ComfyNetworkSense] [07/31/2026 07:52:15] LUMBERJACKS_SESSION state=ownership_frame_queued run_id=native-20260731-c8-full30 client=i5 action=none detail=sequence=2619_connection_id=ce00ce3e6b37490cbbac4362931ed248_type=valheim_ownership_action_queue_depth=3
[Info   :ComfyNetworkSense] [07/31/2026 07:52:15] LUMBERJACKS_SESSION state=ownership_frame_sent run_id=native-20260731-c8-full30 client=i5 action=none detail=sequence=2619_connection_id=ce00ce3e6b37490cbbac4362931ed248_type=valheim_ownership_action
[Info   :ComfyNetworkSense] [07/31/2026 07:52:15] LUMBERJACKS_SESSION state=motion_transport_fallback run_id=native-20260731-c8-full30 client=i5 action=none detail=sequence=0_connection_id=ce00ce3e6b37490cbbac4362931ed248_udp_receive_failed=ConnectionReset_fallback=binary_websocket
[Info   :ComfyNetworkSense] [07/31/2026 07:52:15] LOGICAL_PEER_CUTOVER state=logical_server_announced run_id=native-20260731-c8-full30 detail=peer_uid=1179166357_logical_peer_id=lp_c9b96e29024c30948164b6025b7d6b67ef3e40eb243b767a108cf27e4657b0da
[Info   :ComfyNetworkSense] [07/31/2026 07:52:15] LUMBERJACKS_SESSION state=ownership_frame_queued run_id=native-20260731-c8-full30 client=i5 action=none detail=sequence=2622_connection_id=ce00ce3e6b37490cbbac4362931ed248_type=valheim_ownership_lease_request_queue_depth=1
[Info   :ComfyNetworkSense] [07/31/2026 07:52:15] LUMBERJACKS_SESSION state=ownership_frame_sent run_id=native-20260731-c8-full30 client=i5 action=none detail=sequence=2622_connection_id=ce00ce3e6b37490cbbac4362931ed248_type=valheim_ownership_lease_request
[Info   :ComfyNetworkSense] [07/31/2026 07:52:15] LUMBERJACKS_SESSION state=ownership_frame_queued run_id=native-20260731-c8-full30 client=i5 action=none detail=sequence=2624_connection_id=ce00ce3e6b37490cbbac4362931ed248_type=valheim_ownership_action_queue_depth=1
[Info   :ComfyNetworkSense] [07/31/2026 07:52:15] LUMBERJACKS_SESSION state=ownership_frame_sent run_id=native-20260731-c8-full30 client=i5 action=none detail=sequence=2624_connection_id=ce00ce3e6b37490cbbac4362931ed248_type=valheim_ownership_action
[Info   :ComfyNetworkSense] [07/31/2026 07:52:18] LUMBERJACKS_SESSION state=ownership_frame_queued run_id=native-20260731-c8-full30 client=i5 action=none detail=sequence=2694_connection_id=ce00ce3e6b37490cbbac4362931ed248_type=valheim_ownership_action_queue_depth=1
[Info   :ComfyNetworkSense] [07/31/2026 07:52:18] LUMBERJACKS_SESSION state=ownership_frame_sent run_id=native-20260731-c8-full30 client=i5 action=none detail=sequence=2694_connection_id=ce00ce3e6b37490cbbac4362931ed248_type=valheim_ownership_action
[Info   :ComfyNetworkSense] [07/31/2026 07:52:18] LUMBERJACKS_SESSION state=ownership_frame_queued run_id=native-20260731-c8-full30 client=i5 action=none detail=sequence=2695_connection_id=ce00ce3e6b37490cbbac4362931ed248_type=valheim_ownership_lease_request_queue_depth=1
[Info   :ComfyNetworkSense] [07/31/2026 07:52:18] LUMBERJACKS_SESSION state=ownership_frame_sent run_id=native-20260731-c8-full30 client=i5 action=none detail=sequence=2695_connection_id=ce00ce3e6b37490cbbac4362931ed248_type=valheim_ownership_lease_request
[Info   :ComfyNetworkSense] [07/31/2026 07:52:18] LUMBERJACKS_SESSION state=ownership_frame_queued run_id=native-20260731-c8-full30 client=i5 action=none detail=sequence=2698_connection_id=ce00ce3e6b37490cbbac4362931ed248_type=valheim_ownership_action_queue_depth=1
[Info   :ComfyNetworkSense] [07/31/2026 07:52:18] LUMBERJACKS_SESSION state=ownership_frame_sent run_id=native-20260731-c8-full30 client=i5 action=none detail=sequence=2698_connection_id=ce00ce3e6b37490cbbac4362931ed248_type=valheim_ownership_action
07/31/2026 07:52:20: adding Raspberry  1
[Info   :ComfyNetworkSense] [07/31/2026 07:52:20] CUTOVER_SCENARIO state=completed run_id=native-20260731-c8-full30 client=i5 action=i5-c8-ownership-pickup detail=lease_reclaim_wrong_epoch_expiry_and_authoritative_pickup_passed_uid=1179166357:9155607_epoch=3_inventory_units_before=12_inventory_units_after=13_native_request_own_suppressed=131_native_inventory_pickup_suppressed=30
[Info   :ComfyNetworkSense] [07/31/2026 07:52:20] CUTOVER_SCENARIO state=action_started run_id=native-20260731-c8-full30 client=i5 action=i5-c8-zone-cross detail=kind=zone_cross
[Info   :ComfyNetworkSense] [07/31/2026 07:52:20] CUTOVER_SCENARIO state=completed run_id=native-20260731-c8-full30 client=i5 action=i5-c8-zone-cross detail=zone_changed_from=35,-1_to=33,-1
[Info   :ComfyNetworkSense] [07/31/2026 07:52:20] CUTOVER_SCENARIO state=action_started run_id=native-20260731-c8-full30 client=i5 action=i5-c8-zone-resume detail=kind=zone_membership_resume
[Info   :ComfyNetworkSense] [07/31/2026 07:52:20] WORLD_ZONE_CUTOVER state=membership_enter_queued run_id=native-20260731-c8-full30 client=i5 detail=action_id=i5-c8-zone-resume_mode=resume_once_zone_epoch=1_zone=35,-1
[Info   :ComfyNetworkSense] [07/31/2026 07:52:20] WORLD_ZONE_CUTOVER state=snapshot_chunk_applied_typed run_id=native-20260731-c8-full30 client=i5 detail=action_id=i5-c8-zone-resume_snapshot_epoch=1785509532685001_chunk_index=1_uid=1179166357:9155608_source=lumberjacks
[Info   :ComfyNetworkSense] [07/31/2026 07:52:20] WORLD_ZONE_CUTOVER state=snapshot_socket_dropped_before_ack run_id=native-20260731-c8-full30 client=i5 detail=action_id=i5-c8-zone-resume_snapshot_epoch=1785509532685001_chunk_index=1_reliable_sequence=1351
[Info   :ComfyNetworkSense] [07/31/2026 07:52:20] LUMBERJACKS_SESSION state=connection_error run_id=native-20260731-c8-full30 client=i5 action=none detail=sequence=0_connection_id=_OperationCanceledException:Aborted
[Info   :ComfyNetworkSense] [07/31/2026 07:52:20] LUMBERJACKS_SESSION state=socket_closed run_id=native-20260731-c8-full30 client=i5 action=none detail=sequence=0_connection_id=
[Info   :ComfyNetworkSense] [07/31/2026 07:52:20] LUMBERJACKS_SESSION state=session_started run_id=native-20260731-c8-full30 client=i5 action=none detail=sequence=2_connection_id=ce00ce3e6b37490cbbac4362931ed248_resumed=true_reincarnated=false_logical_peer_id=lp_19f2670527be6f633c140c5938e5ff4c85d4bbe309e63007f20327439f837d5c_server_instance_id=am4-gateway-dev_world_id=am4-cutover-world_udp_ready=true
[Info   :ComfyNetworkSense] [07/31/2026 07:52:20] LUMBERJACKS_SESSION state=peer_bind_queued run_id=native-20260731-c8-full30 client=i5 action=none detail=sequence=0_connection_id=ce00ce3e6b37490cbbac4362931ed248_role=client_peer_uid=3098685135
[Info   :ComfyNetworkSense] [07/31/2026 07:52:20] LUMBERJACKS_SESSION state=motion_region_join_queued run_id=native-20260731-c8-full30 client=i5 action=none detail=sequence=0_connection_id=ce00ce3e6b37490cbbac4362931ed248_region_id=region-spawn
[Info   :ComfyNetworkSense] [07/31/2026 07:52:20] WORLD_ZONE_CUTOVER state=snapshot_chunk_replayed_idempotent run_id=native-20260731-c8-full30 client=i5 detail=action_id=i5-c8-zone-resume_snapshot_epoch=1785509532685001_chunk_index=1_reliable_sequence=1351
[Info   :ComfyNetworkSense] [07/31/2026 07:52:20] WORLD_ZONE_CUTOVER state=snapshot_chunk_ack_queued run_id=native-20260731-c8-full30 client=i5 detail=action_id=i5-c8-zone-resume_snapshot_epoch=1785509532685001_chunk_index=1_reliable_sequence=1351
[Info   :ComfyNetworkSense] [07/31/2026 07:52:20] LUMBERJACKS_SESSION state=motion_transport_fallback run_id=native-20260731-c8-full30 client=i5 action=none detail=sequence=0_connection_id=ce00ce3e6b37490cbbac4362931ed248_udp_receive_failed=ConnectionReset_fallback=binary_websocket
[Info   :ComfyNetworkSense] [07/31/2026 07:52:20] LOGICAL_PEER_CUTOVER state=logical_server_announced run_id=native-20260731-c8-full30 detail=peer_uid=1179166357_logical_peer_id=lp_c9b96e29024c30948164b6025b7d6b67ef3e40eb243b767a108cf27e4657b0da
InvalidDataException: zone_snapshot_unexpected_existing_object
  at ComfyNetworkSense.WorldZoneCutoverRunner.HandleSnapshotChunk (System.String json, System.Int64 reliableSequence) [0x002fb] in <819ca9909443491796a2fa87d965eaef>:0 
  at ComfyNetworkSense.WorldZoneCutoverRunner.DrainFrames () [0x00222] in <819ca9909443491796a2fa87d965eaef>:0 
  at ComfyNetworkSense.WorldZoneCutoverRunner.Update (System.Single now) [0x00009] in <819ca9909443491796a2fa87d965eaef>:0 
  at ComfyNetworkSense.ComfyNetworkSense.Update () [0x00212] in <819ca9909443491796a2fa87d965eaef>:0 

[Warning:ComfyNetworkSense] [07/31/2026 07:52:22] Authoritative consumer poll failed: TimeoutException: connect timeout to 8.231.129.249:42317
[Warning:ComfyNetworkSense] [07/31/2026 07:52:32] Authoritative consumer poll failed: TimeoutException: connect timeout to 8.231.129.249:42317
[Info   :ComfyNetworkSense] [07/31/2026 07:52:37] MOTION_AUTHORITY state=native_transform_writer_suppressed run_id=native-20260731-c8-full30 client=i5 action=i5-c8-motion-observe-gap detail=count=8192_writer=ZSyncTransform.CustomFixedUpdate
[Info   :ComfyNetworkSense] [07/31/2026 07:52:40] LOGICAL_PEER_CUTOVER state=logical_native_invoke_suppressed run_id=native-20260731-c8-full30 detail=count=1024_method=ZDOData_semantic_fallback=false
[Warning:ComfyNetworkSense] [07/31/2026 07:52:42] Authoritative consumer poll failed: TimeoutException: connect timeout to 8.231.129.249:42317
[Warning:ComfyNetworkSense] [07/31/2026 07:52:52] Authoritative consumer poll failed: TimeoutException: connect timeout to 8.231.129.249:42317
[Warning:ComfyNetworkSense] [07/31/2026 07:53:02] Authoritative consumer poll failed: TimeoutException: connect timeout to 8.231.129.249:42317
[Warning:ComfyNetworkSense] [07/31/2026 07:53:12] Authoritative consumer poll failed: TimeoutException: connect timeout to 8.231.129.249:42317
[Warning:ComfyNetworkSense] [07/31/2026 07:53:22] Authoritative consumer poll failed: TimeoutException: connect timeout to 8.231.129.249:42317
[Warning:ComfyNetworkSense] [07/31/2026 07:53:32] Authoritative consumer poll failed: TimeoutException: connect timeout to 8.231.129.249:42317
[Info   :ComfyNetworkSense] [07/31/2026 07:53:40] LOGICAL_PEER_CUTOVER state=logical_native_invoke_suppressed run_id=native-20260731-c8-full30 detail=count=2048_method=ZDOData_semantic_fallback=false
[Warning:ComfyNetworkSense] [07/31/2026 07:53:42] Authoritative consumer poll failed: TimeoutException: connect timeout to 8.231.129.249:42317
[Info   :ComfyNetworkSense] [07/31/2026 07:53:49] WORLD_ZONE_CUTOVER state=membership_probe_failed run_id=native-20260731-c8-full30 client=i5 detail=action_id=i5-c8-zone-resume_world_zone_probe_deadline_applied=1_replayed=1_complete_count=0
[Info   :ComfyNetworkSense] [07/31/2026 07:53:49] CUTOVER_SCENARIO state=failed run_id=native-20260731-c8-full30 client=i5 action=i5-c8-zone-resume detail=world_zone_probe_deadline_applied=1_replayed=1_complete_count=0
07/31/2026 07:53:50: Game - OnApplicationQuit
07/31/2026 07:53:50: Available space to current user: 103846178816. Saving is blocked if below: 209737952 bytes. Warnings are given if below: 419475904
07/31/2026 07:53:50: Shutting down
07/31/2026 07:53:50: Minimap: compressed mapData 8388660 => 8627 bytes
07/31/2026 07:53:50: Cloud Save: 11376 bytes. /characters/durracktu.fch.new
Steam writing file chunks 1 / 1, (11376 bytes)
Steam writing file chunks 1 / 1, (11376 bytes)
Steam writing file chunks 1 / 1, (11376 bytes)
07/31/2026 07:53:50: Considering autobackup. World time: 162.7599, short time: 7200, long time: 43200, backup count: 4
07/31/2026 07:53:50: Skipping backup. World session not long enough.
07/31/2026 07:53:50: ZNet Shutdown
07/31/2026 07:53:50: Unloading unused assets
Unloading 2 Unused Serialized files (Serialized files now loaded: 28)
07/31/2026 07:53:50: Sending disconnect msg
07/31/2026 07:53:50: Sent to lumberjacks:lp_c9b96e29024c30948164b6025b7d6b67ef3e40eb243b767a108cf27e4657b0da
[Info   :ComfyNetworkSense] [07/31/2026 07:53:50] LOGICAL_PEER_CUTOVER state=disconnect_queued run_id=native-20260731-c8-full30 detail=target_logical_peer_id=lp_c9b96e29024c30948164b6025b7d6b67ef3e40eb243b767a108cf27e4657b0da
ZPlayFabMatchmaking::UnregisterServer - unregistering server now. State: Uninitialized
07/31/2026 07:53:50: Stopping build thread
Unloading 137 unused Assets to reduce memory usage. Loaded Objects now: 285862.
Total: 59.559400 ms (FindLiveObjects: 12.644500 ms CreateObjectMapping: 12.590900 ms MarkObjects: 33.914000 ms  DeleteObjects: 0.409500 ms)

[Warning:ComfyNetworkSense] [07/31/2026 07:53:52] Authoritative consumer poll failed: TimeoutException: connect timeout to 8.231.129.249:42317
07/31/2026 07:53:53: Player destroyed sec:0,0  pos:(2214.99, -238415.50, -69.00)  zdopos:(0.00, 0.00, 0.00)  ref (2211.00, 33.16, -59.02)
07/31/2026 07:53:53: Steam manager on destroy
07/31/2026 07:53:53: Local player destroyed
07/31/2026 07:53:53: ZNet OnDestroy
07/31/2026 07:53:53: Net scene destroyed
[Physics::Module] Cleanup current backned.
[Physics::Module] Id: 0xf2b8ea05
Input System module state changed to: ShutdownInProgress.
Input System polling thread exited.
Input System module state changed to: Shutdown.
GarbageCollector disposing of ComputeBuffer. Please use ComputeBuffer.Release() or .Dispose() to manually release the buffer.
