Mono path[0] = 'C:/Program Files (x86)/Steam/steamapps/common/Valheim/valheim_Data/Managed'
Mono config path = 'C:/Program Files (x86)/Steam/steamapps/common/Valheim/MonoBleedingEdge/etc'
Input System module state changed to: Initialized.
[Physics::Module] Initialized fallback backend.
[Physics::Module] Id: 0xdecafbad
Initialize engine version: 6000.0.61f1 (74a0adb02c31)
[Subsystems] Discovering subsystems at path C:/Program Files (x86)/Steam/steamapps/common/Valheim/valheim_Data/UnitySubsystems
kGfxThreadingModeSplitJobs is not supported on Direct3D 11. Reverting to kGfxThreadingModeClientWorkerJobs instead.
GfxDevice: creating device client; kGfxThreadingModeClientWorkerJobs
Direct3D:
    Version:  Direct3D 11.0 [level 11.1]
    Renderer: NVIDIA GeForce RTX 5070 (ID=0x2f04)
    Vendor:   NVIDIA
    VRAM:     11943 MB
    Driver:   32.0.15.9155
Begin MonoManager ReloadAssembly
- Loaded All Assemblies, in  0.070 seconds
- Finished resetting the current domain, in  0.001 seconds
[Physics::Module] Selected backend.
[Physics::Module] Name: PhysX
[Physics::Module] Id: 0xf2b8ea05
[Physics::Module] SDK Version: 4.1.2
[Physics::Module] Integration Version: 1.0.0
[Physics::Module] Threading Mode: Multi-Threaded
[Message:   BepInEx] BepInEx 5.4.23.3 - valheim (7/1/2026 1:45:56 AM)
[Message:   BepInEx] User is running BepInExPack Valheim version 5.4.2333 from Thunderstore
[Info   :   BepInEx] Running under Unity v6000.0.61.7643309
[Info   :   BepInEx] CLR runtime version: 4.0.30319.42000
[Info   :   BepInEx] Supports SRE: True
[Info   :   BepInEx] System platform: Bits64, Windows
[Message:   BepInEx] Preloader started
[Info   :   BepInEx] Loaded 1 patcher method from [BepInEx.Preloader 5.4.23.3]
[Info   :   BepInEx] 1 patcher plugin loaded
[Info   :   BepInEx] Patching [UnityEngine.CoreModule] with [BepInEx.Chainloader]
[Message:   BepInEx] Preloader finished
[Message:   BepInEx] Chainloader ready
[Message:   BepInEx] Chainloader started
[Info   :   BepInEx] 3 plugins to load
[Info   :   BepInEx] Loading [Comfy Camera Proof 0.1.0]
[Info   :Comfy Camera Proof] Comfy Camera Proof loaded. F8/status and F9/move proof commands are available.
[Info   :   BepInEx] Loading [ComfyControlSurface 0.6.0]
[Info   :ComfyControlSurface] [07/31/2026 07:04:38] Comfy control surface loaded.
[Info   :   BepInEx] Loading [ComfyNetworkSense 0.5.45]
[Info   :ComfyNetworkSense] [07/31/2026 07:04:38] Authoritative consumer init: enabled=True, manifest=p7-primary-v1, gateway=http://8.231.129.249:42317
[Info   :ComfyNetworkSense] [07/31/2026 07:04:38] Authoritative consumer init: authoritative consumer armed
[Info   :ComfyNetworkSense] [07/31/2026 07:04:38] Panel input patch applied: GameCamera.UpdateMouseCapture
[Info   :ComfyNetworkSense] [07/31/2026 07:04:38] Panel input patch applied: Character.TakeInput
[Info   :ComfyNetworkSense] [07/31/2026 07:04:38] GameplayEventPatches: patched Character.RPC_Damage
[Info   :ComfyNetworkSense] [07/31/2026 07:04:38] GameplayEventPatches: patched Character.Damage
[Info   :ComfyNetworkSense] [07/31/2026 07:04:38] GameplayEventPatches: patched Character.OnDeath
[Info   :ComfyNetworkSense] [07/31/2026 07:04:38] Lab auto-join patch applied: FejdStartup.Start
[Info   :ComfyNetworkSense] [07/31/2026 07:04:38] Quest view loaded: 4 tracked quest(s) for Derek from C:\Program Files (x86)\Steam\steamapps\common\Valheim\BepInEx\config\comfy-network-sense\quest-view.json
[Info   :ComfyNetworkSense] [07/31/2026 07:04:38] Telemetry scaffold ready.
[Info   :ComfyNetworkSense] [07/31/2026 07:04:38] Lumberjacks contract release=m30-rolecontrol-20260723-r1 schema_version=2 operation=zdo_redirect
[Message:   BepInEx] Chainloader startup complete
<RI> Initializing input.
Using Windows.Gaming.Input
XInput1_3.dll not found. Trying XInput9_1_0.dll instead...
<RI> Input initialized.
UnloadTime: 0.401500 ms
07/31/2026 07:04:38: Using environment steamid 892970
07/31/2026 07:04:38: Using steam APPID:892970
07/31/2026 07:04:38: Authentication:k_ESteamNetworkingAvailability_Attempting
07/31/2026 07:04:38: Platform doesn't implement Process Lifetime Management! Don't initialize suspend manager.
07/31/2026 07:04:38: Initialized platform!
07/31/2026 07:04:38: Platform doesn't implement matchmaking! Don't initialize matchmaking manager.
07/31/2026 07:04:38: All files in local storage save data:
C:/Users/derek/AppData/LocalLow/IronGate/Valheim\adminlist.txt (40)
C:/Users/derek/AppData/LocalLow/IronGate/Valheim\bannedlist.txt (41)
C:/Users/derek/AppData/LocalLow/IronGate/Valheim\permittedlist.txt (43)
C:/Users/derek/AppData/LocalLow/IronGate/Valheim\Player-prev.log (10296)
C:/Users/derek/AppData/LocalLow/IronGate/Valheim\Player.log (4356)
07/31/2026 07:04:38: All files in platform save data:
characters/durracktu.fch (29392463)
characters/durracktu.fch.old (29391517)
serverlist/favorite (331)
serverlist/favorite.old (292)
serverlist/recent (500)
serverlist/recent.old (500)
characters/durracktu_backup_auto-20260721144325.fch (29391516)
characters/durracktu_backup_auto-20260715013753.fch (29390697)
characters/durracktu_backup_auto-20260715033754.fch (29390697)
characters/durracktu_backup_auto-20260721103453.fch (29390870)
characters/tugcorp_backup_auto-20260723002552.fch (8402422)
characters/tugcorp_backup_auto-20260723103120.fch (8402611)
characters/tugcorp_backup_auto-20260729185603.fch (8402640)
characters/tugcorp.fch (8402928)
characters/tugcorp.fch.old.stmp (0)
characters/tugcorp_backup_auto-20260730233300.fch (8402907)
characters/tugcorp.fch.old (8402928)
07/31/2026 07:04:38: Initializing preferences provider...
07/31/2026 07:04:38: No preference provider available for this platform!
07/31/2026 07:04:38: Set background loading budget to Low
07/31/2026 07:04:38: Loading first scene!
07/31/2026 07:04:38: Preferences initialized! Activating first scene!
[Debug  :   BepInEx] [UnityInput] Using LegacyInputSystem
Unloading 5 Unused Serialized files (Serialized files now loaded: 8)
UnloadTime: 0.052000 ms
07/31/2026 07:04:39: 
07/31/2026 07:04:39: Starting to load scene:start.unity (169d7618616154c03be07e9ad3af5893)
07/31/2026 07:04:39: Set background loading budget to Normal
07/31/2026 07:04:39: Loaded localization file #0 - 'localization' language: 'English'
07/31/2026 07:04:39: Loaded localization file #1 - 'localization_extra' language: 'English'
07/31/2026 07:04:39: Loaded localization file #2 - 'heightmap_message' language: 'English'
07/31/2026 07:04:39: Loaded localization file #3 - 'localization_witch' language: 'English'
07/31/2026 07:04:39: Loaded localization file #4 - 'localization_ashlands' language: 'English'
07/31/2026 07:04:39: Loaded localization file #5 - 'localization_captions' language: 'English'
07/31/2026 07:04:39: Loaded localization file #6 - 'localization_combatupdate' language: 'English'
07/31/2026 07:04:39: Loaded localization file #7 - 'localization_celebrationupdate' language: 'English'
07/31/2026 07:04:39: Loaded localization file #0 - 'localization' language: 'English'
07/31/2026 07:04:39: Loaded localization file #1 - 'localization_extra' language: 'English'
07/31/2026 07:04:39: Loaded localization file #2 - 'heightmap_message' language: 'English'
07/31/2026 07:04:39: Loaded localization file #3 - 'localization_witch' language: 'English'
07/31/2026 07:04:39: Loaded localization file #4 - 'localization_ashlands' language: 'English'
07/31/2026 07:04:39: Loaded localization file #5 - 'localization_captions' language: 'English'
07/31/2026 07:04:39: Loaded localization file #6 - 'localization_combatupdate' language: 'English'
07/31/2026 07:04:39: Loaded localization file #7 - 'localization_celebrationupdate' language: 'English'
Unloading 174 unused Assets to reduce memory usage. Loaded Objects now: 2506.
Total: 5.612400 ms (FindLiveObjects: 0.112900 ms CreateObjectMapping: 0.041400 ms MarkObjects: 5.340100 ms  DeleteObjects: 0.117800 ms)

The referenced script on this Behaviour (Game Object '<null>') is missing!
The referenced script on this Behaviour (Game Object '<null>') is missing!
The referenced script on this Behaviour (Game Object '<null>') is missing!
Unloading 3 Unused Serialized files (Serialized files now loaded: 20)
07/31/2026 07:04:43: Set background loading budget to High
07/31/2026 07:04:43: GPU Device: 10DE:2F04 (NVIDIA)
07/31/2026 07:04:43: Set background loading budget to Low
UnloadTime: 6.251500 ms
Only custom filters can be played. Please add a custom filter or an audioclip to the audiosource (Amb_MainMenu).
07/31/2026 07:04:43: Missing audio clip in music respawn
07/31/2026 07:04:43: Steam initialized, persona:wary.fool
07/31/2026 07:04:43: Valheim version: 0.221.12 (network version 36)
07/31/2026 07:04:43: Worldgenerator version setup:2
07/31/2026 07:04:43: Render threading mode:LegacyJobified
07/31/2026 07:04:43: Checking for installed DLCs
07/31/2026 07:04:43: DLC:beta installed:False
07/31/2026 07:04:43: Builder started
07/31/2026 07:04:43:   failed to load: /characters/tugcorp.fch.old.stmp.fch (Unable to find the specified file.)
07/31/2026 07:04:43: No player data
07/31/2026 07:04:43: Failed to load tugcorp.fch.old.stmp
[Info   :ComfyNetworkSense] [07/31/2026 07:04:44] AUTOTEST_READY run_id=native-20260731-c8-full28 client=omen character=Tugcorp server=100.116.82.60:2456 renderer=NVIDIA_GeForce_RTX_5070 renderer_type=Direct3D11 native_poison=true
07/31/2026 07:04:44: Sending PlayFab login request (attempt 1)
07/31/2026 07:04:44: Starting music menu
Unloading 93736 unused Assets to reduce memory usage. Loaded Objects now: 209162.
Total: 111.653000 ms (FindLiveObjects: 14.908900 ms CreateObjectMapping: 23.608800 ms MarkObjects: 46.725600 ms  DeleteObjects: 26.409200 ms)

[Info   :ComfyNetworkSense] [07/31/2026 07:04:44] CUTOVER_SCENARIO state=scenario_loaded run_id=native-20260731-c8-full28 client=omen action=none detail=actions=25
07/31/2026 07:04:44: Session auth respons callback
07/31/2026 07:04:45: Logged in PlayFab user via Steam auth session ticket
07/31/2026 07:04:45: PlayFab local entity ID is BA21E16F96FD7DF7
07/31/2026 07:04:45: Released session ticket
07/31/2026 07:04:53: OnCharacterStart
[Info   :ComfyNetworkSense] [07/31/2026 07:04:53] AUTOTEST_STEAM_FREE_SCENE_REQUESTED run_id=native-20260731-c8-full28 client=omen character=Tugcorp server=100.116.82.60:2456 native_connect=false native_handshake=false
[Info   :ComfyNetworkSense] [07/31/2026 07:04:53] Lab auto-join started existing character 'Tugcorp' at profile index 0.
[Info   :ComfyNetworkSense] [07/31/2026 07:04:53] AUTOTEST_CHARACTER_SELECTED run_id=native-20260731-c8-full28 client=omen character=Tugcorp server=100.116.82.60:2456 profile_index=0
The referenced script on this Behaviour (Game Object '<null>') is missing!
Unloading 3 Unused Serialized files (Serialized files now loaded: 21)
UnloadTime: 10.817700 ms
07/31/2026 07:04:53: Audioman already exist, destroying self
07/31/2026 07:04:53: Steam initialized, persona:wary.fool
07/31/2026 07:04:53: Loading player profile tugcorp
07/31/2026 07:04:53: isModded: True
07/31/2026 07:04:53: Zonesystem Awake 759
07/31/2026 07:04:53: DungeonDB Awake 759
07/31/2026 07:04:53: Steam initialized, persona:wary.fool
07/31/2026 07:04:53: Checking for installed DLCs
07/31/2026 07:04:53: DLC:beta installed:False
Unloading 377 unused Assets to reduce memory usage. Loaded Objects now: 207694.
Total: 89.751000 ms (FindLiveObjects: 9.156300 ms CreateObjectMapping: 12.628800 ms MarkObjects: 67.174500 ms  DeleteObjects: 0.790900 ms)

07/31/2026 07:04:53: Zonesystem Start 759
07/31/2026 07:04:53: Added 3 locations, 0 vegetations, 0 environments, 0 biome env-setups, 0 clutter  from main
07/31/2026 07:04:53: Added 1 locations, 0 vegetations, 2 environments, 0 biome env-setups, 0 clutter  from main
07/31/2026 07:04:53: Added 27 locations, 25 vegetations, 5 environments, 1 biome env-setups, 3 clutter  from main
07/31/2026 07:04:53: Added 4 locations, 0 vegetations, 1 environments, 0 biome env-setups, 0 clutter  from main
07/31/2026 07:04:53: Added 25 locations, 33 vegetations, 8 environments, 2 biome env-setups, 2 clutter  from main
07/31/2026 07:04:53: DungeonDB Start 759
07/31/2026 07:04:53: ZRpc timeout set to 30s 
07/31/2026 07:04:53: ZNET START
[Info   :ComfyNetworkSense] [07/31/2026 07:04:53] LOGICAL_PEER_CUTOVER state=native_client_connect_suppressed run_id=native-20260731-c8-full28 detail=source=request_manifest_native_target=false_logical_connection_status=connecting
[Info   :ComfyNetworkSense] [07/31/2026 07:04:53] Registered routed RPC: ComfyNetworkSense_ServerPulse
[Info   :ComfyNetworkSense] [07/31/2026 07:04:53] Registered routed RPC: ComfyNetworkSense_GameplayEvent
[Info   :ComfyNetworkSense] [07/31/2026 07:04:53] LUMBERJACKS_SESSION state=session_started run_id=native-20260731-c8-full28 client=omen action=none detail=sequence=0_connection_id=3c3a4ad2ae374fcdab45e7c45129262e_resumed=false_reincarnated=false_logical_peer_id=lp_c63184ad7fe2fd0616f8f0cd84f7c6150d9687b039d568454b911e5f7dd544f1_server_instance_id=am4-gateway-dev_world_id=am4-cutover-world_udp_ready=true
[Info   :ComfyNetworkSense] [07/31/2026 07:04:53] LUMBERJACKS_SESSION state=peer_bind_queued run_id=native-20260731-c8-full28 client=omen action=none detail=sequence=0_connection_id=3c3a4ad2ae374fcdab45e7c45129262e_role=client_peer_uid=552468943
[Info   :ComfyNetworkSense] [07/31/2026 07:04:53] LUMBERJACKS_SESSION state=motion_region_join_queued run_id=native-20260731-c8-full28 client=omen action=none detail=sequence=0_connection_id=3c3a4ad2ae374fcdab45e7c45129262e_region_id=region-spawn
[Info   :ComfyNetworkSense] [07/31/2026 07:04:53] WORLD_ZONE_CUTOVER state=descriptor_requested run_id=native-20260731-c8-full28 client=client detail=fault_mode=none
[Info   :ComfyNetworkSense] [07/31/2026 07:04:53] LOGICAL_PEER_CUTOVER state=logical_server_announced run_id=native-20260731-c8-full28 detail=peer_uid=1179166357_logical_peer_id=lp_c9b96e29024c30948164b6025b7d6b67ef3e40eb243b767a108cf27e4657b0da
[Info   :ComfyNetworkSense] [07/31/2026 07:04:53] WORLD_ZONE_CUTOVER state=descriptor_accepted run_id=native-20260731-c8-full28 client=client detail=world_epoch=world-ffffffff63e5be34_world_generation_version=2_initial_zone=35,-1_global_keys=8_location_icons=10
07/31/2026 07:04:53: Worldgenerator version setup:2
[Info   :ComfyNetworkSense] [07/31/2026 07:04:55] LOGICAL_PEER_CUTOVER state=logical_peer_constructed run_id=native-20260731-c8-full28 detail=role=server_peer_uid=1179166357_logical_peer_id=lp_c9b96e29024c30948164b6025b7d6b67ef3e40eb243b767a108cf27e4657b0da_socket_type=LogicalSocket_native_socket=false
[Info   :ComfyNetworkSense] [07/31/2026 07:04:55] LOGICAL_PEER_CUTOVER state=client_logical_peer_ready run_id=native-20260731-c8-full28 detail=remote_peer_uid=1179166357_remote_logical_peer_id=lp_c9b96e29024c30948164b6025b7d6b67ef3e40eb243b767a108cf27e4657b0da_world_epoch=world-ffffffff63e5be34_native_socket=false_native_handshake=false
07/31/2026 07:05:00: Generating new world minimap done [4685ms]
07/31/2026 07:05:00: Minimap: unpacking compressed mapData 8644 => 8388789 bytes
07/31/2026 07:05:00: Starting respawn
[Info   :ComfyNetworkSense] [07/31/2026 07:05:00] WORLD_ZONE_CUTOVER state=world_bootstrap_applied_typed run_id=native-20260731-c8-full28 client=client detail=start_location=StartTemple_global_keys=8_location_icons=10_native_routed_rpc=false
[Info   :ComfyNetworkSense] [07/31/2026 07:05:00] WORLD_ZONE_CUTOVER state=bootstrap_progress run_id=native-20260731-c8-full28 client=omen detail=bootstrap_applied=True_start_icon=True_start_position=2211,33,-69_reference_position=2215,33.16,-69_reference_zone=35,-1_zone_loaded=False_area_ready=False_local_player=False_banked=0_inbound=0_applied=0_superseded=0_apply_failures=0
07/31/2026 07:05:00: tip:$loadscreen_tip11
[Info   :ComfyNetworkSense] [07/31/2026 07:05:01] LOGICAL_PEER_CUTOVER state=logical_native_invoke_suppressed run_id=native-20260731-c8-full28 detail=count=1_method=ServerSyncedPlayerData_semantic_fallback=false
[Info   :ComfyNetworkSense] [07/31/2026 07:05:02] WORLD_ZONE_CUTOVER state=bootstrap_progress run_id=native-20260731-c8-full28 client=omen detail=bootstrap_applied=True_start_icon=True_start_position=2211,33,-69_reference_position=2215,33.16,-69_reference_zone=35,-1_zone_loaded=True_area_ready=False_local_player=False_banked=1301_inbound=0_applied=1292_superseded=0_apply_failures=0
[Info   :ComfyNetworkSense] [07/31/2026 07:05:03] LOGICAL_PEER_CUTOVER state=logical_native_invoke_suppressed run_id=native-20260731-c8-full28 detail=count=2_method=ServerSyncedPlayerData_semantic_fallback=false
07/31/2026 07:05:03: Done fading color
07/31/2026 07:05:03: Done fading color
07/31/2026 07:05:03: Done fading color
07/31/2026 07:05:03: Done fading color
07/31/2026 07:05:03: Done fading color
07/31/2026 07:05:03: Done fading color
07/31/2026 07:05:03: Done fading color
[Info   :ComfyNetworkSense] [07/31/2026 07:05:04] WORLD_ZONE_CUTOVER state=bootstrap_progress run_id=native-20260731-c8-full28 client=omen detail=bootstrap_applied=True_start_icon=True_start_position=2211,33,-69_reference_position=2215,33.16,-69_reference_zone=35,-1_zone_loaded=True_area_ready=True_local_player=False_banked=1301_inbound=0_applied=1292_superseded=0_apply_failures=0
07/31/2026 07:05:04: Done fading color
07/31/2026 07:05:04: Failed to get attach prefab for item FlametalOre
07/31/2026 07:05:04: Failed to get attach prefab for item FlametalOre
[Warning:ComfyNetworkSense] [07/31/2026 07:05:05] Authoritative consumer poll failed: TimeoutException: connect timeout to 8.231.129.249:42317
[Info   :ComfyNetworkSense] [07/31/2026 07:05:05] LOGICAL_PEER_CUTOVER state=logical_native_invoke_suppressed run_id=native-20260731-c8-full28 detail=count=3_method=ServerSyncedPlayerData_semantic_fallback=false
[Info   :ComfyNetworkSense] [07/31/2026 07:05:06] WORLD_ZONE_CUTOVER state=bootstrap_progress run_id=native-20260731-c8-full28 client=omen detail=bootstrap_applied=True_start_icon=True_start_position=2211,33,-69_reference_position=2215,33.16,-69_reference_zone=35,-1_zone_loaded=True_area_ready=True_local_player=False_banked=1301_inbound=0_applied=1292_superseded=0_apply_failures=0
[Info   :ComfyNetworkSense] [07/31/2026 07:05:07] LOGICAL_PEER_CUTOVER state=logical_native_invoke_suppressed run_id=native-20260731-c8-full28 detail=count=4_method=ServerSyncedPlayerData_semantic_fallback=false
07/31/2026 07:05:08: Spawned after 8.019993
[Info   :ComfyNetworkSense] [07/31/2026 07:05:08] LOGICAL_PEER_CUTOVER state=character_id_queued run_id=native-20260731-c8-full28 detail=target_logical_peer_id=lp_c9b96e29024c30948164b6025b7d6b67ef3e40eb243b767a108cf27e4657b0da_character_id=552468943:1
07/31/2026 07:05:08: Failed to get player info for player Steam_76561198088711642 who sent the chat message "I HAVE ARRIVED!"!
07/31/2026 07:05:08: Skipping unloading unused assets
[Info   :ComfyNetworkSense] [07/31/2026 07:05:08] AUTOTEST_JOINED run_id=native-20260731-c8-full28 client=omen character=Tugcorp server=100.116.82.60:2456 peer_count=1 player=Tugcorp renderer=NVIDIA_GeForce_RTX_5070 renderer_type=Direct3D11 graphics_memory_mb=11943
[Info   :ComfyNetworkSense] [07/31/2026 07:05:08] WORLD_ZONE_CUTOVER state=bootstrap_ready run_id=native-20260731-c8-full28 client=omen detail=bootstrap_applied=True_start_icon=True_start_position=2211,33,-69_reference_position=2215,33.41,-69_reference_zone=35,-1_zone_loaded=True_area_ready=True_local_player=True_banked=1301_inbound=0_applied=1292_superseded=0_apply_failures=0
[Info   :ComfyNetworkSense] [07/31/2026 07:05:08] MOTION_AUTHORITY state=local_motion_identity run_id=native-20260731-c8-full28 client=omen action=none detail=uid=552468943:1_position=2214.996,33.407,-69
[Info   :ComfyNetworkSense] [07/31/2026 07:05:08] CUTOVER_SCENARIO state=teleport_safeguard_enabled run_id=native-20260731-c8-full28 client=omen action=none detail=god=True_fly=False_dead=False
[Info   :ComfyNetworkSense] [07/31/2026 07:05:08] CUTOVER_SCENARIO state=action_started run_id=native-20260731-c8-full28 client=omen action=omen-settle detail=kind=wait
07/31/2026 07:05:08: Minimap: Adding unique location (-4269.00, 40.00, 4415.00)
07/31/2026 07:05:08: Minimap: Adding unique location (-4424.00, 42.00, 4431.00)
07/31/2026 07:05:08: Minimap: Adding unique location (2211.00, 33.00, -69.00)
07/31/2026 07:05:08: Minimap: Adding unique location (-4357.00, 49.00, 4361.00)
[Info   :ComfyNetworkSense] [07/31/2026 07:05:08] LOGICAL_PEER_CUTOVER state=logical_native_invoke_suppressed run_id=native-20260731-c8-full28 detail=count=8_method=ZDOData_semantic_fallback=false
[Info   :ComfyNetworkSense] [07/31/2026 07:05:08] LOGICAL_PEER_CUTOVER state=logical_native_invoke_suppressed run_id=native-20260731-c8-full28 detail=count=16_method=ZDOData_semantic_fallback=false
[Info   :ComfyNetworkSense] [07/31/2026 07:05:09] LOGICAL_PEER_CUTOVER state=logical_native_invoke_suppressed run_id=native-20260731-c8-full28 detail=count=32_method=ZDOData_semantic_fallback=false
[Info   :ComfyNetworkSense] [07/31/2026 07:05:10] CUTOVER_SCENARIO state=completed run_id=native-20260731-c8-full28 client=omen action=omen-settle detail=wait_elapsed
[Info   :ComfyNetworkSense] [07/31/2026 07:05:10] CUTOVER_SCENARIO state=action_started run_id=native-20260731-c8-full28 client=omen action=omen-c8-safe-origin detail=kind=teleport_to
[Info   :ComfyNetworkSense] [07/31/2026 07:05:10] CUTOVER_SCENARIO state=teleport_safeguard_enabled run_id=native-20260731-c8-full28 client=omen action=omen-c8-safe-origin detail=god=True_fly=False_dead=False
[Info   :ComfyNetworkSense] [07/31/2026 07:05:10] CUTOVER_SCENARIO state=coordinate_teleport_started run_id=native-20260731-c8-full28 client=omen action=omen-c8-safe-origin detail=target=2211,80,-69
07/31/2026 07:05:10: Starting music blackforest
07/31/2026 07:05:10: Resumed music blackforest at 0
[Warning:ComfyNetworkSense] [07/31/2026 07:05:10] Authoritative consumer telemetry failed: TimeoutException: connect timeout to 8.231.129.249:42317
[Info   :ComfyNetworkSense] [07/31/2026 07:05:10] MOTION_AUTHORITY state=remote_player_descriptor_applied run_id=native-20260731-c8-full28 client=omen action=none detail=logical_peer_id=lp_19f2670527be6f633c140c5938e5ff4c85d4bbe309e63007f20327439f837d5c_uid=1669947146:1_generation=1_ack_queued=true
[Info   :ComfyNetworkSense] [07/31/2026 07:05:10] MOTION_AUTHORITY state=remote_motion_discovered run_id=native-20260731-c8-full28 client=omen action=none detail=uid=1669947146:1_position=2211,33.3,-59.01_transport=udp
[Info   :ComfyNetworkSense] [07/31/2026 07:05:10] MOTION_AUTHORITY state=logical_remote_seeded run_id=native-20260731-c8-full28 client=omen action=none detail=uid=1669947146:1_prefab=Player_owner=1669947146_generation=1_source=reliable_aoi_descriptor
[Info   :ComfyNetworkSense] [07/31/2026 07:05:10] MOTION_AUTHORITY state=remote_instance_missing run_id=native-20260731-c8-full28 client=omen action=none detail=uid=1669947146:1_known_player_uids=552468943:1
[Info   :ComfyNetworkSense] [07/31/2026 07:05:10] LOGICAL_PEER_CUTOVER state=logical_native_invoke_suppressed run_id=native-20260731-c8-full28 detail=count=64_method=ZDOData_semantic_fallback=false
[Info   :ComfyNetworkSense] [07/31/2026 07:05:10] MOTION_AUTHORITY state=native_transform_writer_suppressed run_id=native-20260731-c8-full28 client=omen action=none detail=count=1_writer=ZSyncTransform.CustomFixedUpdate
[Info   :ComfyNetworkSense] [07/31/2026 07:05:10] MOTION_AUTHORITY state=native_transform_writer_suppressed run_id=native-20260731-c8-full28 client=omen action=none detail=count=2_writer=ZSyncTransform.CustomFixedUpdate
[Info   :ComfyNetworkSense] [07/31/2026 07:05:10] MOTION_AUTHORITY state=native_transform_writer_suppressed run_id=native-20260731-c8-full28 client=omen action=none detail=count=3_writer=ZSyncTransform.CustomFixedUpdate
[Info   :ComfyNetworkSense] [07/31/2026 07:05:10] MOTION_AUTHORITY state=native_transform_writer_suppressed run_id=native-20260731-c8-full28 client=omen action=none detail=count=4_writer=ZSyncTransform.CustomFixedUpdate
[Info   :ComfyNetworkSense] [07/31/2026 07:05:10] MOTION_AUTHORITY state=native_transform_writer_suppressed run_id=native-20260731-c8-full28 client=omen action=none detail=count=8_writer=ZSyncTransform.CustomFixedUpdate
[Info   :ComfyNetworkSense] [07/31/2026 07:05:11] MOTION_AUTHORITY state=native_transform_writer_suppressed run_id=native-20260731-c8-full28 client=omen action=none detail=count=16_writer=ZSyncTransform.CustomFixedUpdate
[Info   :ComfyNetworkSense] [07/31/2026 07:05:11] MOTION_AUTHORITY state=native_transform_writer_suppressed run_id=native-20260731-c8-full28 client=omen action=none detail=count=32_writer=ZSyncTransform.CustomFixedUpdate
[Info   :ComfyNetworkSense] [07/31/2026 07:05:11] MOTION_AUTHORITY state=native_transform_writer_suppressed run_id=native-20260731-c8-full28 client=omen action=none detail=count=64_writer=ZSyncTransform.CustomFixedUpdate
[Info   :ComfyNetworkSense] [07/31/2026 07:05:12] MOTION_AUTHORITY state=native_transform_writer_suppressed run_id=native-20260731-c8-full28 client=omen action=none detail=count=128_writer=ZSyncTransform.CustomFixedUpdate
[Info   :ComfyNetworkSense] [07/31/2026 07:05:13] MOTION_AUTHORITY state=native_transform_writer_suppressed run_id=native-20260731-c8-full28 client=omen action=none detail=count=256_writer=ZSyncTransform.CustomFixedUpdate
[Info   :ComfyNetworkSense] [07/31/2026 07:05:14] LOGICAL_PEER_CUTOVER state=logical_native_invoke_suppressed run_id=native-20260731-c8-full28 detail=count=128_method=ZDOData_semantic_fallback=false
[Info   :ComfyNetworkSense] [07/31/2026 07:05:14] MOTION_AUTHORITY state=target_rejected run_id=native-20260731-c8-full28 client=omen action=none detail=sequence=65_target_error_mm=47900_native_fallback=false
[Info   :ComfyNetworkSense] [07/31/2026 07:05:14] MOTION_AUTHORITY state=target_rejected run_id=native-20260731-c8-full28 client=omen action=none detail=sequence=65_target_error_mm=47900_native_fallback=false
[Info   :ComfyNetworkSense] [07/31/2026 07:05:14] MOTION_AUTHORITY state=target_rejected run_id=native-20260731-c8-full28 client=omen action=none detail=sequence=65_target_error_mm=47902_native_fallback=false
[Info   :ComfyNetworkSense] [07/31/2026 07:05:14] MOTION_AUTHORITY state=target_rejected run_id=native-20260731-c8-full28 client=omen action=none detail=sequence=65_target_error_mm=47905_native_fallback=false
[Info   :ComfyNetworkSense] [07/31/2026 07:05:14] MOTION_AUTHORITY state=target_rejected run_id=native-20260731-c8-full28 client=omen action=none detail=sequence=65_target_error_mm=47908_native_fallback=false
[Info   :ComfyNetworkSense] [07/31/2026 07:05:14] MOTION_AUTHORITY state=target_rejected run_id=native-20260731-c8-full28 client=omen action=none detail=sequence=65_target_error_mm=47910_native_fallback=false
[Info   :ComfyNetworkSense] [07/31/2026 07:05:14] MOTION_AUTHORITY state=target_rejected run_id=native-20260731-c8-full28 client=omen action=none detail=sequence=65_target_error_mm=47913_native_fallback=false
[Info   :ComfyNetworkSense] [07/31/2026 07:05:14] MOTION_AUTHORITY state=target_rejected run_id=native-20260731-c8-full28 client=omen action=none detail=sequence=65_target_error_mm=47916_native_fallback=false
[Info   :ComfyNetworkSense] [07/31/2026 07:05:14] MOTION_AUTHORITY state=target_rejected run_id=native-20260731-c8-full28 client=omen action=none detail=sequence=66_target_error_mm=47919_native_fallback=false
[Info   :ComfyNetworkSense] [07/31/2026 07:05:14] MOTION_AUTHORITY state=target_rejected run_id=native-20260731-c8-full28 client=omen action=none detail=sequence=66_target_error_mm=47922_native_fallback=false
[Info   :ComfyNetworkSense] [07/31/2026 07:05:14] MOTION_AUTHORITY state=target_rejected run_id=native-20260731-c8-full28 client=omen action=none detail=sequence=66_target_error_mm=47925_native_fallback=false
[Info   :ComfyNetworkSense] [07/31/2026 07:05:14] MOTION_AUTHORITY state=target_rejected run_id=native-20260731-c8-full28 client=omen action=none detail=sequence=66_target_error_mm=47928_native_fallback=false
[Info   :ComfyNetworkSense] [07/31/2026 07:05:14] MOTION_AUTHORITY state=target_rejected run_id=native-20260731-c8-full28 client=omen action=none detail=sequence=66_target_error_mm=47931_native_fallback=false
[Info   :ComfyNetworkSense] [07/31/2026 07:05:14] MOTION_AUTHORITY state=target_rejected run_id=native-20260731-c8-full28 client=omen action=none detail=sequence=66_target_error_mm=47934_native_fallback=false
[Info   :ComfyNetworkSense] [07/31/2026 07:05:14] MOTION_AUTHORITY state=target_rejected run_id=native-20260731-c8-full28 client=omen action=none detail=sequence=67_target_error_mm=47937_native_fallback=false
[Info   :ComfyNetworkSense] [07/31/2026 07:05:14] MOTION_AUTHORITY state=target_rejected run_id=native-20260731-c8-full28 client=omen action=none detail=sequence=67_target_error_mm=47940_native_fallback=false
[Info   :ComfyNetworkSense] [07/31/2026 07:05:14] MOTION_AUTHORITY state=target_rejected run_id=native-20260731-c8-full28 client=omen action=none detail=sequence=67_target_error_mm=47943_native_fallback=false
[Info   :ComfyNetworkSense] [07/31/2026 07:05:14] MOTION_AUTHORITY state=target_rejected run_id=native-20260731-c8-full28 client=omen action=none detail=sequence=67_target_error_mm=47946_native_fallback=false
[Info   :ComfyNetworkSense] [07/31/2026 07:05:15] MOTION_AUTHORITY state=target_rejected run_id=native-20260731-c8-full28 client=omen action=none detail=sequence=67_target_error_mm=47949_native_fallback=false
[Info   :ComfyNetworkSense] [07/31/2026 07:05:15] MOTION_AUTHORITY state=target_rejected run_id=native-20260731-c8-full28 client=omen action=none detail=sequence=67_target_error_mm=47953_native_fallback=false
[Info   :ComfyNetworkSense] [07/31/2026 07:05:15] MOTION_AUTHORITY state=target_rejected run_id=native-20260731-c8-full28 client=omen action=none detail=sequence=68_target_error_mm=47947_native_fallback=false
[Info   :ComfyNetworkSense] [07/31/2026 07:05:15] MOTION_AUTHORITY state=target_rejected run_id=native-20260731-c8-full28 client=omen action=none detail=sequence=68_target_error_mm=47950_native_fallback=false
[Info   :ComfyNetworkSense] [07/31/2026 07:05:15] MOTION_AUTHORITY state=target_rejected run_id=native-20260731-c8-full28 client=omen action=none detail=sequence=68_target_error_mm=47953_native_fallback=false
[Info   :ComfyNetworkSense] [07/31/2026 07:05:15] MOTION_AUTHORITY state=target_rejected run_id=native-20260731-c8-full28 client=omen action=none detail=sequence=68_target_error_mm=47955_native_fallback=false
[Info   :ComfyNetworkSense] [07/31/2026 07:05:15] MOTION_AUTHORITY state=target_rejected run_id=native-20260731-c8-full28 client=omen action=none detail=sequence=68_target_error_mm=47958_native_fallback=false
[Info   :ComfyNetworkSense] [07/31/2026 07:05:15] MOTION_AUTHORITY state=target_rejected run_id=native-20260731-c8-full28 client=omen action=none detail=sequence=68_target_error_mm=47961_native_fallback=false
[Info   :ComfyNetworkSense] [07/31/2026 07:05:15] MOTION_AUTHORITY state=target_rejected run_id=native-20260731-c8-full28 client=omen action=none detail=sequence=68_target_error_mm=47964_native_fallback=false
[Info   :ComfyNetworkSense] [07/31/2026 07:05:15] MOTION_AUTHORITY state=target_rejected run_id=native-20260731-c8-full28 client=omen action=none detail=sequence=69_target_error_mm=47977_native_fallback=false
[Info   :ComfyNetworkSense] [07/31/2026 07:05:15] MOTION_AUTHORITY state=target_rejected run_id=native-20260731-c8-full28 client=omen action=none detail=sequence=69_target_error_mm=47980_native_fallback=false
[Info   :ComfyNetworkSense] [07/31/2026 07:05:15] MOTION_AUTHORITY state=target_rejected run_id=native-20260731-c8-full28 client=omen action=none detail=sequence=69_target_error_mm=47983_native_fallback=false
[Info   :ComfyNetworkSense] [07/31/2026 07:05:15] MOTION_AUTHORITY state=target_rejected run_id=native-20260731-c8-full28 client=omen action=none detail=sequence=69_target_error_mm=47986_native_fallback=false
[Info   :ComfyNetworkSense] [07/31/2026 07:05:15] MOTION_AUTHORITY state=target_rejected run_id=native-20260731-c8-full28 client=omen action=none detail=sequence=70_target_error_mm=47989_native_fallback=false
[Info   :ComfyNetworkSense] [07/31/2026 07:05:15] MOTION_AUTHORITY state=target_rejected run_id=native-20260731-c8-full28 client=omen action=none detail=sequence=70_target_error_mm=47992_native_fallback=false
[Info   :ComfyNetworkSense] [07/31/2026 07:05:15] MOTION_AUTHORITY state=target_rejected run_id=native-20260731-c8-full28 client=omen action=none detail=sequence=70_target_error_mm=47995_native_fallback=false
[Info   :ComfyNetworkSense] [07/31/2026 07:05:15] MOTION_AUTHORITY state=target_rejected run_id=native-20260731-c8-full28 client=omen action=none detail=sequence=70_target_error_mm=47998_native_fallback=false
[Info   :ComfyNetworkSense] [07/31/2026 07:05:15] MOTION_AUTHORITY state=target_rejected run_id=native-20260731-c8-full28 client=omen action=none detail=sequence=70_target_error_mm=48001_native_fallback=false
[Info   :ComfyNetworkSense] [07/31/2026 07:05:15] MOTION_AUTHORITY state=target_rejected run_id=native-20260731-c8-full28 client=omen action=none detail=sequence=70_target_error_mm=48004_native_fallback=false
[Info   :ComfyNetworkSense] [07/31/2026 07:05:15] MOTION_AUTHORITY state=target_rejected run_id=native-20260731-c8-full28 client=omen action=none detail=sequence=70_target_error_mm=48007_native_fallback=false
[Info   :ComfyNetworkSense] [07/31/2026 07:05:15] CUTOVER_SCENARIO state=coordinate_teleport_progress run_id=native-20260731-c8-full28 client=omen action=omen-c8-safe-origin detail=teleporting=True_distance=0_target_zone=35,-1_reference_zone=35,-1_zone_loaded=True_area_ready=True_sector_objects=1245_valid_prefabs=1245_instantiated=1245_missing=0_banked=1314_inbound=0_applied=1303_superseded=0_apply_failures=2
[Info   :ComfyNetworkSense] [07/31/2026 07:05:15] MOTION_AUTHORITY state=target_rejected run_id=native-20260731-c8-full28 client=omen action=none detail=sequence=71_target_error_mm=48000_native_fallback=false
[Info   :ComfyNetworkSense] [07/31/2026 07:05:15] MOTION_AUTHORITY state=target_rejected run_id=native-20260731-c8-full28 client=omen action=none detail=sequence=71_target_error_mm=48003_native_fallback=false
[Info   :ComfyNetworkSense] [07/31/2026 07:05:15] MOTION_AUTHORITY state=target_rejected run_id=native-20260731-c8-full28 client=omen action=none detail=sequence=71_target_error_mm=48006_native_fallback=false
[Info   :ComfyNetworkSense] [07/31/2026 07:05:15] MOTION_AUTHORITY state=target_rejected run_id=native-20260731-c8-full28 client=omen action=none detail=sequence=71_target_error_mm=48009_native_fallback=false
[Info   :ComfyNetworkSense] [07/31/2026 07:05:15] MOTION_AUTHORITY state=target_rejected run_id=native-20260731-c8-full28 client=omen action=none detail=sequence=71_target_error_mm=48012_native_fallback=false
[Info   :ComfyNetworkSense] [07/31/2026 07:05:15] MOTION_AUTHORITY state=target_rejected run_id=native-20260731-c8-full28 client=omen action=none detail=sequence=71_target_error_mm=48015_native_fallback=false
[Info   :ComfyNetworkSense] [07/31/2026 07:05:15] MOTION_AUTHORITY state=target_rejected run_id=native-20260731-c8-full28 client=omen action=none detail=sequence=72_target_error_mm=48028_native_fallback=false
[Info   :ComfyNetworkSense] [07/31/2026 07:05:15] MOTION_AUTHORITY state=target_rejected run_id=native-20260731-c8-full28 client=omen action=none detail=sequence=72_target_error_mm=48031_native_fallback=false
[Info   :ComfyNetworkSense] [07/31/2026 07:05:15] MOTION_AUTHORITY state=target_rejected run_id=native-20260731-c8-full28 client=omen action=none detail=sequence=72_target_error_mm=48034_native_fallback=false
[Info   :ComfyNetworkSense] [07/31/2026 07:05:15] MOTION_AUTHORITY state=target_rejected run_id=native-20260731-c8-full28 client=omen action=none detail=sequence=72_target_error_mm=48037_native_fallback=false
[Info   :ComfyNetworkSense] [07/31/2026 07:05:15] MOTION_AUTHORITY state=target_rejected run_id=native-20260731-c8-full28 client=omen action=none detail=sequence=72_target_error_mm=48040_native_fallback=false
[Info   :ComfyNetworkSense] [07/31/2026 07:05:15] MOTION_AUTHORITY state=target_rejected run_id=native-20260731-c8-full28 client=omen action=none detail=sequence=72_target_error_mm=48043_native_fallback=false
[Info   :ComfyNetworkSense] [07/31/2026 07:05:15] MOTION_AUTHORITY state=target_rejected run_id=native-20260731-c8-full28 client=omen action=none detail=sequence=72_target_error_mm=48046_native_fallback=false
[Info   :ComfyNetworkSense] [07/31/2026 07:05:15] MOTION_AUTHORITY state=target_rejected run_id=native-20260731-c8-full28 client=omen action=none detail=sequence=72_target_error_mm=48048_native_fallback=false
[Info   :ComfyNetworkSense] [07/31/2026 07:05:15] MOTION_AUTHORITY state=target_rejected run_id=native-20260731-c8-full28 client=omen action=none detail=sequence=73_target_error_mm=48051_native_fallback=false
[Info   :ComfyNetworkSense] [07/31/2026 07:05:15] MOTION_AUTHORITY state=target_rejected run_id=native-20260731-c8-full28 client=omen action=none detail=sequence=73_target_error_mm=48054_native_fallback=false
[Warning:ComfyNetworkSense] [07/31/2026 07:05:15] Authoritative consumer poll failed: TimeoutException: connect timeout to 8.231.129.249:42317
[Info   :ComfyNetworkSense] [07/31/2026 07:05:15] MOTION_AUTHORITY state=target_rejected run_id=native-20260731-c8-full28 client=omen action=none detail=sequence=73_target_error_mm=48057_native_fallback=false
[Info   :ComfyNetworkSense] [07/31/2026 07:05:15] MOTION_AUTHORITY state=target_rejected run_id=native-20260731-c8-full28 client=omen action=none detail=sequence=73_target_error_mm=48060_native_fallback=false
[Info   :ComfyNetworkSense] [07/31/2026 07:05:15] MOTION_AUTHORITY state=target_rejected run_id=native-20260731-c8-full28 client=omen action=none detail=sequence=73_target_error_mm=48063_native_fallback=false
[Info   :ComfyNetworkSense] [07/31/2026 07:05:15] MOTION_AUTHORITY state=target_rejected run_id=native-20260731-c8-full28 client=omen action=none detail=sequence=73_target_error_mm=48066_native_fallback=false
[Info   :ComfyNetworkSense] [07/31/2026 07:05:15] MOTION_AUTHORITY state=target_rejected run_id=native-20260731-c8-full28 client=omen action=none detail=sequence=73_target_error_mm=48069_native_fallback=false
[Info   :ComfyNetworkSense] [07/31/2026 07:05:15] MOTION_AUTHORITY state=target_rejected run_id=native-20260731-c8-full28 client=omen action=none detail=sequence=74_target_error_mm=48062_native_fallback=false
[Info   :ComfyNetworkSense] [07/31/2026 07:05:15] MOTION_AUTHORITY state=target_rejected run_id=native-20260731-c8-full28 client=omen action=none detail=sequence=74_target_error_mm=48065_native_fallback=false
[Info   :ComfyNetworkSense] [07/31/2026 07:05:15] MOTION_AUTHORITY state=target_rejected run_id=native-20260731-c8-full28 client=omen action=none detail=sequence=74_target_error_mm=48068_native_fallback=false
[Info   :ComfyNetworkSense] [07/31/2026 07:05:15] MOTION_AUTHORITY state=target_rejected run_id=native-20260731-c8-full28 client=omen action=none detail=sequence=74_target_error_mm=48071_native_fallback=false
[Info   :ComfyNetworkSense] [07/31/2026 07:05:15] MOTION_AUTHORITY state=target_rejected run_id=native-20260731-c8-full28 client=omen action=none detail=sequence=74_target_error_mm=48074_native_fallback=false
[Info   :ComfyNetworkSense] [07/31/2026 07:05:15] MOTION_AUTHORITY state=target_rejected run_id=native-20260731-c8-full28 client=omen action=none detail=sequence=74_target_error_mm=48077_native_fallback=false
[Info   :ComfyNetworkSense] [07/31/2026 07:05:15] MOTION_AUTHORITY state=target_rejected run_id=native-20260731-c8-full28 client=omen action=none detail=sequence=75_target_error_mm=48090_native_fallback=false
[Info   :ComfyNetworkSense] [07/31/2026 07:05:15] MOTION_AUTHORITY state=target_rejected run_id=native-20260731-c8-full28 client=omen action=none detail=sequence=75_target_error_mm=48093_native_fallback=false
[Info   :ComfyNetworkSense] [07/31/2026 07:05:15] MOTION_AUTHORITY state=target_rejected run_id=native-20260731-c8-full28 client=omen action=none detail=sequence=75_target_error_mm=48096_native_fallback=false
[Info   :ComfyNetworkSense] [07/31/2026 07:05:15] MOTION_AUTHORITY state=target_rejected run_id=native-20260731-c8-full28 client=omen action=none detail=sequence=75_target_error_mm=48098_native_fallback=false
[Info   :ComfyNetworkSense] [07/31/2026 07:05:15] MOTION_AUTHORITY state=target_rejected run_id=native-20260731-c8-full28 client=omen action=none detail=sequence=75_target_error_mm=48101_native_fallback=false
[Info   :ComfyNetworkSense] [07/31/2026 07:05:15] MOTION_AUTHORITY state=target_rejected run_id=native-20260731-c8-full28 client=omen action=none detail=sequence=75_target_error_mm=48104_native_fallback=false
[Info   :ComfyNetworkSense] [07/31/2026 07:05:15] MOTION_AUTHORITY state=target_rejected run_id=native-20260731-c8-full28 client=omen action=none detail=sequence=75_target_error_mm=48107_native_fallback=false
[Info   :ComfyNetworkSense] [07/31/2026 07:05:15] MOTION_AUTHORITY state=target_rejected run_id=native-20260731-c8-full28 client=omen action=none detail=sequence=75_target_error_mm=48110_native_fallback=false
[Info   :ComfyNetworkSense] [07/31/2026 07:05:15] MOTION_AUTHORITY state=target_rejected run_id=native-20260731-c8-full28 client=omen action=none detail=sequence=76_target_error_mm=48113_native_fallback=false
[Info   :ComfyNetworkSense] [07/31/2026 07:05:15] MOTION_AUTHORITY state=target_rejected run_id=native-20260731-c8-full28 client=omen action=none detail=sequence=76_target_error_mm=48116_native_fallback=false
[Info   :ComfyNetworkSense] [07/31/2026 07:05:15] MOTION_AUTHORITY state=target_rejected run_id=native-20260731-c8-full28 client=omen action=none detail=sequence=76_target_error_mm=48119_native_fallback=false
[Info   :ComfyNetworkSense] [07/31/2026 07:05:15] MOTION_AUTHORITY state=target_rejected run_id=native-20260731-c8-full28 client=omen action=none detail=sequence=76_target_error_mm=48122_native_fallback=false
[Info   :ComfyNetworkSense] [07/31/2026 07:05:15] MOTION_AUTHORITY state=target_rejected run_id=native-20260731-c8-full28 client=omen action=none detail=sequence=76_target_error_mm=48125_native_fallback=false
[Info   :ComfyNetworkSense] [07/31/2026 07:05:15] MOTION_AUTHORITY state=target_rejected run_id=native-20260731-c8-full28 client=omen action=none detail=sequence=76_target_error_mm=48128_native_fallback=false
[Info   :ComfyNetworkSense] [07/31/2026 07:05:15] MOTION_AUTHORITY state=target_rejected run_id=native-20260731-c8-full28 client=omen action=none detail=sequence=76_target_error_mm=48131_native_fallback=false
[Info   :ComfyNetworkSense] [07/31/2026 07:05:15] MOTION_AUTHORITY state=target_rejected run_id=native-20260731-c8-full28 client=omen action=none detail=sequence=77_target_error_mm=48124_native_fallback=false
[Info   :ComfyNetworkSense] [07/31/2026 07:05:15] MOTION_AUTHORITY state=target_rejected run_id=native-20260731-c8-full28 client=omen action=none detail=sequence=77_target_error_mm=48127_native_fallback=false
[Info   :ComfyNetworkSense] [07/31/2026 07:05:15] MOTION_AUTHORITY state=target_rejected run_id=native-20260731-c8-full28 client=omen action=none detail=sequence=77_target_error_mm=48130_native_fallback=false
[Info   :ComfyNetworkSense] [07/31/2026 07:05:15] MOTION_AUTHORITY state=target_rejected run_id=native-20260731-c8-full28 client=omen action=none detail=sequence=77_target_error_mm=48133_native_fallback=false
[Info   :ComfyNetworkSense] [07/31/2026 07:05:15] MOTION_AUTHORITY state=target_rejected run_id=native-20260731-c8-full28 client=omen action=none detail=sequence=77_target_error_mm=48136_native_fallback=false
[Info   :ComfyNetworkSense] [07/31/2026 07:05:15] MOTION_AUTHORITY state=target_rejected run_id=native-20260731-c8-full28 client=omen action=none detail=sequence=77_target_error_mm=48139_native_fallback=false
[Info   :ComfyNetworkSense] [07/31/2026 07:05:15] MOTION_AUTHORITY state=target_rejected run_id=native-20260731-c8-full28 client=omen action=none detail=sequence=77_target_error_mm=48142_native_fallback=false
[Info   :ComfyNetworkSense] [07/31/2026 07:05:15] MOTION_AUTHORITY state=target_rejected run_id=native-20260731-c8-full28 client=omen action=none detail=sequence=78_target_error_mm=48154_native_fallback=false
[Info   :ComfyNetworkSense] [07/31/2026 07:05:15] MOTION_AUTHORITY state=target_rejected run_id=native-20260731-c8-full28 client=omen action=none detail=sequence=78_target_error_mm=48157_native_fallback=false
[Info   :ComfyNetworkSense] [07/31/2026 07:05:15] MOTION_AUTHORITY state=target_rejected run_id=native-20260731-c8-full28 client=omen action=none detail=sequence=78_target_error_mm=48160_native_fallback=false
[Info   :ComfyNetworkSense] [07/31/2026 07:05:15] MOTION_AUTHORITY state=target_rejected run_id=native-20260731-c8-full28 client=omen action=none detail=sequence=78_target_error_mm=48163_native_fallback=false
[Info   :ComfyNetworkSense] [07/31/2026 07:05:15] MOTION_AUTHORITY state=target_rejected run_id=native-20260731-c8-full28 client=omen action=none detail=sequence=78_target_error_mm=48166_native_fallback=false
[Info   :ComfyNetworkSense] [07/31/2026 07:05:15] MOTION_AUTHORITY state=target_rejected run_id=native-20260731-c8-full28 client=omen action=none detail=sequence=78_target_error_mm=48169_native_fallback=false
[Info   :ComfyNetworkSense] [07/31/2026 07:05:15] MOTION_AUTHORITY state=target_rejected run_id=native-20260731-c8-full28 client=omen action=none detail=sequence=78_target_error_mm=48172_native_fallback=false
[Info   :ComfyNetworkSense] [07/31/2026 07:05:15] MOTION_AUTHORITY state=target_rejected run_id=native-20260731-c8-full28 client=omen action=none detail=sequence=78_target_error_mm=48175_native_fallback=false
[Info   :ComfyNetworkSense] [07/31/2026 07:05:15] MOTION_AUTHORITY state=target_rejected run_id=native-20260731-c8-full28 client=omen action=none detail=sequence=79_target_error_mm=48178_native_fallback=false
[Info   :ComfyNetworkSense] [07/31/2026 07:05:15] MOTION_AUTHORITY state=target_rejected run_id=native-20260731-c8-full28 client=omen action=none detail=sequence=79_target_error_mm=48181_native_fallback=false
[Info   :ComfyNetworkSense] [07/31/2026 07:05:15] MOTION_AUTHORITY state=target_rejected run_id=native-20260731-c8-full28 client=omen action=none detail=sequence=79_target_error_mm=48184_native_fallback=false
[Info   :ComfyNetworkSense] [07/31/2026 07:05:15] MOTION_AUTHORITY state=target_rejected run_id=native-20260731-c8-full28 client=omen action=none detail=sequence=79_target_error_mm=48187_native_fallback=false
[Info   :ComfyNetworkSense] [07/31/2026 07:05:15] MOTION_AUTHORITY state=target_rejected run_id=native-20260731-c8-full28 client=omen action=none detail=sequence=79_target_error_mm=48190_native_fallback=false
[Info   :ComfyNetworkSense] [07/31/2026 07:05:15] MOTION_AUTHORITY state=target_rejected run_id=native-20260731-c8-full28 client=omen action=none detail=sequence=79_target_error_mm=48193_native_fallback=false
[Info   :ComfyNetworkSense] [07/31/2026 07:05:15] MOTION_AUTHORITY state=target_rejected run_id=native-20260731-c8-full28 client=omen action=none detail=sequence=80_target_error_mm=48186_native_fallback=false
[Info   :ComfyNetworkSense] [07/31/2026 07:05:15] MOTION_AUTHORITY state=target_rejected run_id=native-20260731-c8-full28 client=omen action=none detail=sequence=80_target_error_mm=48189_native_fallback=false
[Info   :ComfyNetworkSense] [07/31/2026 07:05:15] MOTION_AUTHORITY state=target_rejected run_id=native-20260731-c8-full28 client=omen action=none detail=sequence=80_target_error_mm=48192_native_fallback=false
[Info   :ComfyNetworkSense] [07/31/2026 07:05:15] MOTION_AUTHORITY state=target_rejected run_id=native-20260731-c8-full28 client=omen action=none detail=sequence=80_target_error_mm=48195_native_fallback=false
[Info   :ComfyNetworkSense] [07/31/2026 07:05:15] MOTION_AUTHORITY state=target_rejected run_id=native-20260731-c8-full28 client=omen action=none detail=sequence=80_target_error_mm=48198_native_fallback=false
[Info   :ComfyNetworkSense] [07/31/2026 07:05:15] MOTION_AUTHORITY state=target_rejected run_id=native-20260731-c8-full28 client=omen action=none detail=sequence=80_target_error_mm=48200_native_fallback=false
[Info   :ComfyNetworkSense] [07/31/2026 07:05:15] MOTION_AUTHORITY state=target_rejected run_id=native-20260731-c8-full28 client=omen action=none detail=sequence=80_target_error_mm=48203_native_fallback=false
[Info   :ComfyNetworkSense] [07/31/2026 07:05:15] MOTION_AUTHORITY state=target_rejected run_id=native-20260731-c8-full28 client=omen action=none detail=sequence=80_target_error_mm=48206_native_fallback=false
[Info   :ComfyNetworkSense] [07/31/2026 07:05:15] MOTION_AUTHORITY state=target_rejected run_id=native-20260731-c8-full28 client=omen action=none detail=sequence=81_target_error_mm=48219_native_fallback=false
[Info   :ComfyNetworkSense] [07/31/2026 07:05:15] MOTION_AUTHORITY state=target_rejected run_id=native-20260731-c8-full28 client=omen action=none detail=sequence=81_target_error_mm=48222_native_fallback=false
[Info   :ComfyNetworkSense] [07/31/2026 07:05:15] MOTION_AUTHORITY state=target_rejected run_id=native-20260731-c8-full28 client=omen action=none detail=sequence=81_target_error_mm=48225_native_fallback=false
[Info   :ComfyNetworkSense] [07/31/2026 07:05:15] MOTION_AUTHORITY state=target_rejected run_id=native-20260731-c8-full28 client=omen action=none detail=sequence=81_target_error_mm=48228_native_fallback=false
[Info   :ComfyNetworkSense] [07/31/2026 07:05:15] MOTION_AUTHORITY state=target_rejected run_id=native-20260731-c8-full28 client=omen action=none detail=sequence=81_target_error_mm=48231_native_fallback=false
[Info   :ComfyNetworkSense] [07/31/2026 07:05:15] MOTION_AUTHORITY state=target_rejected run_id=native-20260731-c8-full28 client=omen action=none detail=sequence=81_target_error_mm=48234_native_fallback=false
[Info   :ComfyNetworkSense] [07/31/2026 07:05:15] MOTION_AUTHORITY state=target_rejected run_id=native-20260731-c8-full28 client=omen action=none detail=sequence=82_target_error_mm=48237_native_fallback=false
[Info   :ComfyNetworkSense] [07/31/2026 07:05:15] MOTION_AUTHORITY state=target_rejected run_id=native-20260731-c8-full28 client=omen action=none detail=sequence=82_target_error_mm=48240_native_fallback=false
[Info   :ComfyNetworkSense] [07/31/2026 07:05:15] MOTION_AUTHORITY state=target_rejected run_id=native-20260731-c8-full28 client=omen action=none detail=sequence=82_target_error_mm=48243_native_fallback=false
[Info   :ComfyNetworkSense] [07/31/2026 07:05:15] MOTION_AUTHORITY state=target_rejected run_id=native-20260731-c8-full28 client=omen action=none detail=sequence=82_target_error_mm=48246_native_fallback=false
[Info   :ComfyNetworkSense] [07/31/2026 07:05:15] MOTION_AUTHORITY state=target_rejected run_id=native-20260731-c8-full28 client=omen action=none detail=sequence=82_target_error_mm=48249_native_fallback=false
[Info   :ComfyNetworkSense] [07/31/2026 07:05:15] MOTION_AUTHORITY state=target_rejected run_id=native-20260731-c8-full28 client=omen action=none detail=sequence=82_target_error_mm=48251_native_fallback=false
[Info   :ComfyNetworkSense] [07/31/2026 07:05:15] MOTION_AUTHORITY state=target_rejected run_id=native-20260731-c8-full28 client=omen action=none detail=sequence=82_target_error_mm=48254_native_fallback=false
[Info   :ComfyNetworkSense] [07/31/2026 07:05:15] MOTION_AUTHORITY state=target_rejected run_id=native-20260731-c8-full28 client=omen action=none detail=sequence=82_target_error_mm=48257_native_fallback=false
[Info   :ComfyNetworkSense] [07/31/2026 07:05:15] MOTION_AUTHORITY state=target_rejected run_id=native-20260731-c8-full28 client=omen action=none detail=sequence=83_target_error_mm=48260_native_fallback=false
[Info   :ComfyNetworkSense] [07/31/2026 07:05:15] MOTION_AUTHORITY state=target_rejected run_id=native-20260731-c8-full28 client=omen action=none detail=sequence=83_target_error_mm=48263_native_fallback=false
[Info   :ComfyNetworkSense] [07/31/2026 07:05:15] MOTION_AUTHORITY state=target_rejected run_id=native-20260731-c8-full28 client=omen action=none detail=sequence=83_target_error_mm=48266_native_fallback=false
[Info   :ComfyNetworkSense] [07/31/2026 07:05:15] MOTION_AUTHORITY state=target_rejected run_id=native-20260731-c8-full28 client=omen action=none detail=sequence=83_target_error_mm=48269_native_fallback=false
[Info   :ComfyNetworkSense] [07/31/2026 07:05:15] MOTION_AUTHORITY state=target_rejected run_id=native-20260731-c8-full28 client=omen action=none detail=sequence=83_target_error_mm=48272_native_fallback=false
[Info   :ComfyNetworkSense] [07/31/2026 07:05:15] MOTION_AUTHORITY state=target_rejected run_id=native-20260731-c8-full28 client=omen action=none detail=sequence=83_target_error_mm=48275_native_fallback=false
[Info   :ComfyNetworkSense] [07/31/2026 07:05:15] MOTION_AUTHORITY state=target_rejected run_id=native-20260731-c8-full28 client=omen action=none detail=sequence=83_target_error_mm=48278_native_fallback=false
[Info   :ComfyNetworkSense] [07/31/2026 07:05:15] MOTION_AUTHORITY state=target_rejected run_id=native-20260731-c8-full28 client=omen action=none detail=sequence=84_target_error_mm=48271_native_fallback=false
[Info   :ComfyNetworkSense] [07/31/2026 07:05:15] MOTION_AUTHORITY state=target_rejected run_id=native-20260731-c8-full28 client=omen action=none detail=sequence=84_target_error_mm=48274_native_fallback=false
[Info   :ComfyNetworkSense] [07/31/2026 07:05:15] MOTION_AUTHORITY state=target_rejected run_id=native-20260731-c8-full28 client=omen action=none detail=sequence=84_target_error_mm=48277_native_fallback=false
[Info   :ComfyNetworkSense] [07/31/2026 07:05:15] MOTION_AUTHORITY state=target_rejected run_id=native-20260731-c8-full28 client=omen action=none detail=sequence=84_target_error_mm=48280_native_fallback=false
[Info   :ComfyNetworkSense] [07/31/2026 07:05:15] MOTION_AUTHORITY state=target_rejected run_id=native-20260731-c8-full28 client=omen action=none detail=sequence=84_target_error_mm=48283_native_fallback=false
[Info   :ComfyNetworkSense] [07/31/2026 07:05:15] MOTION_AUTHORITY state=target_rejected run_id=native-20260731-c8-full28 client=omen action=none detail=sequence=84_target_error_mm=48286_native_fallback=false
[Info   :ComfyNetworkSense] [07/31/2026 07:05:15] MOTION_AUTHORITY state=target_rejected run_id=native-20260731-c8-full28 client=omen action=none detail=sequence=84_target_error_mm=48289_native_fallback=false
[Info   :ComfyNetworkSense] [07/31/2026 07:05:15] MOTION_AUTHORITY state=target_rejected run_id=native-20260731-c8-full28 client=omen action=none detail=sequence=84_target_error_mm=48292_native_fallback=false
[Info   :ComfyNetworkSense] [07/31/2026 07:05:15] MOTION_AUTHORITY state=target_rejected run_id=native-20260731-c8-full28 client=omen action=none detail=sequence=85_target_error_mm=48304_native_fallback=false
[Info   :ComfyNetworkSense] [07/31/2026 07:05:15] MOTION_AUTHORITY state=target_rejected run_id=native-20260731-c8-full28 client=omen action=none detail=sequence=85_target_error_mm=48307_native_fallback=false
[Info   :ComfyNetworkSense] [07/31/2026 07:05:15] MOTION_AUTHORITY state=target_rejected run_id=native-20260731-c8-full28 client=omen action=none detail=sequence=85_target_error_mm=48310_native_fallback=false
[Info   :ComfyNetworkSense] [07/31/2026 07:05:15] MOTION_AUTHORITY state=target_rejected run_id=native-20260731-c8-full28 client=omen action=none detail=sequence=85_target_error_mm=48313_native_fallback=false
[Info   :ComfyNetworkSense] [07/31/2026 07:05:15] MOTION_AUTHORITY state=target_rejected run_id=native-20260731-c8-full28 client=omen action=none detail=sequence=85_target_error_mm=48316_native_fallback=false
[Info   :ComfyNetworkSense] [07/31/2026 07:05:15] MOTION_AUTHORITY state=target_rejected run_id=native-20260731-c8-full28 client=omen action=none detail=sequence=85_target_error_mm=48319_native_fallback=false
[Info   :ComfyNetworkSense] [07/31/2026 07:05:15] MOTION_AUTHORITY state=target_rejected run_id=native-20260731-c8-full28 client=omen action=none detail=sequence=85_target_error_mm=48322_native_fallback=false
[Info   :ComfyNetworkSense] [07/31/2026 07:05:15] MOTION_AUTHORITY state=target_rejected run_id=native-20260731-c8-full28 client=omen action=none detail=sequence=86_target_error_mm=48325_native_fallback=false
[Info   :ComfyNetworkSense] [07/31/2026 07:05:15] MOTION_AUTHORITY state=target_rejected run_id=native-20260731-c8-full28 client=omen action=none detail=sequence=86_target_error_mm=48328_native_fallback=false
[Info   :ComfyNetworkSense] [07/31/2026 07:05:15] MOTION_AUTHORITY state=target_rejected run_id=native-20260731-c8-full28 client=omen action=none detail=sequence=86_target_error_mm=48331_native_fallback=false
[Info   :ComfyNetworkSense] [07/31/2026 07:05:15] MOTION_AUTHORITY state=target_rejected run_id=native-20260731-c8-full28 client=omen action=none detail=sequence=86_target_error_mm=48334_native_fallback=false
[Info   :ComfyNetworkSense] [07/31/2026 07:05:15] MOTION_AUTHORITY state=target_rejected run_id=native-20260731-c8-full28 client=omen action=none detail=sequence=86_target_error_mm=48337_native_fallback=false
[Info   :ComfyNetworkSense] [07/31/2026 07:05:16] MOTION_AUTHORITY state=target_rejected run_id=native-20260731-c8-full28 client=omen action=none detail=sequence=86_target_error_mm=48340_native_fallback=false
[Info   :ComfyNetworkSense] [07/31/2026 07:05:16] MOTION_AUTHORITY state=target_rejected run_id=native-20260731-c8-full28 client=omen action=none detail=sequence=86_target_error_mm=48343_native_fallback=false
[Info   :ComfyNetworkSense] [07/31/2026 07:05:16] MOTION_AUTHORITY state=native_transform_writer_suppressed run_id=native-20260731-c8-full28 client=omen action=none detail=count=512_writer=ZSyncTransform.CustomFixedUpdate
[Info   :ComfyNetworkSense] [07/31/2026 07:05:16] MOTION_AUTHORITY state=target_rejected run_id=native-20260731-c8-full28 client=omen action=none detail=sequence=86_target_error_mm=48346_native_fallback=false
[Info   :ComfyNetworkSense] [07/31/2026 07:05:16] MOTION_AUTHORITY state=target_rejected run_id=native-20260731-c8-full28 client=omen action=none detail=sequence=87_target_error_mm=48349_native_fallback=false
[Info   :ComfyNetworkSense] [07/31/2026 07:05:16] MOTION_AUTHORITY state=target_rejected run_id=native-20260731-c8-full28 client=omen action=none detail=sequence=87_target_error_mm=48352_native_fallback=false
[Info   :ComfyNetworkSense] [07/31/2026 07:05:16] MOTION_AUTHORITY state=target_rejected run_id=native-20260731-c8-full28 client=omen action=none detail=sequence=87_target_error_mm=48355_native_fallback=false
[Info   :ComfyNetworkSense] [07/31/2026 07:05:16] MOTION_AUTHORITY state=target_rejected run_id=native-20260731-c8-full28 client=omen action=none detail=sequence=87_target_error_mm=48358_native_fallback=false
[Info   :ComfyNetworkSense] [07/31/2026 07:05:16] MOTION_AUTHORITY state=target_rejected run_id=native-20260731-c8-full28 client=omen action=none detail=sequence=87_target_error_mm=48361_native_fallback=false
[Info   :ComfyNetworkSense] [07/31/2026 07:05:16] MOTION_AUTHORITY state=target_rejected run_id=native-20260731-c8-full28 client=omen action=none detail=sequence=87_target_error_mm=48364_native_fallback=false
[Info   :ComfyNetworkSense] [07/31/2026 07:05:16] MOTION_AUTHORITY state=target_rejected run_id=native-20260731-c8-full28 client=omen action=none detail=sequence=87_target_error_mm=48367_native_fallback=false
[Info   :ComfyNetworkSense] [07/31/2026 07:05:16] MOTION_AUTHORITY state=target_rejected run_id=native-20260731-c8-full28 client=omen action=none detail=sequence=87_target_error_mm=48370_native_fallback=false
[Info   :ComfyNetworkSense] [07/31/2026 07:05:16] MOTION_AUTHORITY state=target_rejected run_id=native-20260731-c8-full28 client=omen action=none detail=sequence=88_target_error_mm=48373_native_fallback=false
[Info   :ComfyNetworkSense] [07/31/2026 07:05:16] MOTION_AUTHORITY state=target_rejected run_id=native-20260731-c8-full28 client=omen action=none detail=sequence=88_target_error_mm=48376_native_fallback=false
[Info   :ComfyNetworkSense] [07/31/2026 07:05:16] MOTION_AUTHORITY state=target_rejected run_id=native-20260731-c8-full28 client=omen action=none detail=sequence=88_target_error_mm=48379_native_fallback=false
[Info   :ComfyNetworkSense] [07/31/2026 07:05:16] MOTION_AUTHORITY state=target_rejected run_id=native-20260731-c8-full28 client=omen action=none detail=sequence=88_target_error_mm=48382_native_fallback=false
[Info   :ComfyNetworkSense] [07/31/2026 07:05:16] MOTION_AUTHORITY state=target_rejected run_id=native-20260731-c8-full28 client=omen action=none detail=sequence=88_target_error_mm=48384_native_fallback=false
[Info   :ComfyNetworkSense] [07/31/2026 07:05:16] MOTION_AUTHORITY state=target_rejected run_id=native-20260731-c8-full28 client=omen action=none detail=sequence=88_target_error_mm=48387_native_fallback=false
[Info   :ComfyNetworkSense] [07/31/2026 07:05:16] MOTION_AUTHORITY state=target_rejected run_id=native-20260731-c8-full28 client=omen action=none detail=sequence=88_target_error_mm=48390_native_fallback=false
[Info   :ComfyNetworkSense] [07/31/2026 07:05:16] MOTION_AUTHORITY state=target_rejected run_id=native-20260731-c8-full28 client=omen action=none detail=sequence=89_target_error_mm=48383_native_fallback=false
[Info   :ComfyNetworkSense] [07/31/2026 07:05:16] MOTION_AUTHORITY state=target_rejected run_id=native-20260731-c8-full28 client=omen action=none detail=sequence=89_target_error_mm=48386_native_fallback=false
[Info   :ComfyNetworkSense] [07/31/2026 07:05:16] MOTION_AUTHORITY state=target_rejected run_id=native-20260731-c8-full28 client=omen action=none detail=sequence=89_target_error_mm=48389_native_fallback=false
[Info   :ComfyNetworkSense] [07/31/2026 07:05:16] MOTION_AUTHORITY state=target_rejected run_id=native-20260731-c8-full28 client=omen action=none detail=sequence=89_target_error_mm=48392_native_fallback=false
[Info   :ComfyNetworkSense] [07/31/2026 07:05:16] MOTION_AUTHORITY state=target_rejected run_id=native-20260731-c8-full28 client=omen action=none detail=sequence=89_target_error_mm=48395_native_fallback=false
[Info   :ComfyNetworkSense] [07/31/2026 07:05:16] MOTION_AUTHORITY state=target_rejected run_id=native-20260731-c8-full28 client=omen action=none detail=sequence=89_target_error_mm=48398_native_fallback=false
[Info   :ComfyNetworkSense] [07/31/2026 07:05:16] MOTION_AUTHORITY state=target_rejected run_id=native-20260731-c8-full28 client=omen action=none detail=sequence=89_target_error_mm=48401_native_fallback=false
[Info   :ComfyNetworkSense] [07/31/2026 07:05:16] MOTION_AUTHORITY state=target_rejected run_id=native-20260731-c8-full28 client=omen action=none detail=sequence=90_target_error_mm=48414_native_fallback=false
[Info   :ComfyNetworkSense] [07/31/2026 07:05:16] MOTION_AUTHORITY state=target_rejected run_id=native-20260731-c8-full28 client=omen action=none detail=sequence=90_target_error_mm=48417_native_fallback=false
[Info   :ComfyNetworkSense] [07/31/2026 07:05:16] MOTION_AUTHORITY state=target_rejected run_id=native-20260731-c8-full28 client=omen action=none detail=sequence=90_target_error_mm=48420_native_fallback=false
[Info   :ComfyNetworkSense] [07/31/2026 07:05:16] MOTION_AUTHORITY state=target_rejected run_id=native-20260731-c8-full28 client=omen action=none detail=sequence=90_target_error_mm=48423_native_fallback=false
[Info   :ComfyNetworkSense] [07/31/2026 07:05:16] MOTION_AUTHORITY state=target_rejected run_id=native-20260731-c8-full28 client=omen action=none detail=sequence=90_target_error_mm=48426_native_fallback=false
[Info   :ComfyNetworkSense] [07/31/2026 07:05:16] MOTION_AUTHORITY state=target_rejected run_id=native-20260731-c8-full28 client=omen action=none detail=sequence=90_target_error_mm=48429_native_fallback=false
[Info   :ComfyNetworkSense] [07/31/2026 07:05:16] MOTION_AUTHORITY state=target_rejected run_id=native-20260731-c8-full28 client=omen action=none detail=sequence=90_target_error_mm=48432_native_fallback=false
[Info   :ComfyNetworkSense] [07/31/2026 07:05:16] MOTION_AUTHORITY state=target_rejected run_id=native-20260731-c8-full28 client=omen action=none detail=sequence=91_target_error_mm=48435_native_fallback=false
[Info   :ComfyNetworkSense] [07/31/2026 07:05:16] MOTION_AUTHORITY state=target_rejected run_id=native-20260731-c8-full28 client=omen action=none detail=sequence=91_target_error_mm=48437_native_fallback=false
[Info   :ComfyNetworkSense] [07/31/2026 07:05:16] MOTION_AUTHORITY state=target_rejected run_id=native-20260731-c8-full28 client=omen action=none detail=sequence=91_target_error_mm=48440_native_fallback=false
[Info   :ComfyNetworkSense] [07/31/2026 07:05:16] MOTION_AUTHORITY state=target_rejected run_id=native-20260731-c8-full28 client=omen action=none detail=sequence=91_target_error_mm=48443_native_fallback=false
[Info   :ComfyNetworkSense] [07/31/2026 07:05:16] MOTION_AUTHORITY state=target_rejected run_id=native-20260731-c8-full28 client=omen action=none detail=sequence=91_target_error_mm=48446_native_fallback=false
[Info   :ComfyNetworkSense] [07/31/2026 07:05:16] MOTION_AUTHORITY state=target_rejected run_id=native-20260731-c8-full28 client=omen action=none detail=sequence=91_target_error_mm=48449_native_fallback=false
[Info   :ComfyNetworkSense] [07/31/2026 07:05:16] MOTION_AUTHORITY state=target_rejected run_id=native-20260731-c8-full28 client=omen action=none detail=sequence=91_target_error_mm=48452_native_fallback=false
[Info   :ComfyNetworkSense] [07/31/2026 07:05:16] MOTION_AUTHORITY state=target_rejected run_id=native-20260731-c8-full28 client=omen action=none detail=sequence=91_target_error_mm=48455_native_fallback=false
[Info   :ComfyNetworkSense] [07/31/2026 07:05:16] MOTION_AUTHORITY state=target_rejected run_id=native-20260731-c8-full28 client=omen action=none detail=sequence=92_target_error_mm=48458_native_fallback=false
[Info   :ComfyNetworkSense] [07/31/2026 07:05:16] MOTION_AUTHORITY state=target_rejected run_id=native-20260731-c8-full28 client=omen action=none detail=sequence=92_target_error_mm=48461_native_fallback=false
[Info   :ComfyNetworkSense] [07/31/2026 07:05:16] MOTION_AUTHORITY state=target_rejected run_id=native-20260731-c8-full28 client=omen action=none detail=sequence=92_target_error_mm=48464_native_fallback=false
[Info   :ComfyNetworkSense] [07/31/2026 07:05:16] MOTION_AUTHORITY state=target_rejected run_id=native-20260731-c8-full28 client=omen action=none detail=sequence=92_target_error_mm=48468_native_fallback=false
[Info   :ComfyNetworkSense] [07/31/2026 07:05:16] MOTION_AUTHORITY state=target_rejected run_id=native-20260731-c8-full28 client=omen action=none detail=sequence=92_target_error_mm=48470_native_fallback=false
[Info   :ComfyNetworkSense] [07/31/2026 07:05:16] MOTION_AUTHORITY state=target_rejected run_id=native-20260731-c8-full28 client=omen action=none detail=sequence=92_target_error_mm=48473_native_fallback=false
[Info   :ComfyNetworkSense] [07/31/2026 07:05:16] MOTION_AUTHORITY state=target_rejected run_id=native-20260731-c8-full28 client=omen action=none detail=sequence=93_target_error_mm=48468_native_fallback=false
[Info   :ComfyNetworkSense] [07/31/2026 07:05:16] MOTION_AUTHORITY state=target_rejected run_id=native-20260731-c8-full28 client=omen action=none detail=sequence=93_target_error_mm=48471_native_fallback=false
[Info   :ComfyNetworkSense] [07/31/2026 07:05:16] MOTION_AUTHORITY state=target_rejected run_id=native-20260731-c8-full28 client=omen action=none detail=sequence=93_target_error_mm=48474_native_fallback=false
[Info   :ComfyNetworkSense] [07/31/2026 07:05:16] MOTION_AUTHORITY state=target_rejected run_id=native-20260731-c8-full28 client=omen action=none detail=sequence=93_target_error_mm=48477_native_fallback=false
[Info   :ComfyNetworkSense] [07/31/2026 07:05:16] MOTION_AUTHORITY state=target_rejected run_id=native-20260731-c8-full28 client=omen action=none detail=sequence=93_target_error_mm=48480_native_fallback=false
[Info   :ComfyNetworkSense] [07/31/2026 07:05:16] MOTION_AUTHORITY state=target_rejected run_id=native-20260731-c8-full28 client=omen action=none detail=sequence=93_target_error_mm=48483_native_fallback=false
[Info   :ComfyNetworkSense] [07/31/2026 07:05:16] MOTION_AUTHORITY state=target_rejected run_id=native-20260731-c8-full28 client=omen action=none detail=sequence=93_target_error_mm=48486_native_fallback=false
[Info   :ComfyNetworkSense] [07/31/2026 07:05:16] MOTION_AUTHORITY state=target_rejected run_id=native-20260731-c8-full28 client=omen action=none detail=sequence=94_target_error_mm=48499_native_fallback=false
[Info   :ComfyNetworkSense] [07/31/2026 07:05:16] MOTION_AUTHORITY state=target_rejected run_id=native-20260731-c8-full28 client=omen action=none detail=sequence=94_target_error_mm=48502_native_fallback=false
[Info   :ComfyNetworkSense] [07/31/2026 07:05:16] MOTION_AUTHORITY state=target_rejected run_id=native-20260731-c8-full28 client=omen action=none detail=sequence=94_target_error_mm=48505_native_fallback=false
[Info   :ComfyNetworkSense] [07/31/2026 07:05:16] MOTION_AUTHORITY state=target_rejected run_id=native-20260731-c8-full28 client=omen action=none detail=sequence=94_target_error_mm=48508_native_fallback=false
[Info   :ComfyNetworkSense] [07/31/2026 07:05:16] MOTION_AUTHORITY state=target_rejected run_id=native-20260731-c8-full28 client=omen action=none detail=sequence=94_target_error_mm=48511_native_fallback=false
[Info   :ComfyNetworkSense] [07/31/2026 07:05:16] MOTION_AUTHORITY state=target_rejected run_id=native-20260731-c8-full28 client=omen action=none detail=sequence=94_target_error_mm=48513_native_fallback=false
[Info   :ComfyNetworkSense] [07/31/2026 07:05:16] MOTION_AUTHORITY state=target_rejected run_id=native-20260731-c8-full28 client=omen action=none detail=sequence=94_target_error_mm=48516_native_fallback=false
[Info   :ComfyNetworkSense] [07/31/2026 07:05:16] MOTION_AUTHORITY state=target_rejected run_id=native-20260731-c8-full28 client=omen action=none detail=sequence=94_target_error_mm=48519_native_fallback=false
[Info   :ComfyNetworkSense] [07/31/2026 07:05:16] MOTION_AUTHORITY state=target_rejected run_id=native-20260731-c8-full28 client=omen action=none detail=sequence=95_target_error_mm=48522_native_fallback=false
[Info   :ComfyNetworkSense] [07/31/2026 07:05:16] MOTION_AUTHORITY state=target_rejected run_id=native-20260731-c8-full28 client=omen action=none detail=sequence=95_target_error_mm=48525_native_fallback=false
[Info   :ComfyNetworkSense] [07/31/2026 07:05:16] MOTION_AUTHORITY state=target_rejected run_id=native-20260731-c8-full28 client=omen action=none detail=sequence=95_target_error_mm=48528_native_fallback=false
[Info   :ComfyNetworkSense] [07/31/2026 07:05:16] MOTION_AUTHORITY state=target_rejected run_id=native-20260731-c8-full28 client=omen action=none detail=sequence=95_target_error_mm=48531_native_fallback=false
[Info   :ComfyNetworkSense] [07/31/2026 07:05:16] MOTION_AUTHORITY state=target_rejected run_id=native-20260731-c8-full28 client=omen action=none detail=sequence=95_target_error_mm=48534_native_fallback=false
[Info   :ComfyNetworkSense] [07/31/2026 07:05:16] MOTION_AUTHORITY state=target_rejected run_id=native-20260731-c8-full28 client=omen action=none detail=sequence=95_target_error_mm=48537_native_fallback=false
[Info   :ComfyNetworkSense] [07/31/2026 07:05:16] MOTION_AUTHORITY state=target_rejected run_id=native-20260731-c8-full28 client=omen action=none detail=sequence=95_target_error_mm=48540_native_fallback=false
[Info   :ComfyNetworkSense] [07/31/2026 07:05:16] MOTION_AUTHORITY state=target_rejected run_id=native-20260731-c8-full28 client=omen action=none detail=sequence=96_target_error_mm=48533_native_fallback=false
[Info   :ComfyNetworkSense] [07/31/2026 07:05:16] MOTION_AUTHORITY state=target_rejected run_id=native-20260731-c8-full28 client=omen action=none detail=sequence=96_target_error_mm=48536_native_fallback=false
[Info   :ComfyNetworkSense] [07/31/2026 07:05:16] MOTION_AUTHORITY state=target_rejected run_id=native-20260731-c8-full28 client=omen action=none detail=sequence=96_target_error_mm=48539_native_fallback=false
[Info   :ComfyNetworkSense] [07/31/2026 07:05:16] MOTION_AUTHORITY state=target_rejected run_id=native-20260731-c8-full28 client=omen action=none detail=sequence=96_target_error_mm=48542_native_fallback=false
[Info   :ComfyNetworkSense] [07/31/2026 07:05:16] MOTION_AUTHORITY state=target_rejected run_id=native-20260731-c8-full28 client=omen action=none detail=sequence=96_target_error_mm=48545_native_fallback=false
[Info   :ComfyNetworkSense] [07/31/2026 07:05:16] MOTION_AUTHORITY state=target_rejected run_id=native-20260731-c8-full28 client=omen action=none detail=sequence=96_target_error_mm=48548_native_fallback=false
[Info   :ComfyNetworkSense] [07/31/2026 07:05:16] MOTION_AUTHORITY state=target_rejected run_id=native-20260731-c8-full28 client=omen action=none detail=sequence=96_target_error_mm=48551_native_fallback=false
[Info   :ComfyNetworkSense] [07/31/2026 07:05:16] MOTION_AUTHORITY state=target_rejected run_id=native-20260731-c8-full28 client=omen action=none detail=sequence=97_target_error_mm=48564_native_fallback=false
[Info   :ComfyNetworkSense] [07/31/2026 07:05:16] MOTION_AUTHORITY state=target_rejected run_id=native-20260731-c8-full28 client=omen action=none detail=sequence=97_target_error_mm=48567_native_fallback=false
[Info   :ComfyNetworkSense] [07/31/2026 07:05:16] MOTION_AUTHORITY state=target_rejected run_id=native-20260731-c8-full28 client=omen action=none detail=sequence=97_target_error_mm=48569_native_fallback=false
[Info   :ComfyNetworkSense] [07/31/2026 07:05:16] MOTION_AUTHORITY state=target_rejected run_id=native-20260731-c8-full28 client=omen action=none detail=sequence=97_target_error_mm=48572_native_fallback=false
[Info   :ComfyNetworkSense] [07/31/2026 07:05:16] MOTION_AUTHORITY state=target_rejected run_id=native-20260731-c8-full28 client=omen action=none detail=sequence=97_target_error_mm=48575_native_fallback=false
[Info   :ComfyNetworkSense] [07/31/2026 07:05:16] MOTION_AUTHORITY state=target_rejected run_id=native-20260731-c8-full28 client=omen action=none detail=sequence=97_target_error_mm=48578_native_fallback=false
[Info   :ComfyNetworkSense] [07/31/2026 07:05:16] MOTION_AUTHORITY state=target_rejected run_id=native-20260731-c8-full28 client=omen action=none detail=sequence=97_target_error_mm=48581_native_fallback=false
[Info   :ComfyNetworkSense] [07/31/2026 07:05:16] MOTION_AUTHORITY state=target_rejected run_id=native-20260731-c8-full28 client=omen action=none detail=sequence=97_target_error_mm=48584_native_fallback=false
[Info   :ComfyNetworkSense] [07/31/2026 07:05:16] MOTION_AUTHORITY state=target_rejected run_id=native-20260731-c8-full28 client=omen action=none detail=sequence=98_target_error_mm=48587_native_fallback=false
[Info   :ComfyNetworkSense] [07/31/2026 07:05:16] MOTION_AUTHORITY state=target_rejected run_id=native-20260731-c8-full28 client=omen action=none detail=sequence=98_target_error_mm=48590_native_fallback=false
[Info   :ComfyNetworkSense] [07/31/2026 07:05:16] MOTION_AUTHORITY state=target_rejected run_id=native-20260731-c8-full28 client=omen action=none detail=sequence=98_target_error_mm=48593_native_fallback=false
[Info   :ComfyNetworkSense] [07/31/2026 07:05:16] MOTION_AUTHORITY state=target_rejected run_id=native-20260731-c8-full28 client=omen action=none detail=sequence=98_target_error_mm=48597_native_fallback=false
[Info   :ComfyNetworkSense] [07/31/2026 07:05:16] MOTION_AUTHORITY state=target_rejected run_id=native-20260731-c8-full28 client=omen action=none detail=sequence=98_target_error_mm=48600_native_fallback=false
[Info   :ComfyNetworkSense] [07/31/2026 07:05:16] MOTION_AUTHORITY state=target_rejected run_id=native-20260731-c8-full28 client=omen action=none detail=sequence=98_target_error_mm=48603_native_fallback=false
[Info   :ComfyNetworkSense] [07/31/2026 07:05:16] MOTION_AUTHORITY state=target_rejected run_id=native-20260731-c8-full28 client=omen action=none detail=sequence=99_target_error_mm=48606_native_fallback=false
[Info   :ComfyNetworkSense] [07/31/2026 07:05:16] MOTION_AUTHORITY state=target_rejected run_id=native-20260731-c8-full28 client=omen action=none detail=sequence=99_target_error_mm=48609_native_fallback=false
[Info   :ComfyNetworkSense] [07/31/2026 07:05:16] MOTION_AUTHORITY state=target_rejected run_id=native-20260731-c8-full28 client=omen action=none detail=sequence=99_target_error_mm=48612_native_fallback=false
[Info   :ComfyNetworkSense] [07/31/2026 07:05:16] MOTION_AUTHORITY state=target_rejected run_id=native-20260731-c8-full28 client=omen action=none detail=sequence=99_target_error_mm=48615_native_fallback=false
[Info   :ComfyNetworkSense] [07/31/2026 07:05:16] MOTION_AUTHORITY state=target_rejected run_id=native-20260731-c8-full28 client=omen action=none detail=sequence=99_target_error_mm=48618_native_fallback=false
[Info   :ComfyNetworkSense] [07/31/2026 07:05:16] MOTION_AUTHORITY state=target_rejected run_id=native-20260731-c8-full28 client=omen action=none detail=sequence=99_target_error_mm=48621_native_fallback=false
[Info   :ComfyNetworkSense] [07/31/2026 07:05:16] MOTION_AUTHORITY state=target_rejected run_id=native-20260731-c8-full28 client=omen action=none detail=sequence=99_target_error_mm=48623_native_fallback=false
[Info   :ComfyNetworkSense] [07/31/2026 07:05:16] MOTION_AUTHORITY state=target_rejected run_id=native-20260731-c8-full28 client=omen action=none detail=sequence=100_target_error_mm=48626_native_fallback=false
[Info   :ComfyNetworkSense] [07/31/2026 07:05:16] MOTION_AUTHORITY state=target_rejected run_id=native-20260731-c8-full28 client=omen action=none detail=sequence=100_target_error_mm=48629_native_fallback=false
[Info   :ComfyNetworkSense] [07/31/2026 07:05:16] MOTION_AUTHORITY state=target_rejected run_id=native-20260731-c8-full28 client=omen action=none detail=sequence=100_target_error_mm=48632_native_fallback=false
[Info   :ComfyNetworkSense] [07/31/2026 07:05:16] MOTION_AUTHORITY state=target_rejected run_id=native-20260731-c8-full28 client=omen action=none detail=sequence=100_target_error_mm=48635_native_fallback=false
[Info   :ComfyNetworkSense] [07/31/2026 07:05:16] MOTION_AUTHORITY state=target_rejected run_id=native-20260731-c8-full28 client=omen action=none detail=sequence=100_target_error_mm=48638_native_fallback=false
[Info   :ComfyNetworkSense] [07/31/2026 07:05:16] MOTION_AUTHORITY state=target_rejected run_id=native-20260731-c8-full28 client=omen action=none detail=sequence=100_target_error_mm=48641_native_fallback=false
[Info   :ComfyNetworkSense] [07/31/2026 07:05:16] MOTION_AUTHORITY state=target_rejected run_id=native-20260731-c8-full28 client=omen action=none detail=sequence=101_target_error_mm=48644_native_fallback=false
[Info   :ComfyNetworkSense] [07/31/2026 07:05:16] MOTION_AUTHORITY state=target_rejected run_id=native-20260731-c8-full28 client=omen action=none detail=sequence=101_target_error_mm=48647_native_fallback=false
[Info   :ComfyNetworkSense] [07/31/2026 07:05:16] MOTION_AUTHORITY state=target_rejected run_id=native-20260731-c8-full28 client=omen action=none detail=sequence=101_target_error_mm=48650_native_fallback=false
[Info   :ComfyNetworkSense] [07/31/2026 07:05:16] MOTION_AUTHORITY state=target_rejected run_id=native-20260731-c8-full28 client=omen action=none detail=sequence=101_target_error_mm=48653_native_fallback=false
[Info   :ComfyNetworkSense] [07/31/2026 07:05:16] MOTION_AUTHORITY state=target_rejected run_id=native-20260731-c8-full28 client=omen action=none detail=sequence=101_target_error_mm=48656_native_fallback=false
[Info   :ComfyNetworkSense] [07/31/2026 07:05:16] MOTION_AUTHORITY state=target_rejected run_id=native-20260731-c8-full28 client=omen action=none detail=sequence=101_target_error_mm=48659_native_fallback=false
[Info   :ComfyNetworkSense] [07/31/2026 07:05:16] MOTION_AUTHORITY state=target_rejected run_id=native-20260731-c8-full28 client=omen action=none detail=sequence=101_target_error_mm=48662_native_fallback=false
[Info   :ComfyNetworkSense] [07/31/2026 07:05:16] MOTION_AUTHORITY state=target_rejected run_id=native-20260731-c8-full28 client=omen action=none detail=sequence=101_target_error_mm=48665_native_fallback=false
[Info   :ComfyNetworkSense] [07/31/2026 07:05:16] MOTION_AUTHORITY state=target_rejected run_id=native-20260731-c8-full28 client=omen action=none detail=sequence=102_target_error_mm=48658_native_fallback=false
[Info   :ComfyNetworkSense] [07/31/2026 07:05:16] MOTION_AUTHORITY state=target_rejected run_id=native-20260731-c8-full28 client=omen action=none detail=sequence=102_target_error_mm=48661_native_fallback=false
[Info   :ComfyNetworkSense] [07/31/2026 07:05:16] MOTION_AUTHORITY state=target_rejected run_id=native-20260731-c8-full28 client=omen action=none detail=sequence=102_target_error_mm=48664_native_fallback=false
[Info   :ComfyNetworkSense] [07/31/2026 07:05:16] MOTION_AUTHORITY state=target_rejected run_id=native-20260731-c8-full28 client=omen action=none detail=sequence=102_target_error_mm=48667_native_fallback=false
[Info   :ComfyNetworkSense] [07/31/2026 07:05:16] MOTION_AUTHORITY state=target_rejected run_id=native-20260731-c8-full28 client=omen action=none detail=sequence=102_target_error_mm=48670_native_fallback=false
[Info   :ComfyNetworkSense] [07/31/2026 07:05:16] MOTION_AUTHORITY state=target_rejected run_id=native-20260731-c8-full28 client=omen action=none detail=sequence=102_target_error_mm=48673_native_fallback=false
[Info   :ComfyNetworkSense] [07/31/2026 07:05:16] MOTION_AUTHORITY state=target_rejected run_id=native-20260731-c8-full28 client=omen action=none detail=sequence=102_target_error_mm=48676_native_fallback=false
[Info   :ComfyNetworkSense] [07/31/2026 07:05:16] MOTION_AUTHORITY state=target_rejected run_id=native-20260731-c8-full28 client=omen action=none detail=sequence=103_target_error_mm=48678_native_fallback=false
[Info   :ComfyNetworkSense] [07/31/2026 07:05:16] MOTION_AUTHORITY state=target_rejected run_id=native-20260731-c8-full28 client=omen action=none detail=sequence=103_target_error_mm=48681_native_fallback=false
[Info   :ComfyNetworkSense] [07/31/2026 07:05:16] MOTION_AUTHORITY state=target_rejected run_id=native-20260731-c8-full28 client=omen action=none detail=sequence=103_target_error_mm=48684_native_fallback=false
[Info   :ComfyNetworkSense] [07/31/2026 07:05:16] MOTION_AUTHORITY state=target_rejected run_id=native-20260731-c8-full28 client=omen action=none detail=sequence=103_target_error_mm=48687_native_fallback=false
[Info   :ComfyNetworkSense] [07/31/2026 07:05:16] MOTION_AUTHORITY state=target_rejected run_id=native-20260731-c8-full28 client=omen action=none detail=sequence=103_target_error_mm=48690_native_fallback=false
[Info   :ComfyNetworkSense] [07/31/2026 07:05:16] MOTION_AUTHORITY state=target_rejected run_id=native-20260731-c8-full28 client=omen action=none detail=sequence=103_target_error_mm=48693_native_fallback=false
[Info   :ComfyNetworkSense] [07/31/2026 07:05:16] MOTION_AUTHORITY state=target_rejected run_id=native-20260731-c8-full28 client=omen action=none detail=sequence=103_target_error_mm=48696_native_fallback=false
[Info   :ComfyNetworkSense] [07/31/2026 07:05:16] MOTION_AUTHORITY state=target_rejected run_id=native-20260731-c8-full28 client=omen action=none detail=sequence=103_target_error_mm=48699_native_fallback=false
[Info   :ComfyNetworkSense] [07/31/2026 07:05:16] MOTION_AUTHORITY state=target_rejected run_id=native-20260731-c8-full28 client=omen action=none detail=sequence=103_target_error_mm=48702_native_fallback=false
[Info   :ComfyNetworkSense] [07/31/2026 07:05:16] MOTION_AUTHORITY state=target_rejected run_id=native-20260731-c8-full28 client=omen action=none detail=sequence=103_target_error_mm=48705_native_fallback=false
[Info   :ComfyNetworkSense] [07/31/2026 07:05:16] MOTION_AUTHORITY state=target_rejected run_id=native-20260731-c8-full28 client=omen action=none detail=sequence=103_target_error_mm=48708_native_fallback=false
[Info   :ComfyNetworkSense] [07/31/2026 07:05:16] MOTION_AUTHORITY state=target_rejected run_id=native-20260731-c8-full28 client=omen action=none detail=sequence=103_target_error_mm=48711_native_fallback=false
[Info   :ComfyNetworkSense] [07/31/2026 07:05:16] MOTION_AUTHORITY state=target_rejected run_id=native-20260731-c8-full28 client=omen action=none detail=sequence=103_target_error_mm=48714_native_fallback=false
[Info   :ComfyNetworkSense] [07/31/2026 07:05:16] MOTION_AUTHORITY state=target_rejected run_id=native-20260731-c8-full28 client=omen action=none detail=sequence=104_target_error_mm=48727_native_fallback=false
[Info   :ComfyNetworkSense] [07/31/2026 07:05:17] MOTION_AUTHORITY state=target_rejected run_id=native-20260731-c8-full28 client=omen action=none detail=sequence=104_target_error_mm=48730_native_fallback=false
[Info   :ComfyNetworkSense] [07/31/2026 07:05:17] MOTION_AUTHORITY state=target_rejected run_id=native-20260731-c8-full28 client=omen action=none detail=sequence=104_target_error_mm=48734_native_fallback=false
[Info   :ComfyNetworkSense] [07/31/2026 07:05:17] MOTION_AUTHORITY state=target_rejected run_id=native-20260731-c8-full28 client=omen action=none detail=sequence=104_target_error_mm=48736_native_fallback=false
[Info   :ComfyNetworkSense] [07/31/2026 07:05:17] MOTION_AUTHORITY state=target_rejected run_id=native-20260731-c8-full28 client=omen action=none detail=sequence=104_target_error_mm=48739_native_fallback=false
[Info   :ComfyNetworkSense] [07/31/2026 07:05:17] MOTION_AUTHORITY state=target_rejected run_id=native-20260731-c8-full28 client=omen action=none detail=sequence=104_target_error_mm=48742_native_fallback=false
[Info   :ComfyNetworkSense] [07/31/2026 07:05:17] MOTION_AUTHORITY state=target_rejected run_id=native-20260731-c8-full28 client=omen action=none detail=sequence=105_target_error_mm=48745_native_fallback=false
[Info   :ComfyNetworkSense] [07/31/2026 07:05:17] MOTION_AUTHORITY state=target_rejected run_id=native-20260731-c8-full28 client=omen action=none detail=sequence=106_target_error_mm=48748_native_fallback=false
[Info   :ComfyNetworkSense] [07/31/2026 07:05:17] MOTION_AUTHORITY state=target_rejected run_id=native-20260731-c8-full28 client=omen action=none detail=sequence=106_target_error_mm=48751_native_fallback=false
[Info   :ComfyNetworkSense] [07/31/2026 07:05:17] MOTION_AUTHORITY state=target_rejected run_id=native-20260731-c8-full28 client=omen action=none detail=sequence=106_target_error_mm=48754_native_fallback=false
[Info   :ComfyNetworkSense] [07/31/2026 07:05:17] MOTION_AUTHORITY state=target_rejected run_id=native-20260731-c8-full28 client=omen action=none detail=sequence=106_target_error_mm=48757_native_fallback=false
[Info   :ComfyNetworkSense] [07/31/2026 07:05:17] MOTION_AUTHORITY state=target_rejected run_id=native-20260731-c8-full28 client=omen action=none detail=sequence=106_target_error_mm=48760_native_fallback=false
[Info   :ComfyNetworkSense] [07/31/2026 07:05:17] MOTION_AUTHORITY state=target_rejected run_id=native-20260731-c8-full28 client=omen action=none detail=sequence=106_target_error_mm=48763_native_fallback=false
[Info   :ComfyNetworkSense] [07/31/2026 07:05:17] MOTION_AUTHORITY state=target_rejected run_id=native-20260731-c8-full28 client=omen action=none detail=sequence=106_target_error_mm=48766_native_fallback=false
[Info   :ComfyNetworkSense] [07/31/2026 07:05:17] MOTION_AUTHORITY state=target_rejected run_id=native-20260731-c8-full28 client=omen action=none detail=sequence=106_target_error_mm=48769_native_fallback=false
[Info   :ComfyNetworkSense] [07/31/2026 07:05:17] MOTION_AUTHORITY state=target_rejected run_id=native-20260731-c8-full28 client=omen action=none detail=sequence=107_target_error_mm=48772_native_fallback=false
[Info   :ComfyNetworkSense] [07/31/2026 07:05:17] MOTION_AUTHORITY state=target_rejected run_id=native-20260731-c8-full28 client=omen action=none detail=sequence=107_target_error_mm=48775_native_fallback=false
[Info   :ComfyNetworkSense] [07/31/2026 07:05:17] MOTION_AUTHORITY state=target_rejected run_id=native-20260731-c8-full28 client=omen action=none detail=sequence=107_target_error_mm=48778_native_fallback=false
[Info   :ComfyNetworkSense] [07/31/2026 07:05:17] MOTION_AUTHORITY state=target_rejected run_id=native-20260731-c8-full28 client=omen action=none detail=sequence=107_target_error_mm=48781_native_fallback=false
[Info   :ComfyNetworkSense] [07/31/2026 07:05:17] MOTION_AUTHORITY state=target_rejected run_id=native-20260731-c8-full28 client=omen action=none detail=sequence=107_target_error_mm=48784_native_fallback=false
[Info   :ComfyNetworkSense] [07/31/2026 07:05:17] MOTION_AUTHORITY state=target_rejected run_id=native-20260731-c8-full28 client=omen action=none detail=sequence=107_target_error_mm=48786_native_fallback=false
[Info   :ComfyNetworkSense] [07/31/2026 07:05:17] MOTION_AUTHORITY state=target_rejected run_id=native-20260731-c8-full28 client=omen action=none detail=sequence=107_target_error_mm=48789_native_fallback=false
[Info   :ComfyNetworkSense] [07/31/2026 07:05:17] MOTION_AUTHORITY state=target_rejected run_id=native-20260731-c8-full28 client=omen action=none detail=sequence=107_target_error_mm=48792_native_fallback=false
[Info   :ComfyNetworkSense] [07/31/2026 07:05:17] MOTION_AUTHORITY state=target_rejected run_id=native-20260731-c8-full28 client=omen action=none detail=sequence=108_target_error_mm=48795_native_fallback=false
[Info   :ComfyNetworkSense] [07/31/2026 07:05:17] MOTION_AUTHORITY state=target_rejected run_id=native-20260731-c8-full28 client=omen action=none detail=sequence=108_target_error_mm=48798_native_fallback=false
[Info   :ComfyNetworkSense] [07/31/2026 07:05:17] MOTION_AUTHORITY state=target_rejected run_id=native-20260731-c8-full28 client=omen action=none detail=sequence=108_target_error_mm=48801_native_fallback=false
[Info   :ComfyNetworkSense] [07/31/2026 07:05:17] MOTION_AUTHORITY state=target_rejected run_id=native-20260731-c8-full28 client=omen action=none detail=sequence=108_target_error_mm=48804_native_fallback=false
[Info   :ComfyNetworkSense] [07/31/2026 07:05:17] MOTION_AUTHORITY state=target_rejected run_id=native-20260731-c8-full28 client=omen action=none detail=sequence=108_target_error_mm=48807_native_fallback=false
[Info   :ComfyNetworkSense] [07/31/2026 07:05:17] MOTION_AUTHORITY state=target_rejected run_id=native-20260731-c8-full28 client=omen action=none detail=sequence=108_target_error_mm=48810_native_fallback=false
[Info   :ComfyNetworkSense] [07/31/2026 07:05:17] MOTION_AUTHORITY state=target_rejected run_id=native-20260731-c8-full28 client=omen action=none detail=sequence=108_target_error_mm=48813_native_fallback=false
[Info   :ComfyNetworkSense] [07/31/2026 07:05:17] MOTION_AUTHORITY state=target_rejected run_id=native-20260731-c8-full28 client=omen action=none detail=sequence=109_target_error_mm=48806_native_fallback=false
[Info   :ComfyNetworkSense] [07/31/2026 07:05:17] MOTION_AUTHORITY state=target_rejected run_id=native-20260731-c8-full28 client=omen action=none detail=sequence=109_target_error_mm=48809_native_fallback=false
[Info   :ComfyNetworkSense] [07/31/2026 07:05:17] MOTION_AUTHORITY state=target_rejected run_id=native-20260731-c8-full28 client=omen action=none detail=sequence=109_target_error_mm=48812_native_fallback=false
[Info   :ComfyNetworkSense] [07/31/2026 07:05:17] MOTION_AUTHORITY state=target_rejected run_id=native-20260731-c8-full28 client=omen action=none detail=sequence=109_target_error_mm=48815_native_fallback=false
[Info   :ComfyNetworkSense] [07/31/2026 07:05:17] MOTION_AUTHORITY state=target_rejected run_id=native-20260731-c8-full28 client=omen action=none detail=sequence=109_target_error_mm=48818_native_fallback=false
[Info   :ComfyNetworkSense] [07/31/2026 07:05:17] MOTION_AUTHORITY state=target_rejected run_id=native-20260731-c8-full28 client=omen action=none detail=sequence=109_target_error_mm=48821_native_fallback=false
[Info   :ComfyNetworkSense] [07/31/2026 07:05:17] MOTION_AUTHORITY state=target_rejected run_id=native-20260731-c8-full28 client=omen action=none detail=sequence=109_target_error_mm=48824_native_fallback=false
[Info   :ComfyNetworkSense] [07/31/2026 07:05:17] MOTION_AUTHORITY state=target_rejected run_id=native-20260731-c8-full28 client=omen action=none detail=sequence=109_target_error_mm=48827_native_fallback=false
[Info   :ComfyNetworkSense] [07/31/2026 07:05:17] MOTION_AUTHORITY state=target_rejected run_id=native-20260731-c8-full28 client=omen action=none detail=sequence=110_target_error_mm=48830_native_fallback=false
[Info   :ComfyNetworkSense] [07/31/2026 07:05:17] MOTION_AUTHORITY state=target_rejected run_id=native-20260731-c8-full28 client=omen action=none detail=sequence=110_target_error_mm=48833_native_fallback=false
[Info   :ComfyNetworkSense] [07/31/2026 07:05:17] MOTION_AUTHORITY state=target_rejected run_id=native-20260731-c8-full28 client=omen action=none detail=sequence=110_target_error_mm=48836_native_fallback=false
[Info   :ComfyNetworkSense] [07/31/2026 07:05:17] MOTION_AUTHORITY state=target_rejected run_id=native-20260731-c8-full28 client=omen action=none detail=sequence=110_target_error_mm=48839_native_fallback=false
[Info   :ComfyNetworkSense] [07/31/2026 07:05:17] MOTION_AUTHORITY state=target_rejected run_id=native-20260731-c8-full28 client=omen action=none detail=sequence=110_target_error_mm=48842_native_fallback=false
[Info   :ComfyNetworkSense] [07/31/2026 07:05:17] MOTION_AUTHORITY state=target_rejected run_id=native-20260731-c8-full28 client=omen action=none detail=sequence=110_target_error_mm=48844_native_fallback=false
[Info   :ComfyNetworkSense] [07/31/2026 07:05:17] MOTION_AUTHORITY state=target_rejected run_id=native-20260731-c8-full28 client=omen action=none detail=sequence=110_target_error_mm=48847_native_fallback=false
[Info   :ComfyNetworkSense] [07/31/2026 07:05:17] MOTION_AUTHORITY state=target_rejected run_id=native-20260731-c8-full28 client=omen action=none detail=sequence=111_target_error_mm=48860_native_fallback=false
[Info   :ComfyNetworkSense] [07/31/2026 07:05:17] MOTION_AUTHORITY state=target_rejected run_id=native-20260731-c8-full28 client=omen action=none detail=sequence=111_target_error_mm=48863_native_fallback=false
[Info   :ComfyNetworkSense] [07/31/2026 07:05:17] MOTION_AUTHORITY state=target_rejected run_id=native-20260731-c8-full28 client=omen action=none detail=sequence=111_target_error_mm=48866_native_fallback=false
[Info   :ComfyNetworkSense] [07/31/2026 07:05:17] MOTION_AUTHORITY state=target_rejected run_id=native-20260731-c8-full28 client=omen action=none detail=sequence=111_target_error_mm=48870_native_fallback=false
[Info   :ComfyNetworkSense] [07/31/2026 07:05:17] MOTION_AUTHORITY state=target_rejected run_id=native-20260731-c8-full28 client=omen action=none detail=sequence=111_target_error_mm=48873_native_fallback=false
[Info   :ComfyNetworkSense] [07/31/2026 07:05:17] MOTION_AUTHORITY state=target_rejected run_id=native-20260731-c8-full28 client=omen action=none detail=sequence=111_target_error_mm=48876_native_fallback=false
[Info   :ComfyNetworkSense] [07/31/2026 07:05:17] MOTION_AUTHORITY state=target_rejected run_id=native-20260731-c8-full28 client=omen action=none detail=sequence=112_target_error_mm=48879_native_fallback=false
[Info   :ComfyNetworkSense] [07/31/2026 07:05:17] MOTION_AUTHORITY state=target_rejected run_id=native-20260731-c8-full28 client=omen action=none detail=sequence=112_target_error_mm=48882_native_fallback=false
[Info   :ComfyNetworkSense] [07/31/2026 07:05:17] MOTION_AUTHORITY state=target_rejected run_id=native-20260731-c8-full28 client=omen action=none detail=sequence=112_target_error_mm=48885_native_fallback=false
[Info   :ComfyNetworkSense] [07/31/2026 07:05:17] MOTION_AUTHORITY state=target_rejected run_id=native-20260731-c8-full28 client=omen action=none detail=sequence=112_target_error_mm=48888_native_fallback=false
[Info   :ComfyNetworkSense] [07/31/2026 07:05:17] MOTION_AUTHORITY state=target_rejected run_id=native-20260731-c8-full28 client=omen action=none detail=sequence=112_target_error_mm=48891_native_fallback=false
[Info   :ComfyNetworkSense] [07/31/2026 07:05:17] MOTION_AUTHORITY state=target_rejected run_id=native-20260731-c8-full28 client=omen action=none detail=sequence=112_target_error_mm=48894_native_fallback=false
[Info   :ComfyNetworkSense] [07/31/2026 07:05:17] MOTION_AUTHORITY state=target_rejected run_id=native-20260731-c8-full28 client=omen action=none detail=sequence=112_target_error_mm=48897_native_fallback=false
[Info   :ComfyNetworkSense] [07/31/2026 07:05:17] MOTION_AUTHORITY state=target_rejected run_id=native-20260731-c8-full28 client=omen action=none detail=sequence=113_target_error_mm=48890_native_fallback=false
[Info   :ComfyNetworkSense] [07/31/2026 07:05:17] MOTION_AUTHORITY state=target_rejected run_id=native-20260731-c8-full28 client=omen action=none detail=sequence=113_target_error_mm=48893_native_fallback=false
[Info   :ComfyNetworkSense] [07/31/2026 07:05:17] MOTION_AUTHORITY state=target_rejected run_id=native-20260731-c8-full28 client=omen action=none detail=sequence=113_target_error_mm=48896_native_fallback=false
[Info   :ComfyNetworkSense] [07/31/2026 07:05:17] MOTION_AUTHORITY state=target_rejected run_id=native-20260731-c8-full28 client=omen action=none detail=sequence=113_target_error_mm=48899_native_fallback=false
[Info   :ComfyNetworkSense] [07/31/2026 07:05:17] MOTION_AUTHORITY state=target_rejected run_id=native-20260731-c8-full28 client=omen action=none detail=sequence=113_target_error_mm=48902_native_fallback=false
[Info   :ComfyNetworkSense] [07/31/2026 07:05:17] MOTION_AUTHORITY state=target_rejected run_id=native-20260731-c8-full28 client=omen action=none detail=sequence=113_target_error_mm=48905_native_fallback=false
[Info   :ComfyNetworkSense] [07/31/2026 07:05:17] MOTION_AUTHORITY state=target_rejected run_id=native-20260731-c8-full28 client=omen action=none detail=sequence=113_target_error_mm=48908_native_fallback=false
[Info   :ComfyNetworkSense] [07/31/2026 07:05:17] MOTION_AUTHORITY state=target_rejected run_id=native-20260731-c8-full28 client=omen action=none detail=sequence=113_target_error_mm=48911_native_fallback=false
[Info   :ComfyNetworkSense] [07/31/2026 07:05:17] MOTION_AUTHORITY state=target_rejected run_id=native-20260731-c8-full28 client=omen action=none detail=sequence=114_target_error_mm=48914_native_fallback=false
[Info   :ComfyNetworkSense] [07/31/2026 07:05:17] MOTION_AUTHORITY state=target_rejected run_id=native-20260731-c8-full28 client=omen action=none detail=sequence=114_target_error_mm=48917_native_fallback=false
[Info   :ComfyNetworkSense] [07/31/2026 07:05:17] MOTION_AUTHORITY state=target_rejected run_id=native-20260731-c8-full28 client=omen action=none detail=sequence=114_target_error_mm=48920_native_fallback=false
[Info   :ComfyNetworkSense] [07/31/2026 07:05:17] MOTION_AUTHORITY state=target_rejected run_id=native-20260731-c8-full28 client=omen action=none detail=sequence=114_target_error_mm=48923_native_fallback=false
[Info   :ComfyNetworkSense] [07/31/2026 07:05:17] MOTION_AUTHORITY state=target_rejected run_id=native-20260731-c8-full28 client=omen action=none detail=sequence=114_target_error_mm=48926_native_fallback=false
[Info   :ComfyNetworkSense] [07/31/2026 07:05:17] MOTION_AUTHORITY state=target_rejected run_id=native-20260731-c8-full28 client=omen action=none detail=sequence=114_target_error_mm=48928_native_fallback=false
[Info   :ComfyNetworkSense] [07/31/2026 07:05:17] MOTION_AUTHORITY state=target_rejected run_id=native-20260731-c8-full28 client=omen action=none detail=sequence=114_target_error_mm=48931_native_fallback=false
[Info   :ComfyNetworkSense] [07/31/2026 07:05:17] MOTION_AUTHORITY state=target_rejected run_id=native-20260731-c8-full28 client=omen action=none detail=sequence=115_target_error_mm=48944_native_fallback=false
[Info   :ComfyNetworkSense] [07/31/2026 07:05:17] MOTION_AUTHORITY state=target_rejected run_id=native-20260731-c8-full28 client=omen action=none detail=sequence=115_target_error_mm=48947_native_fallback=false
[Info   :ComfyNetworkSense] [07/31/2026 07:05:17] MOTION_AUTHORITY state=target_rejected run_id=native-20260731-c8-full28 client=omen action=none detail=sequence=115_target_error_mm=48950_native_fallback=false
[Info   :ComfyNetworkSense] [07/31/2026 07:05:17] MOTION_AUTHORITY state=target_rejected run_id=native-20260731-c8-full28 client=omen action=none detail=sequence=115_target_error_mm=48953_native_fallback=false
[Info   :ComfyNetworkSense] [07/31/2026 07:05:17] MOTION_AUTHORITY state=target_rejected run_id=native-20260731-c8-full28 client=omen action=none detail=sequence=115_target_error_mm=48956_native_fallback=false
[Info   :ComfyNetworkSense] [07/31/2026 07:05:17] MOTION_AUTHORITY state=target_rejected run_id=native-20260731-c8-full28 client=omen action=none detail=sequence=115_target_error_mm=48959_native_fallback=false
[Info   :ComfyNetworkSense] [07/31/2026 07:05:17] MOTION_AUTHORITY state=target_rejected run_id=native-20260731-c8-full28 client=omen action=none detail=sequence=115_target_error_mm=48962_native_fallback=false
[Info   :ComfyNetworkSense] [07/31/2026 07:05:17] MOTION_AUTHORITY state=target_rejected run_id=native-20260731-c8-full28 client=omen action=none detail=sequence=115_target_error_mm=48965_native_fallback=false
[Info   :ComfyNetworkSense] [07/31/2026 07:05:17] MOTION_AUTHORITY state=target_rejected run_id=native-20260731-c8-full28 client=omen action=none detail=sequence=116_target_error_mm=48968_native_fallback=false
[Info   :ComfyNetworkSense] [07/31/2026 07:05:17] MOTION_AUTHORITY state=target_rejected run_id=native-20260731-c8-full28 client=omen action=none detail=sequence=116_target_error_mm=48971_native_fallback=false
[Info   :ComfyNetworkSense] [07/31/2026 07:05:17] MOTION_AUTHORITY state=target_rejected run_id=native-20260731-c8-full28 client=omen action=none detail=sequence=116_target_error_mm=48974_native_fallback=false
[Info   :ComfyNetworkSense] [07/31/2026 07:05:17] MOTION_AUTHORITY state=target_rejected run_id=native-20260731-c8-full28 client=omen action=none detail=sequence=116_target_error_mm=48977_native_fallback=false
[Info   :ComfyNetworkSense] [07/31/2026 07:05:17] MOTION_AUTHORITY state=target_rejected run_id=native-20260731-c8-full28 client=omen action=none detail=sequence=116_target_error_mm=48979_native_fallback=false
[Info   :ComfyNetworkSense] [07/31/2026 07:05:17] MOTION_AUTHORITY state=target_rejected run_id=native-20260731-c8-full28 client=omen action=none detail=sequence=116_target_error_mm=48982_native_fallback=false
[Info   :ComfyNetworkSense] [07/31/2026 07:05:17] MOTION_AUTHORITY state=target_rejected run_id=native-20260731-c8-full28 client=omen action=none detail=sequence=116_target_error_mm=48985_native_fallback=false
[Info   :ComfyNetworkSense] [07/31/2026 07:05:17] MOTION_AUTHORITY state=target_rejected run_id=native-20260731-c8-full28 client=omen action=none detail=sequence=116_target_error_mm=48988_native_fallback=false
[Info   :ComfyNetworkSense] [07/31/2026 07:05:17] MOTION_AUTHORITY state=target_rejected run_id=native-20260731-c8-full28 client=omen action=none detail=sequence=117_target_error_mm=48991_native_fallback=false
[Info   :ComfyNetworkSense] [07/31/2026 07:05:17] MOTION_AUTHORITY state=target_rejected run_id=native-20260731-c8-full28 client=omen action=none detail=sequence=117_target_error_mm=48994_native_fallback=false
[Info   :ComfyNetworkSense] [07/31/2026 07:05:17] MOTION_AUTHORITY state=target_rejected run_id=native-20260731-c8-full28 client=omen action=none detail=sequence=117_target_error_mm=48997_native_fallback=false
[Info   :ComfyNetworkSense] [07/31/2026 07:05:17] MOTION_AUTHORITY state=target_rejected run_id=native-20260731-c8-full28 client=omen action=none detail=sequence=117_target_error_mm=49000_native_fallback=false
[Info   :ComfyNetworkSense] [07/31/2026 07:05:17] MOTION_AUTHORITY state=target_rejected run_id=native-20260731-c8-full28 client=omen action=none detail=sequence=117_target_error_mm=49003_native_fallback=false
[Info   :ComfyNetworkSense] [07/31/2026 07:05:17] MOTION_AUTHORITY state=target_rejected run_id=native-20260731-c8-full28 client=omen action=none detail=sequence=117_target_error_mm=49006_native_fallback=false
[Info   :ComfyNetworkSense] [07/31/2026 07:05:17] MOTION_AUTHORITY state=target_rejected run_id=native-20260731-c8-full28 client=omen action=none detail=sequence=117_target_error_mm=49009_native_fallback=false
[Info   :ComfyNetworkSense] [07/31/2026 07:05:17] MOTION_AUTHORITY state=target_rejected run_id=native-20260731-c8-full28 client=omen action=none detail=sequence=118_target_error_mm=49002_native_fallback=false
[Info   :ComfyNetworkSense] [07/31/2026 07:05:17] MOTION_AUTHORITY state=target_rejected run_id=native-20260731-c8-full28 client=omen action=none detail=sequence=118_target_error_mm=49005_native_fallback=false
[Info   :ComfyNetworkSense] [07/31/2026 07:05:17] MOTION_AUTHORITY state=target_rejected run_id=native-20260731-c8-full28 client=omen action=none detail=sequence=118_target_error_mm=49008_native_fallback=false
[Info   :ComfyNetworkSense] [07/31/2026 07:05:17] MOTION_AUTHORITY state=target_rejected run_id=native-20260731-c8-full28 client=omen action=none detail=sequence=118_target_error_mm=49011_native_fallback=false
[Info   :ComfyNetworkSense] [07/31/2026 07:05:17] MOTION_AUTHORITY state=target_rejected run_id=native-20260731-c8-full28 client=omen action=none detail=sequence=118_target_error_mm=49014_native_fallback=false
[Info   :ComfyNetworkSense] [07/31/2026 07:05:17] MOTION_AUTHORITY state=target_rejected run_id=native-20260731-c8-full28 client=omen action=none detail=sequence=118_target_error_mm=49017_native_fallback=false
[Info   :ComfyNetworkSense] [07/31/2026 07:05:17] MOTION_AUTHORITY state=target_rejected run_id=native-20260731-c8-full28 client=omen action=none detail=sequence=119_target_error_mm=49030_native_fallback=false
[Info   :ComfyNetworkSense] [07/31/2026 07:05:17] MOTION_AUTHORITY state=target_rejected run_id=native-20260731-c8-full28 client=omen action=none detail=sequence=119_target_error_mm=49033_native_fallback=false
[Info   :ComfyNetworkSense] [07/31/2026 07:05:17] MOTION_AUTHORITY state=target_rejected run_id=native-20260731-c8-full28 client=omen action=none detail=sequence=119_target_error_mm=49036_native_fallback=false
[Info   :ComfyNetworkSense] [07/31/2026 07:05:17] MOTION_AUTHORITY state=target_rejected run_id=native-20260731-c8-full28 client=omen action=none detail=sequence=119_target_error_mm=49039_native_fallback=false
[Info   :ComfyNetworkSense] [07/31/2026 07:05:17] MOTION_AUTHORITY state=target_rejected run_id=native-20260731-c8-full28 client=omen action=none detail=sequence=119_target_error_mm=49042_native_fallback=false
[Info   :ComfyNetworkSense] [07/31/2026 07:05:17] MOTION_AUTHORITY state=target_rejected run_id=native-20260731-c8-full28 client=omen action=none detail=sequence=119_target_error_mm=49044_native_fallback=false
[Info   :ComfyNetworkSense] [07/31/2026 07:05:17] MOTION_AUTHORITY state=target_rejected run_id=native-20260731-c8-full28 client=omen action=none detail=sequence=119_target_error_mm=49047_native_fallback=false
[Info   :ComfyNetworkSense] [07/31/2026 07:05:17] MOTION_AUTHORITY state=target_rejected run_id=native-20260731-c8-full28 client=omen action=none detail=sequence=119_target_error_mm=49050_native_fallback=false
[Info   :ComfyNetworkSense] [07/31/2026 07:05:17] MOTION_AUTHORITY state=target_rejected run_id=native-20260731-c8-full28 client=omen action=none detail=sequence=120_target_error_mm=49053_native_fallback=false
[Info   :ComfyNetworkSense] [07/31/2026 07:05:17] MOTION_AUTHORITY state=target_rejected run_id=native-20260731-c8-full28 client=omen action=none detail=sequence=120_target_error_mm=49056_native_fallback=false
[Info   :ComfyNetworkSense] [07/31/2026 07:05:17] MOTION_AUTHORITY state=target_rejected run_id=native-20260731-c8-full28 client=omen action=none detail=sequence=120_target_error_mm=49059_native_fallback=false
[Info   :ComfyNetworkSense] [07/31/2026 07:05:17] MOTION_AUTHORITY state=target_rejected run_id=native-20260731-c8-full28 client=omen action=none detail=sequence=120_target_error_mm=49062_native_fallback=false
[Info   :ComfyNetworkSense] [07/31/2026 07:05:17] MOTION_AUTHORITY state=target_rejected run_id=native-20260731-c8-full28 client=omen action=none detail=sequence=120_target_error_mm=49065_native_fallback=false
[Info   :ComfyNetworkSense] [07/31/2026 07:05:17] MOTION_AUTHORITY state=target_rejected run_id=native-20260731-c8-full28 client=omen action=none detail=sequence=120_target_error_mm=49068_native_fallback=false
[Info   :ComfyNetworkSense] [07/31/2026 07:05:17] MOTION_AUTHORITY state=target_rejected run_id=native-20260731-c8-full28 client=omen action=none detail=sequence=120_target_error_mm=49071_native_fallback=false
[Info   :ComfyNetworkSense] [07/31/2026 07:05:17] MOTION_AUTHORITY state=target_rejected run_id=native-20260731-c8-full28 client=omen action=none detail=sequence=121_target_error_mm=49074_native_fallback=false
[Info   :ComfyNetworkSense] [07/31/2026 07:05:17] MOTION_AUTHORITY state=target_rejected run_id=native-20260731-c8-full28 client=omen action=none detail=sequence=121_target_error_mm=49077_native_fallback=false
[Info   :ComfyNetworkSense] [07/31/2026 07:05:17] MOTION_AUTHORITY state=target_rejected run_id=native-20260731-c8-full28 client=omen action=none detail=sequence=121_target_error_mm=49080_native_fallback=false
[Info   :ComfyNetworkSense] [07/31/2026 07:05:17] MOTION_AUTHORITY state=target_rejected run_id=native-20260731-c8-full28 client=omen action=none detail=sequence=121_target_error_mm=49083_native_fallback=false
[Info   :ComfyNetworkSense] [07/31/2026 07:05:17] MOTION_AUTHORITY state=target_rejected run_id=native-20260731-c8-full28 client=omen action=none detail=sequence=121_target_error_mm=49086_native_fallback=false
[Info   :ComfyNetworkSense] [07/31/2026 07:05:17] MOTION_AUTHORITY state=target_rejected run_id=native-20260731-c8-full28 client=omen action=none detail=sequence=121_target_error_mm=49089_native_fallback=false
[Info   :ComfyNetworkSense] [07/31/2026 07:05:17] MOTION_AUTHORITY state=target_rejected run_id=native-20260731-c8-full28 client=omen action=none detail=sequence=121_target_error_mm=49092_native_fallback=false
[Info   :ComfyNetworkSense] [07/31/2026 07:05:17] MOTION_AUTHORITY state=target_rejected run_id=native-20260731-c8-full28 client=omen action=none detail=sequence=121_target_error_mm=49095_native_fallback=false
[Info   :ComfyNetworkSense] [07/31/2026 07:05:17] MOTION_AUTHORITY state=target_rejected run_id=native-20260731-c8-full28 client=omen action=none detail=sequence=122_target_error_mm=49088_native_fallback=false
[Info   :ComfyNetworkSense] [07/31/2026 07:05:17] MOTION_AUTHORITY state=target_rejected run_id=native-20260731-c8-full28 client=omen action=none detail=sequence=122_target_error_mm=49091_native_fallback=false
[Info   :ComfyNetworkSense] [07/31/2026 07:05:17] MOTION_AUTHORITY state=target_rejected run_id=native-20260731-c8-full28 client=omen action=none detail=sequence=122_target_error_mm=49094_native_fallback=false
[Info   :ComfyNetworkSense] [07/31/2026 07:05:17] MOTION_AUTHORITY state=target_rejected run_id=native-20260731-c8-full28 client=omen action=none detail=sequence=122_target_error_mm=49096_native_fallback=false
[Info   :ComfyNetworkSense] [07/31/2026 07:05:17] MOTION_AUTHORITY state=target_rejected run_id=native-20260731-c8-full28 client=omen action=none detail=sequence=122_target_error_mm=49099_native_fallback=false
[Info   :ComfyNetworkSense] [07/31/2026 07:05:17] MOTION_AUTHORITY state=target_rejected run_id=native-20260731-c8-full28 client=omen action=none detail=sequence=122_target_error_mm=49102_native_fallback=false
[Info   :ComfyNetworkSense] [07/31/2026 07:05:17] MOTION_AUTHORITY state=target_rejected run_id=native-20260731-c8-full28 client=omen action=none detail=sequence=122_target_error_mm=49105_native_fallback=false
[Info   :ComfyNetworkSense] [07/31/2026 07:05:17] MOTION_AUTHORITY state=target_rejected run_id=native-20260731-c8-full28 client=omen action=none detail=sequence=123_target_error_mm=49108_native_fallback=false
[Info   :ComfyNetworkSense] [07/31/2026 07:05:18] MOTION_AUTHORITY state=target_rejected run_id=native-20260731-c8-full28 client=omen action=none detail=sequence=123_target_error_mm=49111_native_fallback=false
[Info   :ComfyNetworkSense] [07/31/2026 07:05:18] MOTION_AUTHORITY state=target_rejected run_id=native-20260731-c8-full28 client=omen action=none detail=sequence=123_target_error_mm=49115_native_fallback=false
[Info   :ComfyNetworkSense] [07/31/2026 07:05:18] MOTION_AUTHORITY state=target_rejected run_id=native-20260731-c8-full28 client=omen action=none detail=sequence=123_target_error_mm=49118_native_fallback=false
[Info   :ComfyNetworkSense] [07/31/2026 07:05:18] MOTION_AUTHORITY state=target_rejected run_id=native-20260731-c8-full28 client=omen action=none detail=sequence=123_target_error_mm=49121_native_fallback=false
[Info   :ComfyNetworkSense] [07/31/2026 07:05:18] MOTION_AUTHORITY state=target_rejected run_id=native-20260731-c8-full28 client=omen action=none detail=sequence=123_target_error_mm=49124_native_fallback=false
[Info   :ComfyNetworkSense] [07/31/2026 07:05:18] MOTION_AUTHORITY state=target_rejected run_id=native-20260731-c8-full28 client=omen action=none detail=sequence=123_target_error_mm=49127_native_fallback=false
[Info   :ComfyNetworkSense] [07/31/2026 07:05:18] MOTION_AUTHORITY state=target_rejected run_id=native-20260731-c8-full28 client=omen action=none detail=sequence=123_target_error_mm=49130_native_fallback=false
[Info   :ComfyNetworkSense] [07/31/2026 07:05:18] MOTION_AUTHORITY state=target_rejected run_id=native-20260731-c8-full28 client=omen action=none detail=sequence=124_target_error_mm=49143_native_fallback=false
[Info   :ComfyNetworkSense] [07/31/2026 07:05:18] MOTION_AUTHORITY state=target_rejected run_id=native-20260731-c8-full28 client=omen action=none detail=sequence=124_target_error_mm=49146_native_fallback=false
[Info   :ComfyNetworkSense] [07/31/2026 07:05:18] MOTION_AUTHORITY state=target_rejected run_id=native-20260731-c8-full28 client=omen action=none detail=sequence=124_target_error_mm=49149_native_fallback=false
[Info   :ComfyNetworkSense] [07/31/2026 07:05:18] MOTION_AUTHORITY state=target_rejected run_id=native-20260731-c8-full28 client=omen action=none detail=sequence=124_target_error_mm=49152_native_fallback=false
[Info   :ComfyNetworkSense] [07/31/2026 07:05:18] MOTION_AUTHORITY state=target_rejected run_id=native-20260731-c8-full28 client=omen action=none detail=sequence=124_target_error_mm=49155_native_fallback=false
[Info   :ComfyNetworkSense] [07/31/2026 07:05:18] MOTION_AUTHORITY state=target_rejected run_id=native-20260731-c8-full28 client=omen action=none detail=sequence=124_target_error_mm=49158_native_fallback=false
[Info   :ComfyNetworkSense] [07/31/2026 07:05:18] MOTION_AUTHORITY state=target_rejected run_id=native-20260731-c8-full28 client=omen action=none detail=sequence=124_target_error_mm=49161_native_fallback=false
[Info   :ComfyNetworkSense] [07/31/2026 07:05:18] MOTION_AUTHORITY state=target_rejected run_id=native-20260731-c8-full28 client=omen action=none detail=sequence=125_target_error_mm=49164_native_fallback=false
[Info   :ComfyNetworkSense] [07/31/2026 07:05:18] MOTION_AUTHORITY state=target_rejected run_id=native-20260731-c8-full28 client=omen action=none detail=sequence=125_target_error_mm=49166_native_fallback=false
[Info   :ComfyNetworkSense] [07/31/2026 07:05:18] MOTION_AUTHORITY state=target_rejected run_id=native-20260731-c8-full28 client=omen action=none detail=sequence=125_target_error_mm=49169_native_fallback=false
[Info   :ComfyNetworkSense] [07/31/2026 07:05:18] MOTION_AUTHORITY state=target_rejected run_id=native-20260731-c8-full28 client=omen action=none detail=sequence=125_target_error_mm=49172_native_fallback=false
[Info   :ComfyNetworkSense] [07/31/2026 07:05:18] MOTION_AUTHORITY state=target_rejected run_id=native-20260731-c8-full28 client=omen action=none detail=sequence=125_target_error_mm=49175_native_fallback=false
[Info   :ComfyNetworkSense] [07/31/2026 07:05:18] MOTION_AUTHORITY state=target_rejected run_id=native-20260731-c8-full28 client=omen action=none detail=sequence=125_target_error_mm=49178_native_fallback=false
[Info   :ComfyNetworkSense] [07/31/2026 07:05:18] MOTION_AUTHORITY state=target_rejected run_id=native-20260731-c8-full28 client=omen action=none detail=sequence=125_target_error_mm=49181_native_fallback=false
[Info   :ComfyNetworkSense] [07/31/2026 07:05:18] MOTION_AUTHORITY state=target_rejected run_id=native-20260731-c8-full28 client=omen action=none detail=sequence=126_target_error_mm=49184_native_fallback=false
[Info   :ComfyNetworkSense] [07/31/2026 07:05:18] MOTION_AUTHORITY state=target_rejected run_id=native-20260731-c8-full28 client=omen action=none detail=sequence=126_target_error_mm=49187_native_fallback=false
[Info   :ComfyNetworkSense] [07/31/2026 07:05:18] MOTION_AUTHORITY state=target_rejected run_id=native-20260731-c8-full28 client=omen action=none detail=sequence=126_target_error_mm=49190_native_fallback=false
[Info   :ComfyNetworkSense] [07/31/2026 07:05:18] CUTOVER_SCENARIO state=completed run_id=native-20260731-c8-full28 client=omen action=omen-c8-safe-origin detail=coordinate_teleport_complete_target=2211,80,-69
[Info   :ComfyNetworkSense] [07/31/2026 07:05:18] MOTION_AUTHORITY state=target_rejected run_id=native-20260731-c8-full28 client=omen action=none detail=sequence=126_target_error_mm=49193_native_fallback=false
[Info   :ComfyNetworkSense] [07/31/2026 07:05:18] CUTOVER_SCENARIO state=action_started run_id=native-20260731-c8-full28 client=omen action=omen-move detail=kind=move
[Info   :ComfyNetworkSense] [07/31/2026 07:05:18] MOTION_AUTHORITY state=target_rejected run_id=native-20260731-c8-full28 client=omen action=none detail=sequence=126_target_error_mm=49196_native_fallback=false
[Info   :ComfyNetworkSense] [07/31/2026 07:05:18] MOTION_AUTHORITY state=target_rejected run_id=native-20260731-c8-full28 client=omen action=none detail=sequence=126_target_error_mm=49199_native_fallback=false
[Info   :ComfyNetworkSense] [07/31/2026 07:05:18] MOTION_AUTHORITY state=target_rejected run_id=native-20260731-c8-full28 client=omen action=none detail=sequence=126_target_error_mm=49202_native_fallback=false
[Info   :ComfyNetworkSense] [07/31/2026 07:05:18] MOTION_AUTHORITY state=target_rejected run_id=native-20260731-c8-full28 client=omen action=none detail=sequence=126_target_error_mm=49205_native_fallback=false
[Info   :ComfyNetworkSense] [07/31/2026 07:05:18] MOTION_AUTHORITY state=target_rejected run_id=native-20260731-c8-full28 client=omen action=none detail=sequence=126_target_error_mm=49208_native_fallback=false
[Info   :ComfyNetworkSense] [07/31/2026 07:05:18] MOTION_AUTHORITY state=target_rejected run_id=native-20260731-c8-full28 client=omen action=none detail=sequence=126_target_error_mm=49211_native_fallback=false
[Info   :ComfyNetworkSense] [07/31/2026 07:05:18] MOTION_AUTHORITY state=target_rejected run_id=native-20260731-c8-full28 client=omen action=none detail=sequence=126_target_error_mm=49214_native_fallback=false
[Info   :ComfyNetworkSense] [07/31/2026 07:05:18] MOTION_AUTHORITY state=target_rejected run_id=native-20260731-c8-full28 client=omen action=none detail=sequence=126_target_error_mm=49217_native_fallback=false
[Info   :ComfyNetworkSense] [07/31/2026 07:05:18] MOTION_AUTHORITY state=target_rejected run_id=native-20260731-c8-full28 client=omen action=none detail=sequence=126_target_error_mm=49220_native_fallback=false
[Info   :ComfyNetworkSense] [07/31/2026 07:05:18] MOTION_AUTHORITY state=target_rejected run_id=native-20260731-c8-full28 client=omen action=none detail=sequence=127_target_error_mm=49213_native_fallback=false
[Info   :ComfyNetworkSense] [07/31/2026 07:05:18] MOTION_AUTHORITY state=target_rejected run_id=native-20260731-c8-full28 client=omen action=none detail=sequence=127_target_error_mm=49216_native_fallback=false
[Info   :ComfyNetworkSense] [07/31/2026 07:05:18] MOTION_AUTHORITY state=target_rejected run_id=native-20260731-c8-full28 client=omen action=none detail=sequence=128_target_error_mm=49229_native_fallback=false
[Info   :ComfyNetworkSense] [07/31/2026 07:05:18] MOTION_AUTHORITY state=target_rejected run_id=native-20260731-c8-full28 client=omen action=none detail=sequence=128_target_error_mm=49232_native_fallback=false
[Info   :ComfyNetworkSense] [07/31/2026 07:05:18] MOTION_AUTHORITY state=target_rejected run_id=native-20260731-c8-full28 client=omen action=none detail=sequence=128_target_error_mm=49235_native_fallback=false
[Info   :ComfyNetworkSense] [07/31/2026 07:05:18] MOTION_AUTHORITY state=target_rejected run_id=native-20260731-c8-full28 client=omen action=none detail=sequence=128_target_error_mm=49238_native_fallback=false
[Info   :ComfyNetworkSense] [07/31/2026 07:05:18] MOTION_AUTHORITY state=target_rejected run_id=native-20260731-c8-full28 client=omen action=none detail=sequence=128_target_error_mm=49241_native_fallback=false
[Info   :ComfyNetworkSense] [07/31/2026 07:05:18] MOTION_AUTHORITY state=target_rejected run_id=native-20260731-c8-full28 client=omen action=none detail=sequence=128_target_error_mm=49244_native_fallback=false
[Info   :ComfyNetworkSense] [07/31/2026 07:05:18] MOTION_AUTHORITY state=target_rejected run_id=native-20260731-c8-full28 client=omen action=none detail=sequence=128_target_error_mm=49247_native_fallback=false
[Info   :ComfyNetworkSense] [07/31/2026 07:05:18] MOTION_AUTHORITY state=target_rejected run_id=native-20260731-c8-full28 client=omen action=none detail=sequence=129_target_error_mm=49240_native_fallback=false
[Info   :ComfyNetworkSense] [07/31/2026 07:05:18] MOTION_AUTHORITY state=target_rejected run_id=native-20260731-c8-full28 client=omen action=none detail=sequence=129_target_error_mm=49243_native_fallback=false
[Info   :ComfyNetworkSense] [07/31/2026 07:05:18] MOTION_AUTHORITY state=target_rejected run_id=native-20260731-c8-full28 client=omen action=none detail=sequence=129_target_error_mm=49246_native_fallback=false
[Info   :ComfyNetworkSense] [07/31/2026 07:05:18] MOTION_AUTHORITY state=target_rejected run_id=native-20260731-c8-full28 client=omen action=none detail=sequence=129_target_error_mm=49249_native_fallback=false
[Info   :ComfyNetworkSense] [07/31/2026 07:05:18] MOTION_AUTHORITY state=target_rejected run_id=native-20260731-c8-full28 client=omen action=none detail=sequence=129_target_error_mm=49252_native_fallback=false
[Info   :ComfyNetworkSense] [07/31/2026 07:05:18] MOTION_AUTHORITY state=target_rejected run_id=native-20260731-c8-full28 client=omen action=none detail=sequence=129_target_error_mm=49255_native_fallback=false
[Info   :ComfyNetworkSense] [07/31/2026 07:05:18] MOTION_AUTHORITY state=target_rejected run_id=native-20260731-c8-full28 client=omen action=none detail=sequence=130_target_error_mm=49258_native_fallback=false
[Info   :ComfyNetworkSense] [07/31/2026 07:05:18] MOTION_AUTHORITY state=target_rejected run_id=native-20260731-c8-full28 client=omen action=none detail=sequence=130_target_error_mm=49261_native_fallback=false
[Info   :ComfyNetworkSense] [07/31/2026 07:05:18] MOTION_AUTHORITY state=target_rejected run_id=native-20260731-c8-full28 client=omen action=none detail=sequence=130_target_error_mm=49264_native_fallback=false
[Info   :ComfyNetworkSense] [07/31/2026 07:05:18] MOTION_AUTHORITY state=target_rejected run_id=native-20260731-c8-full28 client=omen action=none detail=sequence=130_target_error_mm=49267_native_fallback=false
[Info   :ComfyNetworkSense] [07/31/2026 07:05:18] MOTION_AUTHORITY state=target_rejected run_id=native-20260731-c8-full28 client=omen action=none detail=sequence=130_target_error_mm=49270_native_fallback=false
[Info   :ComfyNetworkSense] [07/31/2026 07:05:18] MOTION_AUTHORITY state=target_rejected run_id=native-20260731-c8-full28 client=omen action=none detail=sequence=130_target_error_mm=49273_native_fallback=false
[Info   :ComfyNetworkSense] [07/31/2026 07:05:18] MOTION_AUTHORITY state=target_rejected run_id=native-20260731-c8-full28 client=omen action=none detail=sequence=130_target_error_mm=49275_native_fallback=false
[Info   :ComfyNetworkSense] [07/31/2026 07:05:18] MOTION_AUTHORITY state=target_rejected run_id=native-20260731-c8-full28 client=omen action=none detail=sequence=130_target_error_mm=49278_native_fallback=false
[Info   :ComfyNetworkSense] [07/31/2026 07:05:18] MOTION_AUTHORITY state=target_rejected run_id=native-20260731-c8-full28 client=omen action=none detail=sequence=131_target_error_mm=49281_native_fallback=false
[Info   :ComfyNetworkSense] [07/31/2026 07:05:18] MOTION_AUTHORITY state=target_rejected run_id=native-20260731-c8-full28 client=omen action=none detail=sequence=131_target_error_mm=49284_native_fallback=false
[Info   :ComfyNetworkSense] [07/31/2026 07:05:18] MOTION_AUTHORITY state=target_rejected run_id=native-20260731-c8-full28 client=omen action=none detail=sequence=131_target_error_mm=49287_native_fallback=false
[Info   :ComfyNetworkSense] [07/31/2026 07:05:18] MOTION_AUTHORITY state=target_rejected run_id=native-20260731-c8-full28 client=omen action=none detail=sequence=131_target_error_mm=49290_native_fallback=false
[Info   :ComfyNetworkSense] [07/31/2026 07:05:18] MOTION_AUTHORITY state=target_rejected run_id=native-20260731-c8-full28 client=omen action=none detail=sequence=131_target_error_mm=49293_native_fallback=false
[Info   :ComfyNetworkSense] [07/31/2026 07:05:18] MOTION_AUTHORITY state=target_rejected run_id=native-20260731-c8-full28 client=omen action=none detail=sequence=131_target_error_mm=49296_native_fallback=false
[Info   :ComfyNetworkSense] [07/31/2026 07:05:18] MOTION_AUTHORITY state=target_rejected run_id=native-20260731-c8-full28 client=omen action=none detail=sequence=131_target_error_mm=49299_native_fallback=false
[Info   :ComfyNetworkSense] [07/31/2026 07:05:18] MOTION_AUTHORITY state=target_rejected run_id=native-20260731-c8-full28 client=omen action=none detail=sequence=131_target_error_mm=49302_native_fallback=false
[Info   :ComfyNetworkSense] [07/31/2026 07:05:18] MOTION_AUTHORITY state=target_rejected run_id=native-20260731-c8-full28 client=omen action=none detail=sequence=132_target_error_mm=49305_native_fallback=false
[Info   :ComfyNetworkSense] [07/31/2026 07:05:18] MOTION_AUTHORITY state=target_rejected run_id=native-20260731-c8-full28 client=omen action=none detail=sequence=132_target_error_mm=49308_native_fallback=false
[Info   :ComfyNetworkSense] [07/31/2026 07:05:18] MOTION_AUTHORITY state=target_rejected run_id=native-20260731-c8-full28 client=omen action=none detail=sequence=132_target_error_mm=49311_native_fallback=false
[Info   :ComfyNetworkSense] [07/31/2026 07:05:18] MOTION_AUTHORITY state=target_rejected run_id=native-20260731-c8-full28 client=omen action=none detail=sequence=132_target_error_mm=49314_native_fallback=false
[Info   :ComfyNetworkSense] [07/31/2026 07:05:18] MOTION_AUTHORITY state=target_rejected run_id=native-20260731-c8-full28 client=omen action=none detail=sequence=132_target_error_mm=49317_native_fallback=false
[Info   :ComfyNetworkSense] [07/31/2026 07:05:18] MOTION_AUTHORITY state=target_rejected run_id=native-20260731-c8-full28 client=omen action=none detail=sequence=132_target_error_mm=49320_native_fallback=false
[Info   :ComfyNetworkSense] [07/31/2026 07:05:18] MOTION_AUTHORITY state=target_rejected run_id=native-20260731-c8-full28 client=omen action=none detail=sequence=132_target_error_mm=49323_native_fallback=false
[Info   :ComfyNetworkSense] [07/31/2026 07:05:18] MOTION_AUTHORITY state=target_rejected run_id=native-20260731-c8-full28 client=omen action=none detail=sequence=133_target_error_mm=49335_native_fallback=false
[Info   :ComfyNetworkSense] [07/31/2026 07:05:18] MOTION_AUTHORITY state=target_rejected run_id=native-20260731-c8-full28 client=omen action=none detail=sequence=133_target_error_mm=49338_native_fallback=false
[Info   :ComfyNetworkSense] [07/31/2026 07:05:18] MOTION_AUTHORITY state=target_rejected run_id=native-20260731-c8-full28 client=omen action=none detail=sequence=133_target_error_mm=49341_native_fallback=false
[Info   :ComfyNetworkSense] [07/31/2026 07:05:18] MOTION_AUTHORITY state=target_rejected run_id=native-20260731-c8-full28 client=omen action=none detail=sequence=133_target_error_mm=49344_native_fallback=false
[Info   :ComfyNetworkSense] [07/31/2026 07:05:18] MOTION_AUTHORITY state=target_rejected run_id=native-20260731-c8-full28 client=omen action=none detail=sequence=133_target_error_mm=49347_native_fallback=false
[Info   :ComfyNetworkSense] [07/31/2026 07:05:18] MOTION_AUTHORITY state=target_rejected run_id=native-20260731-c8-full28 client=omen action=none detail=sequence=133_target_error_mm=49350_native_fallback=false
[Info   :ComfyNetworkSense] [07/31/2026 07:05:18] MOTION_AUTHORITY state=target_rejected run_id=native-20260731-c8-full28 client=omen action=none detail=sequence=133_target_error_mm=49353_native_fallback=false
[Info   :ComfyNetworkSense] [07/31/2026 07:05:18] MOTION_AUTHORITY state=target_rejected run_id=native-20260731-c8-full28 client=omen action=none detail=sequence=133_target_error_mm=49356_native_fallback=false
[Info   :ComfyNetworkSense] [07/31/2026 07:05:18] MOTION_AUTHORITY state=target_rejected run_id=native-20260731-c8-full28 client=omen action=none detail=sequence=134_target_error_mm=49359_native_fallback=false
[Info   :ComfyNetworkSense] [07/31/2026 07:05:18] MOTION_AUTHORITY state=target_rejected run_id=native-20260731-c8-full28 client=omen action=none detail=sequence=134_target_error_mm=49362_native_fallback=false
[Info   :ComfyNetworkSense] [07/31/2026 07:05:18] MOTION_AUTHORITY state=target_rejected run_id=native-20260731-c8-full28 client=omen action=none detail=sequence=134_target_error_mm=49365_native_fallback=false
[Info   :ComfyNetworkSense] [07/31/2026 07:05:18] MOTION_AUTHORITY state=target_rejected run_id=native-20260731-c8-full28 client=omen action=none detail=sequence=134_target_error_mm=49368_native_fallback=false
[Info   :ComfyNetworkSense] [07/31/2026 07:05:18] MOTION_AUTHORITY state=target_rejected run_id=native-20260731-c8-full28 client=omen action=none detail=sequence=134_target_error_mm=49371_native_fallback=false
[Info   :ComfyNetworkSense] [07/31/2026 07:05:18] MOTION_AUTHORITY state=target_rejected run_id=native-20260731-c8-full28 client=omen action=none detail=sequence=134_target_error_mm=49374_native_fallback=false
[Info   :ComfyNetworkSense] [07/31/2026 07:05:18] MOTION_AUTHORITY state=target_rejected run_id=native-20260731-c8-full28 client=omen action=none detail=sequence=134_target_error_mm=49377_native_fallback=false
[Info   :ComfyNetworkSense] [07/31/2026 07:05:18] MOTION_AUTHORITY state=target_rejected run_id=native-20260731-c8-full28 client=omen action=none detail=sequence=135_target_error_mm=49370_native_fallback=false
[Info   :ComfyNetworkSense] [07/31/2026 07:05:18] MOTION_AUTHORITY state=target_rejected run_id=native-20260731-c8-full28 client=omen action=none detail=sequence=135_target_error_mm=49373_native_fallback=false
[Info   :ComfyNetworkSense] [07/31/2026 07:05:18] MOTION_AUTHORITY state=target_rejected run_id=native-20260731-c8-full28 client=omen action=none detail=sequence=135_target_error_mm=49376_native_fallback=false
[Info   :ComfyNetworkSense] [07/31/2026 07:05:18] MOTION_AUTHORITY state=target_rejected run_id=native-20260731-c8-full28 client=omen action=none detail=sequence=135_target_error_mm=49379_native_fallback=false
[Info   :ComfyNetworkSense] [07/31/2026 07:05:18] MOTION_AUTHORITY state=target_rejected run_id=native-20260731-c8-full28 client=omen action=none detail=sequence=135_target_error_mm=49382_native_fallback=false
[Info   :ComfyNetworkSense] [07/31/2026 07:05:18] MOTION_AUTHORITY state=target_rejected run_id=native-20260731-c8-full28 client=omen action=none detail=sequence=135_target_error_mm=49384_native_fallback=false
[Info   :ComfyNetworkSense] [07/31/2026 07:05:18] MOTION_AUTHORITY state=target_rejected run_id=native-20260731-c8-full28 client=omen action=none detail=sequence=135_target_error_mm=49387_native_fallback=false
[Info   :ComfyNetworkSense] [07/31/2026 07:05:18] MOTION_AUTHORITY state=target_rejected run_id=native-20260731-c8-full28 client=omen action=none detail=sequence=136_target_error_mm=49390_native_fallback=false
[Info   :ComfyNetworkSense] [07/31/2026 07:05:18] MOTION_AUTHORITY state=target_rejected run_id=native-20260731-c8-full28 client=omen action=none detail=sequence=136_target_error_mm=49393_native_fallback=false
[Info   :ComfyNetworkSense] [07/31/2026 07:05:18] MOTION_AUTHORITY state=target_rejected run_id=native-20260731-c8-full28 client=omen action=none detail=sequence=136_target_error_mm=49396_native_fallback=false
[Info   :ComfyNetworkSense] [07/31/2026 07:05:18] MOTION_AUTHORITY state=target_rejected run_id=native-20260731-c8-full28 client=omen action=none detail=sequence=136_target_error_mm=49399_native_fallback=false
[Info   :ComfyNetworkSense] [07/31/2026 07:05:18] MOTION_AUTHORITY state=target_rejected run_id=native-20260731-c8-full28 client=omen action=none detail=sequence=136_target_error_mm=49402_native_fallback=false
[Info   :ComfyNetworkSense] [07/31/2026 07:05:18] MOTION_AUTHORITY state=target_rejected run_id=native-20260731-c8-full28 client=omen action=none detail=sequence=136_target_error_mm=49405_native_fallback=false
[Info   :ComfyNetworkSense] [07/31/2026 07:05:18] MOTION_AUTHORITY state=target_rejected run_id=native-20260731-c8-full28 client=omen action=none detail=sequence=136_target_error_mm=49408_native_fallback=false
[Info   :ComfyNetworkSense] [07/31/2026 07:05:18] MOTION_AUTHORITY state=target_rejected run_id=native-20260731-c8-full28 client=omen action=none detail=sequence=136_target_error_mm=49411_native_fallback=false
[Info   :ComfyNetworkSense] [07/31/2026 07:05:18] MOTION_AUTHORITY state=target_rejected run_id=native-20260731-c8-full28 client=omen action=none detail=sequence=137_target_error_mm=49424_native_fallback=false
[Info   :ComfyNetworkSense] [07/31/2026 07:05:18] MOTION_AUTHORITY state=target_rejected run_id=native-20260731-c8-full28 client=omen action=none detail=sequence=137_target_error_mm=49427_native_fallback=false
[Info   :ComfyNetworkSense] [07/31/2026 07:05:18] MOTION_AUTHORITY state=target_rejected run_id=native-20260731-c8-full28 client=omen action=none detail=sequence=137_target_error_mm=49430_native_fallback=false
[Info   :ComfyNetworkSense] [07/31/2026 07:05:18] MOTION_AUTHORITY state=target_rejected run_id=native-20260731-c8-full28 client=omen action=none detail=sequence=137_target_error_mm=49433_native_fallback=false
[Info   :ComfyNetworkSense] [07/31/2026 07:05:18] MOTION_AUTHORITY state=target_rejected run_id=native-20260731-c8-full28 client=omen action=none detail=sequence=137_target_error_mm=49435_native_fallback=false
[Info   :ComfyNetworkSense] [07/31/2026 07:05:18] MOTION_AUTHORITY state=target_rejected run_id=native-20260731-c8-full28 client=omen action=none detail=sequence=137_target_error_mm=49438_native_fallback=false
[Info   :ComfyNetworkSense] [07/31/2026 07:05:18] MOTION_AUTHORITY state=target_rejected run_id=native-20260731-c8-full28 client=omen action=none detail=sequence=137_target_error_mm=49441_native_fallback=false
[Info   :ComfyNetworkSense] [07/31/2026 07:05:18] MOTION_AUTHORITY state=target_rejected run_id=native-20260731-c8-full28 client=omen action=none detail=sequence=138_target_error_mm=49435_native_fallback=false
[Info   :ComfyNetworkSense] [07/31/2026 07:05:18] MOTION_AUTHORITY state=target_rejected run_id=native-20260731-c8-full28 client=omen action=none detail=sequence=138_target_error_mm=49437_native_fallback=false
[Info   :ComfyNetworkSense] [07/31/2026 07:05:18] MOTION_AUTHORITY state=target_rejected run_id=native-20260731-c8-full28 client=omen action=none detail=sequence=138_target_error_mm=49440_native_fallback=false
[Info   :ComfyNetworkSense] [07/31/2026 07:05:18] MOTION_AUTHORITY state=target_rejected run_id=native-20260731-c8-full28 client=omen action=none detail=sequence=138_target_error_mm=49443_native_fallback=false
[Info   :ComfyNetworkSense] [07/31/2026 07:05:18] MOTION_AUTHORITY state=target_rejected run_id=native-20260731-c8-full28 client=omen action=none detail=sequence=138_target_error_mm=49446_native_fallback=false
[Info   :ComfyNetworkSense] [07/31/2026 07:05:18] MOTION_AUTHORITY state=target_rejected run_id=native-20260731-c8-full28 client=omen action=none detail=sequence=138_target_error_mm=49449_native_fallback=false
[Info   :ComfyNetworkSense] [07/31/2026 07:05:18] MOTION_AUTHORITY state=target_rejected run_id=native-20260731-c8-full28 client=omen action=none detail=sequence=138_target_error_mm=49452_native_fallback=false
[Info   :ComfyNetworkSense] [07/31/2026 07:05:18] MOTION_AUTHORITY state=target_rejected run_id=native-20260731-c8-full28 client=omen action=none detail=sequence=138_target_error_mm=49455_native_fallback=false
[Info   :ComfyNetworkSense] [07/31/2026 07:05:18] MOTION_AUTHORITY state=target_rejected run_id=native-20260731-c8-full28 client=omen action=none detail=sequence=138_target_error_mm=49458_native_fallback=false
[Info   :ComfyNetworkSense] [07/31/2026 07:05:18] MOTION_AUTHORITY state=target_rejected run_id=native-20260731-c8-full28 client=omen action=none detail=sequence=138_target_error_mm=49461_native_fallback=false
[Info   :ComfyNetworkSense] [07/31/2026 07:05:18] MOTION_AUTHORITY state=target_rejected run_id=native-20260731-c8-full28 client=omen action=none detail=sequence=138_target_error_mm=49464_native_fallback=false
[Info   :ComfyNetworkSense] [07/31/2026 07:05:18] MOTION_AUTHORITY state=target_rejected run_id=native-20260731-c8-full28 client=omen action=none detail=sequence=138_target_error_mm=49467_native_fallback=false
[Info   :ComfyNetworkSense] [07/31/2026 07:05:18] MOTION_AUTHORITY state=target_rejected run_id=native-20260731-c8-full28 client=omen action=none detail=sequence=139_target_error_mm=49470_native_fallback=false
[Info   :ComfyNetworkSense] [07/31/2026 07:05:18] MOTION_AUTHORITY state=target_rejected run_id=native-20260731-c8-full28 client=omen action=none detail=sequence=139_target_error_mm=49473_native_fallback=false
[Info   :ComfyNetworkSense] [07/31/2026 07:05:18] MOTION_AUTHORITY state=target_rejected run_id=native-20260731-c8-full28 client=omen action=none detail=sequence=139_target_error_mm=49476_native_fallback=false
[Info   :ComfyNetworkSense] [07/31/2026 07:05:18] MOTION_AUTHORITY state=target_rejected run_id=native-20260731-c8-full28 client=omen action=none detail=sequence=139_target_error_mm=49479_native_fallback=false
[Info   :ComfyNetworkSense] [07/31/2026 07:05:18] MOTION_AUTHORITY state=target_rejected run_id=native-20260731-c8-full28 client=omen action=none detail=sequence=140_target_error_mm=49492_native_fallback=false
[Info   :ComfyNetworkSense] [07/31/2026 07:05:18] MOTION_AUTHORITY state=target_rejected run_id=native-20260731-c8-full28 client=omen action=none detail=sequence=140_target_error_mm=49494_native_fallback=false
[Info   :ComfyNetworkSense] [07/31/2026 07:05:18] MOTION_AUTHORITY state=target_rejected run_id=native-20260731-c8-full28 client=omen action=none detail=sequence=140_target_error_mm=49497_native_fallback=false
[Info   :ComfyNetworkSense] [07/31/2026 07:05:18] MOTION_AUTHORITY state=target_rejected run_id=native-20260731-c8-full28 client=omen action=none detail=sequence=140_target_error_mm=49500_native_fallback=false
[Info   :ComfyNetworkSense] [07/31/2026 07:05:18] MOTION_AUTHORITY state=target_rejected run_id=native-20260731-c8-full28 client=omen action=none detail=sequence=140_target_error_mm=49503_native_fallback=false
[Info   :ComfyNetworkSense] [07/31/2026 07:05:18] MOTION_AUTHORITY state=target_rejected run_id=native-20260731-c8-full28 client=omen action=none detail=sequence=140_target_error_mm=49506_native_fallback=false
[Info   :ComfyNetworkSense] [07/31/2026 07:05:18] MOTION_AUTHORITY state=target_rejected run_id=native-20260731-c8-full28 client=omen action=none detail=sequence=140_target_error_mm=49509_native_fallback=false
[Info   :ComfyNetworkSense] [07/31/2026 07:05:18] MOTION_AUTHORITY state=target_rejected run_id=native-20260731-c8-full28 client=omen action=none detail=sequence=141_target_error_mm=49502_native_fallback=false
[Info   :ComfyNetworkSense] [07/31/2026 07:05:19] MOTION_AUTHORITY state=target_rejected run_id=native-20260731-c8-full28 client=omen action=none detail=sequence=141_target_error_mm=49505_native_fallback=false
[Info   :ComfyNetworkSense] [07/31/2026 07:05:19] MOTION_AUTHORITY state=target_rejected run_id=native-20260731-c8-full28 client=omen action=none detail=sequence=141_target_error_mm=49509_native_fallback=false
[Info   :ComfyNetworkSense] [07/31/2026 07:05:19] MOTION_AUTHORITY state=target_rejected run_id=native-20260731-c8-full28 client=omen action=none detail=sequence=141_target_error_mm=49512_native_fallback=false
[Info   :ComfyNetworkSense] [07/31/2026 07:05:19] MOTION_AUTHORITY state=target_rejected run_id=native-20260731-c8-full28 client=omen action=none detail=sequence=141_target_error_mm=49515_native_fallback=false
[Info   :ComfyNetworkSense] [07/31/2026 07:05:19] MOTION_AUTHORITY state=target_rejected run_id=native-20260731-c8-full28 client=omen action=none detail=sequence=142_target_error_mm=49518_native_fallback=false
[Info   :ComfyNetworkSense] [07/31/2026 07:05:19] MOTION_AUTHORITY state=target_rejected run_id=native-20260731-c8-full28 client=omen action=none detail=sequence=142_target_error_mm=49521_native_fallback=false
[Info   :ComfyNetworkSense] [07/31/2026 07:05:19] MOTION_AUTHORITY state=target_rejected run_id=native-20260731-c8-full28 client=omen action=none detail=sequence=142_target_error_mm=49524_native_fallback=false
[Info   :ComfyNetworkSense] [07/31/2026 07:05:19] MOTION_AUTHORITY state=target_rejected run_id=native-20260731-c8-full28 client=omen action=none detail=sequence=142_target_error_mm=49527_native_fallback=false
[Info   :ComfyNetworkSense] [07/31/2026 07:05:19] MOTION_AUTHORITY state=target_rejected run_id=native-20260731-c8-full28 client=omen action=none detail=sequence=142_target_error_mm=49529_native_fallback=false
[Info   :ComfyNetworkSense] [07/31/2026 07:05:19] MOTION_AUTHORITY state=target_rejected run_id=native-20260731-c8-full28 client=omen action=none detail=sequence=142_target_error_mm=49532_native_fallback=false
[Info   :ComfyNetworkSense] [07/31/2026 07:05:19] MOTION_AUTHORITY state=target_rejected run_id=native-20260731-c8-full28 client=omen action=none detail=sequence=143_target_error_mm=49545_native_fallback=false
[Info   :ComfyNetworkSense] [07/31/2026 07:05:19] MOTION_AUTHORITY state=target_rejected run_id=native-20260731-c8-full28 client=omen action=none detail=sequence=143_target_error_mm=49548_native_fallback=false
[Info   :ComfyNetworkSense] [07/31/2026 07:05:19] MOTION_AUTHORITY state=target_rejected run_id=native-20260731-c8-full28 client=omen action=none detail=sequence=143_target_error_mm=49551_native_fallback=false
[Info   :ComfyNetworkSense] [07/31/2026 07:05:19] MOTION_AUTHORITY state=target_rejected run_id=native-20260731-c8-full28 client=omen action=none detail=sequence=143_target_error_mm=49554_native_fallback=false
[Info   :ComfyNetworkSense] [07/31/2026 07:05:19] MOTION_AUTHORITY state=target_rejected run_id=native-20260731-c8-full28 client=omen action=none detail=sequence=143_target_error_mm=49557_native_fallback=false
[Info   :ComfyNetworkSense] [07/31/2026 07:05:19] MOTION_AUTHORITY state=target_rejected run_id=native-20260731-c8-full28 client=omen action=none detail=sequence=143_target_error_mm=49560_native_fallback=false
[Info   :ComfyNetworkSense] [07/31/2026 07:05:19] MOTION_AUTHORITY state=target_rejected run_id=native-20260731-c8-full28 client=omen action=none detail=sequence=143_target_error_mm=49563_native_fallback=false
[Info   :ComfyNetworkSense] [07/31/2026 07:05:19] MOTION_AUTHORITY state=target_rejected run_id=native-20260731-c8-full28 client=omen action=none detail=sequence=143_target_error_mm=49566_native_fallback=false
[Info   :ComfyNetworkSense] [07/31/2026 07:05:19] MOTION_AUTHORITY state=target_rejected run_id=native-20260731-c8-full28 client=omen action=none detail=sequence=144_target_error_mm=49569_native_fallback=false
[Info   :ComfyNetworkSense] [07/31/2026 07:05:19] MOTION_AUTHORITY state=target_rejected run_id=native-20260731-c8-full28 client=omen action=none detail=sequence=144_target_error_mm=49572_native_fallback=false
[Info   :ComfyNetworkSense] [07/31/2026 07:05:19] MOTION_AUTHORITY state=target_rejected run_id=native-20260731-c8-full28 client=omen action=none detail=sequence=144_target_error_mm=49575_native_fallback=false
[Info   :ComfyNetworkSense] [07/31/2026 07:05:19] MOTION_AUTHORITY state=target_rejected run_id=native-20260731-c8-full28 client=omen action=none detail=sequence=144_target_error_mm=49578_native_fallback=false
[Info   :ComfyNetworkSense] [07/31/2026 07:05:19] MOTION_AUTHORITY state=target_rejected run_id=native-20260731-c8-full28 client=omen action=none detail=sequence=144_target_error_mm=49581_native_fallback=false
[Info   :ComfyNetworkSense] [07/31/2026 07:05:19] MOTION_AUTHORITY state=target_rejected run_id=native-20260731-c8-full28 client=omen action=none detail=sequence=144_target_error_mm=49583_native_fallback=false
[Info   :ComfyNetworkSense] [07/31/2026 07:05:19] MOTION_AUTHORITY state=target_rejected run_id=native-20260731-c8-full28 client=omen action=none detail=sequence=144_target_error_mm=49586_native_fallback=false
[Info   :ComfyNetworkSense] [07/31/2026 07:05:19] MOTION_AUTHORITY state=target_rejected run_id=native-20260731-c8-full28 client=omen action=none detail=sequence=145_target_error_mm=49580_native_fallback=false
[Info   :ComfyNetworkSense] [07/31/2026 07:05:19] MOTION_AUTHORITY state=target_rejected run_id=native-20260731-c8-full28 client=omen action=none detail=sequence=145_target_error_mm=49583_native_fallback=false
[Info   :ComfyNetworkSense] [07/31/2026 07:05:19] MOTION_AUTHORITY state=target_rejected run_id=native-20260731-c8-full28 client=omen action=none detail=sequence=145_target_error_mm=49586_native_fallback=false
[Info   :ComfyNetworkSense] [07/31/2026 07:05:19] MOTION_AUTHORITY state=target_rejected run_id=native-20260731-c8-full28 client=omen action=none detail=sequence=145_target_error_mm=49588_native_fallback=false
[Info   :ComfyNetworkSense] [07/31/2026 07:05:19] MOTION_AUTHORITY state=target_rejected run_id=native-20260731-c8-full28 client=omen action=none detail=sequence=145_target_error_mm=49591_native_fallback=false
[Info   :ComfyNetworkSense] [07/31/2026 07:05:19] MOTION_AUTHORITY state=target_rejected run_id=native-20260731-c8-full28 client=omen action=none detail=sequence=145_target_error_mm=49594_native_fallback=false
[Info   :ComfyNetworkSense] [07/31/2026 07:05:19] MOTION_AUTHORITY state=target_rejected run_id=native-20260731-c8-full28 client=omen action=none detail=sequence=145_target_error_mm=49597_native_fallback=false
[Info   :ComfyNetworkSense] [07/31/2026 07:05:19] MOTION_AUTHORITY state=target_rejected run_id=native-20260731-c8-full28 client=omen action=none detail=sequence=146_target_error_mm=49610_native_fallback=false
[Info   :ComfyNetworkSense] [07/31/2026 07:05:19] MOTION_AUTHORITY state=target_rejected run_id=native-20260731-c8-full28 client=omen action=none detail=sequence=146_target_error_mm=49613_native_fallback=false
[Info   :ComfyNetworkSense] [07/31/2026 07:05:19] MOTION_AUTHORITY state=target_rejected run_id=native-20260731-c8-full28 client=omen action=none detail=sequence=146_target_error_mm=49616_native_fallback=false
[Info   :ComfyNetworkSense] [07/31/2026 07:05:19] MOTION_AUTHORITY state=target_rejected run_id=native-20260731-c8-full28 client=omen action=none detail=sequence=146_target_error_mm=49619_native_fallback=false
[Info   :ComfyNetworkSense] [07/31/2026 07:05:19] MOTION_AUTHORITY state=target_rejected run_id=native-20260731-c8-full28 client=omen action=none detail=sequence=146_target_error_mm=49622_native_fallback=false
[Info   :ComfyNetworkSense] [07/31/2026 07:05:19] MOTION_AUTHORITY state=target_rejected run_id=native-20260731-c8-full28 client=omen action=none detail=sequence=146_target_error_mm=49625_native_fallback=false
[Info   :ComfyNetworkSense] [07/31/2026 07:05:19] MOTION_AUTHORITY state=target_rejected run_id=native-20260731-c8-full28 client=omen action=none detail=sequence=146_target_error_mm=49628_native_fallback=false
[Info   :ComfyNetworkSense] [07/31/2026 07:05:19] MOTION_AUTHORITY state=target_rejected run_id=native-20260731-c8-full28 client=omen action=none detail=sequence=146_target_error_mm=49631_native_fallback=false
[Info   :ComfyNetworkSense] [07/31/2026 07:05:19] MOTION_AUTHORITY state=target_rejected run_id=native-20260731-c8-full28 client=omen action=none detail=sequence=147_target_error_mm=49634_native_fallback=false
[Info   :ComfyNetworkSense] [07/31/2026 07:05:19] MOTION_AUTHORITY state=target_rejected run_id=native-20260731-c8-full28 client=omen action=none detail=sequence=147_target_error_mm=49637_native_fallback=false
[Info   :ComfyNetworkSense] [07/31/2026 07:05:19] MOTION_AUTHORITY state=target_rejected run_id=native-20260731-c8-full28 client=omen action=none detail=sequence=147_target_error_mm=49640_native_fallback=false
[Info   :ComfyNetworkSense] [07/31/2026 07:05:19] MOTION_AUTHORITY state=target_rejected run_id=native-20260731-c8-full28 client=omen action=none detail=sequence=147_target_error_mm=49642_native_fallback=false
[Info   :ComfyNetworkSense] [07/31/2026 07:05:19] MOTION_AUTHORITY state=target_rejected run_id=native-20260731-c8-full28 client=omen action=none detail=sequence=147_target_error_mm=49645_native_fallback=false
[Info   :ComfyNetworkSense] [07/31/2026 07:05:19] MOTION_AUTHORITY state=target_rejected run_id=native-20260731-c8-full28 client=omen action=none detail=sequence=147_target_error_mm=49648_native_fallback=false
[Info   :ComfyNetworkSense] [07/31/2026 07:05:19] MOTION_AUTHORITY state=target_rejected run_id=native-20260731-c8-full28 client=omen action=none detail=sequence=147_target_error_mm=49651_native_fallback=false
[Info   :ComfyNetworkSense] [07/31/2026 07:05:19] MOTION_AUTHORITY state=target_rejected run_id=native-20260731-c8-full28 client=omen action=none detail=sequence=148_target_error_mm=49644_native_fallback=false
[Info   :ComfyNetworkSense] [07/31/2026 07:05:19] MOTION_AUTHORITY state=target_rejected run_id=native-20260731-c8-full28 client=omen action=none detail=sequence=148_target_error_mm=49647_native_fallback=false
[Info   :ComfyNetworkSense] [07/31/2026 07:05:19] MOTION_AUTHORITY state=target_rejected run_id=native-20260731-c8-full28 client=omen action=none detail=sequence=148_target_error_mm=49650_native_fallback=false
[Info   :ComfyNetworkSense] [07/31/2026 07:05:19] MOTION_AUTHORITY state=target_rejected run_id=native-20260731-c8-full28 client=omen action=none detail=sequence=148_target_error_mm=49653_native_fallback=false
[Info   :ComfyNetworkSense] [07/31/2026 07:05:19] MOTION_AUTHORITY state=target_rejected run_id=native-20260731-c8-full28 client=omen action=none detail=sequence=148_target_error_mm=49656_native_fallback=false
[Info   :ComfyNetworkSense] [07/31/2026 07:05:19] MOTION_AUTHORITY state=target_rejected run_id=native-20260731-c8-full28 client=omen action=none detail=sequence=148_target_error_mm=49659_native_fallback=false
[Info   :ComfyNetworkSense] [07/31/2026 07:05:19] MOTION_AUTHORITY state=target_rejected run_id=native-20260731-c8-full28 client=omen action=none detail=sequence=148_target_error_mm=49662_native_fallback=false
[Info   :ComfyNetworkSense] [07/31/2026 07:05:19] MOTION_AUTHORITY state=target_rejected run_id=native-20260731-c8-full28 client=omen action=none detail=sequence=148_target_error_mm=49665_native_fallback=false
[Info   :ComfyNetworkSense] [07/31/2026 07:05:19] MOTION_AUTHORITY state=target_rejected run_id=native-20260731-c8-full28 client=omen action=none detail=sequence=149_target_error_mm=49668_native_fallback=false
[Info   :ComfyNetworkSense] [07/31/2026 07:05:19] MOTION_AUTHORITY state=target_rejected run_id=native-20260731-c8-full28 client=omen action=none detail=sequence=149_target_error_mm=49671_native_fallback=false
[Info   :ComfyNetworkSense] [07/31/2026 07:05:19] MOTION_AUTHORITY state=target_rejected run_id=native-20260731-c8-full28 client=omen action=none detail=sequence=149_target_error_mm=49674_native_fallback=false
[Info   :ComfyNetworkSense] [07/31/2026 07:05:19] MOTION_AUTHORITY state=target_rejected run_id=native-20260731-c8-full28 client=omen action=none detail=sequence=149_target_error_mm=49677_native_fallback=false
[Info   :ComfyNetworkSense] [07/31/2026 07:05:19] MOTION_AUTHORITY state=target_rejected run_id=native-20260731-c8-full28 client=omen action=none detail=sequence=149_target_error_mm=49680_native_fallback=false
[Info   :ComfyNetworkSense] [07/31/2026 07:05:19] MOTION_AUTHORITY state=target_rejected run_id=native-20260731-c8-full28 client=omen action=none detail=sequence=149_target_error_mm=49683_native_fallback=false
[Info   :ComfyNetworkSense] [07/31/2026 07:05:19] MOTION_AUTHORITY state=target_rejected run_id=native-20260731-c8-full28 client=omen action=none detail=sequence=150_target_error_mm=49695_native_fallback=false
[Info   :ComfyNetworkSense] [07/31/2026 07:05:19] MOTION_AUTHORITY state=target_rejected run_id=native-20260731-c8-full28 client=omen action=none detail=sequence=150_target_error_mm=49698_native_fallback=false
[Info   :ComfyNetworkSense] [07/31/2026 07:05:19] MOTION_AUTHORITY state=target_rejected run_id=native-20260731-c8-full28 client=omen action=none detail=sequence=150_target_error_mm=49701_native_fallback=false
[Info   :ComfyNetworkSense] [07/31/2026 07:05:19] MOTION_AUTHORITY state=target_rejected run_id=native-20260731-c8-full28 client=omen action=none detail=sequence=150_target_error_mm=49704_native_fallback=false
[Info   :ComfyNetworkSense] [07/31/2026 07:05:19] MOTION_AUTHORITY state=target_rejected run_id=native-20260731-c8-full28 client=omen action=none detail=sequence=150_target_error_mm=49707_native_fallback=false
[Info   :ComfyNetworkSense] [07/31/2026 07:05:19] MOTION_AUTHORITY state=target_rejected run_id=native-20260731-c8-full28 client=omen action=none detail=sequence=150_target_error_mm=49710_native_fallback=false
[Info   :ComfyNetworkSense] [07/31/2026 07:05:19] MOTION_AUTHORITY state=target_rejected run_id=native-20260731-c8-full28 client=omen action=none detail=sequence=150_target_error_mm=49713_native_fallback=false
[Info   :ComfyNetworkSense] [07/31/2026 07:05:19] MOTION_AUTHORITY state=target_rejected run_id=native-20260731-c8-full28 client=omen action=none detail=sequence=151_target_error_mm=49706_native_fallback=false
[Info   :ComfyNetworkSense] [07/31/2026 07:05:19] MOTION_AUTHORITY state=target_rejected run_id=native-20260731-c8-full28 client=omen action=none detail=sequence=151_target_error_mm=49709_native_fallback=false
[Info   :ComfyNetworkSense] [07/31/2026 07:05:19] MOTION_AUTHORITY state=target_rejected run_id=native-20260731-c8-full28 client=omen action=none detail=sequence=151_target_error_mm=49712_native_fallback=false
[Info   :ComfyNetworkSense] [07/31/2026 07:05:19] MOTION_AUTHORITY state=target_rejected run_id=native-20260731-c8-full28 client=omen action=none detail=sequence=151_target_error_mm=49715_native_fallback=false
[Info   :ComfyNetworkSense] [07/31/2026 07:05:19] MOTION_AUTHORITY state=target_rejected run_id=native-20260731-c8-full28 client=omen action=none detail=sequence=151_target_error_mm=49718_native_fallback=false
[Info   :ComfyNetworkSense] [07/31/2026 07:05:19] MOTION_AUTHORITY state=target_rejected run_id=native-20260731-c8-full28 client=omen action=none detail=sequence=151_target_error_mm=49721_native_fallback=false
[Info   :ComfyNetworkSense] [07/31/2026 07:05:19] MOTION_AUTHORITY state=target_rejected run_id=native-20260731-c8-full28 client=omen action=none detail=sequence=151_target_error_mm=49724_native_fallback=false
[Info   :ComfyNetworkSense] [07/31/2026 07:05:19] MOTION_AUTHORITY state=target_rejected run_id=native-20260731-c8-full28 client=omen action=none detail=sequence=152_target_error_mm=49737_native_fallback=false
[Info   :ComfyNetworkSense] [07/31/2026 07:05:19] MOTION_AUTHORITY state=target_rejected run_id=native-20260731-c8-full28 client=omen action=none detail=sequence=152_target_error_mm=49740_native_fallback=false
[Info   :ComfyNetworkSense] [07/31/2026 07:05:19] MOTION_AUTHORITY state=target_rejected run_id=native-20260731-c8-full28 client=omen action=none detail=sequence=152_target_error_mm=49743_native_fallback=false
[Info   :ComfyNetworkSense] [07/31/2026 07:05:19] MOTION_AUTHORITY state=target_rejected run_id=native-20260731-c8-full28 client=omen action=none detail=sequence=152_target_error_mm=49746_native_fallback=false
[Info   :ComfyNetworkSense] [07/31/2026 07:05:19] MOTION_AUTHORITY state=target_rejected run_id=native-20260731-c8-full28 client=omen action=none detail=sequence=152_target_error_mm=49749_native_fallback=false
[Info   :ComfyNetworkSense] [07/31/2026 07:05:19] MOTION_AUTHORITY state=target_rejected run_id=native-20260731-c8-full28 client=omen action=none detail=sequence=152_target_error_mm=49752_native_fallback=false
[Info   :ComfyNetworkSense] [07/31/2026 07:05:19] MOTION_AUTHORITY state=target_rejected run_id=native-20260731-c8-full28 client=omen action=none detail=sequence=152_target_error_mm=49755_native_fallback=false
[Info   :ComfyNetworkSense] [07/31/2026 07:05:19] MOTION_AUTHORITY state=target_rejected run_id=native-20260731-c8-full28 client=omen action=none detail=sequence=152_target_error_mm=49758_native_fallback=false
[Info   :ComfyNetworkSense] [07/31/2026 07:05:19] MOTION_AUTHORITY state=target_rejected run_id=native-20260731-c8-full28 client=omen action=none detail=sequence=153_target_error_mm=49760_native_fallback=false
[Info   :ComfyNetworkSense] [07/31/2026 07:05:19] MOTION_AUTHORITY state=target_rejected run_id=native-20260731-c8-full28 client=omen action=none detail=sequence=153_target_error_mm=49763_native_fallback=false
[Info   :ComfyNetworkSense] [07/31/2026 07:05:19] MOTION_AUTHORITY state=target_rejected run_id=native-20260731-c8-full28 client=omen action=none detail=sequence=153_target_error_mm=49766_native_fallback=false
[Info   :ComfyNetworkSense] [07/31/2026 07:05:19] MOTION_AUTHORITY state=target_rejected run_id=native-20260731-c8-full28 client=omen action=none detail=sequence=153_target_error_mm=49769_native_fallback=false
[Info   :ComfyNetworkSense] [07/31/2026 07:05:19] MOTION_AUTHORITY state=target_rejected run_id=native-20260731-c8-full28 client=omen action=none detail=sequence=153_target_error_mm=49772_native_fallback=false
[Info   :ComfyNetworkSense] [07/31/2026 07:05:19] MOTION_AUTHORITY state=target_rejected run_id=native-20260731-c8-full28 client=omen action=none detail=sequence=153_target_error_mm=49775_native_fallback=false
[Info   :ComfyNetworkSense] [07/31/2026 07:05:19] MOTION_AUTHORITY state=target_rejected run_id=native-20260731-c8-full28 client=omen action=none detail=sequence=153_target_error_mm=49778_native_fallback=false
[Info   :ComfyNetworkSense] [07/31/2026 07:05:19] MOTION_AUTHORITY state=target_rejected run_id=native-20260731-c8-full28 client=omen action=none detail=sequence=154_target_error_mm=49771_native_fallback=false
[Info   :ComfyNetworkSense] [07/31/2026 07:05:19] MOTION_AUTHORITY state=target_rejected run_id=native-20260731-c8-full28 client=omen action=none detail=sequence=154_target_error_mm=49774_native_fallback=false
[Info   :ComfyNetworkSense] [07/31/2026 07:05:19] MOTION_AUTHORITY state=target_rejected run_id=native-20260731-c8-full28 client=omen action=none detail=sequence=154_target_error_mm=49777_native_fallback=false
[Info   :ComfyNetworkSense] [07/31/2026 07:05:19] MOTION_AUTHORITY state=target_rejected run_id=native-20260731-c8-full28 client=omen action=none detail=sequence=154_target_error_mm=49780_native_fallback=false
[Info   :ComfyNetworkSense] [07/31/2026 07:05:19] MOTION_AUTHORITY state=target_rejected run_id=native-20260731-c8-full28 client=omen action=none detail=sequence=154_target_error_mm=49783_native_fallback=false
[Info   :ComfyNetworkSense] [07/31/2026 07:05:19] MOTION_AUTHORITY state=target_rejected run_id=native-20260731-c8-full28 client=omen action=none detail=sequence=154_target_error_mm=49786_native_fallback=false
[Info   :ComfyNetworkSense] [07/31/2026 07:05:19] MOTION_AUTHORITY state=target_rejected run_id=native-20260731-c8-full28 client=omen action=none detail=sequence=155_target_error_mm=49789_native_fallback=false
[Info   :ComfyNetworkSense] [07/31/2026 07:05:19] MOTION_AUTHORITY state=target_rejected run_id=native-20260731-c8-full28 client=omen action=none detail=sequence=155_target_error_mm=49792_native_fallback=false
[Info   :ComfyNetworkSense] [07/31/2026 07:05:19] MOTION_AUTHORITY state=target_rejected run_id=native-20260731-c8-full28 client=omen action=none detail=sequence=155_target_error_mm=49795_native_fallback=false
[Info   :ComfyNetworkSense] [07/31/2026 07:05:19] MOTION_AUTHORITY state=target_rejected run_id=native-20260731-c8-full28 client=omen action=none detail=sequence=155_target_error_mm=49798_native_fallback=false
[Info   :ComfyNetworkSense] [07/31/2026 07:05:19] MOTION_AUTHORITY state=target_rejected run_id=native-20260731-c8-full28 client=omen action=none detail=sequence=155_target_error_mm=49801_native_fallback=false
[Info   :ComfyNetworkSense] [07/31/2026 07:05:19] MOTION_AUTHORITY state=target_rejected run_id=native-20260731-c8-full28 client=omen action=none detail=sequence=155_target_error_mm=49804_native_fallback=false
[Info   :ComfyNetworkSense] [07/31/2026 07:05:19] MOTION_AUTHORITY state=target_rejected run_id=native-20260731-c8-full28 client=omen action=none detail=sequence=155_target_error_mm=49807_native_fallback=false
[Info   :ComfyNetworkSense] [07/31/2026 07:05:19] MOTION_AUTHORITY state=target_rejected run_id=native-20260731-c8-full28 client=omen action=none detail=sequence=155_target_error_mm=49810_native_fallback=false
[Info   :ComfyNetworkSense] [07/31/2026 07:05:19] MOTION_AUTHORITY state=target_rejected run_id=native-20260731-c8-full28 client=omen action=none detail=sequence=156_target_error_mm=49822_native_fallback=false
[Info   :ComfyNetworkSense] [07/31/2026 07:05:19] MOTION_AUTHORITY state=target_rejected run_id=native-20260731-c8-full28 client=omen action=none detail=sequence=156_target_error_mm=49825_native_fallback=false
[Info   :ComfyNetworkSense] [07/31/2026 07:05:19] MOTION_AUTHORITY state=target_rejected run_id=native-20260731-c8-full28 client=omen action=none detail=sequence=156_target_error_mm=49828_native_fallback=false
[Info   :ComfyNetworkSense] [07/31/2026 07:05:19] MOTION_AUTHORITY state=target_rejected run_id=native-20260731-c8-full28 client=omen action=none detail=sequence=156_target_error_mm=49831_native_fallback=false
[Info   :ComfyNetworkSense] [07/31/2026 07:05:19] MOTION_AUTHORITY state=target_rejected run_id=native-20260731-c8-full28 client=omen action=none detail=sequence=156_target_error_mm=49834_native_fallback=false
[Info   :ComfyNetworkSense] [07/31/2026 07:05:19] MOTION_AUTHORITY state=target_rejected run_id=native-20260731-c8-full28 client=omen action=none detail=sequence=156_target_error_mm=49837_native_fallback=false
[Info   :ComfyNetworkSense] [07/31/2026 07:05:19] MOTION_AUTHORITY state=target_rejected run_id=native-20260731-c8-full28 client=omen action=none detail=sequence=156_target_error_mm=49840_native_fallback=false
[Info   :ComfyNetworkSense] [07/31/2026 07:05:19] MOTION_AUTHORITY state=target_rejected run_id=native-20260731-c8-full28 client=omen action=none detail=sequence=156_target_error_mm=49843_native_fallback=false
[Info   :ComfyNetworkSense] [07/31/2026 07:05:19] MOTION_AUTHORITY state=target_rejected run_id=native-20260731-c8-full28 client=omen action=none detail=sequence=156_target_error_mm=49846_native_fallback=false
[Info   :ComfyNetworkSense] [07/31/2026 07:05:19] MOTION_AUTHORITY state=target_rejected run_id=native-20260731-c8-full28 client=omen action=none detail=sequence=157_target_error_mm=49849_native_fallback=false
[Info   :ComfyNetworkSense] [07/31/2026 07:05:19] MOTION_AUTHORITY state=target_rejected run_id=native-20260731-c8-full28 client=omen action=none detail=sequence=157_target_error_mm=49852_native_fallback=false
[Info   :ComfyNetworkSense] [07/31/2026 07:05:19] MOTION_AUTHORITY state=target_rejected run_id=native-20260731-c8-full28 client=omen action=none detail=sequence=157_target_error_mm=49855_native_fallback=false
[Info   :ComfyNetworkSense] [07/31/2026 07:05:19] MOTION_AUTHORITY state=target_rejected run_id=native-20260731-c8-full28 client=omen action=none detail=sequence=157_target_error_mm=49858_native_fallback=false
[Info   :ComfyNetworkSense] [07/31/2026 07:05:19] MOTION_AUTHORITY state=target_rejected run_id=native-20260731-c8-full28 client=omen action=none detail=sequence=157_target_error_mm=49861_native_fallback=false
[Info   :ComfyNetworkSense] [07/31/2026 07:05:19] MOTION_AUTHORITY state=target_rejected run_id=native-20260731-c8-full28 client=omen action=none detail=sequence=157_target_error_mm=49864_native_fallback=false
[Info   :ComfyNetworkSense] [07/31/2026 07:05:19] MOTION_AUTHORITY state=target_rejected run_id=native-20260731-c8-full28 client=omen action=none detail=sequence=157_target_error_mm=49867_native_fallback=false
[Info   :ComfyNetworkSense] [07/31/2026 07:05:19] MOTION_AUTHORITY state=target_rejected run_id=native-20260731-c8-full28 client=omen action=none detail=sequence=157_target_error_mm=49870_native_fallback=false
[Info   :ComfyNetworkSense] [07/31/2026 07:05:19] MOTION_AUTHORITY state=target_rejected run_id=native-20260731-c8-full28 client=omen action=none detail=sequence=158_target_error_mm=49872_native_fallback=false
[Info   :ComfyNetworkSense] [07/31/2026 07:05:19] MOTION_AUTHORITY state=target_rejected run_id=native-20260731-c8-full28 client=omen action=none detail=sequence=158_target_error_mm=49875_native_fallback=false
[Info   :ComfyNetworkSense] [07/31/2026 07:05:19] MOTION_AUTHORITY state=target_rejected run_id=native-20260731-c8-full28 client=omen action=none detail=sequence=158_target_error_mm=49878_native_fallback=false
[Info   :ComfyNetworkSense] [07/31/2026 07:05:19] MOTION_AUTHORITY state=target_rejected run_id=native-20260731-c8-full28 client=omen action=none detail=sequence=158_target_error_mm=49881_native_fallback=false
[Info   :ComfyNetworkSense] [07/31/2026 07:05:19] MOTION_AUTHORITY state=target_rejected run_id=native-20260731-c8-full28 client=omen action=none detail=sequence=158_target_error_mm=49884_native_fallback=false
[Info   :ComfyNetworkSense] [07/31/2026 07:05:19] MOTION_AUTHORITY state=target_rejected run_id=native-20260731-c8-full28 client=omen action=none detail=sequence=158_target_error_mm=49887_native_fallback=false
[Info   :ComfyNetworkSense] [07/31/2026 07:05:19] MOTION_AUTHORITY state=target_rejected run_id=native-20260731-c8-full28 client=omen action=none detail=sequence=159_target_error_mm=49890_native_fallback=false
[Info   :ComfyNetworkSense] [07/31/2026 07:05:19] MOTION_AUTHORITY state=target_rejected run_id=native-20260731-c8-full28 client=omen action=none detail=sequence=159_target_error_mm=49893_native_fallback=false
[Info   :ComfyNetworkSense] [07/31/2026 07:05:19] MOTION_AUTHORITY state=target_rejected run_id=native-20260731-c8-full28 client=omen action=none detail=sequence=159_target_error_mm=49896_native_fallback=false
[Info   :ComfyNetworkSense] [07/31/2026 07:05:19] MOTION_AUTHORITY state=target_rejected run_id=native-20260731-c8-full28 client=omen action=none detail=sequence=159_target_error_mm=49899_native_fallback=false
[Info   :ComfyNetworkSense] [07/31/2026 07:05:19] MOTION_AUTHORITY state=target_rejected run_id=native-20260731-c8-full28 client=omen action=none detail=sequence=159_target_error_mm=49902_native_fallback=false
[Info   :ComfyNetworkSense] [07/31/2026 07:05:20] MOTION_AUTHORITY state=target_rejected run_id=native-20260731-c8-full28 client=omen action=none detail=sequence=159_target_error_mm=49905_native_fallback=false
[Info   :ComfyNetworkSense] [07/31/2026 07:05:20] MOTION_AUTHORITY state=target_rejected run_id=native-20260731-c8-full28 client=omen action=none detail=sequence=159_target_error_mm=49909_native_fallback=false
[Info   :ComfyNetworkSense] [07/31/2026 07:05:20] MOTION_AUTHORITY state=target_rejected run_id=native-20260731-c8-full28 client=omen action=none detail=sequence=159_target_error_mm=49912_native_fallback=false
[Info   :ComfyNetworkSense] [07/31/2026 07:05:20] MOTION_AUTHORITY state=target_rejected run_id=native-20260731-c8-full28 client=omen action=none detail=sequence=159_target_error_mm=49915_native_fallback=false
[Info   :ComfyNetworkSense] [07/31/2026 07:05:20] MOTION_AUTHORITY state=target_rejected run_id=native-20260731-c8-full28 client=omen action=none detail=sequence=159_target_error_mm=49917_native_fallback=false
[Info   :ComfyNetworkSense] [07/31/2026 07:05:20] MOTION_AUTHORITY state=target_rejected run_id=native-20260731-c8-full28 client=omen action=none detail=sequence=159_target_error_mm=49920_native_fallback=false
[Info   :ComfyNetworkSense] [07/31/2026 07:05:20] MOTION_AUTHORITY state=target_rejected run_id=native-20260731-c8-full28 client=omen action=none detail=sequence=159_target_error_mm=49923_native_fallback=false
[Info   :ComfyNetworkSense] [07/31/2026 07:05:20] MOTION_AUTHORITY state=target_rejected run_id=native-20260731-c8-full28 client=omen action=none detail=sequence=159_target_error_mm=49926_native_fallback=false
[Info   :ComfyNetworkSense] [07/31/2026 07:05:20] MOTION_AUTHORITY state=target_rejected run_id=native-20260731-c8-full28 client=omen action=none detail=sequence=159_target_error_mm=49929_native_fallback=false
[Info   :ComfyNetworkSense] [07/31/2026 07:05:20] MOTION_AUTHORITY state=target_rejected run_id=native-20260731-c8-full28 client=omen action=none detail=sequence=160_target_error_mm=49932_native_fallback=false
[Info   :ComfyNetworkSense] [07/31/2026 07:05:20] MOTION_AUTHORITY state=target_rejected run_id=native-20260731-c8-full28 client=omen action=none detail=sequence=160_target_error_mm=49935_native_fallback=false
[Info   :ComfyNetworkSense] [07/31/2026 07:05:20] MOTION_AUTHORITY state=target_rejected run_id=native-20260731-c8-full28 client=omen action=none detail=sequence=160_target_error_mm=49938_native_fallback=false
[Info   :ComfyNetworkSense] [07/31/2026 07:05:20] MOTION_AUTHORITY state=target_rejected run_id=native-20260731-c8-full28 client=omen action=none detail=sequence=160_target_error_mm=49941_native_fallback=false
[Info   :ComfyNetworkSense] [07/31/2026 07:05:20] MOTION_AUTHORITY state=target_rejected run_id=native-20260731-c8-full28 client=omen action=none detail=sequence=160_target_error_mm=49944_native_fallback=false
[Info   :ComfyNetworkSense] [07/31/2026 07:05:20] MOTION_AUTHORITY state=target_rejected run_id=native-20260731-c8-full28 client=omen action=none detail=sequence=160_target_error_mm=49947_native_fallback=false
[Info   :ComfyNetworkSense] [07/31/2026 07:05:20] MOTION_AUTHORITY state=target_rejected run_id=native-20260731-c8-full28 client=omen action=none detail=sequence=161_target_error_mm=49940_native_fallback=false
[Info   :ComfyNetworkSense] [07/31/2026 07:05:20] MOTION_AUTHORITY state=target_rejected run_id=native-20260731-c8-full28 client=omen action=none detail=sequence=161_target_error_mm=49943_native_fallback=false
[Info   :ComfyNetworkSense] [07/31/2026 07:05:20] MOTION_AUTHORITY state=target_rejected run_id=native-20260731-c8-full28 client=omen action=none detail=sequence=161_target_error_mm=49946_native_fallback=false
[Info   :ComfyNetworkSense] [07/31/2026 07:05:20] MOTION_AUTHORITY state=target_rejected run_id=native-20260731-c8-full28 client=omen action=none detail=sequence=161_target_error_mm=49949_native_fallback=false
[Info   :ComfyNetworkSense] [07/31/2026 07:05:20] MOTION_AUTHORITY state=target_rejected run_id=native-20260731-c8-full28 client=omen action=none detail=sequence=161_target_error_mm=49952_native_fallback=false
[Info   :ComfyNetworkSense] [07/31/2026 07:05:20] MOTION_AUTHORITY state=target_rejected run_id=native-20260731-c8-full28 client=omen action=none detail=sequence=161_target_error_mm=49955_native_fallback=false
[Info   :ComfyNetworkSense] [07/31/2026 07:05:20] MOTION_AUTHORITY state=target_rejected run_id=native-20260731-c8-full28 client=omen action=none detail=sequence=162_target_error_mm=49968_native_fallback=false
[Info   :ComfyNetworkSense] [07/31/2026 07:05:20] MOTION_AUTHORITY state=target_rejected run_id=native-20260731-c8-full28 client=omen action=none detail=sequence=162_target_error_mm=49971_native_fallback=false
[Info   :ComfyNetworkSense] [07/31/2026 07:05:20] MOTION_AUTHORITY state=target_rejected run_id=native-20260731-c8-full28 client=omen action=none detail=sequence=162_target_error_mm=49973_native_fallback=false
[Info   :ComfyNetworkSense] [07/31/2026 07:05:20] MOTION_AUTHORITY state=target_rejected run_id=native-20260731-c8-full28 client=omen action=none detail=sequence=162_target_error_mm=49976_native_fallback=false
[Info   :ComfyNetworkSense] [07/31/2026 07:05:20] MOTION_AUTHORITY state=target_rejected run_id=native-20260731-c8-full28 client=omen action=none detail=sequence=163_target_error_mm=49979_native_fallback=false
[Info   :ComfyNetworkSense] [07/31/2026 07:05:20] MOTION_AUTHORITY state=target_rejected run_id=native-20260731-c8-full28 client=omen action=none detail=sequence=163_target_error_mm=49982_native_fallback=false
[Info   :ComfyNetworkSense] [07/31/2026 07:05:20] MOTION_AUTHORITY state=target_rejected run_id=native-20260731-c8-full28 client=omen action=none detail=sequence=163_target_error_mm=49985_native_fallback=false
[Info   :ComfyNetworkSense] [07/31/2026 07:05:20] MOTION_AUTHORITY state=target_rejected run_id=native-20260731-c8-full28 client=omen action=none detail=sequence=163_target_error_mm=49988_native_fallback=false
[Info   :ComfyNetworkSense] [07/31/2026 07:05:20] MOTION_AUTHORITY state=target_rejected run_id=native-20260731-c8-full28 client=omen action=none detail=sequence=163_target_error_mm=49991_native_fallback=false
[Info   :ComfyNetworkSense] [07/31/2026 07:05:20] MOTION_AUTHORITY state=target_rejected run_id=native-20260731-c8-full28 client=omen action=none detail=sequence=163_target_error_mm=49994_native_fallback=false
[Info   :ComfyNetworkSense] [07/31/2026 07:05:20] MOTION_AUTHORITY state=target_rejected run_id=native-20260731-c8-full28 client=omen action=none detail=sequence=163_target_error_mm=49997_native_fallback=false
[Info   :ComfyNetworkSense] [07/31/2026 07:05:20] MOTION_AUTHORITY state=target_rejected run_id=native-20260731-c8-full28 client=omen action=none detail=sequence=163_target_error_mm=50000_native_fallback=false
[Info   :ComfyNetworkSense] [07/31/2026 07:05:20] MOTION_AUTHORITY state=target_rejected run_id=native-20260731-c8-full28 client=omen action=none detail=sequence=163_target_error_mm=50003_native_fallback=false
[Info   :ComfyNetworkSense] [07/31/2026 07:05:20] MOTION_AUTHORITY state=target_rejected run_id=native-20260731-c8-full28 client=omen action=none detail=sequence=164_target_error_mm=50006_native_fallback=false
[Info   :ComfyNetworkSense] [07/31/2026 07:05:20] MOTION_AUTHORITY state=target_rejected run_id=native-20260731-c8-full28 client=omen action=none detail=sequence=164_target_error_mm=50009_native_fallback=false
[Info   :ComfyNetworkSense] [07/31/2026 07:05:20] MOTION_AUTHORITY state=target_rejected run_id=native-20260731-c8-full28 client=omen action=none detail=sequence=164_target_error_mm=50012_native_fallback=false
[Info   :ComfyNetworkSense] [07/31/2026 07:05:20] MOTION_AUTHORITY state=target_rejected run_id=native-20260731-c8-full28 client=omen action=none detail=sequence=164_target_error_mm=50015_native_fallback=false
[Info   :ComfyNetworkSense] [07/31/2026 07:05:20] MOTION_AUTHORITY state=target_rejected run_id=native-20260731-c8-full28 client=omen action=none detail=sequence=164_target_error_mm=50018_native_fallback=false
[Info   :ComfyNetworkSense] [07/31/2026 07:05:20] MOTION_AUTHORITY state=target_rejected run_id=native-20260731-c8-full28 client=omen action=none detail=sequence=164_target_error_mm=50021_native_fallback=false
[Info   :ComfyNetworkSense] [07/31/2026 07:05:20] MOTION_AUTHORITY state=target_rejected run_id=native-20260731-c8-full28 client=omen action=none detail=sequence=165_target_error_mm=50014_native_fallback=false
[Info   :ComfyNetworkSense] [07/31/2026 07:05:20] MOTION_AUTHORITY state=target_rejected run_id=native-20260731-c8-full28 client=omen action=none detail=sequence=165_target_error_mm=50017_native_fallback=false
[Info   :ComfyNetworkSense] [07/31/2026 07:05:20] MOTION_AUTHORITY state=target_rejected run_id=native-20260731-c8-full28 client=omen action=none detail=sequence=165_target_error_mm=50020_native_fallback=false
[Info   :ComfyNetworkSense] [07/31/2026 07:05:20] MOTION_AUTHORITY state=target_rejected run_id=native-20260731-c8-full28 client=omen action=none detail=sequence=165_target_error_mm=50023_native_fallback=false
[Info   :ComfyNetworkSense] [07/31/2026 07:05:20] MOTION_AUTHORITY state=target_rejected run_id=native-20260731-c8-full28 client=omen action=none detail=sequence=165_target_error_mm=50026_native_fallback=false
[Info   :ComfyNetworkSense] [07/31/2026 07:05:20] MOTION_AUTHORITY state=target_rejected run_id=native-20260731-c8-full28 client=omen action=none detail=sequence=165_target_error_mm=50029_native_fallback=false
[Info   :ComfyNetworkSense] [07/31/2026 07:05:20] MOTION_AUTHORITY state=target_rejected run_id=native-20260731-c8-full28 client=omen action=none detail=sequence=165_target_error_mm=50031_native_fallback=false
[Info   :ComfyNetworkSense] [07/31/2026 07:05:20] MOTION_AUTHORITY state=target_rejected run_id=native-20260731-c8-full28 client=omen action=none detail=sequence=166_target_error_mm=50034_native_fallback=false
[Info   :ComfyNetworkSense] [07/31/2026 07:05:20] MOTION_AUTHORITY state=target_rejected run_id=native-20260731-c8-full28 client=omen action=none detail=sequence=166_target_error_mm=50039_native_fallback=false
[Info   :ComfyNetworkSense] [07/31/2026 07:05:20] MOTION_AUTHORITY state=target_rejected run_id=native-20260731-c8-full28 client=omen action=none detail=sequence=166_target_error_mm=50044_native_fallback=false
[Info   :ComfyNetworkSense] [07/31/2026 07:05:20] MOTION_AUTHORITY state=target_rejected run_id=native-20260731-c8-full28 client=omen action=none detail=sequence=166_target_error_mm=50047_native_fallback=false
[Info   :ComfyNetworkSense] [07/31/2026 07:05:20] MOTION_AUTHORITY state=target_rejected run_id=native-20260731-c8-full28 client=omen action=none detail=sequence=166_target_error_mm=50050_native_fallback=false
[Info   :ComfyNetworkSense] [07/31/2026 07:05:20] MOTION_AUTHORITY state=target_rejected run_id=native-20260731-c8-full28 client=omen action=none detail=sequence=167_target_error_mm=50063_native_fallback=false
[Info   :ComfyNetworkSense] [07/31/2026 07:05:20] MOTION_AUTHORITY state=target_rejected run_id=native-20260731-c8-full28 client=omen action=none detail=sequence=167_target_error_mm=50066_native_fallback=false
[Info   :ComfyNetworkSense] [07/31/2026 07:05:20] MOTION_AUTHORITY state=target_rejected run_id=native-20260731-c8-full28 client=omen action=none detail=sequence=167_target_error_mm=50069_native_fallback=false
[Info   :ComfyNetworkSense] [07/31/2026 07:05:20] MOTION_AUTHORITY state=target_rejected run_id=native-20260731-c8-full28 client=omen action=none detail=sequence=167_target_error_mm=50071_native_fallback=false
[Info   :ComfyNetworkSense] [07/31/2026 07:05:20] MOTION_AUTHORITY state=target_rejected run_id=native-20260731-c8-full28 client=omen action=none detail=sequence=167_target_error_mm=50074_native_fallback=false
[Info   :ComfyNetworkSense] [07/31/2026 07:05:20] MOTION_AUTHORITY state=target_rejected run_id=native-20260731-c8-full28 client=omen action=none detail=sequence=167_target_error_mm=50077_native_fallback=false
[Info   :ComfyNetworkSense] [07/31/2026 07:05:20] MOTION_AUTHORITY state=target_rejected run_id=native-20260731-c8-full28 client=omen action=none detail=sequence=167_target_error_mm=50080_native_fallback=false
[Info   :ComfyNetworkSense] [07/31/2026 07:05:20] MOTION_AUTHORITY state=target_rejected run_id=native-20260731-c8-full28 client=omen action=none detail=sequence=167_target_error_mm=50083_native_fallback=false
[Info   :ComfyNetworkSense] [07/31/2026 07:05:20] MOTION_AUTHORITY state=target_rejected run_id=native-20260731-c8-full28 client=omen action=none detail=sequence=168_target_error_mm=50086_native_fallback=false
[Info   :ComfyNetworkSense] [07/31/2026 07:05:20] MOTION_AUTHORITY state=target_rejected run_id=native-20260731-c8-full28 client=omen action=none detail=sequence=168_target_error_mm=50089_native_fallback=false
[Info   :ComfyNetworkSense] [07/31/2026 07:05:20] MOTION_AUTHORITY state=target_rejected run_id=native-20260731-c8-full28 client=omen action=none detail=sequence=168_target_error_mm=50092_native_fallback=false
[Info   :ComfyNetworkSense] [07/31/2026 07:05:20] MOTION_AUTHORITY state=target_rejected run_id=native-20260731-c8-full28 client=omen action=none detail=sequence=168_target_error_mm=50095_native_fallback=false
[Info   :ComfyNetworkSense] [07/31/2026 07:05:20] MOTION_AUTHORITY state=target_rejected run_id=native-20260731-c8-full28 client=omen action=none detail=sequence=168_target_error_mm=50098_native_fallback=false
[Info   :ComfyNetworkSense] [07/31/2026 07:05:20] MOTION_AUTHORITY state=target_rejected run_id=native-20260731-c8-full28 client=omen action=none detail=sequence=168_target_error_mm=50101_native_fallback=false
[Info   :ComfyNetworkSense] [07/31/2026 07:05:20] MOTION_AUTHORITY state=target_rejected run_id=native-20260731-c8-full28 client=omen action=none detail=sequence=168_target_error_mm=50104_native_fallback=false
[Info   :ComfyNetworkSense] [07/31/2026 07:05:20] MOTION_AUTHORITY state=target_rejected run_id=native-20260731-c8-full28 client=omen action=none detail=sequence=169_target_error_mm=50097_native_fallback=false
[Info   :ComfyNetworkSense] [07/31/2026 07:05:20] MOTION_AUTHORITY state=target_rejected run_id=native-20260731-c8-full28 client=omen action=none detail=sequence=169_target_error_mm=50100_native_fallback=false
[Info   :ComfyNetworkSense] [07/31/2026 07:05:20] MOTION_AUTHORITY state=target_rejected run_id=native-20260731-c8-full28 client=omen action=none detail=sequence=169_target_error_mm=50103_native_fallback=false
[Info   :ComfyNetworkSense] [07/31/2026 07:05:20] MOTION_AUTHORITY state=target_rejected run_id=native-20260731-c8-full28 client=omen action=none detail=sequence=169_target_error_mm=50106_native_fallback=false
[Info   :ComfyNetworkSense] [07/31/2026 07:05:20] MOTION_AUTHORITY state=target_rejected run_id=native-20260731-c8-full28 client=omen action=none detail=sequence=169_target_error_mm=50109_native_fallback=false
[Info   :ComfyNetworkSense] [07/31/2026 07:05:20] MOTION_AUTHORITY state=target_rejected run_id=native-20260731-c8-full28 client=omen action=none detail=sequence=169_target_error_mm=50112_native_fallback=false
[Info   :ComfyNetworkSense] [07/31/2026 07:05:20] MOTION_AUTHORITY state=target_rejected run_id=native-20260731-c8-full28 client=omen action=none detail=sequence=169_target_error_mm=50115_native_fallback=false
[Info   :ComfyNetworkSense] [07/31/2026 07:05:20] MOTION_AUTHORITY state=target_rejected run_id=native-20260731-c8-full28 client=omen action=none detail=sequence=169_target_error_mm=50118_native_fallback=false
[Info   :ComfyNetworkSense] [07/31/2026 07:05:20] MOTION_AUTHORITY state=target_rejected run_id=native-20260731-c8-full28 client=omen action=none detail=sequence=170_target_error_mm=50121_native_fallback=false
[Info   :ComfyNetworkSense] [07/31/2026 07:05:20] MOTION_AUTHORITY state=target_rejected run_id=native-20260731-c8-full28 client=omen action=none detail=sequence=170_target_error_mm=50124_native_fallback=false
[Info   :ComfyNetworkSense] [07/31/2026 07:05:20] MOTION_AUTHORITY state=target_rejected run_id=native-20260731-c8-full28 client=omen action=none detail=sequence=170_target_error_mm=50127_native_fallback=false
[Info   :ComfyNetworkSense] [07/31/2026 07:05:20] MOTION_AUTHORITY state=target_rejected run_id=native-20260731-c8-full28 client=omen action=none detail=sequence=170_target_error_mm=50129_native_fallback=false
[Info   :ComfyNetworkSense] [07/31/2026 07:05:20] MOTION_AUTHORITY state=target_rejected run_id=native-20260731-c8-full28 client=omen action=none detail=sequence=170_target_error_mm=50132_native_fallback=false
[Info   :ComfyNetworkSense] [07/31/2026 07:05:20] MOTION_AUTHORITY state=target_rejected run_id=native-20260731-c8-full28 client=omen action=none detail=sequence=170_target_error_mm=50135_native_fallback=false
[Info   :ComfyNetworkSense] [07/31/2026 07:05:20] MOTION_AUTHORITY state=target_rejected run_id=native-20260731-c8-full28 client=omen action=none detail=sequence=170_target_error_mm=50138_native_fallback=false
[Info   :ComfyNetworkSense] [07/31/2026 07:05:20] MOTION_AUTHORITY state=target_rejected run_id=native-20260731-c8-full28 client=omen action=none detail=sequence=171_target_error_mm=50151_native_fallback=false
[Info   :ComfyNetworkSense] [07/31/2026 07:05:20] MOTION_AUTHORITY state=target_rejected run_id=native-20260731-c8-full28 client=omen action=none detail=sequence=171_target_error_mm=50154_native_fallback=false
[Info   :ComfyNetworkSense] [07/31/2026 07:05:20] MOTION_AUTHORITY state=target_rejected run_id=native-20260731-c8-full28 client=omen action=none detail=sequence=171_target_error_mm=50157_native_fallback=false
[Info   :ComfyNetworkSense] [07/31/2026 07:05:20] MOTION_AUTHORITY state=target_rejected run_id=native-20260731-c8-full28 client=omen action=none detail=sequence=171_target_error_mm=50160_native_fallback=false
[Info   :ComfyNetworkSense] [07/31/2026 07:05:20] MOTION_AUTHORITY state=target_rejected run_id=native-20260731-c8-full28 client=omen action=none detail=sequence=171_target_error_mm=50163_native_fallback=false
[Info   :ComfyNetworkSense] [07/31/2026 07:05:20] MOTION_AUTHORITY state=target_rejected run_id=native-20260731-c8-full28 client=omen action=none detail=sequence=171_target_error_mm=50166_native_fallback=false
[Info   :ComfyNetworkSense] [07/31/2026 07:05:20] MOTION_AUTHORITY state=target_rejected run_id=native-20260731-c8-full28 client=omen action=none detail=sequence=171_target_error_mm=50169_native_fallback=false
[Info   :ComfyNetworkSense] [07/31/2026 07:05:20] MOTION_AUTHORITY state=target_rejected run_id=native-20260731-c8-full28 client=omen action=none detail=sequence=172_target_error_mm=50162_native_fallback=false
[Info   :ComfyNetworkSense] [07/31/2026 07:05:20] MOTION_AUTHORITY state=target_rejected run_id=native-20260731-c8-full28 client=omen action=none detail=sequence=172_target_error_mm=50165_native_fallback=false
[Info   :ComfyNetworkSense] [07/31/2026 07:05:20] MOTION_AUTHORITY state=target_rejected run_id=native-20260731-c8-full28 client=omen action=none detail=sequence=172_target_error_mm=50168_native_fallback=false
[Info   :ComfyNetworkSense] [07/31/2026 07:05:20] MOTION_AUTHORITY state=target_rejected run_id=native-20260731-c8-full28 client=omen action=none detail=sequence=172_target_error_mm=50171_native_fallback=false
[Info   :ComfyNetworkSense] [07/31/2026 07:05:20] MOTION_AUTHORITY state=target_rejected run_id=native-20260731-c8-full28 client=omen action=none detail=sequence=172_target_error_mm=50174_native_fallback=false
[Info   :ComfyNetworkSense] [07/31/2026 07:05:20] MOTION_AUTHORITY state=target_rejected run_id=native-20260731-c8-full28 client=omen action=none detail=sequence=172_target_error_mm=50177_native_fallback=false
[Info   :ComfyNetworkSense] [07/31/2026 07:05:20] MOTION_AUTHORITY state=target_rejected run_id=native-20260731-c8-full28 client=omen action=none detail=sequence=172_target_error_mm=50180_native_fallback=false
[Info   :ComfyNetworkSense] [07/31/2026 07:05:20] MOTION_AUTHORITY state=target_rejected run_id=native-20260731-c8-full28 client=omen action=none detail=sequence=173_target_error_mm=50192_native_fallback=false
[Info   :ComfyNetworkSense] [07/31/2026 07:05:20] MOTION_AUTHORITY state=target_rejected run_id=native-20260731-c8-full28 client=omen action=none detail=sequence=173_target_error_mm=50195_native_fallback=false
[Info   :ComfyNetworkSense] [07/31/2026 07:05:20] MOTION_AUTHORITY state=target_rejected run_id=native-20260731-c8-full28 client=omen action=none detail=sequence=173_target_error_mm=50198_native_fallback=false
[Info   :ComfyNetworkSense] [07/31/2026 07:05:20] MOTION_AUTHORITY state=target_rejected run_id=native-20260731-c8-full28 client=omen action=none detail=sequence=173_target_error_mm=50201_native_fallback=false
[Info   :ComfyNetworkSense] [07/31/2026 07:05:20] MOTION_AUTHORITY state=target_rejected run_id=native-20260731-c8-full28 client=omen action=none detail=sequence=173_target_error_mm=50204_native_fallback=false
[Info   :ComfyNetworkSense] [07/31/2026 07:05:20] MOTION_AUTHORITY state=target_rejected run_id=native-20260731-c8-full28 client=omen action=none detail=sequence=173_target_error_mm=50207_native_fallback=false
[Info   :ComfyNetworkSense] [07/31/2026 07:05:20] MOTION_AUTHORITY state=target_rejected run_id=native-20260731-c8-full28 client=omen action=none detail=sequence=173_target_error_mm=50210_native_fallback=false
[Info   :ComfyNetworkSense] [07/31/2026 07:05:20] MOTION_AUTHORITY state=target_rejected run_id=native-20260731-c8-full28 client=omen action=none detail=sequence=174_target_error_mm=50213_native_fallback=false
[Info   :ComfyNetworkSense] [07/31/2026 07:05:20] MOTION_AUTHORITY state=target_rejected run_id=native-20260731-c8-full28 client=omen action=none detail=sequence=174_target_error_mm=50216_native_fallback=false
[Info   :ComfyNetworkSense] [07/31/2026 07:05:20] LOGICAL_PEER_CUTOVER state=logical_native_invoke_suppressed run_id=native-20260731-c8-full28 detail=count=256_method=ZDOData_semantic_fallback=false
[Info   :ComfyNetworkSense] [07/31/2026 07:05:20] MOTION_AUTHORITY state=target_rejected run_id=native-20260731-c8-full28 client=omen action=none detail=sequence=174_target_error_mm=50219_native_fallback=false
[Info   :ComfyNetworkSense] [07/31/2026 07:05:20] MOTION_AUTHORITY state=target_rejected run_id=native-20260731-c8-full28 client=omen action=none detail=sequence=174_target_error_mm=50222_native_fallback=false
[Info   :ComfyNetworkSense] [07/31/2026 07:05:20] MOTION_AUTHORITY state=target_rejected run_id=native-20260731-c8-full28 client=omen action=none detail=sequence=174_target_error_mm=50225_native_fallback=false
[Info   :ComfyNetworkSense] [07/31/2026 07:05:20] MOTION_AUTHORITY state=target_rejected run_id=native-20260731-c8-full28 client=omen action=none detail=sequence=174_target_error_mm=50228_native_fallback=false
[Info   :ComfyNetworkSense] [07/31/2026 07:05:20] MOTION_AUTHORITY state=target_rejected run_id=native-20260731-c8-full28 client=omen action=none detail=sequence=174_target_error_mm=50231_native_fallback=false
[Info   :ComfyNetworkSense] [07/31/2026 07:05:20] MOTION_AUTHORITY state=target_rejected run_id=native-20260731-c8-full28 client=omen action=none detail=sequence=174_target_error_mm=50234_native_fallback=false
[Info   :ComfyNetworkSense] [07/31/2026 07:05:20] MOTION_AUTHORITY state=target_rejected run_id=native-20260731-c8-full28 client=omen action=none detail=sequence=174_target_error_mm=50237_native_fallback=false
[Info   :ComfyNetworkSense] [07/31/2026 07:05:20] MOTION_AUTHORITY state=target_rejected run_id=native-20260731-c8-full28 client=omen action=none detail=sequence=175_target_error_mm=50226_native_fallback=false
[Info   :ComfyNetworkSense] [07/31/2026 07:05:20] MOTION_AUTHORITY state=target_rejected run_id=native-20260731-c8-full28 client=omen action=none detail=sequence=175_target_error_mm=50229_native_fallback=false
[Info   :ComfyNetworkSense] [07/31/2026 07:05:20] MOTION_AUTHORITY state=target_rejected run_id=native-20260731-c8-full28 client=omen action=none detail=sequence=175_target_error_mm=50232_native_fallback=false
[Info   :ComfyNetworkSense] [07/31/2026 07:05:20] MOTION_AUTHORITY state=target_rejected run_id=native-20260731-c8-full28 client=omen action=none detail=sequence=175_target_error_mm=50235_native_fallback=false
[Info   :ComfyNetworkSense] [07/31/2026 07:05:20] MOTION_AUTHORITY state=target_rejected run_id=native-20260731-c8-full28 client=omen action=none detail=sequence=175_target_error_mm=50238_native_fallback=false
[Info   :ComfyNetworkSense] [07/31/2026 07:05:20] MOTION_AUTHORITY state=target_rejected run_id=native-20260731-c8-full28 client=omen action=none detail=sequence=175_target_error_mm=50241_native_fallback=false
[Info   :ComfyNetworkSense] [07/31/2026 07:05:20] MOTION_AUTHORITY state=target_rejected run_id=native-20260731-c8-full28 client=omen action=none detail=sequence=176_target_error_mm=50209_native_fallback=false
[Info   :ComfyNetworkSense] [07/31/2026 07:05:20] MOTION_AUTHORITY state=target_rejected run_id=native-20260731-c8-full28 client=omen action=none detail=sequence=176_target_error_mm=50212_native_fallback=false
[Info   :ComfyNetworkSense] [07/31/2026 07:05:20] MOTION_AUTHORITY state=target_rejected run_id=native-20260731-c8-full28 client=omen action=none detail=sequence=176_target_error_mm=50215_native_fallback=false
[Info   :ComfyNetworkSense] [07/31/2026 07:05:20] MOTION_AUTHORITY state=target_rejected run_id=native-20260731-c8-full28 client=omen action=none detail=sequence=176_target_error_mm=50218_native_fallback=false
[Info   :ComfyNetworkSense] [07/31/2026 07:05:20] MOTION_AUTHORITY state=target_rejected run_id=native-20260731-c8-full28 client=omen action=none detail=sequence=176_target_error_mm=50221_native_fallback=false
[Info   :ComfyNetworkSense] [07/31/2026 07:05:20] MOTION_AUTHORITY state=target_rejected run_id=native-20260731-c8-full28 client=omen action=none detail=sequence=176_target_error_mm=50224_native_fallback=false
[Info   :ComfyNetworkSense] [07/31/2026 07:05:20] MOTION_AUTHORITY state=target_rejected run_id=native-20260731-c8-full28 client=omen action=none detail=sequence=176_target_error_mm=50227_native_fallback=false
[Info   :ComfyNetworkSense] [07/31/2026 07:05:20] MOTION_AUTHORITY state=target_rejected run_id=native-20260731-c8-full28 client=omen action=none detail=sequence=176_target_error_mm=50229_native_fallback=false
[Info   :ComfyNetworkSense] [07/31/2026 07:05:20] MOTION_AUTHORITY state=target_rejected run_id=native-20260731-c8-full28 client=omen action=none detail=sequence=177_target_error_mm=50229_native_fallback=false
[Info   :ComfyNetworkSense] [07/31/2026 07:05:20] MOTION_AUTHORITY state=target_rejected run_id=native-20260731-c8-full28 client=omen action=none detail=sequence=177_target_error_mm=50232_native_fallback=false
[Info   :ComfyNetworkSense] [07/31/2026 07:05:20] MOTION_AUTHORITY state=target_rejected run_id=native-20260731-c8-full28 client=omen action=none detail=sequence=177_target_error_mm=50235_native_fallback=false
[Info   :ComfyNetworkSense] [07/31/2026 07:05:20] MOTION_AUTHORITY state=target_rejected run_id=native-20260731-c8-full28 client=omen action=none detail=sequence=177_target_error_mm=50238_native_fallback=false
[Info   :ComfyNetworkSense] [07/31/2026 07:05:20] MOTION_AUTHORITY state=target_rejected run_id=native-20260731-c8-full28 client=omen action=none detail=sequence=177_target_error_mm=50241_native_fallback=false
[Info   :ComfyNetworkSense] [07/31/2026 07:05:21] MOTION_AUTHORITY state=target_rejected run_id=native-20260731-c8-full28 client=omen action=none detail=sequence=178_target_error_mm=50219_native_fallback=false
[Info   :ComfyNetworkSense] [07/31/2026 07:05:21] MOTION_AUTHORITY state=target_rejected run_id=native-20260731-c8-full28 client=omen action=none detail=sequence=178_target_error_mm=50223_native_fallback=false
[Info   :ComfyNetworkSense] [07/31/2026 07:05:21] MOTION_AUTHORITY state=target_rejected run_id=native-20260731-c8-full28 client=omen action=none detail=sequence=178_target_error_mm=50227_native_fallback=false
[Info   :ComfyNetworkSense] [07/31/2026 07:05:21] MOTION_AUTHORITY state=target_rejected run_id=native-20260731-c8-full28 client=omen action=none detail=sequence=178_target_error_mm=50231_native_fallback=false
[Info   :ComfyNetworkSense] [07/31/2026 07:05:21] MOTION_AUTHORITY state=target_rejected run_id=native-20260731-c8-full28 client=omen action=none detail=sequence=178_target_error_mm=50234_native_fallback=false
[Info   :ComfyNetworkSense] [07/31/2026 07:05:21] MOTION_AUTHORITY state=target_rejected run_id=native-20260731-c8-full28 client=omen action=none detail=sequence=179_target_error_mm=50218_native_fallback=false
[Info   :ComfyNetworkSense] [07/31/2026 07:05:21] MOTION_AUTHORITY state=target_rejected run_id=native-20260731-c8-full28 client=omen action=none detail=sequence=179_target_error_mm=50220_native_fallback=false
[Info   :ComfyNetworkSense] [07/31/2026 07:05:21] MOTION_AUTHORITY state=target_rejected run_id=native-20260731-c8-full28 client=omen action=none detail=sequence=179_target_error_mm=50223_native_fallback=false
[Info   :ComfyNetworkSense] [07/31/2026 07:05:21] MOTION_AUTHORITY state=target_rejected run_id=native-20260731-c8-full28 client=omen action=none detail=sequence=179_target_error_mm=50226_native_fallback=false
[Info   :ComfyNetworkSense] [07/31/2026 07:05:21] MOTION_AUTHORITY state=target_rejected run_id=native-20260731-c8-full28 client=omen action=none detail=sequence=179_target_error_mm=50229_native_fallback=false
[Info   :ComfyNetworkSense] [07/31/2026 07:05:21] MOTION_AUTHORITY state=target_rejected run_id=native-20260731-c8-full28 client=omen action=none detail=sequence=179_target_error_mm=50232_native_fallback=false
[Info   :ComfyNetworkSense] [07/31/2026 07:05:21] MOTION_AUTHORITY state=target_rejected run_id=native-20260731-c8-full28 client=omen action=none detail=sequence=179_target_error_mm=50235_native_fallback=false
[Info   :ComfyNetworkSense] [07/31/2026 07:05:21] MOTION_AUTHORITY state=target_rejected run_id=native-20260731-c8-full28 client=omen action=none detail=sequence=179_target_error_mm=50238_native_fallback=false
[Info   :ComfyNetworkSense] [07/31/2026 07:05:21] MOTION_AUTHORITY state=target_rejected run_id=native-20260731-c8-full28 client=omen action=none detail=sequence=179_target_error_mm=50241_native_fallback=false
[Info   :ComfyNetworkSense] [07/31/2026 07:05:21] MOTION_AUTHORITY state=target_rejected run_id=native-20260731-c8-full28 client=omen action=none detail=sequence=180_target_error_mm=50206_native_fallback=false
[Info   :ComfyNetworkSense] [07/31/2026 07:05:21] MOTION_AUTHORITY state=target_rejected run_id=native-20260731-c8-full28 client=omen action=none detail=sequence=180_target_error_mm=50209_native_fallback=false
[Info   :ComfyNetworkSense] [07/31/2026 07:05:21] MOTION_AUTHORITY state=target_rejected run_id=native-20260731-c8-full28 client=omen action=none detail=sequence=180_target_error_mm=50211_native_fallback=false
[Info   :ComfyNetworkSense] [07/31/2026 07:05:21] MOTION_AUTHORITY state=target_rejected run_id=native-20260731-c8-full28 client=omen action=none detail=sequence=180_target_error_mm=50214_native_fallback=false
[Info   :ComfyNetworkSense] [07/31/2026 07:05:21] MOTION_AUTHORITY state=native_transform_writer_suppressed run_id=native-20260731-c8-full28 client=omen action=none detail=count=1024_writer=ZSyncTransform.CustomFixedUpdate
[Info   :ComfyNetworkSense] [07/31/2026 07:05:21] MOTION_AUTHORITY state=target_rejected run_id=native-20260731-c8-full28 client=omen action=none detail=sequence=180_target_error_mm=50217_native_fallback=false
[Info   :ComfyNetworkSense] [07/31/2026 07:05:21] MOTION_AUTHORITY state=target_rejected run_id=native-20260731-c8-full28 client=omen action=none detail=sequence=180_target_error_mm=50220_native_fallback=false
[Info   :ComfyNetworkSense] [07/31/2026 07:05:21] MOTION_AUTHORITY state=target_rejected run_id=native-20260731-c8-full28 client=omen action=none detail=sequence=181_target_error_mm=50221_native_fallback=false
[Info   :ComfyNetworkSense] [07/31/2026 07:05:21] MOTION_AUTHORITY state=target_rejected run_id=native-20260731-c8-full28 client=omen action=none detail=sequence=181_target_error_mm=50223_native_fallback=false
[Info   :ComfyNetworkSense] [07/31/2026 07:05:21] MOTION_AUTHORITY state=target_rejected run_id=native-20260731-c8-full28 client=omen action=none detail=sequence=181_target_error_mm=50226_native_fallback=false
[Info   :ComfyNetworkSense] [07/31/2026 07:05:21] MOTION_AUTHORITY state=target_rejected run_id=native-20260731-c8-full28 client=omen action=none detail=sequence=181_target_error_mm=50229_native_fallback=false
[Info   :ComfyNetworkSense] [07/31/2026 07:05:21] MOTION_AUTHORITY state=target_rejected run_id=native-20260731-c8-full28 client=omen action=none detail=sequence=181_target_error_mm=50232_native_fallback=false
[Info   :ComfyNetworkSense] [07/31/2026 07:05:21] CUTOVER_SCENARIO state=completed run_id=native-20260731-c8-full28 client=omen action=omen-move detail=distance_reached
[Info   :ComfyNetworkSense] [07/31/2026 07:05:21] MOTION_AUTHORITY state=target_rejected run_id=native-20260731-c8-full28 client=omen action=none detail=sequence=181_target_error_mm=50235_native_fallback=false
[Info   :ComfyNetworkSense] [07/31/2026 07:05:21] CUTOVER_SCENARIO state=action_started run_id=native-20260731-c8-full28 client=omen action=omen-c8-rendezvous-settle detail=kind=wait
[Info   :ComfyNetworkSense] [07/31/2026 07:05:21] MOTION_AUTHORITY state=target_rejected run_id=native-20260731-c8-full28 client=omen action=none detail=sequence=181_target_error_mm=50238_native_fallback=false
[Info   :ComfyNetworkSense] [07/31/2026 07:05:21] MOTION_AUTHORITY state=target_rejected run_id=native-20260731-c8-full28 client=omen action=none detail=sequence=182_target_error_mm=50223_native_fallback=false
[Info   :ComfyNetworkSense] [07/31/2026 07:05:21] MOTION_AUTHORITY state=target_rejected run_id=native-20260731-c8-full28 client=omen action=none detail=sequence=182_target_error_mm=50226_native_fallback=false
[Info   :ComfyNetworkSense] [07/31/2026 07:05:21] MOTION_AUTHORITY state=target_rejected run_id=native-20260731-c8-full28 client=omen action=none detail=sequence=182_target_error_mm=50229_native_fallback=false
[Info   :ComfyNetworkSense] [07/31/2026 07:05:21] MOTION_AUTHORITY state=target_rejected run_id=native-20260731-c8-full28 client=omen action=none detail=sequence=182_target_error_mm=50232_native_fallback=false
[Info   :ComfyNetworkSense] [07/31/2026 07:05:21] MOTION_AUTHORITY state=target_rejected run_id=native-20260731-c8-full28 client=omen action=none detail=sequence=182_target_error_mm=50235_native_fallback=false
[Info   :ComfyNetworkSense] [07/31/2026 07:05:21] MOTION_AUTHORITY state=target_rejected run_id=native-20260731-c8-full28 client=omen action=none detail=sequence=182_target_error_mm=50238_native_fallback=false
[Info   :ComfyNetworkSense] [07/31/2026 07:05:21] MOTION_AUTHORITY state=target_rejected run_id=native-20260731-c8-full28 client=omen action=none detail=sequence=182_target_error_mm=50240_native_fallback=false
[Info   :ComfyNetworkSense] [07/31/2026 07:05:21] MOTION_AUTHORITY state=target_rejected run_id=native-20260731-c8-full28 client=omen action=none detail=sequence=183_target_error_mm=50198_native_fallback=false
[Info   :ComfyNetworkSense] [07/31/2026 07:05:21] MOTION_AUTHORITY state=target_rejected run_id=native-20260731-c8-full28 client=omen action=none detail=sequence=183_target_error_mm=50200_native_fallback=false
[Info   :ComfyNetworkSense] [07/31/2026 07:05:21] MOTION_AUTHORITY state=target_rejected run_id=native-20260731-c8-full28 client=omen action=none detail=sequence=183_target_error_mm=50203_native_fallback=false
[Info   :ComfyNetworkSense] [07/31/2026 07:05:21] MOTION_AUTHORITY state=target_rejected run_id=native-20260731-c8-full28 client=omen action=none detail=sequence=183_target_error_mm=50206_native_fallback=false
[Info   :ComfyNetworkSense] [07/31/2026 07:05:21] MOTION_AUTHORITY state=target_rejected run_id=native-20260731-c8-full28 client=omen action=none detail=sequence=183_target_error_mm=50209_native_fallback=false
[Info   :ComfyNetworkSense] [07/31/2026 07:05:21] MOTION_AUTHORITY state=target_rejected run_id=native-20260731-c8-full28 client=omen action=none detail=sequence=183_target_error_mm=50212_native_fallback=false
[Info   :ComfyNetworkSense] [07/31/2026 07:05:21] MOTION_AUTHORITY state=target_rejected run_id=native-20260731-c8-full28 client=omen action=none detail=sequence=183_target_error_mm=50215_native_fallback=false
[Info   :ComfyNetworkSense] [07/31/2026 07:05:21] MOTION_AUTHORITY state=target_rejected run_id=native-20260731-c8-full28 client=omen action=none detail=sequence=184_target_error_mm=50224_native_fallback=false
[Info   :ComfyNetworkSense] [07/31/2026 07:05:21] MOTION_AUTHORITY state=target_rejected run_id=native-20260731-c8-full28 client=omen action=none detail=sequence=184_target_error_mm=50227_native_fallback=false
[Info   :ComfyNetworkSense] [07/31/2026 07:05:21] MOTION_AUTHORITY state=target_rejected run_id=native-20260731-c8-full28 client=omen action=none detail=sequence=184_target_error_mm=50230_native_fallback=false
[Info   :ComfyNetworkSense] [07/31/2026 07:05:21] MOTION_AUTHORITY state=target_rejected run_id=native-20260731-c8-full28 client=omen action=none detail=sequence=184_target_error_mm=50233_native_fallback=false
[Info   :ComfyNetworkSense] [07/31/2026 07:05:21] MOTION_AUTHORITY state=target_rejected run_id=native-20260731-c8-full28 client=omen action=none detail=sequence=184_target_error_mm=50236_native_fallback=false
[Info   :ComfyNetworkSense] [07/31/2026 07:05:21] MOTION_AUTHORITY state=target_rejected run_id=native-20260731-c8-full28 client=omen action=none detail=sequence=184_target_error_mm=50239_native_fallback=false
[Info   :ComfyNetworkSense] [07/31/2026 07:05:21] MOTION_AUTHORITY state=target_rejected run_id=native-20260731-c8-full28 client=omen action=none detail=sequence=184_target_error_mm=50242_native_fallback=false
[Info   :ComfyNetworkSense] [07/31/2026 07:05:21] MOTION_AUTHORITY state=target_rejected run_id=native-20260731-c8-full28 client=omen action=none detail=sequence=184_target_error_mm=50245_native_fallback=false
[Info   :ComfyNetworkSense] [07/31/2026 07:05:21] MOTION_AUTHORITY state=target_rejected run_id=native-20260731-c8-full28 client=omen action=none detail=sequence=185_target_error_mm=50228_native_fallback=false
[Info   :ComfyNetworkSense] [07/31/2026 07:05:21] MOTION_AUTHORITY state=target_rejected run_id=native-20260731-c8-full28 client=omen action=none detail=sequence=185_target_error_mm=50231_native_fallback=false
[Info   :ComfyNetworkSense] [07/31/2026 07:05:21] MOTION_AUTHORITY state=target_rejected run_id=native-20260731-c8-full28 client=omen action=none detail=sequence=185_target_error_mm=50234_native_fallback=false
[Info   :ComfyNetworkSense] [07/31/2026 07:05:21] MOTION_AUTHORITY state=target_rejected run_id=native-20260731-c8-full28 client=omen action=none detail=sequence=185_target_error_mm=50237_native_fallback=false
[Info   :ComfyNetworkSense] [07/31/2026 07:05:21] MOTION_AUTHORITY state=target_rejected run_id=native-20260731-c8-full28 client=omen action=none detail=sequence=185_target_error_mm=50240_native_fallback=false
[Info   :ComfyNetworkSense] [07/31/2026 07:05:21] MOTION_AUTHORITY state=target_rejected run_id=native-20260731-c8-full28 client=omen action=none detail=sequence=185_target_error_mm=50243_native_fallback=false
[Info   :ComfyNetworkSense] [07/31/2026 07:05:21] MOTION_AUTHORITY state=target_rejected run_id=native-20260731-c8-full28 client=omen action=none detail=sequence=185_target_error_mm=50246_native_fallback=false
[Info   :ComfyNetworkSense] [07/31/2026 07:05:21] MOTION_AUTHORITY state=target_rejected run_id=native-20260731-c8-full28 client=omen action=none detail=sequence=185_target_error_mm=50249_native_fallback=false
[Info   :ComfyNetworkSense] [07/31/2026 07:05:21] MOTION_AUTHORITY state=target_rejected run_id=native-20260731-c8-full28 client=omen action=none detail=sequence=186_target_error_mm=50231_native_fallback=false
[Info   :ComfyNetworkSense] [07/31/2026 07:05:21] MOTION_AUTHORITY state=target_rejected run_id=native-20260731-c8-full28 client=omen action=none detail=sequence=186_target_error_mm=50234_native_fallback=false
[Info   :ComfyNetworkSense] [07/31/2026 07:05:21] MOTION_AUTHORITY state=target_rejected run_id=native-20260731-c8-full28 client=omen action=none detail=sequence=186_target_error_mm=50237_native_fallback=false
[Info   :ComfyNetworkSense] [07/31/2026 07:05:21] MOTION_AUTHORITY state=target_rejected run_id=native-20260731-c8-full28 client=omen action=none detail=sequence=186_target_error_mm=50240_native_fallback=false
[Info   :ComfyNetworkSense] [07/31/2026 07:05:21] MOTION_AUTHORITY state=target_rejected run_id=native-20260731-c8-full28 client=omen action=none detail=sequence=186_target_error_mm=50243_native_fallback=false
[Info   :ComfyNetworkSense] [07/31/2026 07:05:21] MOTION_AUTHORITY state=target_rejected run_id=native-20260731-c8-full28 client=omen action=none detail=sequence=186_target_error_mm=50246_native_fallback=false
[Info   :ComfyNetworkSense] [07/31/2026 07:05:21] MOTION_AUTHORITY state=target_rejected run_id=native-20260731-c8-full28 client=omen action=none detail=sequence=187_target_error_mm=50174_native_fallback=false
[Info   :ComfyNetworkSense] [07/31/2026 07:05:21] MOTION_AUTHORITY state=target_rejected run_id=native-20260731-c8-full28 client=omen action=none detail=sequence=187_target_error_mm=50177_native_fallback=false
[Info   :ComfyNetworkSense] [07/31/2026 07:05:21] MOTION_AUTHORITY state=target_rejected run_id=native-20260731-c8-full28 client=omen action=none detail=sequence=187_target_error_mm=50180_native_fallback=false
[Info   :ComfyNetworkSense] [07/31/2026 07:05:21] MOTION_AUTHORITY state=target_rejected run_id=native-20260731-c8-full28 client=omen action=none detail=sequence=187_target_error_mm=50183_native_fallback=false
[Info   :ComfyNetworkSense] [07/31/2026 07:05:21] MOTION_AUTHORITY state=target_rejected run_id=native-20260731-c8-full28 client=omen action=none detail=sequence=187_target_error_mm=50186_native_fallback=false
[Info   :ComfyNetworkSense] [07/31/2026 07:05:21] MOTION_AUTHORITY state=target_rejected run_id=native-20260731-c8-full28 client=omen action=none detail=sequence=187_target_error_mm=50189_native_fallback=false
[Info   :ComfyNetworkSense] [07/31/2026 07:05:21] MOTION_AUTHORITY state=target_rejected run_id=native-20260731-c8-full28 client=omen action=none detail=sequence=187_target_error_mm=50192_native_fallback=false
[Info   :ComfyNetworkSense] [07/31/2026 07:05:21] MOTION_AUTHORITY state=target_rejected run_id=native-20260731-c8-full28 client=omen action=none detail=sequence=187_target_error_mm=50195_native_fallback=false
[Info   :ComfyNetworkSense] [07/31/2026 07:05:21] MOTION_AUTHORITY state=target_rejected run_id=native-20260731-c8-full28 client=omen action=none detail=sequence=187_target_error_mm=50198_native_fallback=false
[Info   :ComfyNetworkSense] [07/31/2026 07:05:21] MOTION_AUTHORITY state=target_rejected run_id=native-20260731-c8-full28 client=omen action=none detail=sequence=188_target_error_mm=50241_native_fallback=false
[Info   :ComfyNetworkSense] [07/31/2026 07:05:21] MOTION_AUTHORITY state=target_rejected run_id=native-20260731-c8-full28 client=omen action=none detail=sequence=188_target_error_mm=50244_native_fallback=false
[Info   :ComfyNetworkSense] [07/31/2026 07:05:21] MOTION_AUTHORITY state=target_rejected run_id=native-20260731-c8-full28 client=omen action=none detail=sequence=188_target_error_mm=50247_native_fallback=false
[Info   :ComfyNetworkSense] [07/31/2026 07:05:21] MOTION_AUTHORITY state=target_rejected run_id=native-20260731-c8-full28 client=omen action=none detail=sequence=188_target_error_mm=50250_native_fallback=false
[Info   :ComfyNetworkSense] [07/31/2026 07:05:21] MOTION_AUTHORITY state=target_rejected run_id=native-20260731-c8-full28 client=omen action=none detail=sequence=188_target_error_mm=50253_native_fallback=false
[Info   :ComfyNetworkSense] [07/31/2026 07:05:21] MOTION_AUTHORITY state=target_rejected run_id=native-20260731-c8-full28 client=omen action=none detail=sequence=188_target_error_mm=50256_native_fallback=false
[Info   :ComfyNetworkSense] [07/31/2026 07:05:21] MOTION_AUTHORITY state=target_rejected run_id=native-20260731-c8-full28 client=omen action=none detail=sequence=189_target_error_mm=50238_native_fallback=false
[Info   :ComfyNetworkSense] [07/31/2026 07:05:21] MOTION_AUTHORITY state=target_rejected run_id=native-20260731-c8-full28 client=omen action=none detail=sequence=189_target_error_mm=50241_native_fallback=false
[Info   :ComfyNetworkSense] [07/31/2026 07:05:21] MOTION_AUTHORITY state=target_rejected run_id=native-20260731-c8-full28 client=omen action=none detail=sequence=189_target_error_mm=50244_native_fallback=false
[Info   :ComfyNetworkSense] [07/31/2026 07:05:21] MOTION_AUTHORITY state=target_rejected run_id=native-20260731-c8-full28 client=omen action=none detail=sequence=189_target_error_mm=50247_native_fallback=false
[Info   :ComfyNetworkSense] [07/31/2026 07:05:21] MOTION_AUTHORITY state=target_rejected run_id=native-20260731-c8-full28 client=omen action=none detail=sequence=189_target_error_mm=50250_native_fallback=false
[Info   :ComfyNetworkSense] [07/31/2026 07:05:21] MOTION_AUTHORITY state=target_rejected run_id=native-20260731-c8-full28 client=omen action=none detail=sequence=189_target_error_mm=50253_native_fallback=false
[Info   :ComfyNetworkSense] [07/31/2026 07:05:21] MOTION_AUTHORITY state=target_rejected run_id=native-20260731-c8-full28 client=omen action=none detail=sequence=189_target_error_mm=50256_native_fallback=false
[Info   :ComfyNetworkSense] [07/31/2026 07:05:21] MOTION_AUTHORITY state=target_rejected run_id=native-20260731-c8-full28 client=omen action=none detail=sequence=190_target_error_mm=50241_native_fallback=false
[Info   :ComfyNetworkSense] [07/31/2026 07:05:21] MOTION_AUTHORITY state=target_rejected run_id=native-20260731-c8-full28 client=omen action=none detail=sequence=190_target_error_mm=50244_native_fallback=false
[Info   :ComfyNetworkSense] [07/31/2026 07:05:21] MOTION_AUTHORITY state=target_rejected run_id=native-20260731-c8-full28 client=omen action=none detail=sequence=190_target_error_mm=50247_native_fallback=false
[Info   :ComfyNetworkSense] [07/31/2026 07:05:21] MOTION_AUTHORITY state=target_rejected run_id=native-20260731-c8-full28 client=omen action=none detail=sequence=190_target_error_mm=50250_native_fallback=false
[Info   :ComfyNetworkSense] [07/31/2026 07:05:21] MOTION_AUTHORITY state=target_rejected run_id=native-20260731-c8-full28 client=omen action=none detail=sequence=190_target_error_mm=50253_native_fallback=false
[Info   :ComfyNetworkSense] [07/31/2026 07:05:21] MOTION_AUTHORITY state=target_rejected run_id=native-20260731-c8-full28 client=omen action=none detail=sequence=190_target_error_mm=50256_native_fallback=false
[Info   :ComfyNetworkSense] [07/31/2026 07:05:21] MOTION_AUTHORITY state=target_rejected run_id=native-20260731-c8-full28 client=omen action=none detail=sequence=190_target_error_mm=50258_native_fallback=false
[Info   :ComfyNetworkSense] [07/31/2026 07:05:21] MOTION_AUTHORITY state=target_rejected run_id=native-20260731-c8-full28 client=omen action=none detail=sequence=190_target_error_mm=50261_native_fallback=false
[Info   :ComfyNetworkSense] [07/31/2026 07:05:21] MOTION_AUTHORITY state=target_rejected run_id=native-20260731-c8-full28 client=omen action=none detail=sequence=191_target_error_mm=50130_native_fallback=false
[Info   :ComfyNetworkSense] [07/31/2026 07:05:21] MOTION_AUTHORITY state=target_rejected run_id=native-20260731-c8-full28 client=omen action=none detail=sequence=191_target_error_mm=50133_native_fallback=false
[Info   :ComfyNetworkSense] [07/31/2026 07:05:21] MOTION_AUTHORITY state=target_rejected run_id=native-20260731-c8-full28 client=omen action=none detail=sequence=191_target_error_mm=50136_native_fallback=false
[Info   :ComfyNetworkSense] [07/31/2026 07:05:21] MOTION_AUTHORITY state=target_rejected run_id=native-20260731-c8-full28 client=omen action=none detail=sequence=191_target_error_mm=50139_native_fallback=false
[Info   :ComfyNetworkSense] [07/31/2026 07:05:21] MOTION_AUTHORITY state=target_rejected run_id=native-20260731-c8-full28 client=omen action=none detail=sequence=191_target_error_mm=50142_native_fallback=false
[Info   :ComfyNetworkSense] [07/31/2026 07:05:21] MOTION_AUTHORITY state=target_rejected run_id=native-20260731-c8-full28 client=omen action=none detail=sequence=191_target_error_mm=50144_native_fallback=false
[Info   :ComfyNetworkSense] [07/31/2026 07:05:21] MOTION_AUTHORITY state=target_rejected run_id=native-20260731-c8-full28 client=omen action=none detail=sequence=191_target_error_mm=50147_native_fallback=false
[Info   :ComfyNetworkSense] [07/31/2026 07:05:21] MOTION_AUTHORITY state=target_rejected run_id=native-20260731-c8-full28 client=omen action=none detail=sequence=192_target_error_mm=50202_native_fallback=false
[Info   :ComfyNetworkSense] [07/31/2026 07:05:21] MOTION_AUTHORITY state=target_rejected run_id=native-20260731-c8-full28 client=omen action=none detail=sequence=192_target_error_mm=50204_native_fallback=false
[Info   :ComfyNetworkSense] [07/31/2026 07:05:21] MOTION_AUTHORITY state=target_rejected run_id=native-20260731-c8-full28 client=omen action=none detail=sequence=192_target_error_mm=50207_native_fallback=false
[Info   :ComfyNetworkSense] [07/31/2026 07:05:21] MOTION_AUTHORITY state=target_rejected run_id=native-20260731-c8-full28 client=omen action=none detail=sequence=192_target_error_mm=50210_native_fallback=false
[Info   :ComfyNetworkSense] [07/31/2026 07:05:21] MOTION_AUTHORITY state=target_rejected run_id=native-20260731-c8-full28 client=omen action=none detail=sequence=192_target_error_mm=50213_native_fallback=false
[Info   :ComfyNetworkSense] [07/31/2026 07:05:21] MOTION_AUTHORITY state=target_rejected run_id=native-20260731-c8-full28 client=omen action=none detail=sequence=192_target_error_mm=50216_native_fallback=false
[Info   :ComfyNetworkSense] [07/31/2026 07:05:21] MOTION_AUTHORITY state=target_rejected run_id=native-20260731-c8-full28 client=omen action=none detail=sequence=192_target_error_mm=50219_native_fallback=false
[Info   :ComfyNetworkSense] [07/31/2026 07:05:21] MOTION_AUTHORITY state=target_rejected run_id=native-20260731-c8-full28 client=omen action=none detail=sequence=193_target_error_mm=50252_native_fallback=false
[Info   :ComfyNetworkSense] [07/31/2026 07:05:21] MOTION_AUTHORITY state=target_rejected run_id=native-20260731-c8-full28 client=omen action=none detail=sequence=193_target_error_mm=50255_native_fallback=false
[Info   :ComfyNetworkSense] [07/31/2026 07:05:21] MOTION_AUTHORITY state=target_rejected run_id=native-20260731-c8-full28 client=omen action=none detail=sequence=193_target_error_mm=50258_native_fallback=false
[Info   :ComfyNetworkSense] [07/31/2026 07:05:21] MOTION_AUTHORITY state=target_rejected run_id=native-20260731-c8-full28 client=omen action=none detail=sequence=193_target_error_mm=50261_native_fallback=false
[Info   :ComfyNetworkSense] [07/31/2026 07:05:21] MOTION_AUTHORITY state=target_rejected run_id=native-20260731-c8-full28 client=omen action=none detail=sequence=193_target_error_mm=50264_native_fallback=false
[Info   :ComfyNetworkSense] [07/31/2026 07:05:21] MOTION_AUTHORITY state=target_rejected run_id=native-20260731-c8-full28 client=omen action=none detail=sequence=193_target_error_mm=50267_native_fallback=false
[Info   :ComfyNetworkSense] [07/31/2026 07:05:21] MOTION_AUTHORITY state=target_rejected run_id=native-20260731-c8-full28 client=omen action=none detail=sequence=193_target_error_mm=50270_native_fallback=false
[Info   :ComfyNetworkSense] [07/31/2026 07:05:21] MOTION_AUTHORITY state=target_rejected run_id=native-20260731-c8-full28 client=omen action=none detail=sequence=193_target_error_mm=50273_native_fallback=false
[Info   :ComfyNetworkSense] [07/31/2026 07:05:21] MOTION_AUTHORITY state=target_rejected run_id=native-20260731-c8-full28 client=omen action=none detail=sequence=194_target_error_mm=50259_native_fallback=false
[Info   :ComfyNetworkSense] [07/31/2026 07:05:21] MOTION_AUTHORITY state=target_rejected run_id=native-20260731-c8-full28 client=omen action=none detail=sequence=194_target_error_mm=50262_native_fallback=false
[Info   :ComfyNetworkSense] [07/31/2026 07:05:21] MOTION_AUTHORITY state=target_rejected run_id=native-20260731-c8-full28 client=omen action=none detail=sequence=194_target_error_mm=50265_native_fallback=false
[Info   :ComfyNetworkSense] [07/31/2026 07:05:21] MOTION_AUTHORITY state=target_rejected run_id=native-20260731-c8-full28 client=omen action=none detail=sequence=194_target_error_mm=50268_native_fallback=false
[Info   :ComfyNetworkSense] [07/31/2026 07:05:21] MOTION_AUTHORITY state=target_rejected run_id=native-20260731-c8-full28 client=omen action=none detail=sequence=194_target_error_mm=50271_native_fallback=false
[Info   :ComfyNetworkSense] [07/31/2026 07:05:21] MOTION_AUTHORITY state=target_rejected run_id=native-20260731-c8-full28 client=omen action=none detail=sequence=194_target_error_mm=50274_native_fallback=false
[Info   :ComfyNetworkSense] [07/31/2026 07:05:21] MOTION_AUTHORITY state=target_rejected run_id=native-20260731-c8-full28 client=omen action=none detail=sequence=194_target_error_mm=50277_native_fallback=false
[Info   :ComfyNetworkSense] [07/31/2026 07:05:21] MOTION_AUTHORITY state=target_rejected run_id=native-20260731-c8-full28 client=omen action=none detail=sequence=195_target_error_mm=50196_native_fallback=false
[Info   :ComfyNetworkSense] [07/31/2026 07:05:21] MOTION_AUTHORITY state=target_rejected run_id=native-20260731-c8-full28 client=omen action=none detail=sequence=195_target_error_mm=50199_native_fallback=false
[Info   :ComfyNetworkSense] [07/31/2026 07:05:21] MOTION_AUTHORITY state=target_rejected run_id=native-20260731-c8-full28 client=omen action=none detail=sequence=195_target_error_mm=50202_native_fallback=false
[Info   :ComfyNetworkSense] [07/31/2026 07:05:21] MOTION_AUTHORITY state=target_rejected run_id=native-20260731-c8-full28 client=omen action=none detail=sequence=195_target_error_mm=50208_native_fallback=false
[Info   :ComfyNetworkSense] [07/31/2026 07:05:21] MOTION_AUTHORITY state=target_rejected run_id=native-20260731-c8-full28 client=omen action=none detail=sequence=195_target_error_mm=50211_native_fallback=false
[Info   :ComfyNetworkSense] [07/31/2026 07:05:21] MOTION_AUTHORITY state=target_rejected run_id=native-20260731-c8-full28 client=omen action=none detail=sequence=196_target_error_mm=50266_native_fallback=false
[Info   :ComfyNetworkSense] [07/31/2026 07:05:21] MOTION_AUTHORITY state=target_rejected run_id=native-20260731-c8-full28 client=omen action=none detail=sequence=196_target_error_mm=50269_native_fallback=false
[Info   :ComfyNetworkSense] [07/31/2026 07:05:21] MOTION_AUTHORITY state=target_rejected run_id=native-20260731-c8-full28 client=omen action=none detail=sequence=196_target_error_mm=50272_native_fallback=false
[Info   :ComfyNetworkSense] [07/31/2026 07:05:21] MOTION_AUTHORITY state=target_rejected run_id=native-20260731-c8-full28 client=omen action=none detail=sequence=196_target_error_mm=50275_native_fallback=false
[Info   :ComfyNetworkSense] [07/31/2026 07:05:22] MOTION_AUTHORITY state=target_rejected run_id=native-20260731-c8-full28 client=omen action=none detail=sequence=196_target_error_mm=50278_native_fallback=false
[Info   :ComfyNetworkSense] [07/31/2026 07:05:22] MOTION_AUTHORITY state=target_rejected run_id=native-20260731-c8-full28 client=omen action=none detail=sequence=196_target_error_mm=50282_native_fallback=false
[Info   :ComfyNetworkSense] [07/31/2026 07:05:22] MOTION_AUTHORITY state=target_rejected run_id=native-20260731-c8-full28 client=omen action=none detail=sequence=196_target_error_mm=50284_native_fallback=false
[Info   :ComfyNetworkSense] [07/31/2026 07:05:22] MOTION_AUTHORITY state=target_rejected run_id=native-20260731-c8-full28 client=omen action=none detail=sequence=196_target_error_mm=50287_native_fallback=false
[Info   :ComfyNetworkSense] [07/31/2026 07:05:22] MOTION_AUTHORITY state=target_rejected run_id=native-20260731-c8-full28 client=omen action=none detail=sequence=197_target_error_mm=50272_native_fallback=false
[Info   :ComfyNetworkSense] [07/31/2026 07:05:22] MOTION_AUTHORITY state=target_rejected run_id=native-20260731-c8-full28 client=omen action=none detail=sequence=197_target_error_mm=50275_native_fallback=false
[Info   :ComfyNetworkSense] [07/31/2026 07:05:22] MOTION_AUTHORITY state=target_rejected run_id=native-20260731-c8-full28 client=omen action=none detail=sequence=197_target_error_mm=50278_native_fallback=false
[Info   :ComfyNetworkSense] [07/31/2026 07:05:22] MOTION_AUTHORITY state=target_rejected run_id=native-20260731-c8-full28 client=omen action=none detail=sequence=197_target_error_mm=50281_native_fallback=false
[Info   :ComfyNetworkSense] [07/31/2026 07:05:22] MOTION_AUTHORITY state=target_rejected run_id=native-20260731-c8-full28 client=omen action=none detail=sequence=197_target_error_mm=50284_native_fallback=false
[Info   :ComfyNetworkSense] [07/31/2026 07:05:22] MOTION_AUTHORITY state=target_rejected run_id=native-20260731-c8-full28 client=omen action=none detail=sequence=197_target_error_mm=50287_native_fallback=false
[Info   :ComfyNetworkSense] [07/31/2026 07:05:22] MOTION_AUTHORITY state=target_rejected run_id=native-20260731-c8-full28 client=omen action=none detail=sequence=197_target_error_mm=50290_native_fallback=false
[Info   :ComfyNetworkSense] [07/31/2026 07:05:22] MOTION_AUTHORITY state=target_rejected run_id=native-20260731-c8-full28 client=omen action=none detail=sequence=198_target_error_mm=50201_native_fallback=false
[Info   :ComfyNetworkSense] [07/31/2026 07:05:22] MOTION_AUTHORITY state=target_rejected run_id=native-20260731-c8-full28 client=omen action=none detail=sequence=198_target_error_mm=50203_native_fallback=false
[Info   :ComfyNetworkSense] [07/31/2026 07:05:22] MOTION_AUTHORITY state=target_rejected run_id=native-20260731-c8-full28 client=omen action=none detail=sequence=198_target_error_mm=50206_native_fallback=false
[Info   :ComfyNetworkSense] [07/31/2026 07:05:22] MOTION_AUTHORITY state=target_rejected run_id=native-20260731-c8-full28 client=omen action=none detail=sequence=198_target_error_mm=50209_native_fallback=false
[Info   :ComfyNetworkSense] [07/31/2026 07:05:22] MOTION_AUTHORITY state=target_rejected run_id=native-20260731-c8-full28 client=omen action=none detail=sequence=198_target_error_mm=50212_native_fallback=false
[Info   :ComfyNetworkSense] [07/31/2026 07:05:22] MOTION_AUTHORITY state=target_rejected run_id=native-20260731-c8-full28 client=omen action=none detail=sequence=198_target_error_mm=50215_native_fallback=false
[Info   :ComfyNetworkSense] [07/31/2026 07:05:22] MOTION_AUTHORITY state=target_rejected run_id=native-20260731-c8-full28 client=omen action=none detail=sequence=198_target_error_mm=50218_native_fallback=false
[Info   :ComfyNetworkSense] [07/31/2026 07:05:22] MOTION_AUTHORITY state=target_rejected run_id=native-20260731-c8-full28 client=omen action=none detail=sequence=199_target_error_mm=50283_native_fallback=false
[Info   :ComfyNetworkSense] [07/31/2026 07:05:22] MOTION_AUTHORITY state=target_rejected run_id=native-20260731-c8-full28 client=omen action=none detail=sequence=199_target_error_mm=50286_native_fallback=false
[Info   :ComfyNetworkSense] [07/31/2026 07:05:22] MOTION_AUTHORITY state=target_rejected run_id=native-20260731-c8-full28 client=omen action=none detail=sequence=199_target_error_mm=50289_native_fallback=false
[Info   :ComfyNetworkSense] [07/31/2026 07:05:22] MOTION_AUTHORITY state=target_rejected run_id=native-20260731-c8-full28 client=omen action=none detail=sequence=199_target_error_mm=50292_native_fallback=false
[Info   :ComfyNetworkSense] [07/31/2026 07:05:22] MOTION_AUTHORITY state=target_rejected run_id=native-20260731-c8-full28 client=omen action=none detail=sequence=199_target_error_mm=50295_native_fallback=false
[Info   :ComfyNetworkSense] [07/31/2026 07:05:22] MOTION_AUTHORITY state=target_rejected run_id=native-20260731-c8-full28 client=omen action=none detail=sequence=199_target_error_mm=50298_native_fallback=false
[Info   :ComfyNetworkSense] [07/31/2026 07:05:22] MOTION_AUTHORITY state=target_rejected run_id=native-20260731-c8-full28 client=omen action=none detail=sequence=199_target_error_mm=50301_native_fallback=false
[Info   :ComfyNetworkSense] [07/31/2026 07:05:22] MOTION_AUTHORITY state=target_rejected run_id=native-20260731-c8-full28 client=omen action=none detail=sequence=199_target_error_mm=50304_native_fallback=false
[Info   :ComfyNetworkSense] [07/31/2026 07:05:22] MOTION_AUTHORITY state=target_rejected run_id=native-20260731-c8-full28 client=omen action=none detail=sequence=200_target_error_mm=50289_native_fallback=false
[Info   :ComfyNetworkSense] [07/31/2026 07:05:22] MOTION_AUTHORITY state=target_rejected run_id=native-20260731-c8-full28 client=omen action=none detail=sequence=200_target_error_mm=50292_native_fallback=false
[Info   :ComfyNetworkSense] [07/31/2026 07:05:22] MOTION_AUTHORITY state=target_rejected run_id=native-20260731-c8-full28 client=omen action=none detail=sequence=200_target_error_mm=50295_native_fallback=false
[Info   :ComfyNetworkSense] [07/31/2026 07:05:22] MOTION_AUTHORITY state=target_rejected run_id=native-20260731-c8-full28 client=omen action=none detail=sequence=200_target_error_mm=50298_native_fallback=false
[Info   :ComfyNetworkSense] [07/31/2026 07:05:22] MOTION_AUTHORITY state=target_rejected run_id=native-20260731-c8-full28 client=omen action=none detail=sequence=200_target_error_mm=50301_native_fallback=false
[Info   :ComfyNetworkSense] [07/31/2026 07:05:22] MOTION_AUTHORITY state=target_rejected run_id=native-20260731-c8-full28 client=omen action=none detail=sequence=200_target_error_mm=50304_native_fallback=false
[Info   :ComfyNetworkSense] [07/31/2026 07:05:22] MOTION_AUTHORITY state=target_rejected run_id=native-20260731-c8-full28 client=omen action=none detail=sequence=200_target_error_mm=50307_native_fallback=false
[Info   :ComfyNetworkSense] [07/31/2026 07:05:22] MOTION_AUTHORITY state=target_rejected run_id=native-20260731-c8-full28 client=omen action=none detail=sequence=201_target_error_mm=50111_native_fallback=false
[Info   :ComfyNetworkSense] [07/31/2026 07:05:22] MOTION_AUTHORITY state=target_rejected run_id=native-20260731-c8-full28 client=omen action=none detail=sequence=201_target_error_mm=50114_native_fallback=false
[Info   :ComfyNetworkSense] [07/31/2026 07:05:22] MOTION_AUTHORITY state=target_rejected run_id=native-20260731-c8-full28 client=omen action=none detail=sequence=201_target_error_mm=50117_native_fallback=false
[Info   :ComfyNetworkSense] [07/31/2026 07:05:22] MOTION_AUTHORITY state=target_rejected run_id=native-20260731-c8-full28 client=omen action=none detail=sequence=201_target_error_mm=50120_native_fallback=false
[Info   :ComfyNetworkSense] [07/31/2026 07:05:22] MOTION_AUTHORITY state=target_rejected run_id=native-20260731-c8-full28 client=omen action=none detail=sequence=201_target_error_mm=50123_native_fallback=false
[Info   :ComfyNetworkSense] [07/31/2026 07:05:22] MOTION_AUTHORITY state=target_rejected run_id=native-20260731-c8-full28 client=omen action=none detail=sequence=201_target_error_mm=50126_native_fallback=false
[Info   :ComfyNetworkSense] [07/31/2026 07:05:22] MOTION_AUTHORITY state=target_rejected run_id=native-20260731-c8-full28 client=omen action=none detail=sequence=202_target_error_mm=50300_native_fallback=false
[Info   :ComfyNetworkSense] [07/31/2026 07:05:22] MOTION_AUTHORITY state=target_rejected run_id=native-20260731-c8-full28 client=omen action=none detail=sequence=202_target_error_mm=50303_native_fallback=false
[Info   :ComfyNetworkSense] [07/31/2026 07:05:22] MOTION_AUTHORITY state=target_rejected run_id=native-20260731-c8-full28 client=omen action=none detail=sequence=202_target_error_mm=50306_native_fallback=false
[Info   :ComfyNetworkSense] [07/31/2026 07:05:22] MOTION_AUTHORITY state=target_rejected run_id=native-20260731-c8-full28 client=omen action=none detail=sequence=202_target_error_mm=50309_native_fallback=false
[Info   :ComfyNetworkSense] [07/31/2026 07:05:22] MOTION_AUTHORITY state=target_rejected run_id=native-20260731-c8-full28 client=omen action=none detail=sequence=202_target_error_mm=50312_native_fallback=false
[Info   :ComfyNetworkSense] [07/31/2026 07:05:22] MOTION_AUTHORITY state=target_rejected run_id=native-20260731-c8-full28 client=omen action=none detail=sequence=202_target_error_mm=50314_native_fallback=false
[Info   :ComfyNetworkSense] [07/31/2026 07:05:22] MOTION_AUTHORITY state=target_rejected run_id=native-20260731-c8-full28 client=omen action=none detail=sequence=202_target_error_mm=50317_native_fallback=false
[Info   :ComfyNetworkSense] [07/31/2026 07:05:22] MOTION_AUTHORITY state=target_rejected run_id=native-20260731-c8-full28 client=omen action=none detail=sequence=203_target_error_mm=50305_native_fallback=false
[Info   :ComfyNetworkSense] [07/31/2026 07:05:22] MOTION_AUTHORITY state=target_rejected run_id=native-20260731-c8-full28 client=omen action=none detail=sequence=203_target_error_mm=50308_native_fallback=false
[Info   :ComfyNetworkSense] [07/31/2026 07:05:22] MOTION_AUTHORITY state=target_rejected run_id=native-20260731-c8-full28 client=omen action=none detail=sequence=203_target_error_mm=50311_native_fallback=false
[Info   :ComfyNetworkSense] [07/31/2026 07:05:22] MOTION_AUTHORITY state=target_rejected run_id=native-20260731-c8-full28 client=omen action=none detail=sequence=203_target_error_mm=50316_native_fallback=false
[Info   :ComfyNetworkSense] [07/31/2026 07:05:22] MOTION_AUTHORITY state=target_rejected run_id=native-20260731-c8-full28 client=omen action=none detail=sequence=203_target_error_mm=50319_native_fallback=false
[Info   :ComfyNetworkSense] [07/31/2026 07:05:22] MOTION_AUTHORITY state=target_rejected run_id=native-20260731-c8-full28 client=omen action=none detail=sequence=203_target_error_mm=50322_native_fallback=false
[Info   :ComfyNetworkSense] [07/31/2026 07:05:22] MOTION_AUTHORITY state=target_rejected run_id=native-20260731-c8-full28 client=omen action=none detail=sequence=203_target_error_mm=50325_native_fallback=false
[Info   :ComfyNetworkSense] [07/31/2026 07:05:22] MOTION_AUTHORITY state=target_rejected run_id=native-20260731-c8-full28 client=omen action=none detail=sequence=203_target_error_mm=50328_native_fallback=false
[Info   :ComfyNetworkSense] [07/31/2026 07:05:22] MOTION_AUTHORITY state=target_rejected run_id=native-20260731-c8-full28 client=omen action=none detail=sequence=204_target_error_mm=50120_native_fallback=false
[Info   :ComfyNetworkSense] [07/31/2026 07:05:22] MOTION_AUTHORITY state=target_rejected run_id=native-20260731-c8-full28 client=omen action=none detail=sequence=204_target_error_mm=50123_native_fallback=false
[Info   :ComfyNetworkSense] [07/31/2026 07:05:22] MOTION_AUTHORITY state=target_rejected run_id=native-20260731-c8-full28 client=omen action=none detail=sequence=204_target_error_mm=50126_native_fallback=false
[Info   :ComfyNetworkSense] [07/31/2026 07:05:22] MOTION_AUTHORITY state=target_rejected run_id=native-20260731-c8-full28 client=omen action=none detail=sequence=204_target_error_mm=50129_native_fallback=false
[Info   :ComfyNetworkSense] [07/31/2026 07:05:22] MOTION_AUTHORITY state=target_rejected run_id=native-20260731-c8-full28 client=omen action=none detail=sequence=204_target_error_mm=50132_native_fallback=false
[Info   :ComfyNetworkSense] [07/31/2026 07:05:22] MOTION_AUTHORITY state=target_rejected run_id=native-20260731-c8-full28 client=omen action=none detail=sequence=204_target_error_mm=50135_native_fallback=false
[Info   :ComfyNetworkSense] [07/31/2026 07:05:22] MOTION_AUTHORITY state=target_rejected run_id=native-20260731-c8-full28 client=omen action=none detail=sequence=205_target_error_mm=50320_native_fallback=false
[Info   :ComfyNetworkSense] [07/31/2026 07:05:22] MOTION_AUTHORITY state=target_rejected run_id=native-20260731-c8-full28 client=omen action=none detail=sequence=205_target_error_mm=50323_native_fallback=false
[Info   :ComfyNetworkSense] [07/31/2026 07:05:22] MOTION_AUTHORITY state=target_rejected run_id=native-20260731-c8-full28 client=omen action=none detail=sequence=205_target_error_mm=50326_native_fallback=false
[Info   :ComfyNetworkSense] [07/31/2026 07:05:22] MOTION_AUTHORITY state=target_rejected run_id=native-20260731-c8-full28 client=omen action=none detail=sequence=205_target_error_mm=50329_native_fallback=false
[Info   :ComfyNetworkSense] [07/31/2026 07:05:22] MOTION_AUTHORITY state=target_rejected run_id=native-20260731-c8-full28 client=omen action=none detail=sequence=205_target_error_mm=50332_native_fallback=false
[Info   :ComfyNetworkSense] [07/31/2026 07:05:22] MOTION_AUTHORITY state=target_rejected run_id=native-20260731-c8-full28 client=omen action=none detail=sequence=205_target_error_mm=50335_native_fallback=false
[Info   :ComfyNetworkSense] [07/31/2026 07:05:22] MOTION_AUTHORITY state=target_rejected run_id=native-20260731-c8-full28 client=omen action=none detail=sequence=205_target_error_mm=50338_native_fallback=false
[Info   :ComfyNetworkSense] [07/31/2026 07:05:22] MOTION_AUTHORITY state=target_rejected run_id=native-20260731-c8-full28 client=omen action=none detail=sequence=206_target_error_mm=50328_native_fallback=false
[Info   :ComfyNetworkSense] [07/31/2026 07:05:22] MOTION_AUTHORITY state=target_rejected run_id=native-20260731-c8-full28 client=omen action=none detail=sequence=206_target_error_mm=50331_native_fallback=false
[Info   :ComfyNetworkSense] [07/31/2026 07:05:22] MOTION_AUTHORITY state=target_rejected run_id=native-20260731-c8-full28 client=omen action=none detail=sequence=206_target_error_mm=50334_native_fallback=false
[Info   :ComfyNetworkSense] [07/31/2026 07:05:22] MOTION_AUTHORITY state=target_rejected run_id=native-20260731-c8-full28 client=omen action=none detail=sequence=206_target_error_mm=50337_native_fallback=false
[Info   :ComfyNetworkSense] [07/31/2026 07:05:22] MOTION_AUTHORITY state=target_rejected run_id=native-20260731-c8-full28 client=omen action=none detail=sequence=206_target_error_mm=50340_native_fallback=false
[Info   :ComfyNetworkSense] [07/31/2026 07:05:22] MOTION_AUTHORITY state=target_rejected run_id=native-20260731-c8-full28 client=omen action=none detail=sequence=206_target_error_mm=50343_native_fallback=false
[Info   :ComfyNetworkSense] [07/31/2026 07:05:22] MOTION_AUTHORITY state=target_rejected run_id=native-20260731-c8-full28 client=omen action=none detail=sequence=206_target_error_mm=50346_native_fallback=false
[Info   :ComfyNetworkSense] [07/31/2026 07:05:22] MOTION_AUTHORITY state=target_rejected run_id=native-20260731-c8-full28 client=omen action=none detail=sequence=207_target_error_mm=50335_native_fallback=false
[Info   :ComfyNetworkSense] [07/31/2026 07:05:22] MOTION_AUTHORITY state=target_rejected run_id=native-20260731-c8-full28 client=omen action=none detail=sequence=207_target_error_mm=50338_native_fallback=false
[Info   :ComfyNetworkSense] [07/31/2026 07:05:22] MOTION_AUTHORITY state=target_rejected run_id=native-20260731-c8-full28 client=omen action=none detail=sequence=207_target_error_mm=50341_native_fallback=false
[Info   :ComfyNetworkSense] [07/31/2026 07:05:22] MOTION_AUTHORITY state=target_rejected run_id=native-20260731-c8-full28 client=omen action=none detail=sequence=207_target_error_mm=50344_native_fallback=false
[Info   :ComfyNetworkSense] [07/31/2026 07:05:22] MOTION_AUTHORITY state=target_rejected run_id=native-20260731-c8-full28 client=omen action=none detail=sequence=207_target_error_mm=50347_native_fallback=false
[Info   :ComfyNetworkSense] [07/31/2026 07:05:22] MOTION_AUTHORITY state=target_rejected run_id=native-20260731-c8-full28 client=omen action=none detail=sequence=207_target_error_mm=50350_native_fallback=false
[Info   :ComfyNetworkSense] [07/31/2026 07:05:22] MOTION_AUTHORITY state=target_rejected run_id=native-20260731-c8-full28 client=omen action=none detail=sequence=208_target_error_mm=50338_native_fallback=false
[Info   :ComfyNetworkSense] [07/31/2026 07:05:22] MOTION_AUTHORITY state=target_rejected run_id=native-20260731-c8-full28 client=omen action=none detail=sequence=208_target_error_mm=50341_native_fallback=false
[Info   :ComfyNetworkSense] [07/31/2026 07:05:22] MOTION_AUTHORITY state=target_rejected run_id=native-20260731-c8-full28 client=omen action=none detail=sequence=208_target_error_mm=50344_native_fallback=false
[Info   :ComfyNetworkSense] [07/31/2026 07:05:22] MOTION_AUTHORITY state=target_rejected run_id=native-20260731-c8-full28 client=omen action=none detail=sequence=208_target_error_mm=50347_native_fallback=false
[Info   :ComfyNetworkSense] [07/31/2026 07:05:22] MOTION_AUTHORITY state=target_rejected run_id=native-20260731-c8-full28 client=omen action=none detail=sequence=208_target_error_mm=50350_native_fallback=false
[Info   :ComfyNetworkSense] [07/31/2026 07:05:22] MOTION_AUTHORITY state=target_rejected run_id=native-20260731-c8-full28 client=omen action=none detail=sequence=208_target_error_mm=50353_native_fallback=false
[Info   :ComfyNetworkSense] [07/31/2026 07:05:22] MOTION_AUTHORITY state=target_rejected run_id=native-20260731-c8-full28 client=omen action=none detail=sequence=208_target_error_mm=50356_native_fallback=false
[Info   :ComfyNetworkSense] [07/31/2026 07:05:22] MOTION_AUTHORITY state=target_rejected run_id=native-20260731-c8-full28 client=omen action=none detail=sequence=209_target_error_mm=50121_native_fallback=false
[Info   :ComfyNetworkSense] [07/31/2026 07:05:22] MOTION_AUTHORITY state=target_rejected run_id=native-20260731-c8-full28 client=omen action=none detail=sequence=209_target_error_mm=50124_native_fallback=false
[Info   :ComfyNetworkSense] [07/31/2026 07:05:22] MOTION_AUTHORITY state=target_rejected run_id=native-20260731-c8-full28 client=omen action=none detail=sequence=209_target_error_mm=50127_native_fallback=false
[Info   :ComfyNetworkSense] [07/31/2026 07:05:22] MOTION_AUTHORITY state=target_rejected run_id=native-20260731-c8-full28 client=omen action=none detail=sequence=209_target_error_mm=50130_native_fallback=false
[Info   :ComfyNetworkSense] [07/31/2026 07:05:22] MOTION_AUTHORITY state=target_rejected run_id=native-20260731-c8-full28 client=omen action=none detail=sequence=209_target_error_mm=50133_native_fallback=false
[Info   :ComfyNetworkSense] [07/31/2026 07:05:22] MOTION_AUTHORITY state=target_rejected run_id=native-20260731-c8-full28 client=omen action=none detail=sequence=209_target_error_mm=50136_native_fallback=false
[Info   :ComfyNetworkSense] [07/31/2026 07:05:22] MOTION_AUTHORITY state=target_rejected run_id=native-20260731-c8-full28 client=omen action=none detail=sequence=209_target_error_mm=50139_native_fallback=false
[Info   :ComfyNetworkSense] [07/31/2026 07:05:22] MOTION_AUTHORITY state=target_rejected run_id=native-20260731-c8-full28 client=omen action=none detail=sequence=209_target_error_mm=50141_native_fallback=false
[Info   :ComfyNetworkSense] [07/31/2026 07:05:22] MOTION_AUTHORITY state=target_rejected run_id=native-20260731-c8-full28 client=omen action=none detail=sequence=210_target_error_mm=50260_native_fallback=false
[Info   :ComfyNetworkSense] [07/31/2026 07:05:22] MOTION_AUTHORITY state=target_rejected run_id=native-20260731-c8-full28 client=omen action=none detail=sequence=210_target_error_mm=50263_native_fallback=false
[Info   :ComfyNetworkSense] [07/31/2026 07:05:22] MOTION_AUTHORITY state=target_rejected run_id=native-20260731-c8-full28 client=omen action=none detail=sequence=210_target_error_mm=50266_native_fallback=false
[Info   :ComfyNetworkSense] [07/31/2026 07:05:22] MOTION_AUTHORITY state=target_rejected run_id=native-20260731-c8-full28 client=omen action=none detail=sequence=210_target_error_mm=50269_native_fallback=false
[Info   :ComfyNetworkSense] [07/31/2026 07:05:22] MOTION_AUTHORITY state=target_rejected run_id=native-20260731-c8-full28 client=omen action=none detail=sequence=210_target_error_mm=50272_native_fallback=false
[Info   :ComfyNetworkSense] [07/31/2026 07:05:22] MOTION_AUTHORITY state=target_rejected run_id=native-20260731-c8-full28 client=omen action=none detail=sequence=210_target_error_mm=50275_native_fallback=false
[Info   :ComfyNetworkSense] [07/31/2026 07:05:22] MOTION_AUTHORITY state=target_rejected run_id=native-20260731-c8-full28 client=omen action=none detail=sequence=210_target_error_mm=50278_native_fallback=false
[Info   :ComfyNetworkSense] [07/31/2026 07:05:22] MOTION_AUTHORITY state=target_rejected run_id=native-20260731-c8-full28 client=omen action=none detail=sequence=211_target_error_mm=50365_native_fallback=false
[Info   :ComfyNetworkSense] [07/31/2026 07:05:22] MOTION_AUTHORITY state=target_rejected run_id=native-20260731-c8-full28 client=omen action=none detail=sequence=211_target_error_mm=50368_native_fallback=false
[Info   :ComfyNetworkSense] [07/31/2026 07:05:22] MOTION_AUTHORITY state=target_rejected run_id=native-20260731-c8-full28 client=omen action=none detail=sequence=211_target_error_mm=50371_native_fallback=false
[Info   :ComfyNetworkSense] [07/31/2026 07:05:22] MOTION_AUTHORITY state=target_rejected run_id=native-20260731-c8-full28 client=omen action=none detail=sequence=211_target_error_mm=50374_native_fallback=false
[Info   :ComfyNetworkSense] [07/31/2026 07:05:22] MOTION_AUTHORITY state=target_rejected run_id=native-20260731-c8-full28 client=omen action=none detail=sequence=211_target_error_mm=50377_native_fallback=false
[Info   :ComfyNetworkSense] [07/31/2026 07:05:22] MOTION_AUTHORITY state=target_rejected run_id=native-20260731-c8-full28 client=omen action=none detail=sequence=211_target_error_mm=50380_native_fallback=false
[Info   :ComfyNetworkSense] [07/31/2026 07:05:22] MOTION_AUTHORITY state=target_rejected run_id=native-20260731-c8-full28 client=omen action=none detail=sequence=211_target_error_mm=50383_native_fallback=false
[Info   :ComfyNetworkSense] [07/31/2026 07:05:22] MOTION_AUTHORITY state=target_rejected run_id=native-20260731-c8-full28 client=omen action=none detail=sequence=211_target_error_mm=50386_native_fallback=false
[Info   :ComfyNetworkSense] [07/31/2026 07:05:22] MOTION_AUTHORITY state=target_rejected run_id=native-20260731-c8-full28 client=omen action=none detail=sequence=212_target_error_mm=50376_native_fallback=false
[Info   :ComfyNetworkSense] [07/31/2026 07:05:22] MOTION_AUTHORITY state=target_rejected run_id=native-20260731-c8-full28 client=omen action=none detail=sequence=212_target_error_mm=50379_native_fallback=false
[Info   :ComfyNetworkSense] [07/31/2026 07:05:22] MOTION_AUTHORITY state=target_rejected run_id=native-20260731-c8-full28 client=omen action=none detail=sequence=212_target_error_mm=50382_native_fallback=false
[Info   :ComfyNetworkSense] [07/31/2026 07:05:22] MOTION_AUTHORITY state=target_rejected run_id=native-20260731-c8-full28 client=omen action=none detail=sequence=212_target_error_mm=50385_native_fallback=false
[Info   :ComfyNetworkSense] [07/31/2026 07:05:22] MOTION_AUTHORITY state=target_rejected run_id=native-20260731-c8-full28 client=omen action=none detail=sequence=212_target_error_mm=50388_native_fallback=false
[Info   :ComfyNetworkSense] [07/31/2026 07:05:22] MOTION_AUTHORITY state=target_rejected run_id=native-20260731-c8-full28 client=omen action=none detail=sequence=212_target_error_mm=50391_native_fallback=false
[Info   :ComfyNetworkSense] [07/31/2026 07:05:22] MOTION_AUTHORITY state=target_rejected run_id=native-20260731-c8-full28 client=omen action=none detail=sequence=212_target_error_mm=50394_native_fallback=false
[Info   :ComfyNetworkSense] [07/31/2026 07:05:22] MOTION_AUTHORITY state=target_rejected run_id=native-20260731-c8-full28 client=omen action=none detail=sequence=213_target_error_mm=50383_native_fallback=false
[Info   :ComfyNetworkSense] [07/31/2026 07:05:22] MOTION_AUTHORITY state=target_rejected run_id=native-20260731-c8-full28 client=omen action=none detail=sequence=213_target_error_mm=50386_native_fallback=false
[Info   :ComfyNetworkSense] [07/31/2026 07:05:22] MOTION_AUTHORITY state=target_rejected run_id=native-20260731-c8-full28 client=omen action=none detail=sequence=213_target_error_mm=50389_native_fallback=false
[Info   :ComfyNetworkSense] [07/31/2026 07:05:22] MOTION_AUTHORITY state=target_rejected run_id=native-20260731-c8-full28 client=omen action=none detail=sequence=213_target_error_mm=50392_native_fallback=false
[Info   :ComfyNetworkSense] [07/31/2026 07:05:22] MOTION_AUTHORITY state=target_rejected run_id=native-20260731-c8-full28 client=omen action=none detail=sequence=213_target_error_mm=50395_native_fallback=false
[Info   :ComfyNetworkSense] [07/31/2026 07:05:22] MOTION_AUTHORITY state=target_rejected run_id=native-20260731-c8-full28 client=omen action=none detail=sequence=213_target_error_mm=50398_native_fallback=false
[Info   :ComfyNetworkSense] [07/31/2026 07:05:22] MOTION_AUTHORITY state=target_rejected run_id=native-20260731-c8-full28 client=omen action=none detail=sequence=213_target_error_mm=50401_native_fallback=false
[Info   :ComfyNetworkSense] [07/31/2026 07:05:22] MOTION_AUTHORITY state=target_rejected run_id=native-20260731-c8-full28 client=omen action=none detail=sequence=213_target_error_mm=50404_native_fallback=false
[Info   :ComfyNetworkSense] [07/31/2026 07:05:22] MOTION_AUTHORITY state=target_rejected run_id=native-20260731-c8-full28 client=omen action=none detail=sequence=213_target_error_mm=50407_native_fallback=false
[Info   :ComfyNetworkSense] [07/31/2026 07:05:22] MOTION_AUTHORITY state=target_rejected run_id=native-20260731-c8-full28 client=omen action=none detail=sequence=213_target_error_mm=50410_native_fallback=false
[Info   :ComfyNetworkSense] [07/31/2026 07:05:22] MOTION_AUTHORITY state=target_rejected run_id=native-20260731-c8-full28 client=omen action=none detail=sequence=213_target_error_mm=50413_native_fallback=false
[Info   :ComfyNetworkSense] [07/31/2026 07:05:22] MOTION_AUTHORITY state=target_rejected run_id=native-20260731-c8-full28 client=omen action=none detail=sequence=213_target_error_mm=50417_native_fallback=false
[Info   :ComfyNetworkSense] [07/31/2026 07:05:22] MOTION_AUTHORITY state=target_rejected run_id=native-20260731-c8-full28 client=omen action=none detail=sequence=214_target_error_mm=50200_native_fallback=false
[Info   :ComfyNetworkSense] [07/31/2026 07:05:22] MOTION_AUTHORITY state=target_rejected run_id=native-20260731-c8-full28 client=omen action=none detail=sequence=214_target_error_mm=50203_native_fallback=false
[Info   :ComfyNetworkSense] [07/31/2026 07:05:22] MOTION_AUTHORITY state=target_rejected run_id=native-20260731-c8-full28 client=omen action=none detail=sequence=215_target_error_mm=50301_native_fallback=false
[Info   :ComfyNetworkSense] [07/31/2026 07:05:23] MOTION_AUTHORITY state=target_rejected run_id=native-20260731-c8-full28 client=omen action=none detail=sequence=215_target_error_mm=50304_native_fallback=false
[Info   :ComfyNetworkSense] [07/31/2026 07:05:23] MOTION_AUTHORITY state=target_rejected run_id=native-20260731-c8-full28 client=omen action=none detail=sequence=215_target_error_mm=50309_native_fallback=false
[Info   :ComfyNetworkSense] [07/31/2026 07:05:23] MOTION_AUTHORITY state=target_rejected run_id=native-20260731-c8-full28 client=omen action=none detail=sequence=215_target_error_mm=50312_native_fallback=false
[Info   :ComfyNetworkSense] [07/31/2026 07:05:23] MOTION_AUTHORITY state=target_rejected run_id=native-20260731-c8-full28 client=omen action=none detail=sequence=215_target_error_mm=50315_native_fallback=false
[Info   :ComfyNetworkSense] [07/31/2026 07:05:23] MOTION_AUTHORITY state=target_rejected run_id=native-20260731-c8-full28 client=omen action=none detail=sequence=215_target_error_mm=50319_native_fallback=false
[Info   :ComfyNetworkSense] [07/31/2026 07:05:23] MOTION_AUTHORITY state=target_rejected run_id=native-20260731-c8-full28 client=omen action=none detail=sequence=216_target_error_mm=50410_native_fallback=false
[Info   :ComfyNetworkSense] [07/31/2026 07:05:23] MOTION_AUTHORITY state=target_rejected run_id=native-20260731-c8-full28 client=omen action=none detail=sequence=216_target_error_mm=50413_native_fallback=false
[Info   :ComfyNetworkSense] [07/31/2026 07:05:23] MOTION_AUTHORITY state=target_rejected run_id=native-20260731-c8-full28 client=omen action=none detail=sequence=216_target_error_mm=50416_native_fallback=false
[Info   :ComfyNetworkSense] [07/31/2026 07:05:23] MOTION_AUTHORITY state=target_rejected run_id=native-20260731-c8-full28 client=omen action=none detail=sequence=216_target_error_mm=50419_native_fallback=false
[Info   :ComfyNetworkSense] [07/31/2026 07:05:23] MOTION_AUTHORITY state=target_rejected run_id=native-20260731-c8-full28 client=omen action=none detail=sequence=216_target_error_mm=50422_native_fallback=false
[Info   :ComfyNetworkSense] [07/31/2026 07:05:23] MOTION_AUTHORITY state=target_rejected run_id=native-20260731-c8-full28 client=omen action=none detail=sequence=216_target_error_mm=50425_native_fallback=false
[Info   :ComfyNetworkSense] [07/31/2026 07:05:23] MOTION_AUTHORITY state=target_rejected run_id=native-20260731-c8-full28 client=omen action=none detail=sequence=216_target_error_mm=50428_native_fallback=false
[Info   :ComfyNetworkSense] [07/31/2026 07:05:23] MOTION_AUTHORITY state=target_rejected run_id=native-20260731-c8-full28 client=omen action=none detail=sequence=216_target_error_mm=50431_native_fallback=false
[Info   :ComfyNetworkSense] [07/31/2026 07:05:23] MOTION_AUTHORITY state=target_rejected run_id=native-20260731-c8-full28 client=omen action=none detail=sequence=217_target_error_mm=50423_native_fallback=false
[Info   :ComfyNetworkSense] [07/31/2026 07:05:23] MOTION_AUTHORITY state=target_rejected run_id=native-20260731-c8-full28 client=omen action=none detail=sequence=217_target_error_mm=50426_native_fallback=false
[Info   :ComfyNetworkSense] [07/31/2026 07:05:23] MOTION_AUTHORITY state=target_rejected run_id=native-20260731-c8-full28 client=omen action=none detail=sequence=217_target_error_mm=50429_native_fallback=false
[Info   :ComfyNetworkSense] [07/31/2026 07:05:23] MOTION_AUTHORITY state=target_rejected run_id=native-20260731-c8-full28 client=omen action=none detail=sequence=217_target_error_mm=50432_native_fallback=false
[Info   :ComfyNetworkSense] [07/31/2026 07:05:23] MOTION_AUTHORITY state=target_rejected run_id=native-20260731-c8-full28 client=omen action=none detail=sequence=217_target_error_mm=50435_native_fallback=false
[Info   :ComfyNetworkSense] [07/31/2026 07:05:23] MOTION_AUTHORITY state=target_rejected run_id=native-20260731-c8-full28 client=omen action=none detail=sequence=217_target_error_mm=50438_native_fallback=false
[Info   :ComfyNetworkSense] [07/31/2026 07:05:23] MOTION_AUTHORITY state=target_rejected run_id=native-20260731-c8-full28 client=omen action=none detail=sequence=218_target_error_mm=50311_native_fallback=false
[Info   :ComfyNetworkSense] [07/31/2026 07:05:23] MOTION_AUTHORITY state=target_rejected run_id=native-20260731-c8-full28 client=omen action=none detail=sequence=218_target_error_mm=50315_native_fallback=false
[Info   :ComfyNetworkSense] [07/31/2026 07:05:23] MOTION_AUTHORITY state=target_rejected run_id=native-20260731-c8-full28 client=omen action=none detail=sequence=218_target_error_mm=50318_native_fallback=false
[Info   :ComfyNetworkSense] [07/31/2026 07:05:23] MOTION_AUTHORITY state=target_rejected run_id=native-20260731-c8-full28 client=omen action=none detail=sequence=218_target_error_mm=50321_native_fallback=false
[Info   :ComfyNetworkSense] [07/31/2026 07:05:23] MOTION_AUTHORITY state=target_rejected run_id=native-20260731-c8-full28 client=omen action=none detail=sequence=218_target_error_mm=50324_native_fallback=false
[Info   :ComfyNetworkSense] [07/31/2026 07:05:23] MOTION_AUTHORITY state=target_rejected run_id=native-20260731-c8-full28 client=omen action=none detail=sequence=218_target_error_mm=50327_native_fallback=false
[Info   :ComfyNetworkSense] [07/31/2026 07:05:23] MOTION_AUTHORITY state=target_rejected run_id=native-20260731-c8-full28 client=omen action=none detail=sequence=218_target_error_mm=50330_native_fallback=false
[Info   :ComfyNetworkSense] [07/31/2026 07:05:23] MOTION_AUTHORITY state=target_rejected run_id=native-20260731-c8-full28 client=omen action=none detail=sequence=219_target_error_mm=50441_native_fallback=false
[Info   :ComfyNetworkSense] [07/31/2026 07:05:23] MOTION_AUTHORITY state=target_rejected run_id=native-20260731-c8-full28 client=omen action=none detail=sequence=219_target_error_mm=50444_native_fallback=false
[Info   :ComfyNetworkSense] [07/31/2026 07:05:23] MOTION_AUTHORITY state=target_rejected run_id=native-20260731-c8-full28 client=omen action=none detail=sequence=219_target_error_mm=50447_native_fallback=false
[Info   :ComfyNetworkSense] [07/31/2026 07:05:23] MOTION_AUTHORITY state=target_rejected run_id=native-20260731-c8-full28 client=omen action=none detail=sequence=219_target_error_mm=50450_native_fallback=false
[Info   :ComfyNetworkSense] [07/31/2026 07:05:23] MOTION_AUTHORITY state=target_rejected run_id=native-20260731-c8-full28 client=omen action=none detail=sequence=219_target_error_mm=50453_native_fallback=false
[Info   :ComfyNetworkSense] [07/31/2026 07:05:23] MOTION_AUTHORITY state=target_rejected run_id=native-20260731-c8-full28 client=omen action=none detail=sequence=219_target_error_mm=50456_native_fallback=false
[Info   :ComfyNetworkSense] [07/31/2026 07:05:23] MOTION_AUTHORITY state=target_rejected run_id=native-20260731-c8-full28 client=omen action=none detail=sequence=219_target_error_mm=50459_native_fallback=false
[Info   :ComfyNetworkSense] [07/31/2026 07:05:23] MOTION_AUTHORITY state=target_rejected run_id=native-20260731-c8-full28 client=omen action=none detail=sequence=220_target_error_mm=50164_native_fallback=false
[Info   :ComfyNetworkSense] [07/31/2026 07:05:23] MOTION_AUTHORITY state=target_rejected run_id=native-20260731-c8-full28 client=omen action=none detail=sequence=220_target_error_mm=50167_native_fallback=false
[Info   :ComfyNetworkSense] [07/31/2026 07:05:23] MOTION_AUTHORITY state=target_rejected run_id=native-20260731-c8-full28 client=omen action=none detail=sequence=220_target_error_mm=50170_native_fallback=false
[Info   :ComfyNetworkSense] [07/31/2026 07:05:23] MOTION_AUTHORITY state=target_rejected run_id=native-20260731-c8-full28 client=omen action=none detail=sequence=220_target_error_mm=50173_native_fallback=false
[Info   :ComfyNetworkSense] [07/31/2026 07:05:23] MOTION_AUTHORITY state=target_rejected run_id=native-20260731-c8-full28 client=omen action=none detail=sequence=220_target_error_mm=50176_native_fallback=false
[Info   :ComfyNetworkSense] [07/31/2026 07:05:23] MOTION_AUTHORITY state=target_rejected run_id=native-20260731-c8-full28 client=omen action=none detail=sequence=220_target_error_mm=50179_native_fallback=false
[Info   :ComfyNetworkSense] [07/31/2026 07:05:23] MOTION_AUTHORITY state=target_rejected run_id=native-20260731-c8-full28 client=omen action=none detail=sequence=220_target_error_mm=50182_native_fallback=false
[Info   :ComfyNetworkSense] [07/31/2026 07:05:23] MOTION_AUTHORITY state=target_rejected run_id=native-20260731-c8-full28 client=omen action=none detail=sequence=221_target_error_mm=50461_native_fallback=false
[Info   :ComfyNetworkSense] [07/31/2026 07:05:23] MOTION_AUTHORITY state=target_rejected run_id=native-20260731-c8-full28 client=omen action=none detail=sequence=221_target_error_mm=50464_native_fallback=false
[Info   :ComfyNetworkSense] [07/31/2026 07:05:23] MOTION_AUTHORITY state=target_rejected run_id=native-20260731-c8-full28 client=omen action=none detail=sequence=221_target_error_mm=50467_native_fallback=false
[Info   :ComfyNetworkSense] [07/31/2026 07:05:23] MOTION_AUTHORITY state=target_rejected run_id=native-20260731-c8-full28 client=omen action=none detail=sequence=221_target_error_mm=50470_native_fallback=false
[Info   :ComfyNetworkSense] [07/31/2026 07:05:23] MOTION_AUTHORITY state=target_rejected run_id=native-20260731-c8-full28 client=omen action=none detail=sequence=221_target_error_mm=50473_native_fallback=false
[Info   :ComfyNetworkSense] [07/31/2026 07:05:23] MOTION_AUTHORITY state=target_rejected run_id=native-20260731-c8-full28 client=omen action=none detail=sequence=221_target_error_mm=50476_native_fallback=false
[Info   :ComfyNetworkSense] [07/31/2026 07:05:23] MOTION_AUTHORITY state=target_rejected run_id=native-20260731-c8-full28 client=omen action=none detail=sequence=222_target_error_mm=50469_native_fallback=false
[Info   :ComfyNetworkSense] [07/31/2026 07:05:23] MOTION_AUTHORITY state=target_rejected run_id=native-20260731-c8-full28 client=omen action=none detail=sequence=222_target_error_mm=50472_native_fallback=false
[Info   :ComfyNetworkSense] [07/31/2026 07:05:23] MOTION_AUTHORITY state=target_rejected run_id=native-20260731-c8-full28 client=omen action=none detail=sequence=222_target_error_mm=50477_native_fallback=false
[Info   :ComfyNetworkSense] [07/31/2026 07:05:23] MOTION_AUTHORITY state=target_rejected run_id=native-20260731-c8-full28 client=omen action=none detail=sequence=222_target_error_mm=50481_native_fallback=false
[Info   :ComfyNetworkSense] [07/31/2026 07:05:23] MOTION_AUTHORITY state=target_rejected run_id=native-20260731-c8-full28 client=omen action=none detail=sequence=222_target_error_mm=50484_native_fallback=false
[Info   :ComfyNetworkSense] [07/31/2026 07:05:23] MOTION_AUTHORITY state=target_rejected run_id=native-20260731-c8-full28 client=omen action=none detail=sequence=222_target_error_mm=50487_native_fallback=false
[Info   :ComfyNetworkSense] [07/31/2026 07:05:23] MOTION_AUTHORITY state=target_rejected run_id=native-20260731-c8-full28 client=omen action=none detail=sequence=222_target_error_mm=50490_native_fallback=false
[Info   :ComfyNetworkSense] [07/31/2026 07:05:23] MOTION_AUTHORITY state=target_rejected run_id=native-20260731-c8-full28 client=omen action=none detail=sequence=223_target_error_mm=50375_native_fallback=false
[Info   :ComfyNetworkSense] [07/31/2026 07:05:23] MOTION_AUTHORITY state=target_rejected run_id=native-20260731-c8-full28 client=omen action=none detail=sequence=223_target_error_mm=50378_native_fallback=false
[Info   :ComfyNetworkSense] [07/31/2026 07:05:23] MOTION_AUTHORITY state=target_rejected run_id=native-20260731-c8-full28 client=omen action=none detail=sequence=223_target_error_mm=50381_native_fallback=false
[Info   :ComfyNetworkSense] [07/31/2026 07:05:23] MOTION_AUTHORITY state=target_rejected run_id=native-20260731-c8-full28 client=omen action=none detail=sequence=223_target_error_mm=50384_native_fallback=false
[Info   :ComfyNetworkSense] [07/31/2026 07:05:23] MOTION_AUTHORITY state=target_rejected run_id=native-20260731-c8-full28 client=omen action=none detail=sequence=223_target_error_mm=50387_native_fallback=false
[Info   :ComfyNetworkSense] [07/31/2026 07:05:23] MOTION_AUTHORITY state=target_rejected run_id=native-20260731-c8-full28 client=omen action=none detail=sequence=223_target_error_mm=50390_native_fallback=false
[Info   :ComfyNetworkSense] [07/31/2026 07:05:23] MOTION_AUTHORITY state=target_rejected run_id=native-20260731-c8-full28 client=omen action=none detail=sequence=224_target_error_mm=50491_native_fallback=false
[Info   :ComfyNetworkSense] [07/31/2026 07:05:23] MOTION_AUTHORITY state=target_rejected run_id=native-20260731-c8-full28 client=omen action=none detail=sequence=224_target_error_mm=50494_native_fallback=false
[Info   :ComfyNetworkSense] [07/31/2026 07:05:23] MOTION_AUTHORITY state=target_rejected run_id=native-20260731-c8-full28 client=omen action=none detail=sequence=224_target_error_mm=50497_native_fallback=false
[Info   :ComfyNetworkSense] [07/31/2026 07:05:23] MOTION_AUTHORITY state=target_rejected run_id=native-20260731-c8-full28 client=omen action=none detail=sequence=224_target_error_mm=50500_native_fallback=false
[Info   :ComfyNetworkSense] [07/31/2026 07:05:23] MOTION_AUTHORITY state=target_rejected run_id=native-20260731-c8-full28 client=omen action=none detail=sequence=224_target_error_mm=50503_native_fallback=false
[Info   :ComfyNetworkSense] [07/31/2026 07:05:23] MOTION_AUTHORITY state=target_rejected run_id=native-20260731-c8-full28 client=omen action=none detail=sequence=224_target_error_mm=50506_native_fallback=false
[Info   :ComfyNetworkSense] [07/31/2026 07:05:23] MOTION_AUTHORITY state=target_rejected run_id=native-20260731-c8-full28 client=omen action=none detail=sequence=224_target_error_mm=50509_native_fallback=false
[Info   :ComfyNetworkSense] [07/31/2026 07:05:23] MOTION_AUTHORITY state=target_rejected run_id=native-20260731-c8-full28 client=omen action=none detail=sequence=224_target_error_mm=50512_native_fallback=false
[Info   :ComfyNetworkSense] [07/31/2026 07:05:23] MOTION_AUTHORITY state=target_rejected run_id=native-20260731-c8-full28 client=omen action=none detail=sequence=225_target_error_mm=50505_native_fallback=false
[Info   :ComfyNetworkSense] [07/31/2026 07:05:23] MOTION_AUTHORITY state=target_rejected run_id=native-20260731-c8-full28 client=omen action=none detail=sequence=225_target_error_mm=50508_native_fallback=false
[Info   :ComfyNetworkSense] [07/31/2026 07:05:23] MOTION_AUTHORITY state=target_rejected run_id=native-20260731-c8-full28 client=omen action=none detail=sequence=225_target_error_mm=50511_native_fallback=false
[Info   :ComfyNetworkSense] [07/31/2026 07:05:23] MOTION_AUTHORITY state=target_rejected run_id=native-20260731-c8-full28 client=omen action=none detail=sequence=225_target_error_mm=50514_native_fallback=false
[Info   :ComfyNetworkSense] [07/31/2026 07:05:23] MOTION_AUTHORITY state=target_rejected run_id=native-20260731-c8-full28 client=omen action=none detail=sequence=225_target_error_mm=50517_native_fallback=false
[Info   :ComfyNetworkSense] [07/31/2026 07:05:23] MOTION_AUTHORITY state=target_rejected run_id=native-20260731-c8-full28 client=omen action=none detail=sequence=225_target_error_mm=50521_native_fallback=false
[Info   :ComfyNetworkSense] [07/31/2026 07:05:23] MOTION_AUTHORITY state=target_rejected run_id=native-20260731-c8-full28 client=omen action=none detail=sequence=225_target_error_mm=50524_native_fallback=false
[Info   :ComfyNetworkSense] [07/31/2026 07:05:23] MOTION_AUTHORITY state=target_rejected run_id=native-20260731-c8-full28 client=omen action=none detail=sequence=226_target_error_mm=50348_native_fallback=false
[Info   :ComfyNetworkSense] [07/31/2026 07:05:23] MOTION_AUTHORITY state=target_rejected run_id=native-20260731-c8-full28 client=omen action=none detail=sequence=226_target_error_mm=50351_native_fallback=false
[Info   :ComfyNetworkSense] [07/31/2026 07:05:23] MOTION_AUTHORITY state=target_rejected run_id=native-20260731-c8-full28 client=omen action=none detail=sequence=226_target_error_mm=50354_native_fallback=false
[Info   :ComfyNetworkSense] [07/31/2026 07:05:23] MOTION_AUTHORITY state=target_rejected run_id=native-20260731-c8-full28 client=omen action=none detail=sequence=226_target_error_mm=50357_native_fallback=false
[Info   :ComfyNetworkSense] [07/31/2026 07:05:23] MOTION_AUTHORITY state=target_rejected run_id=native-20260731-c8-full28 client=omen action=none detail=sequence=226_target_error_mm=50360_native_fallback=false
[Info   :ComfyNetworkSense] [07/31/2026 07:05:23] MOTION_AUTHORITY state=target_rejected run_id=native-20260731-c8-full28 client=omen action=none detail=sequence=226_target_error_mm=50363_native_fallback=false
[Info   :ComfyNetworkSense] [07/31/2026 07:05:23] MOTION_AUTHORITY state=target_rejected run_id=native-20260731-c8-full28 client=omen action=none detail=sequence=226_target_error_mm=50366_native_fallback=false
[Info   :ComfyNetworkSense] [07/31/2026 07:05:23] MOTION_AUTHORITY state=target_rejected run_id=native-20260731-c8-full28 client=omen action=none detail=sequence=226_target_error_mm=50369_native_fallback=false
[Info   :ComfyNetworkSense] [07/31/2026 07:05:23] MOTION_AUTHORITY state=target_rejected run_id=native-20260731-c8-full28 client=omen action=none detail=sequence=227_target_error_mm=50531_native_fallback=false
[Info   :ComfyNetworkSense] [07/31/2026 07:05:23] MOTION_AUTHORITY state=target_rejected run_id=native-20260731-c8-full28 client=omen action=none detail=sequence=227_target_error_mm=50534_native_fallback=false
[Info   :ComfyNetworkSense] [07/31/2026 07:05:23] MOTION_AUTHORITY state=target_rejected run_id=native-20260731-c8-full28 client=omen action=none detail=sequence=227_target_error_mm=50537_native_fallback=false
[Info   :ComfyNetworkSense] [07/31/2026 07:05:23] MOTION_AUTHORITY state=target_rejected run_id=native-20260731-c8-full28 client=omen action=none detail=sequence=227_target_error_mm=50540_native_fallback=false
[Info   :ComfyNetworkSense] [07/31/2026 07:05:23] MOTION_AUTHORITY state=target_rejected run_id=native-20260731-c8-full28 client=omen action=none detail=sequence=227_target_error_mm=50543_native_fallback=false
[Info   :ComfyNetworkSense] [07/31/2026 07:05:23] MOTION_AUTHORITY state=target_rejected run_id=native-20260731-c8-full28 client=omen action=none detail=sequence=227_target_error_mm=50546_native_fallback=false
[Info   :ComfyNetworkSense] [07/31/2026 07:05:23] MOTION_AUTHORITY state=target_rejected run_id=native-20260731-c8-full28 client=omen action=none detail=sequence=227_target_error_mm=50549_native_fallback=false
[Info   :ComfyNetworkSense] [07/31/2026 07:05:23] MOTION_AUTHORITY state=target_rejected run_id=native-20260731-c8-full28 client=omen action=none detail=sequence=228_target_error_mm=50542_native_fallback=false
[Info   :ComfyNetworkSense] [07/31/2026 07:05:23] MOTION_AUTHORITY state=target_rejected run_id=native-20260731-c8-full28 client=omen action=none detail=sequence=228_target_error_mm=50545_native_fallback=false
[Info   :ComfyNetworkSense] [07/31/2026 07:05:23] MOTION_AUTHORITY state=target_rejected run_id=native-20260731-c8-full28 client=omen action=none detail=sequence=228_target_error_mm=50548_native_fallback=false
[Info   :ComfyNetworkSense] [07/31/2026 07:05:23] MOTION_AUTHORITY state=target_rejected run_id=native-20260731-c8-full28 client=omen action=none detail=sequence=228_target_error_mm=50551_native_fallback=false
[Info   :ComfyNetworkSense] [07/31/2026 07:05:23] MOTION_AUTHORITY state=target_rejected run_id=native-20260731-c8-full28 client=omen action=none detail=sequence=228_target_error_mm=50554_native_fallback=false
[Info   :ComfyNetworkSense] [07/31/2026 07:05:23] MOTION_AUTHORITY state=target_rejected run_id=native-20260731-c8-full28 client=omen action=none detail=sequence=228_target_error_mm=50557_native_fallback=false
[Info   :ComfyNetworkSense] [07/31/2026 07:05:23] MOTION_AUTHORITY state=target_rejected run_id=native-20260731-c8-full28 client=omen action=none detail=sequence=228_target_error_mm=50560_native_fallback=false
[Info   :ComfyNetworkSense] [07/31/2026 07:05:23] MOTION_AUTHORITY state=target_rejected run_id=native-20260731-c8-full28 client=omen action=none detail=sequence=228_target_error_mm=50563_native_fallback=false
[Info   :ComfyNetworkSense] [07/31/2026 07:05:23] MOTION_AUTHORITY state=target_rejected run_id=native-20260731-c8-full28 client=omen action=none detail=sequence=229_target_error_mm=50557_native_fallback=false
[Info   :ComfyNetworkSense] [07/31/2026 07:05:23] MOTION_AUTHORITY state=target_rejected run_id=native-20260731-c8-full28 client=omen action=none detail=sequence=229_target_error_mm=50560_native_fallback=false
[Info   :ComfyNetworkSense] [07/31/2026 07:05:23] MOTION_AUTHORITY state=target_rejected run_id=native-20260731-c8-full28 client=omen action=none detail=sequence=229_target_error_mm=50563_native_fallback=false
[Info   :ComfyNetworkSense] [07/31/2026 07:05:23] MOTION_AUTHORITY state=target_rejected run_id=native-20260731-c8-full28 client=omen action=none detail=sequence=229_target_error_mm=50566_native_fallback=false
[Info   :ComfyNetworkSense] [07/31/2026 07:05:23] MOTION_AUTHORITY state=target_rejected run_id=native-20260731-c8-full28 client=omen action=none detail=sequence=229_target_error_mm=50569_native_fallback=false
[Info   :ComfyNetworkSense] [07/31/2026 07:05:23] MOTION_AUTHORITY state=target_rejected run_id=native-20260731-c8-full28 client=omen action=none detail=sequence=229_target_error_mm=50572_native_fallback=false
[Info   :ComfyNetworkSense] [07/31/2026 07:05:23] MOTION_AUTHORITY state=target_rejected run_id=native-20260731-c8-full28 client=omen action=none detail=sequence=230_target_error_mm=50258_native_fallback=false
[Info   :ComfyNetworkSense] [07/31/2026 07:05:23] MOTION_AUTHORITY state=target_rejected run_id=native-20260731-c8-full28 client=omen action=none detail=sequence=230_target_error_mm=50261_native_fallback=false
[Info   :ComfyNetworkSense] [07/31/2026 07:05:23] MOTION_AUTHORITY state=target_rejected run_id=native-20260731-c8-full28 client=omen action=none detail=sequence=230_target_error_mm=50264_native_fallback=false
[Info   :ComfyNetworkSense] [07/31/2026 07:05:23] MOTION_AUTHORITY state=target_rejected run_id=native-20260731-c8-full28 client=omen action=none detail=sequence=230_target_error_mm=50267_native_fallback=false
[Info   :ComfyNetworkSense] [07/31/2026 07:05:23] MOTION_AUTHORITY state=target_rejected run_id=native-20260731-c8-full28 client=omen action=none detail=sequence=230_target_error_mm=50270_native_fallback=false
[Info   :ComfyNetworkSense] [07/31/2026 07:05:23] MOTION_AUTHORITY state=target_rejected run_id=native-20260731-c8-full28 client=omen action=none detail=sequence=230_target_error_mm=50273_native_fallback=false
[Info   :ComfyNetworkSense] [07/31/2026 07:05:23] MOTION_AUTHORITY state=target_rejected run_id=native-20260731-c8-full28 client=omen action=none detail=sequence=230_target_error_mm=50276_native_fallback=false
[Info   :ComfyNetworkSense] [07/31/2026 07:05:23] MOTION_AUTHORITY state=target_rejected run_id=native-20260731-c8-full28 client=omen action=none detail=sequence=230_target_error_mm=50279_native_fallback=false
[Info   :ComfyNetworkSense] [07/31/2026 07:05:23] MOTION_AUTHORITY state=target_rejected run_id=native-20260731-c8-full28 client=omen action=none detail=sequence=231_target_error_mm=49202_native_fallback=false
[Info   :ComfyNetworkSense] [07/31/2026 07:05:23] MOTION_AUTHORITY state=target_rejected run_id=native-20260731-c8-full28 client=omen action=none detail=sequence=231_target_error_mm=49205_native_fallback=false
[Info   :ComfyNetworkSense] [07/31/2026 07:05:23] MOTION_AUTHORITY state=target_rejected run_id=native-20260731-c8-full28 client=omen action=none detail=sequence=231_target_error_mm=49208_native_fallback=false
[Info   :ComfyNetworkSense] [07/31/2026 07:05:23] MOTION_AUTHORITY state=target_rejected run_id=native-20260731-c8-full28 client=omen action=none detail=sequence=231_target_error_mm=49211_native_fallback=false
[Info   :ComfyNetworkSense] [07/31/2026 07:05:23] MOTION_AUTHORITY state=target_rejected run_id=native-20260731-c8-full28 client=omen action=none detail=sequence=231_target_error_mm=49214_native_fallback=false
[Info   :ComfyNetworkSense] [07/31/2026 07:05:23] MOTION_AUTHORITY state=target_rejected run_id=native-20260731-c8-full28 client=omen action=none detail=sequence=231_target_error_mm=49217_native_fallback=false
[Info   :ComfyNetworkSense] [07/31/2026 07:05:23] MOTION_AUTHORITY state=target_rejected run_id=native-20260731-c8-full28 client=omen action=none detail=sequence=231_target_error_mm=49220_native_fallback=false
[Info   :ComfyNetworkSense] [07/31/2026 07:05:23] MOTION_AUTHORITY state=target_rejected run_id=native-20260731-c8-full28 client=omen action=none detail=sequence=232_target_error_mm=45855_native_fallback=false
[Info   :ComfyNetworkSense] [07/31/2026 07:05:23] MOTION_AUTHORITY state=target_rejected run_id=native-20260731-c8-full28 client=omen action=none detail=sequence=232_target_error_mm=45858_native_fallback=false
[Info   :ComfyNetworkSense] [07/31/2026 07:05:23] MOTION_AUTHORITY state=target_rejected run_id=native-20260731-c8-full28 client=omen action=none detail=sequence=232_target_error_mm=45861_native_fallback=false
[Info   :ComfyNetworkSense] [07/31/2026 07:05:23] MOTION_AUTHORITY state=target_rejected run_id=native-20260731-c8-full28 client=omen action=none detail=sequence=232_target_error_mm=45864_native_fallback=false
[Info   :ComfyNetworkSense] [07/31/2026 07:05:23] MOTION_AUTHORITY state=target_rejected run_id=native-20260731-c8-full28 client=omen action=none detail=sequence=232_target_error_mm=45867_native_fallback=false
[Info   :ComfyNetworkSense] [07/31/2026 07:05:23] MOTION_AUTHORITY state=target_rejected run_id=native-20260731-c8-full28 client=omen action=none detail=sequence=232_target_error_mm=45870_native_fallback=false
[Info   :ComfyNetworkSense] [07/31/2026 07:05:23] MOTION_AUTHORITY state=target_rejected run_id=native-20260731-c8-full28 client=omen action=none detail=sequence=232_target_error_mm=45873_native_fallback=false
[Info   :ComfyNetworkSense] [07/31/2026 07:05:23] MOTION_AUTHORITY state=target_rejected run_id=native-20260731-c8-full28 client=omen action=none detail=sequence=232_target_error_mm=45876_native_fallback=false
[Info   :ComfyNetworkSense] [07/31/2026 07:05:23] MOTION_AUTHORITY state=target_rejected run_id=native-20260731-c8-full28 client=omen action=none detail=sequence=233_target_error_mm=42463_native_fallback=false
[Info   :ComfyNetworkSense] [07/31/2026 07:05:23] MOTION_AUTHORITY state=target_rejected run_id=native-20260731-c8-full28 client=omen action=none detail=sequence=233_target_error_mm=42466_native_fallback=false
[Info   :ComfyNetworkSense] [07/31/2026 07:05:23] MOTION_AUTHORITY state=target_rejected run_id=native-20260731-c8-full28 client=omen action=none detail=sequence=233_target_error_mm=42469_native_fallback=false
[Info   :ComfyNetworkSense] [07/31/2026 07:05:23] MOTION_AUTHORITY state=target_rejected run_id=native-20260731-c8-full28 client=omen action=none detail=sequence=233_target_error_mm=42472_native_fallback=false
[Info   :ComfyNetworkSense] [07/31/2026 07:05:24] MOTION_AUTHORITY state=target_rejected run_id=native-20260731-c8-full28 client=omen action=none detail=sequence=233_target_error_mm=42475_native_fallback=false
[Info   :ComfyNetworkSense] [07/31/2026 07:05:24] MOTION_AUTHORITY state=target_rejected run_id=native-20260731-c8-full28 client=omen action=none detail=sequence=233_target_error_mm=42478_native_fallback=false
[Info   :ComfyNetworkSense] [07/31/2026 07:05:24] MOTION_AUTHORITY state=target_rejected run_id=native-20260731-c8-full28 client=omen action=none detail=sequence=233_target_error_mm=42481_native_fallback=false
[Info   :ComfyNetworkSense] [07/31/2026 07:05:24] MOTION_AUTHORITY state=target_rejected run_id=native-20260731-c8-full28 client=omen action=none detail=sequence=234_target_error_mm=38874_native_fallback=false
[Info   :ComfyNetworkSense] [07/31/2026 07:05:24] MOTION_AUTHORITY state=target_rejected run_id=native-20260731-c8-full28 client=omen action=none detail=sequence=234_target_error_mm=38878_native_fallback=false
[Info   :ComfyNetworkSense] [07/31/2026 07:05:24] MOTION_AUTHORITY state=target_rejected run_id=native-20260731-c8-full28 client=omen action=none detail=sequence=234_target_error_mm=38887_native_fallback=false
[Info   :ComfyNetworkSense] [07/31/2026 07:05:24] MOTION_AUTHORITY state=target_rejected run_id=native-20260731-c8-full28 client=omen action=none detail=sequence=235_target_error_mm=35472_native_fallback=false
[Info   :ComfyNetworkSense] [07/31/2026 07:05:24] MOTION_AUTHORITY state=target_rejected run_id=native-20260731-c8-full28 client=omen action=none detail=sequence=236_target_error_mm=31741_native_fallback=false
[Info   :ComfyNetworkSense] [07/31/2026 07:05:24] MOTION_AUTHORITY state=target_rejected run_id=native-20260731-c8-full28 client=omen action=none detail=sequence=236_target_error_mm=31747_native_fallback=false
[Info   :ComfyNetworkSense] [07/31/2026 07:05:24] MOTION_AUTHORITY state=target_rejected run_id=native-20260731-c8-full28 client=omen action=none detail=sequence=236_target_error_mm=31750_native_fallback=false
[Info   :ComfyNetworkSense] [07/31/2026 07:05:24] MOTION_AUTHORITY state=target_rejected run_id=native-20260731-c8-full28 client=omen action=none detail=sequence=236_target_error_mm=31753_native_fallback=false
[Info   :ComfyNetworkSense] [07/31/2026 07:05:24] MOTION_AUTHORITY state=target_rejected run_id=native-20260731-c8-full28 client=omen action=none detail=sequence=236_target_error_mm=31756_native_fallback=false
[Warning:ComfyNetworkSense] [07/31/2026 07:05:25] Authoritative consumer poll failed: TimeoutException: connect timeout to 8.231.129.249:42317
[Info   :ComfyNetworkSense] [07/31/2026 07:05:26] CUTOVER_SCENARIO state=completed run_id=native-20260731-c8-full28 client=omen action=omen-c8-rendezvous-settle detail=wait_elapsed
[Info   :ComfyNetworkSense] [07/31/2026 07:05:26] CUTOVER_SCENARIO state=action_started run_id=native-20260731-c8-full28 client=omen action=omen-c8-rendezvous-ready detail=kind=wait
[Info   :ComfyNetworkSense] [07/31/2026 07:05:29] CUTOVER_SCENARIO state=completed run_id=native-20260731-c8-full28 client=omen action=omen-c8-rendezvous-ready detail=wait_elapsed
[Info   :ComfyNetworkSense] [07/31/2026 07:05:29] CUTOVER_SCENARIO state=action_started run_id=native-20260731-c8-full28 client=omen action=omen-c8-motion-drive-one detail=kind=motion_drive
[Info   :ComfyNetworkSense] [07/31/2026 07:05:29] MOTION_AUTHORITY state=probe_started run_id=native-20260731-c8-full28 client=omen action=omen-c8-motion-drive-one detail=mode=drive_correlation_id=c8-omen-to-i5_connection_id=3c3a4ad2ae374fcdab45e7c45129262e_logical_peer_id=lp_c63184ad7fe2fd0616f8f0cd84f7c6150d9687b039d568454b911e5f7dd544f1
[Info   :ComfyNetworkSense] [07/31/2026 07:05:31] MOTION_AUTHORITY state=native_transform_writer_suppressed run_id=native-20260731-c8-full28 client=omen action=omen-c8-motion-drive-one detail=count=2048_writer=ZSyncTransform.CustomFixedUpdate
[Info   :ComfyNetworkSense] [07/31/2026 07:05:33] LOGICAL_PEER_CUTOVER state=logical_native_invoke_suppressed run_id=native-20260731-c8-full28 detail=count=512_method=ZDOData_semantic_fallback=false
[Info   :ComfyNetworkSense] [07/31/2026 07:05:35] MOTION_AUTHORITY state=probe_passed run_id=native-20260731-c8-full28 client=omen action=omen-c8-motion-drive-one detail=numbered_motion_sent_sent=114_received=101_applied=792_native_writer_suppressed=600_native_position_masked=0_holds=0_gaps=0_resync_applied=0_failures=0_gap_dropped=0
[Info   :ComfyNetworkSense] [07/31/2026 07:05:35] CUTOVER_SCENARIO state=completed run_id=native-20260731-c8-full28 client=omen action=omen-c8-motion-drive-one detail=numbered_motion_sent_sent=114_received=101_applied=792_native_writer_suppressed=600_native_position_masked=0_holds=0_gaps=0_resync_applied=0_failures=0_gap_dropped=0
[Info   :ComfyNetworkSense] [07/31/2026 07:05:35] CUTOVER_SCENARIO state=action_started run_id=native-20260731-c8-full28 client=omen action=omen-c8-motion-pair-one-settle detail=kind=wait
[Warning:ComfyNetworkSense] [07/31/2026 07:05:35] Authoritative consumer poll failed: TimeoutException: connect timeout to 8.231.129.249:42317
[Info   :ComfyNetworkSense] [07/31/2026 07:05:39] CUTOVER_SCENARIO state=completed run_id=native-20260731-c8-full28 client=omen action=omen-c8-motion-pair-one-settle detail=wait_elapsed
[Info   :ComfyNetworkSense] [07/31/2026 07:05:39] CUTOVER_SCENARIO state=action_started run_id=native-20260731-c8-full28 client=omen action=omen-c8-motion-observe-two detail=kind=motion_observe
[Info   :ComfyNetworkSense] [07/31/2026 07:05:39] MOTION_AUTHORITY state=probe_started run_id=native-20260731-c8-full28 client=omen action=omen-c8-motion-observe-two detail=mode=observe_correlation_id=c8-i5-to-omen_connection_id=3c3a4ad2ae374fcdab45e7c45129262e_logical_peer_id=lp_c63184ad7fe2fd0616f8f0cd84f7c6150d9687b039d568454b911e5f7dd544f1
[Info   :ComfyNetworkSense] [07/31/2026 07:05:45] MOTION_AUTHORITY state=probe_passed run_id=native-20260731-c8-full28 client=omen action=omen-c8-motion-observe-two detail=numbered_motion_applied_native_writer_zero_sent=113_received=101_applied=791_native_writer_suppressed=600_native_position_masked=0_holds=0_gaps=0_resync_applied=0_failures=0_gap_dropped=0
[Info   :ComfyNetworkSense] [07/31/2026 07:05:45] CUTOVER_SCENARIO state=completed run_id=native-20260731-c8-full28 client=omen action=omen-c8-motion-observe-two detail=numbered_motion_applied_native_writer_zero_sent=113_received=101_applied=791_native_writer_suppressed=600_native_position_masked=0_holds=0_gaps=0_resync_applied=0_failures=0_gap_dropped=0
[Info   :ComfyNetworkSense] [07/31/2026 07:05:45] CUTOVER_SCENARIO state=action_started run_id=native-20260731-c8-full28 client=omen action=omen-c8-motion-pair-two-settle detail=kind=wait
[Warning:ComfyNetworkSense] [07/31/2026 07:05:45] Authoritative consumer poll failed: TimeoutException: connect timeout to 8.231.129.249:42317
[Info   :ComfyNetworkSense] [07/31/2026 07:05:49] CUTOVER_SCENARIO state=completed run_id=native-20260731-c8-full28 client=omen action=omen-c8-motion-pair-two-settle detail=wait_elapsed
[Info   :ComfyNetworkSense] [07/31/2026 07:05:49] CUTOVER_SCENARIO state=action_started run_id=native-20260731-c8-full28 client=omen action=omen-c8-gap-observer-align detail=kind=wait
[Info   :ComfyNetworkSense] [07/31/2026 07:05:51] MOTION_AUTHORITY state=native_transform_writer_suppressed run_id=native-20260731-c8-full28 client=omen action=omen-c8-motion-observe-two detail=count=4096_writer=ZSyncTransform.CustomFixedUpdate
[Info   :ComfyNetworkSense] [07/31/2026 07:05:53] CUTOVER_SCENARIO state=completed run_id=native-20260731-c8-full28 client=omen action=omen-c8-gap-observer-align detail=wait_elapsed
[Info   :ComfyNetworkSense] [07/31/2026 07:05:53] CUTOVER_SCENARIO state=action_started run_id=native-20260731-c8-full28 client=omen action=omen-c8-motion-drive-gap detail=kind=motion_drive_gap
[Info   :ComfyNetworkSense] [07/31/2026 07:05:53] MOTION_AUTHORITY state=probe_started run_id=native-20260731-c8-full28 client=omen action=omen-c8-motion-drive-gap detail=mode=drive_gap_correlation_id=c8-gap-omen-to-i5_connection_id=3c3a4ad2ae374fcdab45e7c45129262e_logical_peer_id=lp_c63184ad7fe2fd0616f8f0cd84f7c6150d9687b039d568454b911e5f7dd544f1
[Info   :ComfyNetworkSense] [07/31/2026 07:05:54] MOTION_AUTHORITY state=motion_frame_withheld run_id=native-20260731-c8-full28 client=omen action=omen-c8-motion-drive-gap detail=sequence=879_withheld_index=1_withheld_total=20
[Info   :ComfyNetworkSense] [07/31/2026 07:05:54] MOTION_AUTHORITY state=motion_frame_withheld run_id=native-20260731-c8-full28 client=omen action=omen-c8-motion-drive-gap detail=sequence=880_withheld_index=2_withheld_total=20
[Info   :ComfyNetworkSense] [07/31/2026 07:05:54] MOTION_AUTHORITY state=motion_frame_withheld run_id=native-20260731-c8-full28 client=omen action=omen-c8-motion-drive-gap detail=sequence=881_withheld_index=3_withheld_total=20
[Info   :ComfyNetworkSense] [07/31/2026 07:05:54] MOTION_AUTHORITY state=motion_frame_withheld run_id=native-20260731-c8-full28 client=omen action=omen-c8-motion-drive-gap detail=sequence=882_withheld_index=4_withheld_total=20
[Info   :ComfyNetworkSense] [07/31/2026 07:05:55] MOTION_AUTHORITY state=motion_frame_withheld run_id=native-20260731-c8-full28 client=omen action=omen-c8-motion-drive-gap detail=sequence=883_withheld_index=5_withheld_total=20
[Info   :ComfyNetworkSense] [07/31/2026 07:05:55] MOTION_AUTHORITY state=motion_frame_withheld run_id=native-20260731-c8-full28 client=omen action=omen-c8-motion-drive-gap detail=sequence=884_withheld_index=6_withheld_total=20
[Info   :ComfyNetworkSense] [07/31/2026 07:05:55] MOTION_AUTHORITY state=motion_frame_withheld run_id=native-20260731-c8-full28 client=omen action=omen-c8-motion-drive-gap detail=sequence=885_withheld_index=7_withheld_total=20
[Info   :ComfyNetworkSense] [07/31/2026 07:05:55] MOTION_AUTHORITY state=motion_frame_withheld run_id=native-20260731-c8-full28 client=omen action=omen-c8-motion-drive-gap detail=sequence=886_withheld_index=8_withheld_total=20
[Info   :ComfyNetworkSense] [07/31/2026 07:05:55] MOTION_AUTHORITY state=motion_frame_withheld run_id=native-20260731-c8-full28 client=omen action=omen-c8-motion-drive-gap detail=sequence=887_withheld_index=9_withheld_total=20
[Info   :ComfyNetworkSense] [07/31/2026 07:05:55] MOTION_AUTHORITY state=motion_frame_withheld run_id=native-20260731-c8-full28 client=omen action=omen-c8-motion-drive-gap detail=sequence=888_withheld_index=10_withheld_total=20
[Warning:ComfyNetworkSense] [07/31/2026 07:05:55] Authoritative consumer poll failed: TimeoutException: connect timeout to 8.231.129.249:42317
[Info   :ComfyNetworkSense] [07/31/2026 07:05:55] MOTION_AUTHORITY state=motion_frame_withheld run_id=native-20260731-c8-full28 client=omen action=omen-c8-motion-drive-gap detail=sequence=889_withheld_index=11_withheld_total=20
[Info   :ComfyNetworkSense] [07/31/2026 07:05:55] MOTION_AUTHORITY state=motion_frame_withheld run_id=native-20260731-c8-full28 client=omen action=omen-c8-motion-drive-gap detail=sequence=890_withheld_index=12_withheld_total=20
[Info   :ComfyNetworkSense] [07/31/2026 07:05:55] MOTION_AUTHORITY state=motion_frame_withheld run_id=native-20260731-c8-full28 client=omen action=omen-c8-motion-drive-gap detail=sequence=891_withheld_index=13_withheld_total=20
[Info   :ComfyNetworkSense] [07/31/2026 07:05:55] MOTION_AUTHORITY state=motion_frame_withheld run_id=native-20260731-c8-full28 client=omen action=omen-c8-motion-drive-gap detail=sequence=892_withheld_index=14_withheld_total=20
[Info   :ComfyNetworkSense] [07/31/2026 07:05:55] MOTION_AUTHORITY state=motion_frame_withheld run_id=native-20260731-c8-full28 client=omen action=omen-c8-motion-drive-gap detail=sequence=893_withheld_index=15_withheld_total=20
[Info   :ComfyNetworkSense] [07/31/2026 07:05:55] MOTION_AUTHORITY state=motion_frame_withheld run_id=native-20260731-c8-full28 client=omen action=omen-c8-motion-drive-gap detail=sequence=894_withheld_index=16_withheld_total=20
[Info   :ComfyNetworkSense] [07/31/2026 07:05:55] MOTION_AUTHORITY state=motion_frame_withheld run_id=native-20260731-c8-full28 client=omen action=omen-c8-motion-drive-gap detail=sequence=895_withheld_index=17_withheld_total=20
[Info   :ComfyNetworkSense] [07/31/2026 07:05:55] MOTION_AUTHORITY state=motion_frame_withheld run_id=native-20260731-c8-full28 client=omen action=omen-c8-motion-drive-gap detail=sequence=896_withheld_index=18_withheld_total=20
[Info   :ComfyNetworkSense] [07/31/2026 07:05:55] MOTION_AUTHORITY state=motion_frame_withheld run_id=native-20260731-c8-full28 client=omen action=omen-c8-motion-drive-gap detail=sequence=897_withheld_index=19_withheld_total=20
[Info   :ComfyNetworkSense] [07/31/2026 07:05:55] MOTION_AUTHORITY state=motion_frame_withheld run_id=native-20260731-c8-full28 client=omen action=omen-c8-motion-drive-gap detail=sequence=898_withheld_index=20_withheld_total=20
[Info   :ComfyNetworkSense] [07/31/2026 07:05:55] MOTION_AUTHORITY state=reliable_resync_queued run_id=native-20260731-c8-full28 client=omen action=omen-c8-motion-drive-gap detail=correlation_id=c8-gap-omen-to-i5_motion_sequence=898_gap_start=879_gap_end=898
[Info   :ComfyNetworkSense] [07/31/2026 07:05:55] MOTION_AUTHORITY state=reliable_resync_receipt run_id=native-20260731-c8-full28 client=omen action=omen-c8-motion-drive-gap detail=correlation_id=c8-gap-omen-to-i5_result=accepted_target_count=1_reliable_sequence=1347_ack_queued=true
[Info   :ComfyNetworkSense] [07/31/2026 07:05:59] MOTION_AUTHORITY state=probe_passed run_id=native-20260731-c8-full28 client=omen action=omen-c8-motion-drive-gap detail=gap_withheld_reliable_resync_accepted_sent=92_received=103_applied=770_native_writer_suppressed=600_native_position_masked=0_holds=0_gaps=0_resync_applied=0_failures=0_gap_dropped=20
[Info   :ComfyNetworkSense] [07/31/2026 07:05:59] CUTOVER_SCENARIO state=completed run_id=native-20260731-c8-full28 client=omen action=omen-c8-motion-drive-gap detail=gap_withheld_reliable_resync_accepted_sent=92_received=103_applied=770_native_writer_suppressed=600_native_position_masked=0_holds=0_gaps=0_resync_applied=0_failures=0_gap_dropped=20
[Info   :ComfyNetworkSense] [07/31/2026 07:05:59] CUTOVER_SCENARIO state=action_started run_id=native-20260731-c8-full28 client=omen action=omen-c8-direct-pulse detail=kind=direct_control_pulse
[Info   :ComfyNetworkSense] [07/31/2026 07:05:59] LUMBERJACKS_SESSION state=direct_pulse_probe_started run_id=native-20260731-c8-full28 client=omen action=omen-c8-direct-pulse detail=mode=deliver_connection_id=3c3a4ad2ae374fcdab45e7c45129262e
[Info   :ComfyNetworkSense] [07/31/2026 07:05:59] LUMBERJACKS_SESSION state=lumberjacks_direct_pulse_received run_id=native-20260731-c8-full28 client=omen action=omen-c8-direct-pulse detail=sequence=1351_connection_id=3c3a4ad2ae374fcdab45e7c45129262e_run_id=native-20260731-c8-full28_action_id=omen-c8-direct-pulse
[Info   :ComfyNetworkSense] [07/31/2026 07:05:59] CUTOVER_SCENARIO state=completed run_id=native-20260731-c8-full28 client=omen action=omen-c8-direct-pulse detail=lumberjacks_direct_pulse_applied_sequence=1351
[Info   :ComfyNetworkSense] [07/31/2026 07:05:59] CUTOVER_SCENARIO state=action_started run_id=native-20260731-c8-full28 client=omen action=omen-c8-routed-request detail=kind=routed_request
[Info   :ComfyNetworkSense] [07/31/2026 07:05:59] CUTOVER_SCENARIO state=completed run_id=native-20260731-c8-full28 client=omen action=omen-c8-routed-request detail=routed_response_applied
[Info   :ComfyNetworkSense] [07/31/2026 07:05:59] CUTOVER_SCENARIO state=action_started run_id=native-20260731-c8-full28 client=omen action=omen-c8-routed-broadcast detail=kind=routed_broadcast
[Info   :ComfyNetworkSense] [07/31/2026 07:05:59] CUTOVER_SCENARIO state=completed run_id=native-20260731-c8-full28 client=omen action=omen-c8-routed-broadcast detail=routed_broadcast_applied
[Info   :ComfyNetworkSense] [07/31/2026 07:05:59] CUTOVER_SCENARIO state=action_started run_id=native-20260731-c8-full28 client=omen action=omen-c8-routed-target detail=kind=routed_target_zdo
[Info   :ComfyNetworkSense] [07/31/2026 07:05:59] CUTOVER_SCENARIO state=completed run_id=native-20260731-c8-full28 client=omen action=omen-c8-routed-target detail=reset_cloth_dispatched_on_server
[Info   :ComfyNetworkSense] [07/31/2026 07:05:59] CUTOVER_SCENARIO state=action_started run_id=native-20260731-c8-full28 client=omen action=omen-c8-zdo-journal-drive detail=kind=zdo_journal_drive
[Info   :ComfyNetworkSense] [07/31/2026 07:06:00] LOGICAL_PEER_CUTOVER state=logical_native_invoke_suppressed run_id=native-20260731-c8-full28 detail=count=1024_method=ZDOData_semantic_fallback=false
[Warning:ComfyNetworkSense] [07/31/2026 07:06:05] Authoritative consumer poll failed: TimeoutException: connect timeout to 8.231.129.249:42317
[Info   :ComfyNetworkSense] [07/31/2026 07:06:08] LUMBERJACKS_SESSION state=connection_error run_id=native-20260731-c8-full28 client=omen action=none detail=sequence=0_connection_id=_WebSocketException:The_remote_party_closed_the_WebSocket_connection_without_completing_the_close_handshake.
[Info   :ComfyNetworkSense] [07/31/2026 07:06:08] LUMBERJACKS_SESSION state=socket_closed run_id=native-20260731-c8-full28 client=omen action=none detail=sequence=0_connection_id=
[Info   :ComfyNetworkSense] [07/31/2026 07:06:08] MOTION_AUTHORITY state=hold_entered run_id=native-20260731-c8-full28 client=omen action=omen-c8-motion-drive-gap detail=sequence=1000_age_ms=502_native_fallback=false
[Info   :ComfyNetworkSense] [07/31/2026 07:06:08] LUMBERJACKS_SESSION state=connection_error run_id=native-20260731-c8-full28 client=omen action=none detail=sequence=0_connection_id=_WebSocketException:Unable_to_connect_to_the_remote_server
[Info   :ComfyNetworkSense] [07/31/2026 07:06:08] LUMBERJACKS_SESSION state=socket_closed run_id=native-20260731-c8-full28 client=omen action=none detail=sequence=0_connection_id=
[Info   :ComfyNetworkSense] [07/31/2026 07:06:10] LUMBERJACKS_SESSION state=connection_error run_id=native-20260731-c8-full28 client=omen action=none detail=sequence=0_connection_id=_WebSocketException:Unable_to_connect_to_the_remote_server
[Info   :ComfyNetworkSense] [07/31/2026 07:06:10] LUMBERJACKS_SESSION state=socket_closed run_id=native-20260731-c8-full28 client=omen action=none detail=sequence=0_connection_id=
[Info   :ComfyNetworkSense] [07/31/2026 07:06:10] LUMBERJACKS_SESSION state=connection_error run_id=native-20260731-c8-full28 client=omen action=none detail=sequence=0_connection_id=_WebSocketException:Unable_to_connect_to_the_remote_server
[Info   :ComfyNetworkSense] [07/31/2026 07:06:10] LUMBERJACKS_SESSION state=socket_closed run_id=native-20260731-c8-full28 client=omen action=none detail=sequence=0_connection_id=
[Info   :ComfyNetworkSense] [07/31/2026 07:06:11] LUMBERJACKS_SESSION state=connection_error run_id=native-20260731-c8-full28 client=omen action=none detail=sequence=0_connection_id=_WebSocketException:Unable_to_connect_to_the_remote_server
[Info   :ComfyNetworkSense] [07/31/2026 07:06:11] LUMBERJACKS_SESSION state=socket_closed run_id=native-20260731-c8-full28 client=omen action=none detail=sequence=0_connection_id=
[Info   :ComfyNetworkSense] [07/31/2026 07:06:12] LUMBERJACKS_SESSION state=session_started run_id=native-20260731-c8-full28 client=omen action=none detail=sequence=0_connection_id=1de79675746e4435a7cbea194f3b5663_resumed=false_reincarnated=true_logical_peer_id=lp_c63184ad7fe2fd0616f8f0cd84f7c6150d9687b039d568454b911e5f7dd544f1_server_instance_id=am4-gateway-dev_world_id=am4-cutover-world_udp_ready=true
[Info   :ComfyNetworkSense] [07/31/2026 07:06:12] LUMBERJACKS_SESSION state=peer_bind_queued run_id=native-20260731-c8-full28 client=omen action=none detail=sequence=0_connection_id=1de79675746e4435a7cbea194f3b5663_role=client_peer_uid=552468943
[Info   :ComfyNetworkSense] [07/31/2026 07:06:12] LUMBERJACKS_SESSION state=motion_region_join_queued run_id=native-20260731-c8-full28 client=omen action=none detail=sequence=0_connection_id=1de79675746e4435a7cbea194f3b5663_region_id=region-spawn
[Info   :ComfyNetworkSense] [07/31/2026 07:06:12] LOGICAL_PEER_CUTOVER state=logical_server_announced run_id=native-20260731-c8-full28 detail=peer_uid=1179166357_logical_peer_id=lp_c9b96e29024c30948164b6025b7d6b67ef3e40eb243b767a108cf27e4657b0da
[Warning:ComfyNetworkSense] [07/31/2026 07:06:15] Authoritative consumer poll failed: TimeoutException: connect timeout to 8.231.129.249:42317
[Warning:ComfyNetworkSense] [07/31/2026 07:06:25] Authoritative consumer poll failed: TimeoutException: connect timeout to 8.231.129.249:42317
[Info   :ComfyNetworkSense] [07/31/2026 07:06:32] MOTION_AUTHORITY state=native_transform_writer_suppressed run_id=native-20260731-c8-full28 client=omen action=omen-c8-motion-drive-gap detail=count=8192_writer=ZSyncTransform.CustomFixedUpdate
[Warning:ComfyNetworkSense] [07/31/2026 07:06:35] Authoritative consumer poll failed: TimeoutException: connect timeout to 8.231.129.249:42317
[Warning:ComfyNetworkSense] [07/31/2026 07:06:45] Authoritative consumer poll failed: TimeoutException: connect timeout to 8.231.129.249:42317
[Info   :ComfyNetworkSense] [07/31/2026 07:06:52] LOGICAL_PEER_CUTOVER state=logical_native_invoke_suppressed run_id=native-20260731-c8-full28 detail=count=2048_method=ZDOData_semantic_fallback=false
[Warning:ComfyNetworkSense] [07/31/2026 07:06:55] Authoritative consumer poll failed: TimeoutException: connect timeout to 8.231.129.249:42317
[Warning:ComfyNetworkSense] [07/31/2026 07:07:05] Authoritative consumer poll failed: TimeoutException: connect timeout to 8.231.129.249:42317
[Warning:ComfyNetworkSense] [07/31/2026 07:07:15] Authoritative consumer poll failed: TimeoutException: connect timeout to 8.231.129.249:42317
07/31/2026 07:07:19: Game - OnApplicationQuit
07/31/2026 07:07:19: Available space to current user: 176847699968. Saving is blocked if below: 226521056 bytes. Warnings are given if below: 453042112
07/31/2026 07:07:19: Shutting down
07/31/2026 07:07:19: Minimap: compressed mapData 8388789 => 8644 bytes
07/31/2026 07:07:19: Cloud Save: 8402928 bytes. /characters/tugcorp.fch.new
Steam writing file chunks 1 / 1, (8402928 bytes)
Steam writing file chunks 1 / 1, (8402928 bytes)
Steam writing file chunks 1 / 1, (8402928 bytes)
07/31/2026 07:07:20: Considering autobackup. World time: 139.8, short time: 7200, long time: 43200, backup count: 4
07/31/2026 07:07:20: Skipping backup. World session not long enough.
07/31/2026 07:07:20: ZNet Shutdown
07/31/2026 07:07:20: Unloading unused assets
Unloading 2 Unused Serialized files (Serialized files now loaded: 28)
07/31/2026 07:07:20: Sending disconnect msg
07/31/2026 07:07:20: Sent to lumberjacks:lp_c9b96e29024c30948164b6025b7d6b67ef3e40eb243b767a108cf27e4657b0da
[Info   :ComfyNetworkSense] [07/31/2026 07:07:20] LOGICAL_PEER_CUTOVER state=disconnect_queued run_id=native-20260731-c8-full28 detail=target_logical_peer_id=lp_c9b96e29024c30948164b6025b7d6b67ef3e40eb243b767a108cf27e4657b0da
ZPlayFabMatchmaking::UnregisterServer - unregistering server now. State: Uninitialized
07/31/2026 07:07:20: Stopping build thread
Unloading 138 unused Assets to reduce memory usage. Loaded Objects now: 285999.
Total: 74.607300 ms (FindLiveObjects: 18.833200 ms CreateObjectMapping: 17.118700 ms MarkObjects: 37.963400 ms  DeleteObjects: 0.691400 ms)

07/31/2026 07:07:22: ZNet OnDestroy
07/31/2026 07:07:22: Net scene destroyed
[Info   :ComfyNetworkSense] [07/31/2026 07:07:22] CUTOVER_SCENARIO state=failed run_id=native-20260731-c8-full28 client=omen action=omen-c8-zdo-journal-drive detail=plugin_disposed
07/31/2026 07:07:22: Local player destroyed
NullReferenceException: Object reference not set to an instance of an object.
  at UnityEngine.Bindings.ThrowHelper.ThrowNullReferenceException (System.Object obj) [0x00018] in <89f741081c874c65b780dbd6a0d8d33e>:0 
  at UnityEngine.Behaviour.set_enabled (System.Boolean value) [0x00006] in <89f741081c874c65b780dbd6a0d8d33e>:0 
  at ShieldDomeImageEffect.ToggleActiveImageEffect (System.Int32 domes) [0x00000] in <e4cfc70261ab46d19f39cc2deb9bc839>:0 
  at ShieldDomeImageEffect.RemoveShield (ShieldGenerator shield) [0x0001a] in <e4cfc70261ab46d19f39cc2deb9bc839>:0 
  at ShieldGenerator.OnDestroy () [0x00009] in <e4cfc70261ab46d19f39cc2deb9bc839>:0 

07/31/2026 07:07:22: Steam manager on destroy
[Physics::Module] Cleanup current backned.
[Physics::Module] Id: 0xf2b8ea05
Input System module state changed to: ShutdownInProgress.
Input System polling thread exited.
Input System module state changed to: Shutdown.
GarbageCollector disposing of ComputeBuffer. Please use ComputeBuffer.Release() or .Dispose() to manually release the buffer.
