[Message:   BepInEx] BepInEx 5.4.23.3 - valheim (7/9/2026 6:56:24 AM)
[Message:   BepInEx] User is running BepInExPack Valheim version 5.4.2333 from Thunderstore
[Info   :   BepInEx] Running under Unity v6000.0.61.7643309
[Info   :   BepInEx] CLR runtime version: 4.0.30319.42000
[Info   :   BepInEx] Supports SRE: True
[Info   :   BepInEx] System platform: Bits64, Windows
[Message:   BepInEx] Preloader started
[Info   :   BepInEx] Loaded 1 patcher method from [BepInEx.Preloader 5.4.23.3]
[Info   :   BepInEx] 1 patcher plugin loaded
[Info   :   BepInEx] Patching [UnityEngine.CoreModule] with [BepInEx.Chainloader]
[Message:   BepInEx] Preloader finished
[Message:   BepInEx] Chainloader ready
[Message:   BepInEx] Chainloader started
[Info   :   BepInEx] 3 plugins to load
[Info   :   BepInEx] Loading [Comfy Camera Proof 0.1.0]
[Info   :Comfy Camera Proof] Comfy Camera Proof loaded. F8/status and F9/move proof commands are available.
[Info   :   BepInEx] Loading [ComfyControlSurface 0.6.0]
[Info   :ComfyControlSurface] [07/31/2026 06:16:06] Comfy control surface loaded.
[Info   :   BepInEx] Loading [ComfyNetworkSense 0.5.45]
[Info   :ComfyNetworkSense] [07/31/2026 06:16:06] Authoritative consumer init: enabled=True, manifest=p7-primary-v1, gateway=http://8.231.129.249:42317
[Info   :ComfyNetworkSense] [07/31/2026 06:16:06] Authoritative consumer init: authoritative consumer armed
[Info   :ComfyNetworkSense] [07/31/2026 06:16:07] Panel input patch applied: GameCamera.UpdateMouseCapture
[Info   :ComfyNetworkSense] [07/31/2026 06:16:07] Panel input patch applied: Character.TakeInput
[Info   :ComfyNetworkSense] [07/31/2026 06:16:07] GameplayEventPatches: patched Character.RPC_Damage
[Info   :ComfyNetworkSense] [07/31/2026 06:16:07] GameplayEventPatches: patched Character.Damage
[Info   :ComfyNetworkSense] [07/31/2026 06:16:07] GameplayEventPatches: patched Character.OnDeath
[Info   :ComfyNetworkSense] [07/31/2026 06:16:07] Lab auto-join patch applied: FejdStartup.Start
[Info   :ComfyNetworkSense] [07/31/2026 06:16:07] Quest view loaded: 4 tracked quest(s) for Derek from C:\Program Files (x86)\Steam\steamapps\common\Valheim\BepInEx\config\comfy-network-sense\quest-view.json
[Info   :ComfyNetworkSense] [07/31/2026 06:16:07] Telemetry scaffold ready.
[Info   :ComfyNetworkSense] [07/31/2026 06:16:07] Lumberjacks contract release=m30-rolecontrol-20260723-r1 schema_version=2 operation=zdo_redirect
[Message:   BepInEx] Chainloader startup complete
[Info   :ComfyNetworkSense] [07/31/2026 06:16:13] AUTOTEST_READY run_id=native-20260731-c8-full26 client=i5 character=durracktu server=100.116.82.60:2456 renderer=Intel(R)_Iris(R)_Xe_Graphics renderer_type=Direct3D11 native_poison=true
[Info   :ComfyNetworkSense] [07/31/2026 06:16:13] CUTOVER_SCENARIO state=scenario_loaded run_id=native-20260731-c8-full26 client=i5 action=none detail=actions=24
[Info   :ComfyNetworkSense] [07/31/2026 06:16:22] AUTOTEST_STEAM_FREE_SCENE_REQUESTED run_id=native-20260731-c8-full26 client=i5 character=durracktu server=100.116.82.60:2456 native_connect=false native_handshake=false
[Info   :ComfyNetworkSense] [07/31/2026 06:16:22] Lab auto-join started existing character 'Durracktu' at profile index 0.
[Info   :ComfyNetworkSense] [07/31/2026 06:16:22] AUTOTEST_CHARACTER_SELECTED run_id=native-20260731-c8-full26 client=i5 character=durracktu server=100.116.82.60:2456 profile_index=0
[Info   :ComfyNetworkSense] [07/31/2026 06:16:22] LOGICAL_PEER_CUTOVER state=native_client_connect_suppressed run_id=native-20260731-c8-full26 detail=source=request_manifest_native_target=false_logical_connection_status=connecting
[Info   :ComfyNetworkSense] [07/31/2026 06:16:22] Registered routed RPC: ComfyNetworkSense_ServerPulse
[Info   :ComfyNetworkSense] [07/31/2026 06:16:22] Registered routed RPC: ComfyNetworkSense_GameplayEvent
[Info   :ComfyNetworkSense] [07/31/2026 06:16:22] LUMBERJACKS_SESSION state=session_started run_id=native-20260731-c8-full26 client=i5 action=none detail=sequence=0_connection_id=11b4c01cfcfe45d09252670cc69cc4c9_resumed=false_reincarnated=false_logical_peer_id=lp_19f2670527be6f633c140c5938e5ff4c85d4bbe309e63007f20327439f837d5c_server_instance_id=am4-gateway-dev_world_id=am4-cutover-world_udp_ready=true
[Info   :ComfyNetworkSense] [07/31/2026 06:16:22] LUMBERJACKS_SESSION state=peer_bind_queued run_id=native-20260731-c8-full26 client=i5 action=none detail=sequence=0_connection_id=11b4c01cfcfe45d09252670cc69cc4c9_role=client_peer_uid=2754264836
[Info   :ComfyNetworkSense] [07/31/2026 06:16:22] LUMBERJACKS_SESSION state=motion_region_join_queued run_id=native-20260731-c8-full26 client=i5 action=none detail=sequence=0_connection_id=11b4c01cfcfe45d09252670cc69cc4c9_region_id=region-spawn
[Info   :ComfyNetworkSense] [07/31/2026 06:16:22] WORLD_ZONE_CUTOVER state=descriptor_requested run_id=native-20260731-c8-full26 client=client detail=fault_mode=none
[Info   :ComfyNetworkSense] [07/31/2026 06:16:22] LOGICAL_PEER_CUTOVER state=logical_server_announced run_id=native-20260731-c8-full26 detail=peer_uid=1179166357_logical_peer_id=lp_c9b96e29024c30948164b6025b7d6b67ef3e40eb243b767a108cf27e4657b0da
[Info   :ComfyNetworkSense] [07/31/2026 06:16:22] WORLD_ZONE_CUTOVER state=descriptor_accepted run_id=native-20260731-c8-full26 client=client detail=world_epoch=world-ffffffff63e5be34_world_generation_version=2_initial_zone=35,-1_global_keys=8_location_icons=10
[Info   :ComfyNetworkSense] [07/31/2026 06:16:24] LOGICAL_PEER_CUTOVER state=logical_peer_constructed run_id=native-20260731-c8-full26 detail=role=server_peer_uid=1179166357_logical_peer_id=lp_c9b96e29024c30948164b6025b7d6b67ef3e40eb243b767a108cf27e4657b0da_socket_type=LogicalSocket_native_socket=false
[Info   :ComfyNetworkSense] [07/31/2026 06:16:24] LOGICAL_PEER_CUTOVER state=client_logical_peer_ready run_id=native-20260731-c8-full26 detail=remote_peer_uid=1179166357_remote_logical_peer_id=lp_c9b96e29024c30948164b6025b7d6b67ef3e40eb243b767a108cf27e4657b0da_world_epoch=world-ffffffff63e5be34_native_socket=false_native_handshake=false
[Info   :ComfyNetworkSense] [07/31/2026 06:16:31] WORLD_ZONE_CUTOVER state=world_bootstrap_applied_typed run_id=native-20260731-c8-full26 client=client detail=start_location=StartTemple_global_keys=8_location_icons=10_native_routed_rpc=false
[Info   :ComfyNetworkSense] [07/31/2026 06:16:31] WORLD_ZONE_CUTOVER state=bootstrap_progress run_id=native-20260731-c8-full26 client=i5 detail=bootstrap_applied=True_start_icon=True_start_position=2211,33,-69_reference_position=2211,33.16,-59.01_reference_zone=35,-1_zone_loaded=False_area_ready=False_local_player=False_banked=0_inbound=0_applied=0_superseded=0_apply_failures=0
[Info   :ComfyNetworkSense] [07/31/2026 06:16:32] LOGICAL_PEER_CUTOVER state=logical_native_invoke_suppressed run_id=native-20260731-c8-full26 detail=count=1_method=ServerSyncedPlayerData_semantic_fallback=false
[Info   :ComfyNetworkSense] [07/31/2026 06:16:33] WORLD_ZONE_CUTOVER state=bootstrap_progress run_id=native-20260731-c8-full26 client=i5 detail=bootstrap_applied=True_start_icon=True_start_position=2211,33,-69_reference_position=2211,33.16,-59.01_reference_zone=35,-1_zone_loaded=True_area_ready=False_local_player=False_banked=1299_inbound=0_applied=1290_superseded=0_apply_failures=0
[Info   :ComfyNetworkSense] [07/31/2026 06:16:34] LOGICAL_PEER_CUTOVER state=logical_native_invoke_suppressed run_id=native-20260731-c8-full26 detail=count=2_method=ServerSyncedPlayerData_semantic_fallback=false
[Info   :ComfyNetworkSense] [07/31/2026 06:16:35] WORLD_ZONE_CUTOVER state=bootstrap_progress run_id=native-20260731-c8-full26 client=i5 detail=bootstrap_applied=True_start_icon=True_start_position=2211,33,-69_reference_position=2211,33.16,-59.01_reference_zone=35,-1_zone_loaded=True_area_ready=True_local_player=False_banked=1299_inbound=0_applied=1290_superseded=0_apply_failures=0
[Warning:ComfyNetworkSense] [07/31/2026 06:16:36] Authoritative consumer poll failed: TimeoutException: connect timeout to 8.231.129.249:42317
[Info   :ComfyNetworkSense] [07/31/2026 06:16:36] LOGICAL_PEER_CUTOVER state=logical_native_invoke_suppressed run_id=native-20260731-c8-full26 detail=count=3_method=ServerSyncedPlayerData_semantic_fallback=false
[Info   :ComfyNetworkSense] [07/31/2026 06:16:37] WORLD_ZONE_CUTOVER state=bootstrap_progress run_id=native-20260731-c8-full26 client=i5 detail=bootstrap_applied=True_start_icon=True_start_position=2211,33,-69_reference_position=2211,33.16,-59.01_reference_zone=35,-1_zone_loaded=True_area_ready=True_local_player=False_banked=1299_inbound=0_applied=1290_superseded=0_apply_failures=0
[Info   :ComfyNetworkSense] [07/31/2026 06:16:38] LOGICAL_PEER_CUTOVER state=logical_native_invoke_suppressed run_id=native-20260731-c8-full26 detail=count=4_method=ServerSyncedPlayerData_semantic_fallback=false
[Info   :ComfyNetworkSense] [07/31/2026 06:16:38] LOGICAL_PEER_CUTOVER state=character_id_queued run_id=native-20260731-c8-full26 detail=target_logical_peer_id=lp_c9b96e29024c30948164b6025b7d6b67ef3e40eb243b767a108cf27e4657b0da_character_id=2754264836:1
[Info   :ComfyNetworkSense] [07/31/2026 06:16:39] AUTOTEST_JOINED run_id=native-20260731-c8-full26 client=i5 character=durracktu server=100.116.82.60:2456 peer_count=1 player=Durracktu renderer=Intel(R)_Iris(R)_Xe_Graphics renderer_type=Direct3D11 graphics_memory_mb=16226
[Info   :ComfyNetworkSense] [07/31/2026 06:16:39] WORLD_ZONE_CUTOVER state=bootstrap_ready run_id=native-20260731-c8-full26 client=i5 detail=bootstrap_applied=True_start_icon=True_start_position=2211,33,-69_reference_position=2211,33.41,-59.01_reference_zone=35,-1_zone_loaded=True_area_ready=True_local_player=True_banked=1308_inbound=0_applied=1299_superseded=0_apply_failures=0
[Info   :ComfyNetworkSense] [07/31/2026 06:16:39] MOTION_AUTHORITY state=local_motion_identity run_id=native-20260731-c8-full26 client=i5 action=none detail=uid=2754264836:1_position=2211,33.406,-59.005
[Info   :ComfyNetworkSense] [07/31/2026 06:16:39] CUTOVER_SCENARIO state=teleport_safeguard_enabled run_id=native-20260731-c8-full26 client=i5 action=none detail=god=True_fly=False_dead=False
[Info   :ComfyNetworkSense] [07/31/2026 06:16:39] CUTOVER_SCENARIO state=action_started run_id=native-20260731-c8-full26 client=i5 action=i5-settle detail=kind=wait
[Info   :ComfyNetworkSense] [07/31/2026 06:16:39] LUMBERJACKS_SESSION state=motion_transport_fallback run_id=native-20260731-c8-full26 client=i5 action=none detail=sequence=0_connection_id=11b4c01cfcfe45d09252670cc69cc4c9_udp_receive_failed=ConnectionReset_fallback=binary_websocket
[Info   :ComfyNetworkSense] [07/31/2026 06:16:39] MOTION_AUTHORITY state=remote_player_descriptor_applied run_id=native-20260731-c8-full26 client=i5 action=none detail=logical_peer_id=lp_c63184ad7fe2fd0616f8f0cd84f7c6150d9687b039d568454b911e5f7dd544f1_uid=258831700:1_generation=1_ack_queued=true
[Info   :ComfyNetworkSense] [07/31/2026 06:16:39] MOTION_AUTHORITY state=remote_motion_discovered run_id=native-20260731-c8-full26 client=i5 action=none detail=uid=258831700:1_position=2215,33.16,-69_transport=websocket
[Info   :ComfyNetworkSense] [07/31/2026 06:16:39] MOTION_AUTHORITY state=logical_remote_seeded run_id=native-20260731-c8-full26 client=i5 action=none detail=uid=258831700:1_prefab=Player_owner=258831700_generation=1_source=reliable_aoi_descriptor
[Info   :ComfyNetworkSense] [07/31/2026 06:16:39] MOTION_AUTHORITY state=remote_instance_missing run_id=native-20260731-c8-full26 client=i5 action=none detail=uid=258831700:1_known_player_uids=2754264836:1
[Info   :ComfyNetworkSense] [07/31/2026 06:16:39] LOGICAL_PEER_CUTOVER state=logical_native_invoke_suppressed run_id=native-20260731-c8-full26 detail=count=8_method=ZDOData_semantic_fallback=false
[Info   :ComfyNetworkSense] [07/31/2026 06:16:39] MOTION_AUTHORITY state=native_transform_writer_suppressed run_id=native-20260731-c8-full26 client=i5 action=none detail=count=1_writer=ZSyncTransform.CustomFixedUpdate
[Info   :ComfyNetworkSense] [07/31/2026 06:16:39] MOTION_AUTHORITY state=native_transform_writer_suppressed run_id=native-20260731-c8-full26 client=i5 action=none detail=count=2_writer=ZSyncTransform.CustomFixedUpdate
[Info   :ComfyNetworkSense] [07/31/2026 06:16:39] MOTION_AUTHORITY state=target_rejected run_id=native-20260731-c8-full26 client=i5 action=none detail=sequence=77_target_error_mm=47011_native_fallback=false
[Info   :ComfyNetworkSense] [07/31/2026 06:16:39] MOTION_AUTHORITY state=native_transform_writer_suppressed run_id=native-20260731-c8-full26 client=i5 action=none detail=count=3_writer=ZSyncTransform.CustomFixedUpdate
[Info   :ComfyNetworkSense] [07/31/2026 06:16:39] MOTION_AUTHORITY state=native_transform_writer_suppressed run_id=native-20260731-c8-full26 client=i5 action=none detail=count=4_writer=ZSyncTransform.CustomFixedUpdate
[Info   :ComfyNetworkSense] [07/31/2026 06:16:39] MOTION_AUTHORITY state=target_rejected run_id=native-20260731-c8-full26 client=i5 action=none detail=sequence=77_target_error_mm=47019_native_fallback=false
[Info   :ComfyNetworkSense] [07/31/2026 06:16:39] MOTION_AUTHORITY state=target_rejected run_id=native-20260731-c8-full26 client=i5 action=none detail=sequence=77_target_error_mm=47025_native_fallback=false
[Info   :ComfyNetworkSense] [07/31/2026 06:16:39] MOTION_AUTHORITY state=native_transform_writer_suppressed run_id=native-20260731-c8-full26 client=i5 action=none detail=count=8_writer=ZSyncTransform.CustomFixedUpdate
[Info   :ComfyNetworkSense] [07/31/2026 06:16:39] MOTION_AUTHORITY state=target_rejected run_id=native-20260731-c8-full26 client=i5 action=none detail=sequence=78_target_error_mm=47027_native_fallback=false
[Info   :ComfyNetworkSense] [07/31/2026 06:16:39] MOTION_AUTHORITY state=target_rejected run_id=native-20260731-c8-full26 client=i5 action=none detail=sequence=78_target_error_mm=47039_native_fallback=false
[Info   :ComfyNetworkSense] [07/31/2026 06:16:39] MOTION_AUTHORITY state=target_rejected run_id=native-20260731-c8-full26 client=i5 action=none detail=sequence=78_target_error_mm=47047_native_fallback=false
[Info   :ComfyNetworkSense] [07/31/2026 06:16:39] MOTION_AUTHORITY state=native_transform_writer_suppressed run_id=native-20260731-c8-full26 client=i5 action=none detail=count=16_writer=ZSyncTransform.CustomFixedUpdate
[Info   :ComfyNetworkSense] [07/31/2026 06:16:39] MOTION_AUTHORITY state=target_rejected run_id=native-20260731-c8-full26 client=i5 action=none detail=sequence=80_target_error_mm=47097_native_fallback=false
[Info   :ComfyNetworkSense] [07/31/2026 06:16:39] MOTION_AUTHORITY state=target_rejected run_id=native-20260731-c8-full26 client=i5 action=none detail=sequence=80_target_error_mm=47112_native_fallback=false
[Info   :ComfyNetworkSense] [07/31/2026 06:16:39] MOTION_AUTHORITY state=target_rejected run_id=native-20260731-c8-full26 client=i5 action=none detail=sequence=80_target_error_mm=47119_native_fallback=false
[Info   :ComfyNetworkSense] [07/31/2026 06:16:39] MOTION_AUTHORITY state=target_rejected run_id=native-20260731-c8-full26 client=i5 action=none detail=sequence=81_target_error_mm=47115_native_fallback=false
[Info   :ComfyNetworkSense] [07/31/2026 06:16:39] MOTION_AUTHORITY state=target_rejected run_id=native-20260731-c8-full26 client=i5 action=none detail=sequence=81_target_error_mm=47122_native_fallback=false
[Info   :ComfyNetworkSense] [07/31/2026 06:16:39] MOTION_AUTHORITY state=target_rejected run_id=native-20260731-c8-full26 client=i5 action=none detail=sequence=81_target_error_mm=47127_native_fallback=false
[Info   :ComfyNetworkSense] [07/31/2026 06:16:39] MOTION_AUTHORITY state=target_rejected run_id=native-20260731-c8-full26 client=i5 action=none detail=sequence=81_target_error_mm=47133_native_fallback=false
[Info   :ComfyNetworkSense] [07/31/2026 06:16:39] MOTION_AUTHORITY state=target_rejected run_id=native-20260731-c8-full26 client=i5 action=none detail=sequence=82_target_error_mm=47150_native_fallback=false
[Info   :ComfyNetworkSense] [07/31/2026 06:16:39] MOTION_AUTHORITY state=target_rejected run_id=native-20260731-c8-full26 client=i5 action=none detail=sequence=82_target_error_mm=47156_native_fallback=false
[Info   :ComfyNetworkSense] [07/31/2026 06:16:39] MOTION_AUTHORITY state=native_transform_writer_suppressed run_id=native-20260731-c8-full26 client=i5 action=none detail=count=32_writer=ZSyncTransform.CustomFixedUpdate
[Info   :ComfyNetworkSense] [07/31/2026 06:16:39] MOTION_AUTHORITY state=target_rejected run_id=native-20260731-c8-full26 client=i5 action=none detail=sequence=82_target_error_mm=47163_native_fallback=false
[Info   :ComfyNetworkSense] [07/31/2026 06:16:39] MOTION_AUTHORITY state=target_rejected run_id=native-20260731-c8-full26 client=i5 action=none detail=sequence=83_target_error_mm=47170_native_fallback=false
[Info   :ComfyNetworkSense] [07/31/2026 06:16:39] MOTION_AUTHORITY state=target_rejected run_id=native-20260731-c8-full26 client=i5 action=none detail=sequence=83_target_error_mm=47179_native_fallback=false
[Info   :ComfyNetworkSense] [07/31/2026 06:16:39] MOTION_AUTHORITY state=target_rejected run_id=native-20260731-c8-full26 client=i5 action=none detail=sequence=83_target_error_mm=47192_native_fallback=false
[Info   :ComfyNetworkSense] [07/31/2026 06:16:39] MOTION_AUTHORITY state=target_rejected run_id=native-20260731-c8-full26 client=i5 action=none detail=sequence=84_target_error_mm=47190_native_fallback=false
[Info   :ComfyNetworkSense] [07/31/2026 06:16:39] MOTION_AUTHORITY state=target_rejected run_id=native-20260731-c8-full26 client=i5 action=none detail=sequence=84_target_error_mm=47196_native_fallback=false
[Info   :ComfyNetworkSense] [07/31/2026 06:16:39] MOTION_AUTHORITY state=target_rejected run_id=native-20260731-c8-full26 client=i5 action=none detail=sequence=84_target_error_mm=47203_native_fallback=false
[Info   :ComfyNetworkSense] [07/31/2026 06:16:39] MOTION_AUTHORITY state=target_rejected run_id=native-20260731-c8-full26 client=i5 action=none detail=sequence=85_target_error_mm=47219_native_fallback=false
[Info   :ComfyNetworkSense] [07/31/2026 06:16:39] LOGICAL_PEER_CUTOVER state=logical_native_invoke_suppressed run_id=native-20260731-c8-full26 detail=count=16_method=RoutedRPC_semantic_fallback=false
[Info   :ComfyNetworkSense] [07/31/2026 06:16:39] MOTION_AUTHORITY state=target_rejected run_id=native-20260731-c8-full26 client=i5 action=none detail=sequence=85_target_error_mm=47226_native_fallback=false
[Info   :ComfyNetworkSense] [07/31/2026 06:16:39] MOTION_AUTHORITY state=target_rejected run_id=native-20260731-c8-full26 client=i5 action=none detail=sequence=85_target_error_mm=47233_native_fallback=false
[Info   :ComfyNetworkSense] [07/31/2026 06:16:39] MOTION_AUTHORITY state=target_rejected run_id=native-20260731-c8-full26 client=i5 action=none detail=sequence=86_target_error_mm=47229_native_fallback=false
[Info   :ComfyNetworkSense] [07/31/2026 06:16:39] MOTION_AUTHORITY state=target_rejected run_id=native-20260731-c8-full26 client=i5 action=none detail=sequence=86_target_error_mm=47235_native_fallback=false
[Info   :ComfyNetworkSense] [07/31/2026 06:16:39] MOTION_AUTHORITY state=target_rejected run_id=native-20260731-c8-full26 client=i5 action=none detail=sequence=86_target_error_mm=47241_native_fallback=false
[Info   :ComfyNetworkSense] [07/31/2026 06:16:39] MOTION_AUTHORITY state=target_rejected run_id=native-20260731-c8-full26 client=i5 action=none detail=sequence=86_target_error_mm=47247_native_fallback=false
[Info   :ComfyNetworkSense] [07/31/2026 06:16:39] MOTION_AUTHORITY state=target_rejected run_id=native-20260731-c8-full26 client=i5 action=none detail=sequence=87_target_error_mm=47264_native_fallback=false
[Info   :ComfyNetworkSense] [07/31/2026 06:16:39] MOTION_AUTHORITY state=target_rejected run_id=native-20260731-c8-full26 client=i5 action=none detail=sequence=87_target_error_mm=47270_native_fallback=false
[Info   :ComfyNetworkSense] [07/31/2026 06:16:39] MOTION_AUTHORITY state=target_rejected run_id=native-20260731-c8-full26 client=i5 action=none detail=sequence=87_target_error_mm=47276_native_fallback=false
[Info   :ComfyNetworkSense] [07/31/2026 06:16:39] MOTION_AUTHORITY state=target_rejected run_id=native-20260731-c8-full26 client=i5 action=none detail=sequence=88_target_error_mm=47283_native_fallback=false
[Info   :ComfyNetworkSense] [07/31/2026 06:16:39] MOTION_AUTHORITY state=target_rejected run_id=native-20260731-c8-full26 client=i5 action=none detail=sequence=88_target_error_mm=47289_native_fallback=false
[Info   :ComfyNetworkSense] [07/31/2026 06:16:39] MOTION_AUTHORITY state=target_rejected run_id=native-20260731-c8-full26 client=i5 action=none detail=sequence=88_target_error_mm=47295_native_fallback=false
[Info   :ComfyNetworkSense] [07/31/2026 06:16:39] MOTION_AUTHORITY state=native_transform_writer_suppressed run_id=native-20260731-c8-full26 client=i5 action=none detail=count=64_writer=ZSyncTransform.CustomFixedUpdate
[Info   :ComfyNetworkSense] [07/31/2026 06:16:39] MOTION_AUTHORITY state=target_rejected run_id=native-20260731-c8-full26 client=i5 action=none detail=sequence=89_target_error_mm=47292_native_fallback=false
[Info   :ComfyNetworkSense] [07/31/2026 06:16:39] MOTION_AUTHORITY state=target_rejected run_id=native-20260731-c8-full26 client=i5 action=none detail=sequence=89_target_error_mm=47299_native_fallback=false
[Info   :ComfyNetworkSense] [07/31/2026 06:16:39] MOTION_AUTHORITY state=target_rejected run_id=native-20260731-c8-full26 client=i5 action=none detail=sequence=89_target_error_mm=47307_native_fallback=false
[Info   :ComfyNetworkSense] [07/31/2026 06:16:39] MOTION_AUTHORITY state=target_rejected run_id=native-20260731-c8-full26 client=i5 action=none detail=sequence=90_target_error_mm=47326_native_fallback=false
[Info   :ComfyNetworkSense] [07/31/2026 06:16:39] MOTION_AUTHORITY state=target_rejected run_id=native-20260731-c8-full26 client=i5 action=none detail=sequence=90_target_error_mm=47332_native_fallback=false
[Info   :ComfyNetworkSense] [07/31/2026 06:16:39] MOTION_AUTHORITY state=target_rejected run_id=native-20260731-c8-full26 client=i5 action=none detail=sequence=91_target_error_mm=47342_native_fallback=false
[Info   :ComfyNetworkSense] [07/31/2026 06:16:39] MOTION_AUTHORITY state=target_rejected run_id=native-20260731-c8-full26 client=i5 action=none detail=sequence=91_target_error_mm=47350_native_fallback=false
[Info   :ComfyNetworkSense] [07/31/2026 06:16:39] MOTION_AUTHORITY state=target_rejected run_id=native-20260731-c8-full26 client=i5 action=none detail=sequence=91_target_error_mm=47357_native_fallback=false
[Info   :ComfyNetworkSense] [07/31/2026 06:16:39] MOTION_AUTHORITY state=target_rejected run_id=native-20260731-c8-full26 client=i5 action=none detail=sequence=92_target_error_mm=47354_native_fallback=false
[Info   :ComfyNetworkSense] [07/31/2026 06:16:39] MOTION_AUTHORITY state=target_rejected run_id=native-20260731-c8-full26 client=i5 action=none detail=sequence=92_target_error_mm=47360_native_fallback=false
[Info   :ComfyNetworkSense] [07/31/2026 06:16:39] MOTION_AUTHORITY state=target_rejected run_id=native-20260731-c8-full26 client=i5 action=none detail=sequence=92_target_error_mm=47366_native_fallback=false
[Info   :ComfyNetworkSense] [07/31/2026 06:16:40] MOTION_AUTHORITY state=target_rejected run_id=native-20260731-c8-full26 client=i5 action=none detail=sequence=92_target_error_mm=47373_native_fallback=false
[Info   :ComfyNetworkSense] [07/31/2026 06:16:40] MOTION_AUTHORITY state=target_rejected run_id=native-20260731-c8-full26 client=i5 action=none detail=sequence=93_target_error_mm=47389_native_fallback=false
[Info   :ComfyNetworkSense] [07/31/2026 06:16:40] MOTION_AUTHORITY state=target_rejected run_id=native-20260731-c8-full26 client=i5 action=none detail=sequence=93_target_error_mm=47396_native_fallback=false
[Info   :ComfyNetworkSense] [07/31/2026 06:16:40] MOTION_AUTHORITY state=target_rejected run_id=native-20260731-c8-full26 client=i5 action=none detail=sequence=93_target_error_mm=47402_native_fallback=false
[Info   :ComfyNetworkSense] [07/31/2026 06:16:40] MOTION_AUTHORITY state=target_rejected run_id=native-20260731-c8-full26 client=i5 action=none detail=sequence=94_target_error_mm=47399_native_fallback=false
[Info   :ComfyNetworkSense] [07/31/2026 06:16:40] MOTION_AUTHORITY state=target_rejected run_id=native-20260731-c8-full26 client=i5 action=none detail=sequence=94_target_error_mm=47405_native_fallback=false
[Info   :ComfyNetworkSense] [07/31/2026 06:16:40] MOTION_AUTHORITY state=target_rejected run_id=native-20260731-c8-full26 client=i5 action=none detail=sequence=94_target_error_mm=47411_native_fallback=false
[Info   :ComfyNetworkSense] [07/31/2026 06:16:40] MOTION_AUTHORITY state=target_rejected run_id=native-20260731-c8-full26 client=i5 action=none detail=sequence=95_target_error_mm=47428_native_fallback=false
[Info   :ComfyNetworkSense] [07/31/2026 06:16:40] MOTION_AUTHORITY state=target_rejected run_id=native-20260731-c8-full26 client=i5 action=none detail=sequence=95_target_error_mm=47434_native_fallback=false
[Info   :ComfyNetworkSense] [07/31/2026 06:16:40] MOTION_AUTHORITY state=target_rejected run_id=native-20260731-c8-full26 client=i5 action=none detail=sequence=95_target_error_mm=47440_native_fallback=false
[Info   :ComfyNetworkSense] [07/31/2026 06:16:40] MOTION_AUTHORITY state=target_rejected run_id=native-20260731-c8-full26 client=i5 action=none detail=sequence=95_target_error_mm=47447_native_fallback=false
[Info   :ComfyNetworkSense] [07/31/2026 06:16:40] MOTION_AUTHORITY state=target_rejected run_id=native-20260731-c8-full26 client=i5 action=none detail=sequence=96_target_error_mm=47453_native_fallback=false
[Info   :ComfyNetworkSense] [07/31/2026 06:16:40] MOTION_AUTHORITY state=target_rejected run_id=native-20260731-c8-full26 client=i5 action=none detail=sequence=96_target_error_mm=47459_native_fallback=false
[Info   :ComfyNetworkSense] [07/31/2026 06:16:40] MOTION_AUTHORITY state=target_rejected run_id=native-20260731-c8-full26 client=i5 action=none detail=sequence=96_target_error_mm=47466_native_fallback=false
[Info   :ComfyNetworkSense] [07/31/2026 06:16:40] MOTION_AUTHORITY state=target_rejected run_id=native-20260731-c8-full26 client=i5 action=none detail=sequence=97_target_error_mm=47462_native_fallback=false
[Info   :ComfyNetworkSense] [07/31/2026 06:16:40] MOTION_AUTHORITY state=target_rejected run_id=native-20260731-c8-full26 client=i5 action=none detail=sequence=97_target_error_mm=47469_native_fallback=false
[Info   :ComfyNetworkSense] [07/31/2026 06:16:40] MOTION_AUTHORITY state=target_rejected run_id=native-20260731-c8-full26 client=i5 action=none detail=sequence=97_target_error_mm=47475_native_fallback=false
[Info   :ComfyNetworkSense] [07/31/2026 06:16:40] MOTION_AUTHORITY state=target_rejected run_id=native-20260731-c8-full26 client=i5 action=none detail=sequence=98_target_error_mm=47492_native_fallback=false
[Info   :ComfyNetworkSense] [07/31/2026 06:16:40] MOTION_AUTHORITY state=target_rejected run_id=native-20260731-c8-full26 client=i5 action=none detail=sequence=98_target_error_mm=47498_native_fallback=false
[Info   :ComfyNetworkSense] [07/31/2026 06:16:40] MOTION_AUTHORITY state=target_rejected run_id=native-20260731-c8-full26 client=i5 action=none detail=sequence=98_target_error_mm=47505_native_fallback=false
[Info   :ComfyNetworkSense] [07/31/2026 06:16:40] MOTION_AUTHORITY state=target_rejected run_id=native-20260731-c8-full26 client=i5 action=none detail=sequence=98_target_error_mm=47511_native_fallback=false
[Info   :ComfyNetworkSense] [07/31/2026 06:16:40] MOTION_AUTHORITY state=target_rejected run_id=native-20260731-c8-full26 client=i5 action=none detail=sequence=99_target_error_mm=47517_native_fallback=false
[Info   :ComfyNetworkSense] [07/31/2026 06:16:40] MOTION_AUTHORITY state=target_rejected run_id=native-20260731-c8-full26 client=i5 action=none detail=sequence=99_target_error_mm=47523_native_fallback=false
[Info   :ComfyNetworkSense] [07/31/2026 06:16:40] MOTION_AUTHORITY state=target_rejected run_id=native-20260731-c8-full26 client=i5 action=none detail=sequence=99_target_error_mm=47530_native_fallback=false
[Info   :ComfyNetworkSense] [07/31/2026 06:16:40] MOTION_AUTHORITY state=target_rejected run_id=native-20260731-c8-full26 client=i5 action=none detail=sequence=100_target_error_mm=47526_native_fallback=false
[Info   :ComfyNetworkSense] [07/31/2026 06:16:40] MOTION_AUTHORITY state=target_rejected run_id=native-20260731-c8-full26 client=i5 action=none detail=sequence=100_target_error_mm=47532_native_fallback=false
[Info   :ComfyNetworkSense] [07/31/2026 06:16:40] MOTION_AUTHORITY state=target_rejected run_id=native-20260731-c8-full26 client=i5 action=none detail=sequence=100_target_error_mm=47539_native_fallback=false
[Info   :ComfyNetworkSense] [07/31/2026 06:16:40] MOTION_AUTHORITY state=native_transform_writer_suppressed run_id=native-20260731-c8-full26 client=i5 action=none detail=count=128_writer=ZSyncTransform.CustomFixedUpdate
[Info   :ComfyNetworkSense] [07/31/2026 06:16:40] MOTION_AUTHORITY state=target_rejected run_id=native-20260731-c8-full26 client=i5 action=none detail=sequence=101_target_error_mm=47555_native_fallback=false
[Info   :ComfyNetworkSense] [07/31/2026 06:16:40] MOTION_AUTHORITY state=target_rejected run_id=native-20260731-c8-full26 client=i5 action=none detail=sequence=101_target_error_mm=47561_native_fallback=false
[Info   :ComfyNetworkSense] [07/31/2026 06:16:40] MOTION_AUTHORITY state=target_rejected run_id=native-20260731-c8-full26 client=i5 action=none detail=sequence=101_target_error_mm=47568_native_fallback=false
[Info   :ComfyNetworkSense] [07/31/2026 06:16:40] MOTION_AUTHORITY state=target_rejected run_id=native-20260731-c8-full26 client=i5 action=none detail=sequence=101_target_error_mm=47574_native_fallback=false
[Info   :ComfyNetworkSense] [07/31/2026 06:16:40] MOTION_AUTHORITY state=target_rejected run_id=native-20260731-c8-full26 client=i5 action=none detail=sequence=102_target_error_mm=47581_native_fallback=false
[Info   :ComfyNetworkSense] [07/31/2026 06:16:40] MOTION_AUTHORITY state=target_rejected run_id=native-20260731-c8-full26 client=i5 action=none detail=sequence=102_target_error_mm=47587_native_fallback=false
[Info   :ComfyNetworkSense] [07/31/2026 06:16:40] LOGICAL_PEER_CUTOVER state=logical_native_invoke_suppressed run_id=native-20260731-c8-full26 detail=count=32_method=ZDOData_semantic_fallback=false
[Info   :ComfyNetworkSense] [07/31/2026 06:16:40] MOTION_AUTHORITY state=target_rejected run_id=native-20260731-c8-full26 client=i5 action=none detail=sequence=102_target_error_mm=47593_native_fallback=false
[Info   :ComfyNetworkSense] [07/31/2026 06:16:40] MOTION_AUTHORITY state=target_rejected run_id=native-20260731-c8-full26 client=i5 action=none detail=sequence=103_target_error_mm=47590_native_fallback=false
[Info   :ComfyNetworkSense] [07/31/2026 06:16:40] MOTION_AUTHORITY state=target_rejected run_id=native-20260731-c8-full26 client=i5 action=none detail=sequence=103_target_error_mm=47596_native_fallback=false
[Info   :ComfyNetworkSense] [07/31/2026 06:16:40] MOTION_AUTHORITY state=target_rejected run_id=native-20260731-c8-full26 client=i5 action=none detail=sequence=103_target_error_mm=47603_native_fallback=false
[Info   :ComfyNetworkSense] [07/31/2026 06:16:40] MOTION_AUTHORITY state=target_rejected run_id=native-20260731-c8-full26 client=i5 action=none detail=sequence=104_target_error_mm=47619_native_fallback=false
[Info   :ComfyNetworkSense] [07/31/2026 06:16:40] MOTION_AUTHORITY state=target_rejected run_id=native-20260731-c8-full26 client=i5 action=none detail=sequence=104_target_error_mm=47625_native_fallback=false
[Info   :ComfyNetworkSense] [07/31/2026 06:16:40] MOTION_AUTHORITY state=target_rejected run_id=native-20260731-c8-full26 client=i5 action=none detail=sequence=104_target_error_mm=47632_native_fallback=false
[Info   :ComfyNetworkSense] [07/31/2026 06:16:40] MOTION_AUTHORITY state=target_rejected run_id=native-20260731-c8-full26 client=i5 action=none detail=sequence=105_target_error_mm=47628_native_fallback=false
[Info   :ComfyNetworkSense] [07/31/2026 06:16:40] MOTION_AUTHORITY state=target_rejected run_id=native-20260731-c8-full26 client=i5 action=none detail=sequence=105_target_error_mm=47634_native_fallback=false
[Info   :ComfyNetworkSense] [07/31/2026 06:16:40] MOTION_AUTHORITY state=target_rejected run_id=native-20260731-c8-full26 client=i5 action=none detail=sequence=105_target_error_mm=47641_native_fallback=false
[Info   :ComfyNetworkSense] [07/31/2026 06:16:40] MOTION_AUTHORITY state=target_rejected run_id=native-20260731-c8-full26 client=i5 action=none detail=sequence=106_target_error_mm=47657_native_fallback=false
[Info   :ComfyNetworkSense] [07/31/2026 06:16:40] MOTION_AUTHORITY state=target_rejected run_id=native-20260731-c8-full26 client=i5 action=none detail=sequence=106_target_error_mm=47664_native_fallback=false
[Info   :ComfyNetworkSense] [07/31/2026 06:16:40] MOTION_AUTHORITY state=target_rejected run_id=native-20260731-c8-full26 client=i5 action=none detail=sequence=106_target_error_mm=47671_native_fallback=false
[Info   :ComfyNetworkSense] [07/31/2026 06:16:40] MOTION_AUTHORITY state=target_rejected run_id=native-20260731-c8-full26 client=i5 action=none detail=sequence=106_target_error_mm=47677_native_fallback=false
[Info   :ComfyNetworkSense] [07/31/2026 06:16:40] MOTION_AUTHORITY state=target_rejected run_id=native-20260731-c8-full26 client=i5 action=none detail=sequence=107_target_error_mm=47682_native_fallback=false
[Info   :ComfyNetworkSense] [07/31/2026 06:16:40] MOTION_AUTHORITY state=target_rejected run_id=native-20260731-c8-full26 client=i5 action=none detail=sequence=107_target_error_mm=47689_native_fallback=false
[Info   :ComfyNetworkSense] [07/31/2026 06:16:40] MOTION_AUTHORITY state=target_rejected run_id=native-20260731-c8-full26 client=i5 action=none detail=sequence=107_target_error_mm=47695_native_fallback=false
[Info   :ComfyNetworkSense] [07/31/2026 06:16:40] MOTION_AUTHORITY state=target_rejected run_id=native-20260731-c8-full26 client=i5 action=none detail=sequence=108_target_error_mm=47692_native_fallback=false
[Info   :ComfyNetworkSense] [07/31/2026 06:16:40] MOTION_AUTHORITY state=target_rejected run_id=native-20260731-c8-full26 client=i5 action=none detail=sequence=108_target_error_mm=47698_native_fallback=false
[Info   :ComfyNetworkSense] [07/31/2026 06:16:40] MOTION_AUTHORITY state=target_rejected run_id=native-20260731-c8-full26 client=i5 action=none detail=sequence=108_target_error_mm=47705_native_fallback=false
[Info   :ComfyNetworkSense] [07/31/2026 06:16:40] MOTION_AUTHORITY state=target_rejected run_id=native-20260731-c8-full26 client=i5 action=none detail=sequence=109_target_error_mm=47721_native_fallback=false
[Info   :ComfyNetworkSense] [07/31/2026 06:16:40] MOTION_AUTHORITY state=target_rejected run_id=native-20260731-c8-full26 client=i5 action=none detail=sequence=109_target_error_mm=47728_native_fallback=false
[Info   :ComfyNetworkSense] [07/31/2026 06:16:40] MOTION_AUTHORITY state=target_rejected run_id=native-20260731-c8-full26 client=i5 action=none detail=sequence=109_target_error_mm=47734_native_fallback=false
[Info   :ComfyNetworkSense] [07/31/2026 06:16:40] MOTION_AUTHORITY state=target_rejected run_id=native-20260731-c8-full26 client=i5 action=none detail=sequence=110_target_error_mm=47741_native_fallback=false
[Info   :ComfyNetworkSense] [07/31/2026 06:16:40] MOTION_AUTHORITY state=target_rejected run_id=native-20260731-c8-full26 client=i5 action=none detail=sequence=110_target_error_mm=47747_native_fallback=false
[Info   :ComfyNetworkSense] [07/31/2026 06:16:40] MOTION_AUTHORITY state=target_rejected run_id=native-20260731-c8-full26 client=i5 action=none detail=sequence=110_target_error_mm=47754_native_fallback=false
[Info   :ComfyNetworkSense] [07/31/2026 06:16:40] MOTION_AUTHORITY state=target_rejected run_id=native-20260731-c8-full26 client=i5 action=none detail=sequence=110_target_error_mm=47760_native_fallback=false
[Info   :ComfyNetworkSense] [07/31/2026 06:16:40] MOTION_AUTHORITY state=target_rejected run_id=native-20260731-c8-full26 client=i5 action=none detail=sequence=111_target_error_mm=47757_native_fallback=false
[Info   :ComfyNetworkSense] [07/31/2026 06:16:40] CUTOVER_SCENARIO state=completed run_id=native-20260731-c8-full26 client=i5 action=i5-settle detail=wait_elapsed
[Info   :ComfyNetworkSense] [07/31/2026 06:16:40] MOTION_AUTHORITY state=target_rejected run_id=native-20260731-c8-full26 client=i5 action=none detail=sequence=111_target_error_mm=47763_native_fallback=false
[Info   :ComfyNetworkSense] [07/31/2026 06:16:41] CUTOVER_SCENARIO state=action_started run_id=native-20260731-c8-full26 client=i5 action=i5-c8-safe-origin detail=kind=teleport_to
[Info   :ComfyNetworkSense] [07/31/2026 06:16:41] CUTOVER_SCENARIO state=teleport_safeguard_enabled run_id=native-20260731-c8-full26 client=i5 action=i5-c8-safe-origin detail=god=True_fly=False_dead=False
[Info   :ComfyNetworkSense] [07/31/2026 06:16:41] CUTOVER_SCENARIO state=coordinate_teleport_started run_id=native-20260731-c8-full26 client=i5 action=i5-c8-safe-origin detail=target=2211,80,-69
[Info   :ComfyNetworkSense] [07/31/2026 06:16:41] MOTION_AUTHORITY state=target_rejected run_id=native-20260731-c8-full26 client=i5 action=none detail=sequence=111_target_error_mm=47770_native_fallback=false
[Info   :ComfyNetworkSense] [07/31/2026 06:16:41] MOTION_AUTHORITY state=target_rejected run_id=native-20260731-c8-full26 client=i5 action=none detail=sequence=112_target_error_mm=47786_native_fallback=false
[Info   :ComfyNetworkSense] [07/31/2026 06:16:41] MOTION_AUTHORITY state=target_rejected run_id=native-20260731-c8-full26 client=i5 action=none detail=sequence=112_target_error_mm=47793_native_fallback=false
[Info   :ComfyNetworkSense] [07/31/2026 06:16:41] MOTION_AUTHORITY state=target_rejected run_id=native-20260731-c8-full26 client=i5 action=none detail=sequence=112_target_error_mm=47800_native_fallback=false
[Info   :ComfyNetworkSense] [07/31/2026 06:16:41] MOTION_AUTHORITY state=target_rejected run_id=native-20260731-c8-full26 client=i5 action=none detail=sequence=113_target_error_mm=47806_native_fallback=false
[Warning:ComfyNetworkSense] [07/31/2026 06:16:41] Authoritative consumer telemetry failed: TimeoutException: connect timeout to 8.231.129.249:42317
[Info   :ComfyNetworkSense] [07/31/2026 06:16:41] MOTION_AUTHORITY state=target_rejected run_id=native-20260731-c8-full26 client=i5 action=none detail=sequence=113_target_error_mm=47813_native_fallback=false
[Info   :ComfyNetworkSense] [07/31/2026 06:16:41] MOTION_AUTHORITY state=target_rejected run_id=native-20260731-c8-full26 client=i5 action=none detail=sequence=113_target_error_mm=47819_native_fallback=false
[Info   :ComfyNetworkSense] [07/31/2026 06:16:41] MOTION_AUTHORITY state=target_rejected run_id=native-20260731-c8-full26 client=i5 action=none detail=sequence=114_target_error_mm=47816_native_fallback=false
[Info   :ComfyNetworkSense] [07/31/2026 06:16:41] MOTION_AUTHORITY state=target_rejected run_id=native-20260731-c8-full26 client=i5 action=none detail=sequence=114_target_error_mm=47822_native_fallback=false
[Info   :ComfyNetworkSense] [07/31/2026 06:16:41] MOTION_AUTHORITY state=target_rejected run_id=native-20260731-c8-full26 client=i5 action=none detail=sequence=114_target_error_mm=47829_native_fallback=false
[Info   :ComfyNetworkSense] [07/31/2026 06:16:41] MOTION_AUTHORITY state=target_rejected run_id=native-20260731-c8-full26 client=i5 action=none detail=sequence=114_target_error_mm=47835_native_fallback=false
[Info   :ComfyNetworkSense] [07/31/2026 06:16:41] MOTION_AUTHORITY state=target_rejected run_id=native-20260731-c8-full26 client=i5 action=none detail=sequence=115_target_error_mm=47852_native_fallback=false
[Info   :ComfyNetworkSense] [07/31/2026 06:16:41] MOTION_AUTHORITY state=target_rejected run_id=native-20260731-c8-full26 client=i5 action=none detail=sequence=115_target_error_mm=47858_native_fallback=false
[Info   :ComfyNetworkSense] [07/31/2026 06:16:41] MOTION_AUTHORITY state=target_rejected run_id=native-20260731-c8-full26 client=i5 action=none detail=sequence=115_target_error_mm=47865_native_fallback=false
[Info   :ComfyNetworkSense] [07/31/2026 06:16:41] MOTION_AUTHORITY state=target_rejected run_id=native-20260731-c8-full26 client=i5 action=none detail=sequence=116_target_error_mm=47861_native_fallback=false
[Info   :ComfyNetworkSense] [07/31/2026 06:16:41] MOTION_AUTHORITY state=target_rejected run_id=native-20260731-c8-full26 client=i5 action=none detail=sequence=116_target_error_mm=47867_native_fallback=false
[Info   :ComfyNetworkSense] [07/31/2026 06:16:41] MOTION_AUTHORITY state=target_rejected run_id=native-20260731-c8-full26 client=i5 action=none detail=sequence=116_target_error_mm=47875_native_fallback=false
[Info   :ComfyNetworkSense] [07/31/2026 06:16:41] MOTION_AUTHORITY state=target_rejected run_id=native-20260731-c8-full26 client=i5 action=none detail=sequence=116_target_error_mm=47881_native_fallback=false
[Info   :ComfyNetworkSense] [07/31/2026 06:16:41] MOTION_AUTHORITY state=target_rejected run_id=native-20260731-c8-full26 client=i5 action=none detail=sequence=117_target_error_mm=47898_native_fallback=false
[Info   :ComfyNetworkSense] [07/31/2026 06:16:41] MOTION_AUTHORITY state=target_rejected run_id=native-20260731-c8-full26 client=i5 action=none detail=sequence=117_target_error_mm=47904_native_fallback=false
[Info   :ComfyNetworkSense] [07/31/2026 06:16:41] MOTION_AUTHORITY state=target_rejected run_id=native-20260731-c8-full26 client=i5 action=none detail=sequence=117_target_error_mm=47911_native_fallback=false
[Info   :ComfyNetworkSense] [07/31/2026 06:16:41] MOTION_AUTHORITY state=target_rejected run_id=native-20260731-c8-full26 client=i5 action=none detail=sequence=118_target_error_mm=47917_native_fallback=false
[Info   :ComfyNetworkSense] [07/31/2026 06:16:41] MOTION_AUTHORITY state=target_rejected run_id=native-20260731-c8-full26 client=i5 action=none detail=sequence=118_target_error_mm=47924_native_fallback=false
[Info   :ComfyNetworkSense] [07/31/2026 06:16:41] MOTION_AUTHORITY state=target_rejected run_id=native-20260731-c8-full26 client=i5 action=none detail=sequence=119_target_error_mm=47921_native_fallback=false
[Info   :ComfyNetworkSense] [07/31/2026 06:16:41] MOTION_AUTHORITY state=target_rejected run_id=native-20260731-c8-full26 client=i5 action=none detail=sequence=119_target_error_mm=47927_native_fallback=false
[Info   :ComfyNetworkSense] [07/31/2026 06:16:41] MOTION_AUTHORITY state=target_rejected run_id=native-20260731-c8-full26 client=i5 action=none detail=sequence=119_target_error_mm=47934_native_fallback=false
[Info   :ComfyNetworkSense] [07/31/2026 06:16:41] MOTION_AUTHORITY state=target_rejected run_id=native-20260731-c8-full26 client=i5 action=none detail=sequence=119_target_error_mm=47940_native_fallback=false
[Info   :ComfyNetworkSense] [07/31/2026 06:16:41] MOTION_AUTHORITY state=target_rejected run_id=native-20260731-c8-full26 client=i5 action=none detail=sequence=120_target_error_mm=47957_native_fallback=false
[Info   :ComfyNetworkSense] [07/31/2026 06:16:41] MOTION_AUTHORITY state=target_rejected run_id=native-20260731-c8-full26 client=i5 action=none detail=sequence=120_target_error_mm=47963_native_fallback=false
[Info   :ComfyNetworkSense] [07/31/2026 06:16:41] MOTION_AUTHORITY state=target_rejected run_id=native-20260731-c8-full26 client=i5 action=none detail=sequence=120_target_error_mm=47970_native_fallback=false
[Info   :ComfyNetworkSense] [07/31/2026 06:16:41] MOTION_AUTHORITY state=target_rejected run_id=native-20260731-c8-full26 client=i5 action=none detail=sequence=121_target_error_mm=47977_native_fallback=false
[Info   :ComfyNetworkSense] [07/31/2026 06:16:41] MOTION_AUTHORITY state=target_rejected run_id=native-20260731-c8-full26 client=i5 action=none detail=sequence=121_target_error_mm=47983_native_fallback=false
[Info   :ComfyNetworkSense] [07/31/2026 06:16:41] MOTION_AUTHORITY state=target_rejected run_id=native-20260731-c8-full26 client=i5 action=none detail=sequence=121_target_error_mm=47990_native_fallback=false
[Info   :ComfyNetworkSense] [07/31/2026 06:16:41] MOTION_AUTHORITY state=target_rejected run_id=native-20260731-c8-full26 client=i5 action=none detail=sequence=122_target_error_mm=47986_native_fallback=false
[Info   :ComfyNetworkSense] [07/31/2026 06:16:41] MOTION_AUTHORITY state=target_rejected run_id=native-20260731-c8-full26 client=i5 action=none detail=sequence=122_target_error_mm=47993_native_fallback=false
[Info   :ComfyNetworkSense] [07/31/2026 06:16:41] MOTION_AUTHORITY state=target_rejected run_id=native-20260731-c8-full26 client=i5 action=none detail=sequence=122_target_error_mm=47999_native_fallback=false
[Info   :ComfyNetworkSense] [07/31/2026 06:16:41] MOTION_AUTHORITY state=target_rejected run_id=native-20260731-c8-full26 client=i5 action=none detail=sequence=123_target_error_mm=48016_native_fallback=false
[Info   :ComfyNetworkSense] [07/31/2026 06:16:41] MOTION_AUTHORITY state=target_rejected run_id=native-20260731-c8-full26 client=i5 action=none detail=sequence=123_target_error_mm=48022_native_fallback=false
[Info   :ComfyNetworkSense] [07/31/2026 06:16:41] MOTION_AUTHORITY state=target_rejected run_id=native-20260731-c8-full26 client=i5 action=none detail=sequence=123_target_error_mm=48029_native_fallback=false
[Info   :ComfyNetworkSense] [07/31/2026 06:16:41] MOTION_AUTHORITY state=target_rejected run_id=native-20260731-c8-full26 client=i5 action=none detail=sequence=123_target_error_mm=48036_native_fallback=false
[Info   :ComfyNetworkSense] [07/31/2026 06:16:41] MOTION_AUTHORITY state=target_rejected run_id=native-20260731-c8-full26 client=i5 action=none detail=sequence=124_target_error_mm=48042_native_fallback=false
[Info   :ComfyNetworkSense] [07/31/2026 06:16:41] MOTION_AUTHORITY state=target_rejected run_id=native-20260731-c8-full26 client=i5 action=none detail=sequence=124_target_error_mm=48049_native_fallback=false
[Info   :ComfyNetworkSense] [07/31/2026 06:16:41] MOTION_AUTHORITY state=target_rejected run_id=native-20260731-c8-full26 client=i5 action=none detail=sequence=125_target_error_mm=48046_native_fallback=false
[Info   :ComfyNetworkSense] [07/31/2026 06:16:41] MOTION_AUTHORITY state=target_rejected run_id=native-20260731-c8-full26 client=i5 action=none detail=sequence=125_target_error_mm=48052_native_fallback=false
[Info   :ComfyNetworkSense] [07/31/2026 06:16:41] MOTION_AUTHORITY state=native_transform_writer_suppressed run_id=native-20260731-c8-full26 client=i5 action=none detail=count=256_writer=ZSyncTransform.CustomFixedUpdate
[Info   :ComfyNetworkSense] [07/31/2026 06:16:41] MOTION_AUTHORITY state=target_rejected run_id=native-20260731-c8-full26 client=i5 action=none detail=sequence=125_target_error_mm=48059_native_fallback=false
[Info   :ComfyNetworkSense] [07/31/2026 06:16:41] MOTION_AUTHORITY state=target_rejected run_id=native-20260731-c8-full26 client=i5 action=none detail=sequence=125_target_error_mm=48066_native_fallback=false
[Info   :ComfyNetworkSense] [07/31/2026 06:16:41] MOTION_AUTHORITY state=target_rejected run_id=native-20260731-c8-full26 client=i5 action=none detail=sequence=126_target_error_mm=48082_native_fallback=false
[Info   :ComfyNetworkSense] [07/31/2026 06:16:41] MOTION_AUTHORITY state=target_rejected run_id=native-20260731-c8-full26 client=i5 action=none detail=sequence=126_target_error_mm=48089_native_fallback=false
[Info   :ComfyNetworkSense] [07/31/2026 06:16:41] MOTION_AUTHORITY state=target_rejected run_id=native-20260731-c8-full26 client=i5 action=none detail=sequence=126_target_error_mm=48096_native_fallback=false
[Info   :ComfyNetworkSense] [07/31/2026 06:16:41] MOTION_AUTHORITY state=target_rejected run_id=native-20260731-c8-full26 client=i5 action=none detail=sequence=127_target_error_mm=48092_native_fallback=false
[Info   :ComfyNetworkSense] [07/31/2026 06:16:41] MOTION_AUTHORITY state=target_rejected run_id=native-20260731-c8-full26 client=i5 action=none detail=sequence=127_target_error_mm=48099_native_fallback=false
[Info   :ComfyNetworkSense] [07/31/2026 06:16:41] MOTION_AUTHORITY state=target_rejected run_id=native-20260731-c8-full26 client=i5 action=none detail=sequence=127_target_error_mm=48104_native_fallback=false
[Info   :ComfyNetworkSense] [07/31/2026 06:16:41] MOTION_AUTHORITY state=target_rejected run_id=native-20260731-c8-full26 client=i5 action=none detail=sequence=128_target_error_mm=48122_native_fallback=false
[Info   :ComfyNetworkSense] [07/31/2026 06:16:41] MOTION_AUTHORITY state=target_rejected run_id=native-20260731-c8-full26 client=i5 action=none detail=sequence=128_target_error_mm=48129_native_fallback=false
[Info   :ComfyNetworkSense] [07/31/2026 06:16:41] MOTION_AUTHORITY state=target_rejected run_id=native-20260731-c8-full26 client=i5 action=none detail=sequence=128_target_error_mm=48136_native_fallback=false
[Info   :ComfyNetworkSense] [07/31/2026 06:16:41] MOTION_AUTHORITY state=target_rejected run_id=native-20260731-c8-full26 client=i5 action=none detail=sequence=129_target_error_mm=48142_native_fallback=false
[Info   :ComfyNetworkSense] [07/31/2026 06:16:41] MOTION_AUTHORITY state=target_rejected run_id=native-20260731-c8-full26 client=i5 action=none detail=sequence=129_target_error_mm=48149_native_fallback=false
[Info   :ComfyNetworkSense] [07/31/2026 06:16:41] MOTION_AUTHORITY state=target_rejected run_id=native-20260731-c8-full26 client=i5 action=none detail=sequence=129_target_error_mm=48156_native_fallback=false
[Info   :ComfyNetworkSense] [07/31/2026 06:16:41] MOTION_AUTHORITY state=target_rejected run_id=native-20260731-c8-full26 client=i5 action=none detail=sequence=130_target_error_mm=48152_native_fallback=false
[Info   :ComfyNetworkSense] [07/31/2026 06:16:41] MOTION_AUTHORITY state=target_rejected run_id=native-20260731-c8-full26 client=i5 action=none detail=sequence=130_target_error_mm=48159_native_fallback=false
[Info   :ComfyNetworkSense] [07/31/2026 06:16:42] MOTION_AUTHORITY state=target_rejected run_id=native-20260731-c8-full26 client=i5 action=none detail=sequence=130_target_error_mm=48166_native_fallback=false
[Info   :ComfyNetworkSense] [07/31/2026 06:16:42] MOTION_AUTHORITY state=target_rejected run_id=native-20260731-c8-full26 client=i5 action=none detail=sequence=130_target_error_mm=48172_native_fallback=false
[Info   :ComfyNetworkSense] [07/31/2026 06:16:42] MOTION_AUTHORITY state=target_rejected run_id=native-20260731-c8-full26 client=i5 action=none detail=sequence=131_target_error_mm=48189_native_fallback=false
[Info   :ComfyNetworkSense] [07/31/2026 06:16:42] MOTION_AUTHORITY state=target_rejected run_id=native-20260731-c8-full26 client=i5 action=none detail=sequence=131_target_error_mm=48195_native_fallback=false
[Info   :ComfyNetworkSense] [07/31/2026 06:16:42] MOTION_AUTHORITY state=target_rejected run_id=native-20260731-c8-full26 client=i5 action=none detail=sequence=131_target_error_mm=48202_native_fallback=false
[Info   :ComfyNetworkSense] [07/31/2026 06:16:42] MOTION_AUTHORITY state=target_rejected run_id=native-20260731-c8-full26 client=i5 action=none detail=sequence=132_target_error_mm=48209_native_fallback=false
[Info   :ComfyNetworkSense] [07/31/2026 06:16:42] MOTION_AUTHORITY state=target_rejected run_id=native-20260731-c8-full26 client=i5 action=none detail=sequence=132_target_error_mm=48215_native_fallback=false
[Info   :ComfyNetworkSense] [07/31/2026 06:16:42] MOTION_AUTHORITY state=target_rejected run_id=native-20260731-c8-full26 client=i5 action=none detail=sequence=132_target_error_mm=48222_native_fallback=false
[Info   :ComfyNetworkSense] [07/31/2026 06:16:42] MOTION_AUTHORITY state=target_rejected run_id=native-20260731-c8-full26 client=i5 action=none detail=sequence=133_target_error_mm=48219_native_fallback=false
[Info   :ComfyNetworkSense] [07/31/2026 06:16:42] MOTION_AUTHORITY state=target_rejected run_id=native-20260731-c8-full26 client=i5 action=none detail=sequence=133_target_error_mm=48225_native_fallback=false
[Info   :ComfyNetworkSense] [07/31/2026 06:16:42] MOTION_AUTHORITY state=target_rejected run_id=native-20260731-c8-full26 client=i5 action=none detail=sequence=133_target_error_mm=48232_native_fallback=false
[Info   :ComfyNetworkSense] [07/31/2026 06:16:42] MOTION_AUTHORITY state=target_rejected run_id=native-20260731-c8-full26 client=i5 action=none detail=sequence=134_target_error_mm=48248_native_fallback=false
[Info   :ComfyNetworkSense] [07/31/2026 06:16:42] MOTION_AUTHORITY state=target_rejected run_id=native-20260731-c8-full26 client=i5 action=none detail=sequence=134_target_error_mm=48255_native_fallback=false
[Info   :ComfyNetworkSense] [07/31/2026 06:16:42] MOTION_AUTHORITY state=target_rejected run_id=native-20260731-c8-full26 client=i5 action=none detail=sequence=134_target_error_mm=48261_native_fallback=false
[Info   :ComfyNetworkSense] [07/31/2026 06:16:42] MOTION_AUTHORITY state=target_rejected run_id=native-20260731-c8-full26 client=i5 action=none detail=sequence=134_target_error_mm=48268_native_fallback=false
[Info   :ComfyNetworkSense] [07/31/2026 06:16:42] MOTION_AUTHORITY state=target_rejected run_id=native-20260731-c8-full26 client=i5 action=none detail=sequence=135_target_error_mm=48275_native_fallback=false
[Info   :ComfyNetworkSense] [07/31/2026 06:16:42] MOTION_AUTHORITY state=target_rejected run_id=native-20260731-c8-full26 client=i5 action=none detail=sequence=135_target_error_mm=48281_native_fallback=false
[Info   :ComfyNetworkSense] [07/31/2026 06:16:42] MOTION_AUTHORITY state=target_rejected run_id=native-20260731-c8-full26 client=i5 action=none detail=sequence=135_target_error_mm=48288_native_fallback=false
[Info   :ComfyNetworkSense] [07/31/2026 06:16:42] MOTION_AUTHORITY state=target_rejected run_id=native-20260731-c8-full26 client=i5 action=none detail=sequence=136_target_error_mm=48285_native_fallback=false
[Info   :ComfyNetworkSense] [07/31/2026 06:16:42] MOTION_AUTHORITY state=target_rejected run_id=native-20260731-c8-full26 client=i5 action=none detail=sequence=136_target_error_mm=48291_native_fallback=false
[Info   :ComfyNetworkSense] [07/31/2026 06:16:42] MOTION_AUTHORITY state=target_rejected run_id=native-20260731-c8-full26 client=i5 action=none detail=sequence=136_target_error_mm=48298_native_fallback=false
[Info   :ComfyNetworkSense] [07/31/2026 06:16:42] MOTION_AUTHORITY state=target_rejected run_id=native-20260731-c8-full26 client=i5 action=none detail=sequence=137_target_error_mm=48315_native_fallback=false
[Info   :ComfyNetworkSense] [07/31/2026 06:16:42] MOTION_AUTHORITY state=target_rejected run_id=native-20260731-c8-full26 client=i5 action=none detail=sequence=137_target_error_mm=48321_native_fallback=false
[Info   :ComfyNetworkSense] [07/31/2026 06:16:42] MOTION_AUTHORITY state=target_rejected run_id=native-20260731-c8-full26 client=i5 action=none detail=sequence=137_target_error_mm=48328_native_fallback=false
[Info   :ComfyNetworkSense] [07/31/2026 06:16:42] MOTION_AUTHORITY state=target_rejected run_id=native-20260731-c8-full26 client=i5 action=none detail=sequence=138_target_error_mm=48324_native_fallback=false
[Info   :ComfyNetworkSense] [07/31/2026 06:16:42] MOTION_AUTHORITY state=target_rejected run_id=native-20260731-c8-full26 client=i5 action=none detail=sequence=138_target_error_mm=48331_native_fallback=false
[Info   :ComfyNetworkSense] [07/31/2026 06:16:42] MOTION_AUTHORITY state=target_rejected run_id=native-20260731-c8-full26 client=i5 action=none detail=sequence=138_target_error_mm=48338_native_fallback=false
[Info   :ComfyNetworkSense] [07/31/2026 06:16:42] MOTION_AUTHORITY state=target_rejected run_id=native-20260731-c8-full26 client=i5 action=none detail=sequence=139_target_error_mm=48353_native_fallback=false
[Info   :ComfyNetworkSense] [07/31/2026 06:16:42] MOTION_AUTHORITY state=target_rejected run_id=native-20260731-c8-full26 client=i5 action=none detail=sequence=139_target_error_mm=48360_native_fallback=false
[Info   :ComfyNetworkSense] [07/31/2026 06:16:42] MOTION_AUTHORITY state=target_rejected run_id=native-20260731-c8-full26 client=i5 action=none detail=sequence=139_target_error_mm=48366_native_fallback=false
[Info   :ComfyNetworkSense] [07/31/2026 06:16:42] MOTION_AUTHORITY state=target_rejected run_id=native-20260731-c8-full26 client=i5 action=none detail=sequence=139_target_error_mm=48373_native_fallback=false
[Info   :ComfyNetworkSense] [07/31/2026 06:16:42] LOGICAL_PEER_CUTOVER state=logical_native_invoke_suppressed run_id=native-20260731-c8-full26 detail=count=64_method=ZDOData_semantic_fallback=false
[Info   :ComfyNetworkSense] [07/31/2026 06:16:42] MOTION_AUTHORITY state=target_rejected run_id=native-20260731-c8-full26 client=i5 action=none detail=sequence=140_target_error_mm=48379_native_fallback=false
[Info   :ComfyNetworkSense] [07/31/2026 06:16:42] MOTION_AUTHORITY state=target_rejected run_id=native-20260731-c8-full26 client=i5 action=none detail=sequence=140_target_error_mm=48386_native_fallback=false
[Info   :ComfyNetworkSense] [07/31/2026 06:16:42] MOTION_AUTHORITY state=target_rejected run_id=native-20260731-c8-full26 client=i5 action=none detail=sequence=140_target_error_mm=48393_native_fallback=false
[Info   :ComfyNetworkSense] [07/31/2026 06:16:42] MOTION_AUTHORITY state=target_rejected run_id=native-20260731-c8-full26 client=i5 action=none detail=sequence=141_target_error_mm=48389_native_fallback=false
[Info   :ComfyNetworkSense] [07/31/2026 06:16:42] MOTION_AUTHORITY state=target_rejected run_id=native-20260731-c8-full26 client=i5 action=none detail=sequence=141_target_error_mm=48396_native_fallback=false
[Info   :ComfyNetworkSense] [07/31/2026 06:16:42] MOTION_AUTHORITY state=target_rejected run_id=native-20260731-c8-full26 client=i5 action=none detail=sequence=141_target_error_mm=48403_native_fallback=false
[Info   :ComfyNetworkSense] [07/31/2026 06:16:42] MOTION_AUTHORITY state=target_rejected run_id=native-20260731-c8-full26 client=i5 action=none detail=sequence=142_target_error_mm=48419_native_fallback=false
[Info   :ComfyNetworkSense] [07/31/2026 06:16:42] MOTION_AUTHORITY state=target_rejected run_id=native-20260731-c8-full26 client=i5 action=none detail=sequence=142_target_error_mm=48426_native_fallback=false
[Info   :ComfyNetworkSense] [07/31/2026 06:16:42] MOTION_AUTHORITY state=target_rejected run_id=native-20260731-c8-full26 client=i5 action=none detail=sequence=142_target_error_mm=48432_native_fallback=false
[Info   :ComfyNetworkSense] [07/31/2026 06:16:42] MOTION_AUTHORITY state=target_rejected run_id=native-20260731-c8-full26 client=i5 action=none detail=sequence=143_target_error_mm=48439_native_fallback=false
[Info   :ComfyNetworkSense] [07/31/2026 06:16:42] MOTION_AUTHORITY state=target_rejected run_id=native-20260731-c8-full26 client=i5 action=none detail=sequence=143_target_error_mm=48445_native_fallback=false
[Info   :ComfyNetworkSense] [07/31/2026 06:16:42] MOTION_AUTHORITY state=target_rejected run_id=native-20260731-c8-full26 client=i5 action=none detail=sequence=143_target_error_mm=48452_native_fallback=false
[Info   :ComfyNetworkSense] [07/31/2026 06:16:42] MOTION_AUTHORITY state=target_rejected run_id=native-20260731-c8-full26 client=i5 action=none detail=sequence=144_target_error_mm=48449_native_fallback=false
[Info   :ComfyNetworkSense] [07/31/2026 06:16:42] MOTION_AUTHORITY state=target_rejected run_id=native-20260731-c8-full26 client=i5 action=none detail=sequence=144_target_error_mm=48455_native_fallback=false
[Info   :ComfyNetworkSense] [07/31/2026 06:16:42] MOTION_AUTHORITY state=target_rejected run_id=native-20260731-c8-full26 client=i5 action=none detail=sequence=144_target_error_mm=48462_native_fallback=false
[Info   :ComfyNetworkSense] [07/31/2026 06:16:42] MOTION_AUTHORITY state=target_rejected run_id=native-20260731-c8-full26 client=i5 action=none detail=sequence=145_target_error_mm=48478_native_fallback=false
[Info   :ComfyNetworkSense] [07/31/2026 06:16:42] MOTION_AUTHORITY state=target_rejected run_id=native-20260731-c8-full26 client=i5 action=none detail=sequence=145_target_error_mm=48485_native_fallback=false
[Info   :ComfyNetworkSense] [07/31/2026 06:16:42] MOTION_AUTHORITY state=target_rejected run_id=native-20260731-c8-full26 client=i5 action=none detail=sequence=145_target_error_mm=48492_native_fallback=false
[Info   :ComfyNetworkSense] [07/31/2026 06:16:42] MOTION_AUTHORITY state=target_rejected run_id=native-20260731-c8-full26 client=i5 action=none detail=sequence=146_target_error_mm=48498_native_fallback=false
[Info   :ComfyNetworkSense] [07/31/2026 06:16:42] MOTION_AUTHORITY state=target_rejected run_id=native-20260731-c8-full26 client=i5 action=none detail=sequence=146_target_error_mm=48507_native_fallback=false
[Info   :ComfyNetworkSense] [07/31/2026 06:16:42] MOTION_AUTHORITY state=target_rejected run_id=native-20260731-c8-full26 client=i5 action=none detail=sequence=146_target_error_mm=48515_native_fallback=false
[Info   :ComfyNetworkSense] [07/31/2026 06:16:42] MOTION_AUTHORITY state=target_rejected run_id=native-20260731-c8-full26 client=i5 action=none detail=sequence=147_target_error_mm=48510_native_fallback=false
[Info   :ComfyNetworkSense] [07/31/2026 06:16:42] MOTION_AUTHORITY state=target_rejected run_id=native-20260731-c8-full26 client=i5 action=none detail=sequence=147_target_error_mm=48518_native_fallback=false
[Info   :ComfyNetworkSense] [07/31/2026 06:16:42] MOTION_AUTHORITY state=target_rejected run_id=native-20260731-c8-full26 client=i5 action=none detail=sequence=147_target_error_mm=48526_native_fallback=false
[Info   :ComfyNetworkSense] [07/31/2026 06:16:42] MOTION_AUTHORITY state=target_rejected run_id=native-20260731-c8-full26 client=i5 action=none detail=sequence=148_target_error_mm=48544_native_fallback=false
[Info   :ComfyNetworkSense] [07/31/2026 06:16:42] MOTION_AUTHORITY state=target_rejected run_id=native-20260731-c8-full26 client=i5 action=none detail=sequence=148_target_error_mm=48551_native_fallback=false
[Info   :ComfyNetworkSense] [07/31/2026 06:16:42] MOTION_AUTHORITY state=target_rejected run_id=native-20260731-c8-full26 client=i5 action=none detail=sequence=148_target_error_mm=48558_native_fallback=false
[Info   :ComfyNetworkSense] [07/31/2026 06:16:42] MOTION_AUTHORITY state=target_rejected run_id=native-20260731-c8-full26 client=i5 action=none detail=sequence=149_target_error_mm=48554_native_fallback=false
[Info   :ComfyNetworkSense] [07/31/2026 06:16:42] MOTION_AUTHORITY state=target_rejected run_id=native-20260731-c8-full26 client=i5 action=none detail=sequence=149_target_error_mm=48561_native_fallback=false
[Info   :ComfyNetworkSense] [07/31/2026 06:16:43] MOTION_AUTHORITY state=target_rejected run_id=native-20260731-c8-full26 client=i5 action=none detail=sequence=149_target_error_mm=48568_native_fallback=false
[Info   :ComfyNetworkSense] [07/31/2026 06:16:43] MOTION_AUTHORITY state=target_rejected run_id=native-20260731-c8-full26 client=i5 action=none detail=sequence=150_target_error_mm=48585_native_fallback=false
[Info   :ComfyNetworkSense] [07/31/2026 06:16:43] MOTION_AUTHORITY state=target_rejected run_id=native-20260731-c8-full26 client=i5 action=none detail=sequence=150_target_error_mm=48592_native_fallback=false
[Info   :ComfyNetworkSense] [07/31/2026 06:16:43] MOTION_AUTHORITY state=target_rejected run_id=native-20260731-c8-full26 client=i5 action=none detail=sequence=150_target_error_mm=48595_native_fallback=false
[Info   :ComfyNetworkSense] [07/31/2026 06:16:43] MOTION_AUTHORITY state=target_rejected run_id=native-20260731-c8-full26 client=i5 action=none detail=sequence=150_target_error_mm=48598_native_fallback=false
[Info   :ComfyNetworkSense] [07/31/2026 06:16:43] MOTION_AUTHORITY state=target_rejected run_id=native-20260731-c8-full26 client=i5 action=none detail=sequence=150_target_error_mm=48602_native_fallback=false
[Info   :ComfyNetworkSense] [07/31/2026 06:16:43] MOTION_AUTHORITY state=target_rejected run_id=native-20260731-c8-full26 client=i5 action=none detail=sequence=151_target_error_mm=48605_native_fallback=false
[Info   :ComfyNetworkSense] [07/31/2026 06:16:43] MOTION_AUTHORITY state=target_rejected run_id=native-20260731-c8-full26 client=i5 action=none detail=sequence=151_target_error_mm=48608_native_fallback=false
[Info   :ComfyNetworkSense] [07/31/2026 06:16:43] MOTION_AUTHORITY state=target_rejected run_id=native-20260731-c8-full26 client=i5 action=none detail=sequence=151_target_error_mm=48611_native_fallback=false
[Info   :ComfyNetworkSense] [07/31/2026 06:16:43] MOTION_AUTHORITY state=target_rejected run_id=native-20260731-c8-full26 client=i5 action=none detail=sequence=151_target_error_mm=48614_native_fallback=false
[Info   :ComfyNetworkSense] [07/31/2026 06:16:43] MOTION_AUTHORITY state=target_rejected run_id=native-20260731-c8-full26 client=i5 action=none detail=sequence=151_target_error_mm=48618_native_fallback=false
[Info   :ComfyNetworkSense] [07/31/2026 06:16:43] MOTION_AUTHORITY state=target_rejected run_id=native-20260731-c8-full26 client=i5 action=none detail=sequence=151_target_error_mm=48621_native_fallback=false
[Info   :ComfyNetworkSense] [07/31/2026 06:16:43] MOTION_AUTHORITY state=target_rejected run_id=native-20260731-c8-full26 client=i5 action=none detail=sequence=152_target_error_mm=48614_native_fallback=false
[Info   :ComfyNetworkSense] [07/31/2026 06:16:43] MOTION_AUTHORITY state=target_rejected run_id=native-20260731-c8-full26 client=i5 action=none detail=sequence=152_target_error_mm=48617_native_fallback=false
[Info   :ComfyNetworkSense] [07/31/2026 06:16:43] MOTION_AUTHORITY state=target_rejected run_id=native-20260731-c8-full26 client=i5 action=none detail=sequence=152_target_error_mm=48620_native_fallback=false
[Info   :ComfyNetworkSense] [07/31/2026 06:16:43] MOTION_AUTHORITY state=target_rejected run_id=native-20260731-c8-full26 client=i5 action=none detail=sequence=152_target_error_mm=48623_native_fallback=false
[Info   :ComfyNetworkSense] [07/31/2026 06:16:43] MOTION_AUTHORITY state=target_rejected run_id=native-20260731-c8-full26 client=i5 action=none detail=sequence=152_target_error_mm=48627_native_fallback=false
[Info   :ComfyNetworkSense] [07/31/2026 06:16:43] MOTION_AUTHORITY state=target_rejected run_id=native-20260731-c8-full26 client=i5 action=none detail=sequence=152_target_error_mm=48630_native_fallback=false
[Info   :ComfyNetworkSense] [07/31/2026 06:16:43] MOTION_AUTHORITY state=target_rejected run_id=native-20260731-c8-full26 client=i5 action=none detail=sequence=152_target_error_mm=48633_native_fallback=false
[Info   :ComfyNetworkSense] [07/31/2026 06:16:43] MOTION_AUTHORITY state=target_rejected run_id=native-20260731-c8-full26 client=i5 action=none detail=sequence=153_target_error_mm=48646_native_fallback=false
[Info   :ComfyNetworkSense] [07/31/2026 06:16:43] MOTION_AUTHORITY state=target_rejected run_id=native-20260731-c8-full26 client=i5 action=none detail=sequence=153_target_error_mm=48650_native_fallback=false
[Info   :ComfyNetworkSense] [07/31/2026 06:16:43] MOTION_AUTHORITY state=target_rejected run_id=native-20260731-c8-full26 client=i5 action=none detail=sequence=153_target_error_mm=48653_native_fallback=false
[Info   :ComfyNetworkSense] [07/31/2026 06:16:43] MOTION_AUTHORITY state=target_rejected run_id=native-20260731-c8-full26 client=i5 action=none detail=sequence=153_target_error_mm=48656_native_fallback=false
[Info   :ComfyNetworkSense] [07/31/2026 06:16:43] MOTION_AUTHORITY state=target_rejected run_id=native-20260731-c8-full26 client=i5 action=none detail=sequence=153_target_error_mm=48660_native_fallback=false
[Info   :ComfyNetworkSense] [07/31/2026 06:16:43] MOTION_AUTHORITY state=target_rejected run_id=native-20260731-c8-full26 client=i5 action=none detail=sequence=153_target_error_mm=48662_native_fallback=false
[Info   :ComfyNetworkSense] [07/31/2026 06:16:43] MOTION_AUTHORITY state=target_rejected run_id=native-20260731-c8-full26 client=i5 action=none detail=sequence=153_target_error_mm=48666_native_fallback=false
[Info   :ComfyNetworkSense] [07/31/2026 06:16:43] MOTION_AUTHORITY state=target_rejected run_id=native-20260731-c8-full26 client=i5 action=none detail=sequence=154_target_error_mm=48669_native_fallback=false
[Info   :ComfyNetworkSense] [07/31/2026 06:16:43] MOTION_AUTHORITY state=target_rejected run_id=native-20260731-c8-full26 client=i5 action=none detail=sequence=154_target_error_mm=48673_native_fallback=false
[Info   :ComfyNetworkSense] [07/31/2026 06:16:43] MOTION_AUTHORITY state=target_rejected run_id=native-20260731-c8-full26 client=i5 action=none detail=sequence=154_target_error_mm=48676_native_fallback=false
[Info   :ComfyNetworkSense] [07/31/2026 06:16:43] MOTION_AUTHORITY state=target_rejected run_id=native-20260731-c8-full26 client=i5 action=none detail=sequence=154_target_error_mm=48680_native_fallback=false
[Info   :ComfyNetworkSense] [07/31/2026 06:16:43] MOTION_AUTHORITY state=target_rejected run_id=native-20260731-c8-full26 client=i5 action=none detail=sequence=154_target_error_mm=48683_native_fallback=false
[Info   :ComfyNetworkSense] [07/31/2026 06:16:43] MOTION_AUTHORITY state=target_rejected run_id=native-20260731-c8-full26 client=i5 action=none detail=sequence=154_target_error_mm=48686_native_fallback=false
[Info   :ComfyNetworkSense] [07/31/2026 06:16:43] MOTION_AUTHORITY state=target_rejected run_id=native-20260731-c8-full26 client=i5 action=none detail=sequence=155_target_error_mm=48681_native_fallback=false
[Info   :ComfyNetworkSense] [07/31/2026 06:16:43] MOTION_AUTHORITY state=target_rejected run_id=native-20260731-c8-full26 client=i5 action=none detail=sequence=155_target_error_mm=48684_native_fallback=false
[Info   :ComfyNetworkSense] [07/31/2026 06:16:43] MOTION_AUTHORITY state=target_rejected run_id=native-20260731-c8-full26 client=i5 action=none detail=sequence=155_target_error_mm=48687_native_fallback=false
[Info   :ComfyNetworkSense] [07/31/2026 06:16:43] MOTION_AUTHORITY state=target_rejected run_id=native-20260731-c8-full26 client=i5 action=none detail=sequence=155_target_error_mm=48690_native_fallback=false
[Info   :ComfyNetworkSense] [07/31/2026 06:16:43] MOTION_AUTHORITY state=target_rejected run_id=native-20260731-c8-full26 client=i5 action=none detail=sequence=155_target_error_mm=48693_native_fallback=false
[Info   :ComfyNetworkSense] [07/31/2026 06:16:43] MOTION_AUTHORITY state=target_rejected run_id=native-20260731-c8-full26 client=i5 action=none detail=sequence=155_target_error_mm=48696_native_fallback=false
[Info   :ComfyNetworkSense] [07/31/2026 06:16:43] MOTION_AUTHORITY state=target_rejected run_id=native-20260731-c8-full26 client=i5 action=none detail=sequence=156_target_error_mm=48710_native_fallback=false
[Info   :ComfyNetworkSense] [07/31/2026 06:16:43] MOTION_AUTHORITY state=target_rejected run_id=native-20260731-c8-full26 client=i5 action=none detail=sequence=156_target_error_mm=48713_native_fallback=false
[Info   :ComfyNetworkSense] [07/31/2026 06:16:43] MOTION_AUTHORITY state=target_rejected run_id=native-20260731-c8-full26 client=i5 action=none detail=sequence=156_target_error_mm=48716_native_fallback=false
[Info   :ComfyNetworkSense] [07/31/2026 06:16:43] MOTION_AUTHORITY state=target_rejected run_id=native-20260731-c8-full26 client=i5 action=none detail=sequence=156_target_error_mm=48719_native_fallback=false
[Info   :ComfyNetworkSense] [07/31/2026 06:16:43] MOTION_AUTHORITY state=target_rejected run_id=native-20260731-c8-full26 client=i5 action=none detail=sequence=156_target_error_mm=48723_native_fallback=false
[Info   :ComfyNetworkSense] [07/31/2026 06:16:43] MOTION_AUTHORITY state=target_rejected run_id=native-20260731-c8-full26 client=i5 action=none detail=sequence=156_target_error_mm=48726_native_fallback=false
[Info   :ComfyNetworkSense] [07/31/2026 06:16:43] MOTION_AUTHORITY state=target_rejected run_id=native-20260731-c8-full26 client=i5 action=none detail=sequence=157_target_error_mm=48730_native_fallback=false
[Info   :ComfyNetworkSense] [07/31/2026 06:16:43] MOTION_AUTHORITY state=target_rejected run_id=native-20260731-c8-full26 client=i5 action=none detail=sequence=157_target_error_mm=48733_native_fallback=false
[Info   :ComfyNetworkSense] [07/31/2026 06:16:43] MOTION_AUTHORITY state=target_rejected run_id=native-20260731-c8-full26 client=i5 action=none detail=sequence=157_target_error_mm=48736_native_fallback=false
[Info   :ComfyNetworkSense] [07/31/2026 06:16:43] MOTION_AUTHORITY state=target_rejected run_id=native-20260731-c8-full26 client=i5 action=none detail=sequence=157_target_error_mm=48739_native_fallback=false
[Info   :ComfyNetworkSense] [07/31/2026 06:16:43] MOTION_AUTHORITY state=target_rejected run_id=native-20260731-c8-full26 client=i5 action=none detail=sequence=157_target_error_mm=48742_native_fallback=false
[Info   :ComfyNetworkSense] [07/31/2026 06:16:43] MOTION_AUTHORITY state=target_rejected run_id=native-20260731-c8-full26 client=i5 action=none detail=sequence=157_target_error_mm=48746_native_fallback=false
[Info   :ComfyNetworkSense] [07/31/2026 06:16:43] MOTION_AUTHORITY state=target_rejected run_id=native-20260731-c8-full26 client=i5 action=none detail=sequence=157_target_error_mm=48749_native_fallback=false
[Info   :ComfyNetworkSense] [07/31/2026 06:16:43] MOTION_AUTHORITY state=target_rejected run_id=native-20260731-c8-full26 client=i5 action=none detail=sequence=158_target_error_mm=48743_native_fallback=false
[Info   :ComfyNetworkSense] [07/31/2026 06:16:43] MOTION_AUTHORITY state=target_rejected run_id=native-20260731-c8-full26 client=i5 action=none detail=sequence=158_target_error_mm=48745_native_fallback=false
[Info   :ComfyNetworkSense] [07/31/2026 06:16:43] MOTION_AUTHORITY state=target_rejected run_id=native-20260731-c8-full26 client=i5 action=none detail=sequence=158_target_error_mm=48749_native_fallback=false
[Info   :ComfyNetworkSense] [07/31/2026 06:16:43] MOTION_AUTHORITY state=target_rejected run_id=native-20260731-c8-full26 client=i5 action=none detail=sequence=158_target_error_mm=48752_native_fallback=false
[Info   :ComfyNetworkSense] [07/31/2026 06:16:43] MOTION_AUTHORITY state=target_rejected run_id=native-20260731-c8-full26 client=i5 action=none detail=sequence=158_target_error_mm=48756_native_fallback=false
[Info   :ComfyNetworkSense] [07/31/2026 06:16:43] MOTION_AUTHORITY state=target_rejected run_id=native-20260731-c8-full26 client=i5 action=none detail=sequence=158_target_error_mm=48759_native_fallback=false
[Info   :ComfyNetworkSense] [07/31/2026 06:16:43] MOTION_AUTHORITY state=target_rejected run_id=native-20260731-c8-full26 client=i5 action=none detail=sequence=158_target_error_mm=48763_native_fallback=false
[Info   :ComfyNetworkSense] [07/31/2026 06:16:43] MOTION_AUTHORITY state=target_rejected run_id=native-20260731-c8-full26 client=i5 action=none detail=sequence=159_target_error_mm=48776_native_fallback=false
[Info   :ComfyNetworkSense] [07/31/2026 06:16:43] MOTION_AUTHORITY state=target_rejected run_id=native-20260731-c8-full26 client=i5 action=none detail=sequence=159_target_error_mm=48779_native_fallback=false
[Info   :ComfyNetworkSense] [07/31/2026 06:16:43] MOTION_AUTHORITY state=target_rejected run_id=native-20260731-c8-full26 client=i5 action=none detail=sequence=159_target_error_mm=48782_native_fallback=false
[Info   :ComfyNetworkSense] [07/31/2026 06:16:43] MOTION_AUTHORITY state=target_rejected run_id=native-20260731-c8-full26 client=i5 action=none detail=sequence=159_target_error_mm=48786_native_fallback=false
[Info   :ComfyNetworkSense] [07/31/2026 06:16:43] MOTION_AUTHORITY state=target_rejected run_id=native-20260731-c8-full26 client=i5 action=none detail=sequence=159_target_error_mm=48789_native_fallback=false
[Info   :ComfyNetworkSense] [07/31/2026 06:16:43] MOTION_AUTHORITY state=target_rejected run_id=native-20260731-c8-full26 client=i5 action=none detail=sequence=159_target_error_mm=48792_native_fallback=false
[Info   :ComfyNetworkSense] [07/31/2026 06:16:43] MOTION_AUTHORITY state=target_rejected run_id=native-20260731-c8-full26 client=i5 action=none detail=sequence=159_target_error_mm=48795_native_fallback=false
[Info   :ComfyNetworkSense] [07/31/2026 06:16:43] MOTION_AUTHORITY state=target_rejected run_id=native-20260731-c8-full26 client=i5 action=none detail=sequence=160_target_error_mm=48799_native_fallback=false
[Info   :ComfyNetworkSense] [07/31/2026 06:16:43] MOTION_AUTHORITY state=target_rejected run_id=native-20260731-c8-full26 client=i5 action=none detail=sequence=160_target_error_mm=48802_native_fallback=false
[Info   :ComfyNetworkSense] [07/31/2026 06:16:43] MOTION_AUTHORITY state=target_rejected run_id=native-20260731-c8-full26 client=i5 action=none detail=sequence=160_target_error_mm=48806_native_fallback=false
[Info   :ComfyNetworkSense] [07/31/2026 06:16:43] MOTION_AUTHORITY state=target_rejected run_id=native-20260731-c8-full26 client=i5 action=none detail=sequence=160_target_error_mm=48809_native_fallback=false
[Info   :ComfyNetworkSense] [07/31/2026 06:16:43] MOTION_AUTHORITY state=target_rejected run_id=native-20260731-c8-full26 client=i5 action=none detail=sequence=160_target_error_mm=48812_native_fallback=false
[Info   :ComfyNetworkSense] [07/31/2026 06:16:43] MOTION_AUTHORITY state=target_rejected run_id=native-20260731-c8-full26 client=i5 action=none detail=sequence=161_target_error_mm=48806_native_fallback=false
[Info   :ComfyNetworkSense] [07/31/2026 06:16:43] MOTION_AUTHORITY state=target_rejected run_id=native-20260731-c8-full26 client=i5 action=none detail=sequence=161_target_error_mm=48809_native_fallback=false
[Info   :ComfyNetworkSense] [07/31/2026 06:16:43] MOTION_AUTHORITY state=target_rejected run_id=native-20260731-c8-full26 client=i5 action=none detail=sequence=161_target_error_mm=48812_native_fallback=false
[Info   :ComfyNetworkSense] [07/31/2026 06:16:43] MOTION_AUTHORITY state=target_rejected run_id=native-20260731-c8-full26 client=i5 action=none detail=sequence=161_target_error_mm=48816_native_fallback=false
[Info   :ComfyNetworkSense] [07/31/2026 06:16:43] MOTION_AUTHORITY state=target_rejected run_id=native-20260731-c8-full26 client=i5 action=none detail=sequence=161_target_error_mm=48818_native_fallback=false
[Info   :ComfyNetworkSense] [07/31/2026 06:16:43] MOTION_AUTHORITY state=target_rejected run_id=native-20260731-c8-full26 client=i5 action=none detail=sequence=161_target_error_mm=48822_native_fallback=false
[Info   :ComfyNetworkSense] [07/31/2026 06:16:43] MOTION_AUTHORITY state=target_rejected run_id=native-20260731-c8-full26 client=i5 action=none detail=sequence=162_target_error_mm=48835_native_fallback=false
[Info   :ComfyNetworkSense] [07/31/2026 06:16:43] MOTION_AUTHORITY state=target_rejected run_id=native-20260731-c8-full26 client=i5 action=none detail=sequence=162_target_error_mm=48839_native_fallback=false
[Info   :ComfyNetworkSense] [07/31/2026 06:16:43] MOTION_AUTHORITY state=target_rejected run_id=native-20260731-c8-full26 client=i5 action=none detail=sequence=162_target_error_mm=48842_native_fallback=false
[Info   :ComfyNetworkSense] [07/31/2026 06:16:43] MOTION_AUTHORITY state=target_rejected run_id=native-20260731-c8-full26 client=i5 action=none detail=sequence=162_target_error_mm=48846_native_fallback=false
[Info   :ComfyNetworkSense] [07/31/2026 06:16:43] MOTION_AUTHORITY state=target_rejected run_id=native-20260731-c8-full26 client=i5 action=none detail=sequence=162_target_error_mm=48849_native_fallback=false
[Info   :ComfyNetworkSense] [07/31/2026 06:16:43] MOTION_AUTHORITY state=target_rejected run_id=native-20260731-c8-full26 client=i5 action=none detail=sequence=162_target_error_mm=48852_native_fallback=false
[Info   :ComfyNetworkSense] [07/31/2026 06:16:43] MOTION_AUTHORITY state=target_rejected run_id=native-20260731-c8-full26 client=i5 action=none detail=sequence=162_target_error_mm=48855_native_fallback=false
[Info   :ComfyNetworkSense] [07/31/2026 06:16:43] MOTION_AUTHORITY state=target_rejected run_id=native-20260731-c8-full26 client=i5 action=none detail=sequence=163_target_error_mm=48849_native_fallback=false
[Info   :ComfyNetworkSense] [07/31/2026 06:16:43] MOTION_AUTHORITY state=target_rejected run_id=native-20260731-c8-full26 client=i5 action=none detail=sequence=163_target_error_mm=48852_native_fallback=false
[Info   :ComfyNetworkSense] [07/31/2026 06:16:43] MOTION_AUTHORITY state=target_rejected run_id=native-20260731-c8-full26 client=i5 action=none detail=sequence=163_target_error_mm=48856_native_fallback=false
[Info   :ComfyNetworkSense] [07/31/2026 06:16:43] MOTION_AUTHORITY state=target_rejected run_id=native-20260731-c8-full26 client=i5 action=none detail=sequence=163_target_error_mm=48859_native_fallback=false
[Info   :ComfyNetworkSense] [07/31/2026 06:16:43] MOTION_AUTHORITY state=target_rejected run_id=native-20260731-c8-full26 client=i5 action=none detail=sequence=163_target_error_mm=48862_native_fallback=false
[Info   :ComfyNetworkSense] [07/31/2026 06:16:43] MOTION_AUTHORITY state=target_rejected run_id=native-20260731-c8-full26 client=i5 action=none detail=sequence=163_target_error_mm=48866_native_fallback=false
[Info   :ComfyNetworkSense] [07/31/2026 06:16:43] MOTION_AUTHORITY state=target_rejected run_id=native-20260731-c8-full26 client=i5 action=none detail=sequence=164_target_error_mm=48879_native_fallback=false
[Info   :ComfyNetworkSense] [07/31/2026 06:16:43] MOTION_AUTHORITY state=target_rejected run_id=native-20260731-c8-full26 client=i5 action=none detail=sequence=164_target_error_mm=48882_native_fallback=false
[Info   :ComfyNetworkSense] [07/31/2026 06:16:43] MOTION_AUTHORITY state=target_rejected run_id=native-20260731-c8-full26 client=i5 action=none detail=sequence=164_target_error_mm=48885_native_fallback=false
[Info   :ComfyNetworkSense] [07/31/2026 06:16:43] MOTION_AUTHORITY state=target_rejected run_id=native-20260731-c8-full26 client=i5 action=none detail=sequence=164_target_error_mm=48889_native_fallback=false
[Info   :ComfyNetworkSense] [07/31/2026 06:16:43] MOTION_AUTHORITY state=target_rejected run_id=native-20260731-c8-full26 client=i5 action=none detail=sequence=164_target_error_mm=48892_native_fallback=false
[Info   :ComfyNetworkSense] [07/31/2026 06:16:43] MOTION_AUTHORITY state=target_rejected run_id=native-20260731-c8-full26 client=i5 action=none detail=sequence=164_target_error_mm=48896_native_fallback=false
[Info   :ComfyNetworkSense] [07/31/2026 06:16:43] MOTION_AUTHORITY state=target_rejected run_id=native-20260731-c8-full26 client=i5 action=none detail=sequence=164_target_error_mm=48899_native_fallback=false
[Info   :ComfyNetworkSense] [07/31/2026 06:16:43] MOTION_AUTHORITY state=target_rejected run_id=native-20260731-c8-full26 client=i5 action=none detail=sequence=165_target_error_mm=48902_native_fallback=false
[Info   :ComfyNetworkSense] [07/31/2026 06:16:43] MOTION_AUTHORITY state=target_rejected run_id=native-20260731-c8-full26 client=i5 action=none detail=sequence=165_target_error_mm=48907_native_fallback=false
[Info   :ComfyNetworkSense] [07/31/2026 06:16:43] MOTION_AUTHORITY state=target_rejected run_id=native-20260731-c8-full26 client=i5 action=none detail=sequence=165_target_error_mm=48910_native_fallback=false
[Info   :ComfyNetworkSense] [07/31/2026 06:16:43] MOTION_AUTHORITY state=target_rejected run_id=native-20260731-c8-full26 client=i5 action=none detail=sequence=165_target_error_mm=48913_native_fallback=false
[Info   :ComfyNetworkSense] [07/31/2026 06:16:43] MOTION_AUTHORITY state=target_rejected run_id=native-20260731-c8-full26 client=i5 action=none detail=sequence=165_target_error_mm=48916_native_fallback=false
[Info   :ComfyNetworkSense] [07/31/2026 06:16:43] MOTION_AUTHORITY state=target_rejected run_id=native-20260731-c8-full26 client=i5 action=none detail=sequence=165_target_error_mm=48919_native_fallback=false
[Info   :ComfyNetworkSense] [07/31/2026 06:16:43] MOTION_AUTHORITY state=target_rejected run_id=native-20260731-c8-full26 client=i5 action=none detail=sequence=165_target_error_mm=48922_native_fallback=false
[Info   :ComfyNetworkSense] [07/31/2026 06:16:43] MOTION_AUTHORITY state=target_rejected run_id=native-20260731-c8-full26 client=i5 action=none detail=sequence=166_target_error_mm=48915_native_fallback=false
[Info   :ComfyNetworkSense] [07/31/2026 06:16:43] MOTION_AUTHORITY state=target_rejected run_id=native-20260731-c8-full26 client=i5 action=none detail=sequence=166_target_error_mm=48918_native_fallback=false
[Info   :ComfyNetworkSense] [07/31/2026 06:16:43] MOTION_AUTHORITY state=target_rejected run_id=native-20260731-c8-full26 client=i5 action=none detail=sequence=166_target_error_mm=48922_native_fallback=false
[Info   :ComfyNetworkSense] [07/31/2026 06:16:43] MOTION_AUTHORITY state=target_rejected run_id=native-20260731-c8-full26 client=i5 action=none detail=sequence=166_target_error_mm=48925_native_fallback=false
[Info   :ComfyNetworkSense] [07/31/2026 06:16:43] MOTION_AUTHORITY state=target_rejected run_id=native-20260731-c8-full26 client=i5 action=none detail=sequence=166_target_error_mm=48929_native_fallback=false
[Info   :ComfyNetworkSense] [07/31/2026 06:16:43] MOTION_AUTHORITY state=target_rejected run_id=native-20260731-c8-full26 client=i5 action=none detail=sequence=167_target_error_mm=48942_native_fallback=false
[Info   :ComfyNetworkSense] [07/31/2026 06:16:43] MOTION_AUTHORITY state=target_rejected run_id=native-20260731-c8-full26 client=i5 action=none detail=sequence=167_target_error_mm=48945_native_fallback=false
[Info   :ComfyNetworkSense] [07/31/2026 06:16:43] MOTION_AUTHORITY state=target_rejected run_id=native-20260731-c8-full26 client=i5 action=none detail=sequence=167_target_error_mm=48948_native_fallback=false
[Info   :ComfyNetworkSense] [07/31/2026 06:16:43] MOTION_AUTHORITY state=target_rejected run_id=native-20260731-c8-full26 client=i5 action=none detail=sequence=167_target_error_mm=48952_native_fallback=false
[Info   :ComfyNetworkSense] [07/31/2026 06:16:43] MOTION_AUTHORITY state=target_rejected run_id=native-20260731-c8-full26 client=i5 action=none detail=sequence=167_target_error_mm=48954_native_fallback=false
[Info   :ComfyNetworkSense] [07/31/2026 06:16:43] MOTION_AUTHORITY state=target_rejected run_id=native-20260731-c8-full26 client=i5 action=none detail=sequence=167_target_error_mm=48958_native_fallback=false
[Info   :ComfyNetworkSense] [07/31/2026 06:16:43] MOTION_AUTHORITY state=target_rejected run_id=native-20260731-c8-full26 client=i5 action=none detail=sequence=167_target_error_mm=48961_native_fallback=false
[Info   :ComfyNetworkSense] [07/31/2026 06:16:43] MOTION_AUTHORITY state=target_rejected run_id=native-20260731-c8-full26 client=i5 action=none detail=sequence=168_target_error_mm=48965_native_fallback=false
[Info   :ComfyNetworkSense] [07/31/2026 06:16:43] MOTION_AUTHORITY state=target_rejected run_id=native-20260731-c8-full26 client=i5 action=none detail=sequence=168_target_error_mm=48968_native_fallback=false
[Info   :ComfyNetworkSense] [07/31/2026 06:16:44] MOTION_AUTHORITY state=target_rejected run_id=native-20260731-c8-full26 client=i5 action=none detail=sequence=168_target_error_mm=48972_native_fallback=false
[Info   :ComfyNetworkSense] [07/31/2026 06:16:44] MOTION_AUTHORITY state=target_rejected run_id=native-20260731-c8-full26 client=i5 action=none detail=sequence=168_target_error_mm=48975_native_fallback=false
[Info   :ComfyNetworkSense] [07/31/2026 06:16:44] MOTION_AUTHORITY state=target_rejected run_id=native-20260731-c8-full26 client=i5 action=none detail=sequence=168_target_error_mm=48978_native_fallback=false
[Info   :ComfyNetworkSense] [07/31/2026 06:16:44] MOTION_AUTHORITY state=target_rejected run_id=native-20260731-c8-full26 client=i5 action=none detail=sequence=169_target_error_mm=48971_native_fallback=false
[Info   :ComfyNetworkSense] [07/31/2026 06:16:44] MOTION_AUTHORITY state=target_rejected run_id=native-20260731-c8-full26 client=i5 action=none detail=sequence=169_target_error_mm=48975_native_fallback=false
[Info   :ComfyNetworkSense] [07/31/2026 06:16:44] MOTION_AUTHORITY state=target_rejected run_id=native-20260731-c8-full26 client=i5 action=none detail=sequence=169_target_error_mm=48979_native_fallback=false
[Info   :ComfyNetworkSense] [07/31/2026 06:16:44] MOTION_AUTHORITY state=target_rejected run_id=native-20260731-c8-full26 client=i5 action=none detail=sequence=169_target_error_mm=48983_native_fallback=false
[Info   :ComfyNetworkSense] [07/31/2026 06:16:44] MOTION_AUTHORITY state=target_rejected run_id=native-20260731-c8-full26 client=i5 action=none detail=sequence=169_target_error_mm=48986_native_fallback=false
[Info   :ComfyNetworkSense] [07/31/2026 06:16:44] MOTION_AUTHORITY state=target_rejected run_id=native-20260731-c8-full26 client=i5 action=none detail=sequence=169_target_error_mm=48990_native_fallback=false
[Info   :ComfyNetworkSense] [07/31/2026 06:16:44] MOTION_AUTHORITY state=target_rejected run_id=native-20260731-c8-full26 client=i5 action=none detail=sequence=169_target_error_mm=48993_native_fallback=false
[Info   :ComfyNetworkSense] [07/31/2026 06:16:44] MOTION_AUTHORITY state=target_rejected run_id=native-20260731-c8-full26 client=i5 action=none detail=sequence=170_target_error_mm=49006_native_fallback=false
[Info   :ComfyNetworkSense] [07/31/2026 06:16:44] MOTION_AUTHORITY state=target_rejected run_id=native-20260731-c8-full26 client=i5 action=none detail=sequence=170_target_error_mm=49009_native_fallback=false
[Info   :ComfyNetworkSense] [07/31/2026 06:16:44] MOTION_AUTHORITY state=target_rejected run_id=native-20260731-c8-full26 client=i5 action=none detail=sequence=170_target_error_mm=49013_native_fallback=false
[Info   :ComfyNetworkSense] [07/31/2026 06:16:44] MOTION_AUTHORITY state=target_rejected run_id=native-20260731-c8-full26 client=i5 action=none detail=sequence=170_target_error_mm=49016_native_fallback=false
[Info   :ComfyNetworkSense] [07/31/2026 06:16:44] MOTION_AUTHORITY state=target_rejected run_id=native-20260731-c8-full26 client=i5 action=none detail=sequence=170_target_error_mm=49019_native_fallback=false
[Info   :ComfyNetworkSense] [07/31/2026 06:16:44] MOTION_AUTHORITY state=target_rejected run_id=native-20260731-c8-full26 client=i5 action=none detail=sequence=170_target_error_mm=49023_native_fallback=false
[Info   :ComfyNetworkSense] [07/31/2026 06:16:44] MOTION_AUTHORITY state=target_rejected run_id=native-20260731-c8-full26 client=i5 action=none detail=sequence=170_target_error_mm=49026_native_fallback=false
[Info   :ComfyNetworkSense] [07/31/2026 06:16:44] MOTION_AUTHORITY state=target_rejected run_id=native-20260731-c8-full26 client=i5 action=none detail=sequence=171_target_error_mm=49029_native_fallback=false
[Info   :ComfyNetworkSense] [07/31/2026 06:16:44] MOTION_AUTHORITY state=target_rejected run_id=native-20260731-c8-full26 client=i5 action=none detail=sequence=171_target_error_mm=49033_native_fallback=false
[Info   :ComfyNetworkSense] [07/31/2026 06:16:44] MOTION_AUTHORITY state=target_rejected run_id=native-20260731-c8-full26 client=i5 action=none detail=sequence=171_target_error_mm=49036_native_fallback=false
[Info   :ComfyNetworkSense] [07/31/2026 06:16:44] MOTION_AUTHORITY state=target_rejected run_id=native-20260731-c8-full26 client=i5 action=none detail=sequence=171_target_error_mm=49039_native_fallback=false
[Info   :ComfyNetworkSense] [07/31/2026 06:16:44] MOTION_AUTHORITY state=target_rejected run_id=native-20260731-c8-full26 client=i5 action=none detail=sequence=171_target_error_mm=49042_native_fallback=false
[Info   :ComfyNetworkSense] [07/31/2026 06:16:44] MOTION_AUTHORITY state=target_rejected run_id=native-20260731-c8-full26 client=i5 action=none detail=sequence=171_target_error_mm=49046_native_fallback=false
[Info   :ComfyNetworkSense] [07/31/2026 06:16:44] MOTION_AUTHORITY state=target_rejected run_id=native-20260731-c8-full26 client=i5 action=none detail=sequence=172_target_error_mm=49040_native_fallback=false
[Info   :ComfyNetworkSense] [07/31/2026 06:16:44] MOTION_AUTHORITY state=target_rejected run_id=native-20260731-c8-full26 client=i5 action=none detail=sequence=172_target_error_mm=49043_native_fallback=false
[Info   :ComfyNetworkSense] [07/31/2026 06:16:44] MOTION_AUTHORITY state=target_rejected run_id=native-20260731-c8-full26 client=i5 action=none detail=sequence=172_target_error_mm=49046_native_fallback=false
[Info   :ComfyNetworkSense] [07/31/2026 06:16:44] MOTION_AUTHORITY state=target_rejected run_id=native-20260731-c8-full26 client=i5 action=none detail=sequence=172_target_error_mm=49050_native_fallback=false
[Info   :ComfyNetworkSense] [07/31/2026 06:16:44] MOTION_AUTHORITY state=target_rejected run_id=native-20260731-c8-full26 client=i5 action=none detail=sequence=172_target_error_mm=49053_native_fallback=false
[Info   :ComfyNetworkSense] [07/31/2026 06:16:44] MOTION_AUTHORITY state=target_rejected run_id=native-20260731-c8-full26 client=i5 action=none detail=sequence=172_target_error_mm=49056_native_fallback=false
[Info   :ComfyNetworkSense] [07/31/2026 06:16:44] MOTION_AUTHORITY state=target_rejected run_id=native-20260731-c8-full26 client=i5 action=none detail=sequence=173_target_error_mm=49069_native_fallback=false
[Info   :ComfyNetworkSense] [07/31/2026 06:16:44] MOTION_AUTHORITY state=target_rejected run_id=native-20260731-c8-full26 client=i5 action=none detail=sequence=173_target_error_mm=49073_native_fallback=false
[Info   :ComfyNetworkSense] [07/31/2026 06:16:44] MOTION_AUTHORITY state=target_rejected run_id=native-20260731-c8-full26 client=i5 action=none detail=sequence=173_target_error_mm=49076_native_fallback=false
[Info   :ComfyNetworkSense] [07/31/2026 06:16:44] MOTION_AUTHORITY state=target_rejected run_id=native-20260731-c8-full26 client=i5 action=none detail=sequence=173_target_error_mm=49080_native_fallback=false
[Info   :ComfyNetworkSense] [07/31/2026 06:16:44] MOTION_AUTHORITY state=target_rejected run_id=native-20260731-c8-full26 client=i5 action=none detail=sequence=173_target_error_mm=49083_native_fallback=false
[Info   :ComfyNetworkSense] [07/31/2026 06:16:44] MOTION_AUTHORITY state=native_transform_writer_suppressed run_id=native-20260731-c8-full26 client=i5 action=none detail=count=512_writer=ZSyncTransform.CustomFixedUpdate
[Info   :ComfyNetworkSense] [07/31/2026 06:16:44] MOTION_AUTHORITY state=target_rejected run_id=native-20260731-c8-full26 client=i5 action=none detail=sequence=173_target_error_mm=49086_native_fallback=false
[Info   :ComfyNetworkSense] [07/31/2026 06:16:44] MOTION_AUTHORITY state=target_rejected run_id=native-20260731-c8-full26 client=i5 action=none detail=sequence=173_target_error_mm=49089_native_fallback=false
[Info   :ComfyNetworkSense] [07/31/2026 06:16:44] MOTION_AUTHORITY state=target_rejected run_id=native-20260731-c8-full26 client=i5 action=none detail=sequence=173_target_error_mm=49092_native_fallback=false
[Info   :ComfyNetworkSense] [07/31/2026 06:16:44] MOTION_AUTHORITY state=target_rejected run_id=native-20260731-c8-full26 client=i5 action=none detail=sequence=173_target_error_mm=49096_native_fallback=false
[Info   :ComfyNetworkSense] [07/31/2026 06:16:44] MOTION_AUTHORITY state=target_rejected run_id=native-20260731-c8-full26 client=i5 action=none detail=sequence=173_target_error_mm=49099_native_fallback=false
[Info   :ComfyNetworkSense] [07/31/2026 06:16:44] MOTION_AUTHORITY state=target_rejected run_id=native-20260731-c8-full26 client=i5 action=none detail=sequence=174_target_error_mm=49092_native_fallback=false
[Info   :ComfyNetworkSense] [07/31/2026 06:16:44] MOTION_AUTHORITY state=target_rejected run_id=native-20260731-c8-full26 client=i5 action=none detail=sequence=174_target_error_mm=49095_native_fallback=false
[Info   :ComfyNetworkSense] [07/31/2026 06:16:44] MOTION_AUTHORITY state=target_rejected run_id=native-20260731-c8-full26 client=i5 action=none detail=sequence=174_target_error_mm=49098_native_fallback=false
[Info   :ComfyNetworkSense] [07/31/2026 06:16:44] MOTION_AUTHORITY state=target_rejected run_id=native-20260731-c8-full26 client=i5 action=none detail=sequence=175_target_error_mm=49111_native_fallback=false
[Info   :ComfyNetworkSense] [07/31/2026 06:16:44] MOTION_AUTHORITY state=target_rejected run_id=native-20260731-c8-full26 client=i5 action=none detail=sequence=175_target_error_mm=49114_native_fallback=false
[Info   :ComfyNetworkSense] [07/31/2026 06:16:44] MOTION_AUTHORITY state=target_rejected run_id=native-20260731-c8-full26 client=i5 action=none detail=sequence=175_target_error_mm=49118_native_fallback=false
[Info   :ComfyNetworkSense] [07/31/2026 06:16:44] MOTION_AUTHORITY state=target_rejected run_id=native-20260731-c8-full26 client=i5 action=none detail=sequence=175_target_error_mm=49121_native_fallback=false
[Info   :ComfyNetworkSense] [07/31/2026 06:16:44] MOTION_AUTHORITY state=target_rejected run_id=native-20260731-c8-full26 client=i5 action=none detail=sequence=175_target_error_mm=49124_native_fallback=false
[Info   :ComfyNetworkSense] [07/31/2026 06:16:44] MOTION_AUTHORITY state=target_rejected run_id=native-20260731-c8-full26 client=i5 action=none detail=sequence=175_target_error_mm=49128_native_fallback=false
[Info   :ComfyNetworkSense] [07/31/2026 06:16:44] MOTION_AUTHORITY state=target_rejected run_id=native-20260731-c8-full26 client=i5 action=none detail=sequence=176_target_error_mm=49131_native_fallback=false
[Info   :ComfyNetworkSense] [07/31/2026 06:16:44] MOTION_AUTHORITY state=target_rejected run_id=native-20260731-c8-full26 client=i5 action=none detail=sequence=176_target_error_mm=49134_native_fallback=false
[Info   :ComfyNetworkSense] [07/31/2026 06:16:44] MOTION_AUTHORITY state=target_rejected run_id=native-20260731-c8-full26 client=i5 action=none detail=sequence=176_target_error_mm=49138_native_fallback=false
[Info   :ComfyNetworkSense] [07/31/2026 06:16:44] MOTION_AUTHORITY state=target_rejected run_id=native-20260731-c8-full26 client=i5 action=none detail=sequence=176_target_error_mm=49140_native_fallback=false
[Info   :ComfyNetworkSense] [07/31/2026 06:16:44] MOTION_AUTHORITY state=target_rejected run_id=native-20260731-c8-full26 client=i5 action=none detail=sequence=176_target_error_mm=49144_native_fallback=false
[Info   :ComfyNetworkSense] [07/31/2026 06:16:44] MOTION_AUTHORITY state=target_rejected run_id=native-20260731-c8-full26 client=i5 action=none detail=sequence=176_target_error_mm=49147_native_fallback=false
[Info   :ComfyNetworkSense] [07/31/2026 06:16:44] MOTION_AUTHORITY state=target_rejected run_id=native-20260731-c8-full26 client=i5 action=none detail=sequence=176_target_error_mm=49151_native_fallback=false
[Info   :ComfyNetworkSense] [07/31/2026 06:16:44] MOTION_AUTHORITY state=target_rejected run_id=native-20260731-c8-full26 client=i5 action=none detail=sequence=177_target_error_mm=49144_native_fallback=false
[Info   :ComfyNetworkSense] [07/31/2026 06:16:44] MOTION_AUTHORITY state=target_rejected run_id=native-20260731-c8-full26 client=i5 action=none detail=sequence=177_target_error_mm=49148_native_fallback=false
[Info   :ComfyNetworkSense] [07/31/2026 06:16:44] MOTION_AUTHORITY state=target_rejected run_id=native-20260731-c8-full26 client=i5 action=none detail=sequence=177_target_error_mm=49151_native_fallback=false
[Info   :ComfyNetworkSense] [07/31/2026 06:16:44] MOTION_AUTHORITY state=target_rejected run_id=native-20260731-c8-full26 client=i5 action=none detail=sequence=177_target_error_mm=49154_native_fallback=false
[Info   :ComfyNetworkSense] [07/31/2026 06:16:44] MOTION_AUTHORITY state=target_rejected run_id=native-20260731-c8-full26 client=i5 action=none detail=sequence=177_target_error_mm=49157_native_fallback=false
[Info   :ComfyNetworkSense] [07/31/2026 06:16:44] MOTION_AUTHORITY state=target_rejected run_id=native-20260731-c8-full26 client=i5 action=none detail=sequence=177_target_error_mm=49161_native_fallback=false
[Info   :ComfyNetworkSense] [07/31/2026 06:16:44] MOTION_AUTHORITY state=target_rejected run_id=native-20260731-c8-full26 client=i5 action=none detail=sequence=178_target_error_mm=49174_native_fallback=false
[Info   :ComfyNetworkSense] [07/31/2026 06:16:44] MOTION_AUTHORITY state=target_rejected run_id=native-20260731-c8-full26 client=i5 action=none detail=sequence=178_target_error_mm=49177_native_fallback=false
[Info   :ComfyNetworkSense] [07/31/2026 06:16:44] MOTION_AUTHORITY state=target_rejected run_id=native-20260731-c8-full26 client=i5 action=none detail=sequence=178_target_error_mm=49180_native_fallback=false
[Info   :ComfyNetworkSense] [07/31/2026 06:16:44] MOTION_AUTHORITY state=target_rejected run_id=native-20260731-c8-full26 client=i5 action=none detail=sequence=178_target_error_mm=49184_native_fallback=false
[Info   :ComfyNetworkSense] [07/31/2026 06:16:44] MOTION_AUTHORITY state=target_rejected run_id=native-20260731-c8-full26 client=i5 action=none detail=sequence=178_target_error_mm=49187_native_fallback=false
[Info   :ComfyNetworkSense] [07/31/2026 06:16:44] MOTION_AUTHORITY state=target_rejected run_id=native-20260731-c8-full26 client=i5 action=none detail=sequence=178_target_error_mm=49191_native_fallback=false
[Info   :ComfyNetworkSense] [07/31/2026 06:16:44] MOTION_AUTHORITY state=target_rejected run_id=native-20260731-c8-full26 client=i5 action=none detail=sequence=179_target_error_mm=49194_native_fallback=false
[Info   :ComfyNetworkSense] [07/31/2026 06:16:44] MOTION_AUTHORITY state=target_rejected run_id=native-20260731-c8-full26 client=i5 action=none detail=sequence=179_target_error_mm=49199_native_fallback=false
[Info   :ComfyNetworkSense] [07/31/2026 06:16:44] MOTION_AUTHORITY state=target_rejected run_id=native-20260731-c8-full26 client=i5 action=none detail=sequence=179_target_error_mm=49204_native_fallback=false
[Info   :ComfyNetworkSense] [07/31/2026 06:16:44] MOTION_AUTHORITY state=target_rejected run_id=native-20260731-c8-full26 client=i5 action=none detail=sequence=179_target_error_mm=49208_native_fallback=false
[Info   :ComfyNetworkSense] [07/31/2026 06:16:44] MOTION_AUTHORITY state=target_rejected run_id=native-20260731-c8-full26 client=i5 action=none detail=sequence=179_target_error_mm=49211_native_fallback=false
[Info   :ComfyNetworkSense] [07/31/2026 06:16:44] MOTION_AUTHORITY state=target_rejected run_id=native-20260731-c8-full26 client=i5 action=none detail=sequence=179_target_error_mm=49215_native_fallback=false
[Info   :ComfyNetworkSense] [07/31/2026 06:16:44] MOTION_AUTHORITY state=target_rejected run_id=native-20260731-c8-full26 client=i5 action=none detail=sequence=180_target_error_mm=49209_native_fallback=false
[Info   :ComfyNetworkSense] [07/31/2026 06:16:44] MOTION_AUTHORITY state=target_rejected run_id=native-20260731-c8-full26 client=i5 action=none detail=sequence=180_target_error_mm=49212_native_fallback=false
[Info   :ComfyNetworkSense] [07/31/2026 06:16:44] MOTION_AUTHORITY state=target_rejected run_id=native-20260731-c8-full26 client=i5 action=none detail=sequence=180_target_error_mm=49215_native_fallback=false
[Info   :ComfyNetworkSense] [07/31/2026 06:16:44] MOTION_AUTHORITY state=target_rejected run_id=native-20260731-c8-full26 client=i5 action=none detail=sequence=180_target_error_mm=49218_native_fallback=false
[Info   :ComfyNetworkSense] [07/31/2026 06:16:44] MOTION_AUTHORITY state=target_rejected run_id=native-20260731-c8-full26 client=i5 action=none detail=sequence=180_target_error_mm=49222_native_fallback=false
[Info   :ComfyNetworkSense] [07/31/2026 06:16:44] MOTION_AUTHORITY state=target_rejected run_id=native-20260731-c8-full26 client=i5 action=none detail=sequence=180_target_error_mm=49225_native_fallback=false
[Info   :ComfyNetworkSense] [07/31/2026 06:16:44] MOTION_AUTHORITY state=target_rejected run_id=native-20260731-c8-full26 client=i5 action=none detail=sequence=181_target_error_mm=49238_native_fallback=false
[Info   :ComfyNetworkSense] [07/31/2026 06:16:44] MOTION_AUTHORITY state=target_rejected run_id=native-20260731-c8-full26 client=i5 action=none detail=sequence=181_target_error_mm=49242_native_fallback=false
[Info   :ComfyNetworkSense] [07/31/2026 06:16:44] MOTION_AUTHORITY state=target_rejected run_id=native-20260731-c8-full26 client=i5 action=none detail=sequence=181_target_error_mm=49245_native_fallback=false
[Info   :ComfyNetworkSense] [07/31/2026 06:16:44] MOTION_AUTHORITY state=target_rejected run_id=native-20260731-c8-full26 client=i5 action=none detail=sequence=181_target_error_mm=49248_native_fallback=false
[Info   :ComfyNetworkSense] [07/31/2026 06:16:44] MOTION_AUTHORITY state=target_rejected run_id=native-20260731-c8-full26 client=i5 action=none detail=sequence=181_target_error_mm=49251_native_fallback=false
[Info   :ComfyNetworkSense] [07/31/2026 06:16:44] MOTION_AUTHORITY state=target_rejected run_id=native-20260731-c8-full26 client=i5 action=none detail=sequence=181_target_error_mm=49255_native_fallback=false
[Info   :ComfyNetworkSense] [07/31/2026 06:16:44] MOTION_AUTHORITY state=target_rejected run_id=native-20260731-c8-full26 client=i5 action=none detail=sequence=181_target_error_mm=49258_native_fallback=false
[Info   :ComfyNetworkSense] [07/31/2026 06:16:44] MOTION_AUTHORITY state=target_rejected run_id=native-20260731-c8-full26 client=i5 action=none detail=sequence=182_target_error_mm=49261_native_fallback=false
[Info   :ComfyNetworkSense] [07/31/2026 06:16:44] MOTION_AUTHORITY state=target_rejected run_id=native-20260731-c8-full26 client=i5 action=none detail=sequence=182_target_error_mm=49265_native_fallback=false
[Info   :ComfyNetworkSense] [07/31/2026 06:16:44] MOTION_AUTHORITY state=target_rejected run_id=native-20260731-c8-full26 client=i5 action=none detail=sequence=182_target_error_mm=49268_native_fallback=false
[Info   :ComfyNetworkSense] [07/31/2026 06:16:44] MOTION_AUTHORITY state=target_rejected run_id=native-20260731-c8-full26 client=i5 action=none detail=sequence=182_target_error_mm=49271_native_fallback=false
[Info   :ComfyNetworkSense] [07/31/2026 06:16:44] MOTION_AUTHORITY state=target_rejected run_id=native-20260731-c8-full26 client=i5 action=none detail=sequence=182_target_error_mm=49274_native_fallback=false
[Info   :ComfyNetworkSense] [07/31/2026 06:16:44] MOTION_AUTHORITY state=target_rejected run_id=native-20260731-c8-full26 client=i5 action=none detail=sequence=183_target_error_mm=49267_native_fallback=false
[Info   :ComfyNetworkSense] [07/31/2026 06:16:44] MOTION_AUTHORITY state=target_rejected run_id=native-20260731-c8-full26 client=i5 action=none detail=sequence=183_target_error_mm=49270_native_fallback=false
[Info   :ComfyNetworkSense] [07/31/2026 06:16:44] MOTION_AUTHORITY state=target_rejected run_id=native-20260731-c8-full26 client=i5 action=none detail=sequence=183_target_error_mm=49274_native_fallback=false
[Info   :ComfyNetworkSense] [07/31/2026 06:16:44] MOTION_AUTHORITY state=target_rejected run_id=native-20260731-c8-full26 client=i5 action=none detail=sequence=183_target_error_mm=49277_native_fallback=false
[Info   :ComfyNetworkSense] [07/31/2026 06:16:44] MOTION_AUTHORITY state=target_rejected run_id=native-20260731-c8-full26 client=i5 action=none detail=sequence=183_target_error_mm=49280_native_fallback=false
[Info   :ComfyNetworkSense] [07/31/2026 06:16:44] MOTION_AUTHORITY state=target_rejected run_id=native-20260731-c8-full26 client=i5 action=none detail=sequence=183_target_error_mm=49283_native_fallback=false
[Info   :ComfyNetworkSense] [07/31/2026 06:16:44] MOTION_AUTHORITY state=target_rejected run_id=native-20260731-c8-full26 client=i5 action=none detail=sequence=183_target_error_mm=49287_native_fallback=false
[Info   :ComfyNetworkSense] [07/31/2026 06:16:44] MOTION_AUTHORITY state=target_rejected run_id=native-20260731-c8-full26 client=i5 action=none detail=sequence=183_target_error_mm=49290_native_fallback=false
[Info   :ComfyNetworkSense] [07/31/2026 06:16:44] MOTION_AUTHORITY state=target_rejected run_id=native-20260731-c8-full26 client=i5 action=none detail=sequence=184_target_error_mm=49304_native_fallback=false
[Info   :ComfyNetworkSense] [07/31/2026 06:16:44] MOTION_AUTHORITY state=target_rejected run_id=native-20260731-c8-full26 client=i5 action=none detail=sequence=184_target_error_mm=49307_native_fallback=false
[Info   :ComfyNetworkSense] [07/31/2026 06:16:44] MOTION_AUTHORITY state=target_rejected run_id=native-20260731-c8-full26 client=i5 action=none detail=sequence=184_target_error_mm=49311_native_fallback=false
[Info   :ComfyNetworkSense] [07/31/2026 06:16:44] MOTION_AUTHORITY state=target_rejected run_id=native-20260731-c8-full26 client=i5 action=none detail=sequence=184_target_error_mm=49314_native_fallback=false
[Info   :ComfyNetworkSense] [07/31/2026 06:16:44] MOTION_AUTHORITY state=target_rejected run_id=native-20260731-c8-full26 client=i5 action=none detail=sequence=184_target_error_mm=49317_native_fallback=false
[Info   :ComfyNetworkSense] [07/31/2026 06:16:44] MOTION_AUTHORITY state=target_rejected run_id=native-20260731-c8-full26 client=i5 action=none detail=sequence=184_target_error_mm=49320_native_fallback=false
[Info   :ComfyNetworkSense] [07/31/2026 06:16:44] MOTION_AUTHORITY state=target_rejected run_id=native-20260731-c8-full26 client=i5 action=none detail=sequence=185_target_error_mm=49314_native_fallback=false
[Info   :ComfyNetworkSense] [07/31/2026 06:16:44] MOTION_AUTHORITY state=target_rejected run_id=native-20260731-c8-full26 client=i5 action=none detail=sequence=185_target_error_mm=49317_native_fallback=false
[Info   :ComfyNetworkSense] [07/31/2026 06:16:44] MOTION_AUTHORITY state=target_rejected run_id=native-20260731-c8-full26 client=i5 action=none detail=sequence=185_target_error_mm=49320_native_fallback=false
[Info   :ComfyNetworkSense] [07/31/2026 06:16:44] MOTION_AUTHORITY state=target_rejected run_id=native-20260731-c8-full26 client=i5 action=none detail=sequence=185_target_error_mm=49323_native_fallback=false
[Info   :ComfyNetworkSense] [07/31/2026 06:16:44] MOTION_AUTHORITY state=target_rejected run_id=native-20260731-c8-full26 client=i5 action=none detail=sequence=185_target_error_mm=49327_native_fallback=false
[Info   :ComfyNetworkSense] [07/31/2026 06:16:44] MOTION_AUTHORITY state=target_rejected run_id=native-20260731-c8-full26 client=i5 action=none detail=sequence=185_target_error_mm=49330_native_fallback=false
[Info   :ComfyNetworkSense] [07/31/2026 06:16:44] MOTION_AUTHORITY state=target_rejected run_id=native-20260731-c8-full26 client=i5 action=none detail=sequence=186_target_error_mm=49343_native_fallback=false
[Info   :ComfyNetworkSense] [07/31/2026 06:16:44] MOTION_AUTHORITY state=target_rejected run_id=native-20260731-c8-full26 client=i5 action=none detail=sequence=186_target_error_mm=49346_native_fallback=false
[Info   :ComfyNetworkSense] [07/31/2026 06:16:44] MOTION_AUTHORITY state=target_rejected run_id=native-20260731-c8-full26 client=i5 action=none detail=sequence=186_target_error_mm=49350_native_fallback=false
[Info   :ComfyNetworkSense] [07/31/2026 06:16:44] MOTION_AUTHORITY state=target_rejected run_id=native-20260731-c8-full26 client=i5 action=none detail=sequence=186_target_error_mm=49353_native_fallback=false
[Info   :ComfyNetworkSense] [07/31/2026 06:16:44] MOTION_AUTHORITY state=target_rejected run_id=native-20260731-c8-full26 client=i5 action=none detail=sequence=186_target_error_mm=49357_native_fallback=false
[Info   :ComfyNetworkSense] [07/31/2026 06:16:44] MOTION_AUTHORITY state=target_rejected run_id=native-20260731-c8-full26 client=i5 action=none detail=sequence=186_target_error_mm=49360_native_fallback=false
[Info   :ComfyNetworkSense] [07/31/2026 06:16:44] MOTION_AUTHORITY state=target_rejected run_id=native-20260731-c8-full26 client=i5 action=none detail=sequence=187_target_error_mm=49363_native_fallback=false
[Info   :ComfyNetworkSense] [07/31/2026 06:16:44] MOTION_AUTHORITY state=target_rejected run_id=native-20260731-c8-full26 client=i5 action=none detail=sequence=187_target_error_mm=49367_native_fallback=false
[Info   :ComfyNetworkSense] [07/31/2026 06:16:45] MOTION_AUTHORITY state=target_rejected run_id=native-20260731-c8-full26 client=i5 action=none detail=sequence=187_target_error_mm=49370_native_fallback=false
[Info   :ComfyNetworkSense] [07/31/2026 06:16:45] MOTION_AUTHORITY state=target_rejected run_id=native-20260731-c8-full26 client=i5 action=none detail=sequence=187_target_error_mm=49373_native_fallback=false
[Info   :ComfyNetworkSense] [07/31/2026 06:16:45] MOTION_AUTHORITY state=target_rejected run_id=native-20260731-c8-full26 client=i5 action=none detail=sequence=187_target_error_mm=49377_native_fallback=false
[Info   :ComfyNetworkSense] [07/31/2026 06:16:45] MOTION_AUTHORITY state=target_rejected run_id=native-20260731-c8-full26 client=i5 action=none detail=sequence=187_target_error_mm=49379_native_fallback=false
[Info   :ComfyNetworkSense] [07/31/2026 06:16:45] MOTION_AUTHORITY state=target_rejected run_id=native-20260731-c8-full26 client=i5 action=none detail=sequence=188_target_error_mm=49373_native_fallback=false
[Info   :ComfyNetworkSense] [07/31/2026 06:16:45] MOTION_AUTHORITY state=target_rejected run_id=native-20260731-c8-full26 client=i5 action=none detail=sequence=188_target_error_mm=49376_native_fallback=false
[Info   :ComfyNetworkSense] [07/31/2026 06:16:45] MOTION_AUTHORITY state=target_rejected run_id=native-20260731-c8-full26 client=i5 action=none detail=sequence=188_target_error_mm=49380_native_fallback=false
[Info   :ComfyNetworkSense] [07/31/2026 06:16:45] MOTION_AUTHORITY state=target_rejected run_id=native-20260731-c8-full26 client=i5 action=none detail=sequence=188_target_error_mm=49383_native_fallback=false
[Info   :ComfyNetworkSense] [07/31/2026 06:16:45] MOTION_AUTHORITY state=target_rejected run_id=native-20260731-c8-full26 client=i5 action=none detail=sequence=188_target_error_mm=49387_native_fallback=false
[Info   :ComfyNetworkSense] [07/31/2026 06:16:45] MOTION_AUTHORITY state=target_rejected run_id=native-20260731-c8-full26 client=i5 action=none detail=sequence=188_target_error_mm=49390_native_fallback=false
[Info   :ComfyNetworkSense] [07/31/2026 06:16:45] MOTION_AUTHORITY state=target_rejected run_id=native-20260731-c8-full26 client=i5 action=none detail=sequence=188_target_error_mm=49393_native_fallback=false
[Info   :ComfyNetworkSense] [07/31/2026 06:16:45] MOTION_AUTHORITY state=target_rejected run_id=native-20260731-c8-full26 client=i5 action=none detail=sequence=189_target_error_mm=49406_native_fallback=false
[Info   :ComfyNetworkSense] [07/31/2026 06:16:45] MOTION_AUTHORITY state=target_rejected run_id=native-20260731-c8-full26 client=i5 action=none detail=sequence=189_target_error_mm=49410_native_fallback=false
[Info   :ComfyNetworkSense] [07/31/2026 06:16:45] MOTION_AUTHORITY state=target_rejected run_id=native-20260731-c8-full26 client=i5 action=none detail=sequence=189_target_error_mm=49413_native_fallback=false
[Info   :ComfyNetworkSense] [07/31/2026 06:16:45] MOTION_AUTHORITY state=target_rejected run_id=native-20260731-c8-full26 client=i5 action=none detail=sequence=189_target_error_mm=49416_native_fallback=false
[Info   :ComfyNetworkSense] [07/31/2026 06:16:45] MOTION_AUTHORITY state=target_rejected run_id=native-20260731-c8-full26 client=i5 action=none detail=sequence=189_target_error_mm=49420_native_fallback=false
[Info   :ComfyNetworkSense] [07/31/2026 06:16:45] MOTION_AUTHORITY state=target_rejected run_id=native-20260731-c8-full26 client=i5 action=none detail=sequence=189_target_error_mm=49423_native_fallback=false
[Info   :ComfyNetworkSense] [07/31/2026 06:16:45] MOTION_AUTHORITY state=target_rejected run_id=native-20260731-c8-full26 client=i5 action=none detail=sequence=189_target_error_mm=49426_native_fallback=false
[Info   :ComfyNetworkSense] [07/31/2026 06:16:45] MOTION_AUTHORITY state=target_rejected run_id=native-20260731-c8-full26 client=i5 action=none detail=sequence=190_target_error_mm=49430_native_fallback=false
[Info   :ComfyNetworkSense] [07/31/2026 06:16:45] MOTION_AUTHORITY state=target_rejected run_id=native-20260731-c8-full26 client=i5 action=none detail=sequence=190_target_error_mm=49433_native_fallback=false
[Info   :ComfyNetworkSense] [07/31/2026 06:16:45] MOTION_AUTHORITY state=target_rejected run_id=native-20260731-c8-full26 client=i5 action=none detail=sequence=190_target_error_mm=49436_native_fallback=false
[Info   :ComfyNetworkSense] [07/31/2026 06:16:45] MOTION_AUTHORITY state=target_rejected run_id=native-20260731-c8-full26 client=i5 action=none detail=sequence=190_target_error_mm=49439_native_fallback=false
[Info   :ComfyNetworkSense] [07/31/2026 06:16:45] MOTION_AUTHORITY state=target_rejected run_id=native-20260731-c8-full26 client=i5 action=none detail=sequence=190_target_error_mm=49443_native_fallback=false
[Info   :ComfyNetworkSense] [07/31/2026 06:16:45] MOTION_AUTHORITY state=target_rejected run_id=native-20260731-c8-full26 client=i5 action=none detail=sequence=191_target_error_mm=49434_native_fallback=false
[Info   :ComfyNetworkSense] [07/31/2026 06:16:45] MOTION_AUTHORITY state=target_rejected run_id=native-20260731-c8-full26 client=i5 action=none detail=sequence=191_target_error_mm=49437_native_fallback=false
[Info   :ComfyNetworkSense] [07/31/2026 06:16:45] MOTION_AUTHORITY state=target_rejected run_id=native-20260731-c8-full26 client=i5 action=none detail=sequence=191_target_error_mm=49440_native_fallback=false
[Info   :ComfyNetworkSense] [07/31/2026 06:16:45] MOTION_AUTHORITY state=target_rejected run_id=native-20260731-c8-full26 client=i5 action=none detail=sequence=191_target_error_mm=49444_native_fallback=false
[Info   :ComfyNetworkSense] [07/31/2026 06:16:45] MOTION_AUTHORITY state=target_rejected run_id=native-20260731-c8-full26 client=i5 action=none detail=sequence=191_target_error_mm=49447_native_fallback=false
[Info   :ComfyNetworkSense] [07/31/2026 06:16:45] MOTION_AUTHORITY state=target_rejected run_id=native-20260731-c8-full26 client=i5 action=none detail=sequence=191_target_error_mm=49451_native_fallback=false
[Info   :ComfyNetworkSense] [07/31/2026 06:16:45] MOTION_AUTHORITY state=target_rejected run_id=native-20260731-c8-full26 client=i5 action=none detail=sequence=191_target_error_mm=49453_native_fallback=false
[Info   :ComfyNetworkSense] [07/31/2026 06:16:45] MOTION_AUTHORITY state=target_rejected run_id=native-20260731-c8-full26 client=i5 action=none detail=sequence=192_target_error_mm=49448_native_fallback=false
[Info   :ComfyNetworkSense] [07/31/2026 06:16:45] MOTION_AUTHORITY state=target_rejected run_id=native-20260731-c8-full26 client=i5 action=none detail=sequence=192_target_error_mm=49452_native_fallback=false
[Info   :ComfyNetworkSense] [07/31/2026 06:16:45] MOTION_AUTHORITY state=target_rejected run_id=native-20260731-c8-full26 client=i5 action=none detail=sequence=192_target_error_mm=49455_native_fallback=false
[Info   :ComfyNetworkSense] [07/31/2026 06:16:45] MOTION_AUTHORITY state=target_rejected run_id=native-20260731-c8-full26 client=i5 action=none detail=sequence=192_target_error_mm=49458_native_fallback=false
[Info   :ComfyNetworkSense] [07/31/2026 06:16:45] MOTION_AUTHORITY state=target_rejected run_id=native-20260731-c8-full26 client=i5 action=none detail=sequence=192_target_error_mm=49462_native_fallback=false
[Info   :ComfyNetworkSense] [07/31/2026 06:16:45] MOTION_AUTHORITY state=target_rejected run_id=native-20260731-c8-full26 client=i5 action=none detail=sequence=193_target_error_mm=49458_native_fallback=false
[Info   :ComfyNetworkSense] [07/31/2026 06:16:45] MOTION_AUTHORITY state=target_rejected run_id=native-20260731-c8-full26 client=i5 action=none detail=sequence=193_target_error_mm=49461_native_fallback=false
[Info   :ComfyNetworkSense] [07/31/2026 06:16:45] MOTION_AUTHORITY state=target_rejected run_id=native-20260731-c8-full26 client=i5 action=none detail=sequence=193_target_error_mm=49464_native_fallback=false
[Info   :ComfyNetworkSense] [07/31/2026 06:16:45] MOTION_AUTHORITY state=target_rejected run_id=native-20260731-c8-full26 client=i5 action=none detail=sequence=193_target_error_mm=49471_native_fallback=false
[Info   :ComfyNetworkSense] [07/31/2026 06:16:45] MOTION_AUTHORITY state=target_rejected run_id=native-20260731-c8-full26 client=i5 action=none detail=sequence=193_target_error_mm=49476_native_fallback=false
[Info   :ComfyNetworkSense] [07/31/2026 06:16:45] MOTION_AUTHORITY state=target_rejected run_id=native-20260731-c8-full26 client=i5 action=none detail=sequence=193_target_error_mm=49479_native_fallback=false
[Info   :ComfyNetworkSense] [07/31/2026 06:16:45] MOTION_AUTHORITY state=target_rejected run_id=native-20260731-c8-full26 client=i5 action=none detail=sequence=193_target_error_mm=49483_native_fallback=false
[Info   :ComfyNetworkSense] [07/31/2026 06:16:45] MOTION_AUTHORITY state=target_rejected run_id=native-20260731-c8-full26 client=i5 action=none detail=sequence=194_target_error_mm=49479_native_fallback=false
[Info   :ComfyNetworkSense] [07/31/2026 06:16:45] MOTION_AUTHORITY state=target_rejected run_id=native-20260731-c8-full26 client=i5 action=none detail=sequence=194_target_error_mm=49483_native_fallback=false
[Info   :ComfyNetworkSense] [07/31/2026 06:16:45] MOTION_AUTHORITY state=target_rejected run_id=native-20260731-c8-full26 client=i5 action=none detail=sequence=194_target_error_mm=49486_native_fallback=false
[Info   :ComfyNetworkSense] [07/31/2026 06:16:45] MOTION_AUTHORITY state=target_rejected run_id=native-20260731-c8-full26 client=i5 action=none detail=sequence=194_target_error_mm=49490_native_fallback=false
[Info   :ComfyNetworkSense] [07/31/2026 06:16:45] MOTION_AUTHORITY state=target_rejected run_id=native-20260731-c8-full26 client=i5 action=none detail=sequence=195_target_error_mm=49467_native_fallback=false
[Info   :ComfyNetworkSense] [07/31/2026 06:16:45] MOTION_AUTHORITY state=target_rejected run_id=native-20260731-c8-full26 client=i5 action=none detail=sequence=195_target_error_mm=49470_native_fallback=false
[Info   :ComfyNetworkSense] [07/31/2026 06:16:45] MOTION_AUTHORITY state=target_rejected run_id=native-20260731-c8-full26 client=i5 action=none detail=sequence=195_target_error_mm=49473_native_fallback=false
[Info   :ComfyNetworkSense] [07/31/2026 06:16:45] MOTION_AUTHORITY state=target_rejected run_id=native-20260731-c8-full26 client=i5 action=none detail=sequence=195_target_error_mm=49476_native_fallback=false
[Info   :ComfyNetworkSense] [07/31/2026 06:16:45] MOTION_AUTHORITY state=target_rejected run_id=native-20260731-c8-full26 client=i5 action=none detail=sequence=195_target_error_mm=49480_native_fallback=false
[Info   :ComfyNetworkSense] [07/31/2026 06:16:45] MOTION_AUTHORITY state=target_rejected run_id=native-20260731-c8-full26 client=i5 action=none detail=sequence=195_target_error_mm=49483_native_fallback=false
[Info   :ComfyNetworkSense] [07/31/2026 06:16:45] MOTION_AUTHORITY state=target_rejected run_id=native-20260731-c8-full26 client=i5 action=none detail=sequence=195_target_error_mm=49487_native_fallback=false
[Info   :ComfyNetworkSense] [07/31/2026 06:16:45] MOTION_AUTHORITY state=target_rejected run_id=native-20260731-c8-full26 client=i5 action=none detail=sequence=196_target_error_mm=49501_native_fallback=false
[Info   :ComfyNetworkSense] [07/31/2026 06:16:45] MOTION_AUTHORITY state=target_rejected run_id=native-20260731-c8-full26 client=i5 action=none detail=sequence=196_target_error_mm=49505_native_fallback=false
[Info   :ComfyNetworkSense] [07/31/2026 06:16:45] MOTION_AUTHORITY state=target_rejected run_id=native-20260731-c8-full26 client=i5 action=none detail=sequence=196_target_error_mm=49508_native_fallback=false
[Info   :ComfyNetworkSense] [07/31/2026 06:16:45] MOTION_AUTHORITY state=target_rejected run_id=native-20260731-c8-full26 client=i5 action=none detail=sequence=196_target_error_mm=49512_native_fallback=false
[Info   :ComfyNetworkSense] [07/31/2026 06:16:45] MOTION_AUTHORITY state=target_rejected run_id=native-20260731-c8-full26 client=i5 action=none detail=sequence=196_target_error_mm=49515_native_fallback=false
[Info   :ComfyNetworkSense] [07/31/2026 06:16:45] MOTION_AUTHORITY state=target_rejected run_id=native-20260731-c8-full26 client=i5 action=none detail=sequence=196_target_error_mm=49518_native_fallback=false
[Info   :ComfyNetworkSense] [07/31/2026 06:16:45] MOTION_AUTHORITY state=target_rejected run_id=native-20260731-c8-full26 client=i5 action=none detail=sequence=197_target_error_mm=49514_native_fallback=false
[Info   :ComfyNetworkSense] [07/31/2026 06:16:45] MOTION_AUTHORITY state=target_rejected run_id=native-20260731-c8-full26 client=i5 action=none detail=sequence=197_target_error_mm=49518_native_fallback=false
[Info   :ComfyNetworkSense] [07/31/2026 06:16:45] MOTION_AUTHORITY state=target_rejected run_id=native-20260731-c8-full26 client=i5 action=none detail=sequence=197_target_error_mm=49521_native_fallback=false
[Info   :ComfyNetworkSense] [07/31/2026 06:16:45] MOTION_AUTHORITY state=target_rejected run_id=native-20260731-c8-full26 client=i5 action=none detail=sequence=197_target_error_mm=49524_native_fallback=false
[Info   :ComfyNetworkSense] [07/31/2026 06:16:45] MOTION_AUTHORITY state=target_rejected run_id=native-20260731-c8-full26 client=i5 action=none detail=sequence=197_target_error_mm=49527_native_fallback=false
[Info   :ComfyNetworkSense] [07/31/2026 06:16:45] MOTION_AUTHORITY state=target_rejected run_id=native-20260731-c8-full26 client=i5 action=none detail=sequence=197_target_error_mm=49530_native_fallback=false
[Info   :ComfyNetworkSense] [07/31/2026 06:16:45] MOTION_AUTHORITY state=target_rejected run_id=native-20260731-c8-full26 client=i5 action=none detail=sequence=197_target_error_mm=49533_native_fallback=false
[Info   :ComfyNetworkSense] [07/31/2026 06:16:45] MOTION_AUTHORITY state=target_rejected run_id=native-20260731-c8-full26 client=i5 action=none detail=sequence=198_target_error_mm=49501_native_fallback=false
[Info   :ComfyNetworkSense] [07/31/2026 06:16:45] MOTION_AUTHORITY state=target_rejected run_id=native-20260731-c8-full26 client=i5 action=none detail=sequence=198_target_error_mm=49504_native_fallback=false
[Info   :ComfyNetworkSense] [07/31/2026 06:16:45] MOTION_AUTHORITY state=target_rejected run_id=native-20260731-c8-full26 client=i5 action=none detail=sequence=198_target_error_mm=49508_native_fallback=false
[Info   :ComfyNetworkSense] [07/31/2026 06:16:45] MOTION_AUTHORITY state=target_rejected run_id=native-20260731-c8-full26 client=i5 action=none detail=sequence=198_target_error_mm=49511_native_fallback=false
[Info   :ComfyNetworkSense] [07/31/2026 06:16:45] MOTION_AUTHORITY state=target_rejected run_id=native-20260731-c8-full26 client=i5 action=none detail=sequence=198_target_error_mm=49514_native_fallback=false
[Info   :ComfyNetworkSense] [07/31/2026 06:16:45] MOTION_AUTHORITY state=target_rejected run_id=native-20260731-c8-full26 client=i5 action=none detail=sequence=199_target_error_mm=49539_native_fallback=false
[Info   :ComfyNetworkSense] [07/31/2026 06:16:45] MOTION_AUTHORITY state=target_rejected run_id=native-20260731-c8-full26 client=i5 action=none detail=sequence=199_target_error_mm=49543_native_fallback=false
[Info   :ComfyNetworkSense] [07/31/2026 06:16:45] MOTION_AUTHORITY state=target_rejected run_id=native-20260731-c8-full26 client=i5 action=none detail=sequence=199_target_error_mm=49546_native_fallback=false
[Info   :ComfyNetworkSense] [07/31/2026 06:16:45] MOTION_AUTHORITY state=target_rejected run_id=native-20260731-c8-full26 client=i5 action=none detail=sequence=199_target_error_mm=49550_native_fallback=false
[Info   :ComfyNetworkSense] [07/31/2026 06:16:45] MOTION_AUTHORITY state=target_rejected run_id=native-20260731-c8-full26 client=i5 action=none detail=sequence=199_target_error_mm=49552_native_fallback=false
[Info   :ComfyNetworkSense] [07/31/2026 06:16:45] MOTION_AUTHORITY state=target_rejected run_id=native-20260731-c8-full26 client=i5 action=none detail=sequence=199_target_error_mm=49556_native_fallback=false
[Info   :ComfyNetworkSense] [07/31/2026 06:16:45] MOTION_AUTHORITY state=target_rejected run_id=native-20260731-c8-full26 client=i5 action=none detail=sequence=199_target_error_mm=49560_native_fallback=false
[Info   :ComfyNetworkSense] [07/31/2026 06:16:45] MOTION_AUTHORITY state=target_rejected run_id=native-20260731-c8-full26 client=i5 action=none detail=sequence=200_target_error_mm=49556_native_fallback=false
[Info   :ComfyNetworkSense] [07/31/2026 06:16:45] MOTION_AUTHORITY state=target_rejected run_id=native-20260731-c8-full26 client=i5 action=none detail=sequence=200_target_error_mm=49560_native_fallback=false
[Info   :ComfyNetworkSense] [07/31/2026 06:16:45] MOTION_AUTHORITY state=target_rejected run_id=native-20260731-c8-full26 client=i5 action=none detail=sequence=200_target_error_mm=49563_native_fallback=false
[Info   :ComfyNetworkSense] [07/31/2026 06:16:45] MOTION_AUTHORITY state=target_rejected run_id=native-20260731-c8-full26 client=i5 action=none detail=sequence=200_target_error_mm=49566_native_fallback=false
[Info   :ComfyNetworkSense] [07/31/2026 06:16:45] MOTION_AUTHORITY state=target_rejected run_id=native-20260731-c8-full26 client=i5 action=none detail=sequence=200_target_error_mm=49569_native_fallback=false
[Info   :ComfyNetworkSense] [07/31/2026 06:16:45] MOTION_AUTHORITY state=target_rejected run_id=native-20260731-c8-full26 client=i5 action=none detail=sequence=200_target_error_mm=49572_native_fallback=false
[Info   :ComfyNetworkSense] [07/31/2026 06:16:45] MOTION_AUTHORITY state=target_rejected run_id=native-20260731-c8-full26 client=i5 action=none detail=sequence=200_target_error_mm=49576_native_fallback=false
[Info   :ComfyNetworkSense] [07/31/2026 06:16:45] MOTION_AUTHORITY state=target_rejected run_id=native-20260731-c8-full26 client=i5 action=none detail=sequence=201_target_error_mm=49563_native_fallback=false
[Info   :ComfyNetworkSense] [07/31/2026 06:16:45] MOTION_AUTHORITY state=target_rejected run_id=native-20260731-c8-full26 client=i5 action=none detail=sequence=201_target_error_mm=49567_native_fallback=false
[Info   :ComfyNetworkSense] [07/31/2026 06:16:45] MOTION_AUTHORITY state=target_rejected run_id=native-20260731-c8-full26 client=i5 action=none detail=sequence=201_target_error_mm=49570_native_fallback=false
[Info   :ComfyNetworkSense] [07/31/2026 06:16:45] MOTION_AUTHORITY state=target_rejected run_id=native-20260731-c8-full26 client=i5 action=none detail=sequence=201_target_error_mm=49574_native_fallback=false
[Info   :ComfyNetworkSense] [07/31/2026 06:16:45] MOTION_AUTHORITY state=target_rejected run_id=native-20260731-c8-full26 client=i5 action=none detail=sequence=201_target_error_mm=49577_native_fallback=false
[Info   :ComfyNetworkSense] [07/31/2026 06:16:45] MOTION_AUTHORITY state=target_rejected run_id=native-20260731-c8-full26 client=i5 action=none detail=sequence=202_target_error_mm=49584_native_fallback=false
[Info   :ComfyNetworkSense] [07/31/2026 06:16:45] MOTION_AUTHORITY state=target_rejected run_id=native-20260731-c8-full26 client=i5 action=none detail=sequence=202_target_error_mm=49587_native_fallback=false
[Info   :ComfyNetworkSense] [07/31/2026 06:16:45] MOTION_AUTHORITY state=target_rejected run_id=native-20260731-c8-full26 client=i5 action=none detail=sequence=202_target_error_mm=49590_native_fallback=false
[Info   :ComfyNetworkSense] [07/31/2026 06:16:45] MOTION_AUTHORITY state=target_rejected run_id=native-20260731-c8-full26 client=i5 action=none detail=sequence=202_target_error_mm=49594_native_fallback=false
[Info   :ComfyNetworkSense] [07/31/2026 06:16:45] MOTION_AUTHORITY state=target_rejected run_id=native-20260731-c8-full26 client=i5 action=none detail=sequence=202_target_error_mm=49597_native_fallback=false
[Info   :ComfyNetworkSense] [07/31/2026 06:16:45] MOTION_AUTHORITY state=target_rejected run_id=native-20260731-c8-full26 client=i5 action=none detail=sequence=202_target_error_mm=49600_native_fallback=false
[Info   :ComfyNetworkSense] [07/31/2026 06:16:45] MOTION_AUTHORITY state=target_rejected run_id=native-20260731-c8-full26 client=i5 action=none detail=sequence=202_target_error_mm=49604_native_fallback=false
[Info   :ComfyNetworkSense] [07/31/2026 06:16:45] MOTION_AUTHORITY state=target_rejected run_id=native-20260731-c8-full26 client=i5 action=none detail=sequence=203_target_error_mm=49512_native_fallback=false
[Info   :ComfyNetworkSense] [07/31/2026 06:16:45] MOTION_AUTHORITY state=target_rejected run_id=native-20260731-c8-full26 client=i5 action=none detail=sequence=203_target_error_mm=49520_native_fallback=false
[Info   :ComfyNetworkSense] [07/31/2026 06:16:45] MOTION_AUTHORITY state=target_rejected run_id=native-20260731-c8-full26 client=i5 action=none detail=sequence=203_target_error_mm=49525_native_fallback=false
[Info   :ComfyNetworkSense] [07/31/2026 06:16:45] MOTION_AUTHORITY state=target_rejected run_id=native-20260731-c8-full26 client=i5 action=none detail=sequence=204_target_error_mm=49613_native_fallback=false
[Info   :ComfyNetworkSense] [07/31/2026 06:16:45] MOTION_AUTHORITY state=target_rejected run_id=native-20260731-c8-full26 client=i5 action=none detail=sequence=204_target_error_mm=49616_native_fallback=false
[Info   :ComfyNetworkSense] [07/31/2026 06:16:45] MOTION_AUTHORITY state=target_rejected run_id=native-20260731-c8-full26 client=i5 action=none detail=sequence=204_target_error_mm=49619_native_fallback=false
[Info   :ComfyNetworkSense] [07/31/2026 06:16:45] MOTION_AUTHORITY state=target_rejected run_id=native-20260731-c8-full26 client=i5 action=none detail=sequence=204_target_error_mm=49622_native_fallback=false
[Info   :ComfyNetworkSense] [07/31/2026 06:16:45] MOTION_AUTHORITY state=target_rejected run_id=native-20260731-c8-full26 client=i5 action=none detail=sequence=204_target_error_mm=49625_native_fallback=false
[Info   :ComfyNetworkSense] [07/31/2026 06:16:45] MOTION_AUTHORITY state=target_rejected run_id=native-20260731-c8-full26 client=i5 action=none detail=sequence=204_target_error_mm=49628_native_fallback=false
[Info   :ComfyNetworkSense] [07/31/2026 06:16:45] MOTION_AUTHORITY state=target_rejected run_id=native-20260731-c8-full26 client=i5 action=none detail=sequence=204_target_error_mm=49632_native_fallback=false
[Info   :ComfyNetworkSense] [07/31/2026 06:16:45] MOTION_AUTHORITY state=target_rejected run_id=native-20260731-c8-full26 client=i5 action=none detail=sequence=204_target_error_mm=49635_native_fallback=false
[Info   :ComfyNetworkSense] [07/31/2026 06:16:45] MOTION_AUTHORITY state=target_rejected run_id=native-20260731-c8-full26 client=i5 action=none detail=sequence=205_target_error_mm=49634_native_fallback=false
[Info   :ComfyNetworkSense] [07/31/2026 06:16:45] MOTION_AUTHORITY state=target_rejected run_id=native-20260731-c8-full26 client=i5 action=none detail=sequence=205_target_error_mm=49636_native_fallback=false
[Info   :ComfyNetworkSense] [07/31/2026 06:16:45] MOTION_AUTHORITY state=target_rejected run_id=native-20260731-c8-full26 client=i5 action=none detail=sequence=205_target_error_mm=49639_native_fallback=false
[Info   :ComfyNetworkSense] [07/31/2026 06:16:45] MOTION_AUTHORITY state=target_rejected run_id=native-20260731-c8-full26 client=i5 action=none detail=sequence=205_target_error_mm=49642_native_fallback=false
[Info   :ComfyNetworkSense] [07/31/2026 06:16:45] MOTION_AUTHORITY state=target_rejected run_id=native-20260731-c8-full26 client=i5 action=none detail=sequence=205_target_error_mm=49645_native_fallback=false
[Info   :ComfyNetworkSense] [07/31/2026 06:16:45] MOTION_AUTHORITY state=target_rejected run_id=native-20260731-c8-full26 client=i5 action=none detail=sequence=205_target_error_mm=49648_native_fallback=false
[Info   :ComfyNetworkSense] [07/31/2026 06:16:45] MOTION_AUTHORITY state=target_rejected run_id=native-20260731-c8-full26 client=i5 action=none detail=sequence=205_target_error_mm=49651_native_fallback=false
[Info   :ComfyNetworkSense] [07/31/2026 06:16:45] MOTION_AUTHORITY state=target_rejected run_id=native-20260731-c8-full26 client=i5 action=none detail=sequence=206_target_error_mm=49580_native_fallback=false
[Info   :ComfyNetworkSense] [07/31/2026 06:16:45] MOTION_AUTHORITY state=target_rejected run_id=native-20260731-c8-full26 client=i5 action=none detail=sequence=206_target_error_mm=49583_native_fallback=false
[Info   :ComfyNetworkSense] [07/31/2026 06:16:46] MOTION_AUTHORITY state=target_rejected run_id=native-20260731-c8-full26 client=i5 action=none detail=sequence=206_target_error_mm=49586_native_fallback=false
[Info   :ComfyNetworkSense] [07/31/2026 06:16:46] MOTION_AUTHORITY state=target_rejected run_id=native-20260731-c8-full26 client=i5 action=none detail=sequence=206_target_error_mm=49589_native_fallback=false
[Info   :ComfyNetworkSense] [07/31/2026 06:16:46] LOGICAL_PEER_CUTOVER state=logical_native_invoke_suppressed run_id=native-20260731-c8-full26 detail=count=128_method=ZDOData_semantic_fallback=false
[Info   :ComfyNetworkSense] [07/31/2026 06:16:46] CUTOVER_SCENARIO state=coordinate_teleport_progress run_id=native-20260731-c8-full26 client=i5 action=i5-c8-safe-origin detail=teleporting=True_distance=0.01_target_zone=35,-1_reference_zone=35,-1_zone_loaded=True_area_ready=True_sector_objects=1241_valid_prefabs=1241_instantiated=1241_missing=0_banked=1308_inbound=0_applied=1299_superseded=0_apply_failures=0
[Info   :ComfyNetworkSense] [07/31/2026 06:16:46] MOTION_AUTHORITY state=target_rejected run_id=native-20260731-c8-full26 client=i5 action=none detail=sequence=206_target_error_mm=49593_native_fallback=false
[Info   :ComfyNetworkSense] [07/31/2026 06:16:46] MOTION_AUTHORITY state=target_rejected run_id=native-20260731-c8-full26 client=i5 action=none detail=sequence=206_target_error_mm=49596_native_fallback=false
[Info   :ComfyNetworkSense] [07/31/2026 06:16:46] MOTION_AUTHORITY state=target_rejected run_id=native-20260731-c8-full26 client=i5 action=none detail=sequence=207_target_error_mm=49663_native_fallback=false
[Info   :ComfyNetworkSense] [07/31/2026 06:16:46] MOTION_AUTHORITY state=target_rejected run_id=native-20260731-c8-full26 client=i5 action=none detail=sequence=207_target_error_mm=49666_native_fallback=false
[Info   :ComfyNetworkSense] [07/31/2026 06:16:46] MOTION_AUTHORITY state=target_rejected run_id=native-20260731-c8-full26 client=i5 action=none detail=sequence=207_target_error_mm=49670_native_fallback=false
[Info   :ComfyNetworkSense] [07/31/2026 06:16:46] MOTION_AUTHORITY state=target_rejected run_id=native-20260731-c8-full26 client=i5 action=none detail=sequence=207_target_error_mm=49673_native_fallback=false
[Info   :ComfyNetworkSense] [07/31/2026 06:16:46] MOTION_AUTHORITY state=target_rejected run_id=native-20260731-c8-full26 client=i5 action=none detail=sequence=207_target_error_mm=49677_native_fallback=false
[Info   :ComfyNetworkSense] [07/31/2026 06:16:46] MOTION_AUTHORITY state=target_rejected run_id=native-20260731-c8-full26 client=i5 action=none detail=sequence=207_target_error_mm=49680_native_fallback=false
[Info   :ComfyNetworkSense] [07/31/2026 06:16:46] MOTION_AUTHORITY state=target_rejected run_id=native-20260731-c8-full26 client=i5 action=none detail=sequence=208_target_error_mm=49678_native_fallback=false
[Info   :ComfyNetworkSense] [07/31/2026 06:16:46] MOTION_AUTHORITY state=target_rejected run_id=native-20260731-c8-full26 client=i5 action=none detail=sequence=208_target_error_mm=49681_native_fallback=false
[Warning:ComfyNetworkSense] [07/31/2026 06:16:46] Authoritative consumer poll failed: TimeoutException: connect timeout to 8.231.129.249:42317
[Info   :ComfyNetworkSense] [07/31/2026 06:16:46] MOTION_AUTHORITY state=target_rejected run_id=native-20260731-c8-full26 client=i5 action=none detail=sequence=208_target_error_mm=49685_native_fallback=false
[Info   :ComfyNetworkSense] [07/31/2026 06:16:46] MOTION_AUTHORITY state=target_rejected run_id=native-20260731-c8-full26 client=i5 action=none detail=sequence=208_target_error_mm=49688_native_fallback=false
[Info   :ComfyNetworkSense] [07/31/2026 06:16:46] MOTION_AUTHORITY state=target_rejected run_id=native-20260731-c8-full26 client=i5 action=none detail=sequence=208_target_error_mm=49692_native_fallback=false
[Info   :ComfyNetworkSense] [07/31/2026 06:16:46] MOTION_AUTHORITY state=target_rejected run_id=native-20260731-c8-full26 client=i5 action=none detail=sequence=208_target_error_mm=49694_native_fallback=false
[Info   :ComfyNetworkSense] [07/31/2026 06:16:46] MOTION_AUTHORITY state=target_rejected run_id=native-20260731-c8-full26 client=i5 action=none detail=sequence=208_target_error_mm=49698_native_fallback=false
[Info   :ComfyNetworkSense] [07/31/2026 06:16:46] MOTION_AUTHORITY state=target_rejected run_id=native-20260731-c8-full26 client=i5 action=none detail=sequence=208_target_error_mm=49701_native_fallback=false
[Info   :ComfyNetworkSense] [07/31/2026 06:16:46] MOTION_AUTHORITY state=target_rejected run_id=native-20260731-c8-full26 client=i5 action=none detail=sequence=209_target_error_mm=49651_native_fallback=false
[Info   :ComfyNetworkSense] [07/31/2026 06:16:46] MOTION_AUTHORITY state=target_rejected run_id=native-20260731-c8-full26 client=i5 action=none detail=sequence=209_target_error_mm=49654_native_fallback=false
[Info   :ComfyNetworkSense] [07/31/2026 06:16:46] MOTION_AUTHORITY state=target_rejected run_id=native-20260731-c8-full26 client=i5 action=none detail=sequence=209_target_error_mm=49658_native_fallback=false
[Info   :ComfyNetworkSense] [07/31/2026 06:16:46] MOTION_AUTHORITY state=target_rejected run_id=native-20260731-c8-full26 client=i5 action=none detail=sequence=209_target_error_mm=49661_native_fallback=false
[Info   :ComfyNetworkSense] [07/31/2026 06:16:46] MOTION_AUTHORITY state=target_rejected run_id=native-20260731-c8-full26 client=i5 action=none detail=sequence=209_target_error_mm=49665_native_fallback=false
[Info   :ComfyNetworkSense] [07/31/2026 06:16:46] MOTION_AUTHORITY state=target_rejected run_id=native-20260731-c8-full26 client=i5 action=none detail=sequence=209_target_error_mm=49668_native_fallback=false
[Info   :ComfyNetworkSense] [07/31/2026 06:16:46] MOTION_AUTHORITY state=target_rejected run_id=native-20260731-c8-full26 client=i5 action=none detail=sequence=210_target_error_mm=49716_native_fallback=false
[Info   :ComfyNetworkSense] [07/31/2026 06:16:46] MOTION_AUTHORITY state=target_rejected run_id=native-20260731-c8-full26 client=i5 action=none detail=sequence=210_target_error_mm=49719_native_fallback=false
[Info   :ComfyNetworkSense] [07/31/2026 06:16:46] MOTION_AUTHORITY state=target_rejected run_id=native-20260731-c8-full26 client=i5 action=none detail=sequence=210_target_error_mm=49723_native_fallback=false
[Info   :ComfyNetworkSense] [07/31/2026 06:16:46] MOTION_AUTHORITY state=target_rejected run_id=native-20260731-c8-full26 client=i5 action=none detail=sequence=210_target_error_mm=49725_native_fallback=false
[Info   :ComfyNetworkSense] [07/31/2026 06:16:46] MOTION_AUTHORITY state=target_rejected run_id=native-20260731-c8-full26 client=i5 action=none detail=sequence=210_target_error_mm=49730_native_fallback=false
[Info   :ComfyNetworkSense] [07/31/2026 06:16:46] MOTION_AUTHORITY state=target_rejected run_id=native-20260731-c8-full26 client=i5 action=none detail=sequence=210_target_error_mm=49732_native_fallback=false
[Info   :ComfyNetworkSense] [07/31/2026 06:16:46] MOTION_AUTHORITY state=target_rejected run_id=native-20260731-c8-full26 client=i5 action=none detail=sequence=211_target_error_mm=49732_native_fallback=false
[Info   :ComfyNetworkSense] [07/31/2026 06:16:46] MOTION_AUTHORITY state=target_rejected run_id=native-20260731-c8-full26 client=i5 action=none detail=sequence=211_target_error_mm=49735_native_fallback=false
[Info   :ComfyNetworkSense] [07/31/2026 06:16:46] MOTION_AUTHORITY state=target_rejected run_id=native-20260731-c8-full26 client=i5 action=none detail=sequence=211_target_error_mm=49739_native_fallback=false
[Info   :ComfyNetworkSense] [07/31/2026 06:16:46] MOTION_AUTHORITY state=target_rejected run_id=native-20260731-c8-full26 client=i5 action=none detail=sequence=211_target_error_mm=49742_native_fallback=false
[Info   :ComfyNetworkSense] [07/31/2026 06:16:46] MOTION_AUTHORITY state=target_rejected run_id=native-20260731-c8-full26 client=i5 action=none detail=sequence=211_target_error_mm=49745_native_fallback=false
[Info   :ComfyNetworkSense] [07/31/2026 06:16:46] MOTION_AUTHORITY state=target_rejected run_id=native-20260731-c8-full26 client=i5 action=none detail=sequence=211_target_error_mm=49748_native_fallback=false
[Info   :ComfyNetworkSense] [07/31/2026 06:16:46] MOTION_AUTHORITY state=target_rejected run_id=native-20260731-c8-full26 client=i5 action=none detail=sequence=212_target_error_mm=49739_native_fallback=false
[Info   :ComfyNetworkSense] [07/31/2026 06:16:46] MOTION_AUTHORITY state=target_rejected run_id=native-20260731-c8-full26 client=i5 action=none detail=sequence=212_target_error_mm=49741_native_fallback=false
[Info   :ComfyNetworkSense] [07/31/2026 06:16:46] MOTION_AUTHORITY state=target_rejected run_id=native-20260731-c8-full26 client=i5 action=none detail=sequence=212_target_error_mm=49745_native_fallback=false
[Info   :ComfyNetworkSense] [07/31/2026 06:16:46] MOTION_AUTHORITY state=target_rejected run_id=native-20260731-c8-full26 client=i5 action=none detail=sequence=212_target_error_mm=49748_native_fallback=false
[Info   :ComfyNetworkSense] [07/31/2026 06:16:46] MOTION_AUTHORITY state=target_rejected run_id=native-20260731-c8-full26 client=i5 action=none detail=sequence=212_target_error_mm=49752_native_fallback=false
[Info   :ComfyNetworkSense] [07/31/2026 06:16:46] MOTION_AUTHORITY state=target_rejected run_id=native-20260731-c8-full26 client=i5 action=none detail=sequence=212_target_error_mm=49755_native_fallback=false
[Info   :ComfyNetworkSense] [07/31/2026 06:16:46] MOTION_AUTHORITY state=target_rejected run_id=native-20260731-c8-full26 client=i5 action=none detail=sequence=213_target_error_mm=49765_native_fallback=false
[Info   :ComfyNetworkSense] [07/31/2026 06:16:46] MOTION_AUTHORITY state=target_rejected run_id=native-20260731-c8-full26 client=i5 action=none detail=sequence=213_target_error_mm=49768_native_fallback=false
[Info   :ComfyNetworkSense] [07/31/2026 06:16:46] MOTION_AUTHORITY state=target_rejected run_id=native-20260731-c8-full26 client=i5 action=none detail=sequence=213_target_error_mm=49771_native_fallback=false
[Info   :ComfyNetworkSense] [07/31/2026 06:16:46] MOTION_AUTHORITY state=target_rejected run_id=native-20260731-c8-full26 client=i5 action=none detail=sequence=213_target_error_mm=49774_native_fallback=false
[Info   :ComfyNetworkSense] [07/31/2026 06:16:46] MOTION_AUTHORITY state=target_rejected run_id=native-20260731-c8-full26 client=i5 action=none detail=sequence=213_target_error_mm=49778_native_fallback=false
[Info   :ComfyNetworkSense] [07/31/2026 06:16:46] MOTION_AUTHORITY state=target_rejected run_id=native-20260731-c8-full26 client=i5 action=none detail=sequence=213_target_error_mm=49781_native_fallback=false
[Info   :ComfyNetworkSense] [07/31/2026 06:16:46] MOTION_AUTHORITY state=target_rejected run_id=native-20260731-c8-full26 client=i5 action=none detail=sequence=214_target_error_mm=49642_native_fallback=false
[Info   :ComfyNetworkSense] [07/31/2026 06:16:46] MOTION_AUTHORITY state=target_rejected run_id=native-20260731-c8-full26 client=i5 action=none detail=sequence=214_target_error_mm=49644_native_fallback=false
[Info   :ComfyNetworkSense] [07/31/2026 06:16:46] MOTION_AUTHORITY state=target_rejected run_id=native-20260731-c8-full26 client=i5 action=none detail=sequence=214_target_error_mm=49648_native_fallback=false
[Info   :ComfyNetworkSense] [07/31/2026 06:16:46] MOTION_AUTHORITY state=target_rejected run_id=native-20260731-c8-full26 client=i5 action=none detail=sequence=214_target_error_mm=49651_native_fallback=false
[Info   :ComfyNetworkSense] [07/31/2026 06:16:46] MOTION_AUTHORITY state=target_rejected run_id=native-20260731-c8-full26 client=i5 action=none detail=sequence=214_target_error_mm=49655_native_fallback=false
[Info   :ComfyNetworkSense] [07/31/2026 06:16:46] MOTION_AUTHORITY state=target_rejected run_id=native-20260731-c8-full26 client=i5 action=none detail=sequence=214_target_error_mm=49658_native_fallback=false
[Info   :ComfyNetworkSense] [07/31/2026 06:16:46] MOTION_AUTHORITY state=target_rejected run_id=native-20260731-c8-full26 client=i5 action=none detail=sequence=214_target_error_mm=49662_native_fallback=false
[Info   :ComfyNetworkSense] [07/31/2026 06:16:46] MOTION_AUTHORITY state=target_rejected run_id=native-20260731-c8-full26 client=i5 action=none detail=sequence=214_target_error_mm=49665_native_fallback=false
[Info   :ComfyNetworkSense] [07/31/2026 06:16:46] MOTION_AUTHORITY state=target_rejected run_id=native-20260731-c8-full26 client=i5 action=none detail=sequence=215_target_error_mm=49805_native_fallback=false
[Info   :ComfyNetworkSense] [07/31/2026 06:16:46] MOTION_AUTHORITY state=target_rejected run_id=native-20260731-c8-full26 client=i5 action=none detail=sequence=215_target_error_mm=49808_native_fallback=false
[Info   :ComfyNetworkSense] [07/31/2026 06:16:46] MOTION_AUTHORITY state=target_rejected run_id=native-20260731-c8-full26 client=i5 action=none detail=sequence=215_target_error_mm=49811_native_fallback=false
[Info   :ComfyNetworkSense] [07/31/2026 06:16:46] MOTION_AUTHORITY state=target_rejected run_id=native-20260731-c8-full26 client=i5 action=none detail=sequence=215_target_error_mm=49814_native_fallback=false
[Info   :ComfyNetworkSense] [07/31/2026 06:16:46] MOTION_AUTHORITY state=target_rejected run_id=native-20260731-c8-full26 client=i5 action=none detail=sequence=215_target_error_mm=49818_native_fallback=false
[Info   :ComfyNetworkSense] [07/31/2026 06:16:46] MOTION_AUTHORITY state=target_rejected run_id=native-20260731-c8-full26 client=i5 action=none detail=sequence=215_target_error_mm=49821_native_fallback=false
[Info   :ComfyNetworkSense] [07/31/2026 06:16:46] MOTION_AUTHORITY state=target_rejected run_id=native-20260731-c8-full26 client=i5 action=none detail=sequence=215_target_error_mm=49825_native_fallback=false
[Info   :ComfyNetworkSense] [07/31/2026 06:16:46] MOTION_AUTHORITY state=target_rejected run_id=native-20260731-c8-full26 client=i5 action=none detail=sequence=216_target_error_mm=49824_native_fallback=false
[Info   :ComfyNetworkSense] [07/31/2026 06:16:46] MOTION_AUTHORITY state=target_rejected run_id=native-20260731-c8-full26 client=i5 action=none detail=sequence=216_target_error_mm=49828_native_fallback=false
[Info   :ComfyNetworkSense] [07/31/2026 06:16:46] MOTION_AUTHORITY state=target_rejected run_id=native-20260731-c8-full26 client=i5 action=none detail=sequence=216_target_error_mm=49831_native_fallback=false
[Info   :ComfyNetworkSense] [07/31/2026 06:16:46] MOTION_AUTHORITY state=target_rejected run_id=native-20260731-c8-full26 client=i5 action=none detail=sequence=216_target_error_mm=49835_native_fallback=false
[Info   :ComfyNetworkSense] [07/31/2026 06:16:46] MOTION_AUTHORITY state=target_rejected run_id=native-20260731-c8-full26 client=i5 action=none detail=sequence=216_target_error_mm=49838_native_fallback=false
[Info   :ComfyNetworkSense] [07/31/2026 06:16:46] MOTION_AUTHORITY state=target_rejected run_id=native-20260731-c8-full26 client=i5 action=none detail=sequence=217_target_error_mm=49729_native_fallback=false
[Info   :ComfyNetworkSense] [07/31/2026 06:16:46] MOTION_AUTHORITY state=target_rejected run_id=native-20260731-c8-full26 client=i5 action=none detail=sequence=217_target_error_mm=49732_native_fallback=false
[Info   :ComfyNetworkSense] [07/31/2026 06:16:46] MOTION_AUTHORITY state=target_rejected run_id=native-20260731-c8-full26 client=i5 action=none detail=sequence=217_target_error_mm=49736_native_fallback=false
[Info   :ComfyNetworkSense] [07/31/2026 06:16:46] MOTION_AUTHORITY state=target_rejected run_id=native-20260731-c8-full26 client=i5 action=none detail=sequence=217_target_error_mm=49739_native_fallback=false
[Info   :ComfyNetworkSense] [07/31/2026 06:16:46] MOTION_AUTHORITY state=target_rejected run_id=native-20260731-c8-full26 client=i5 action=none detail=sequence=217_target_error_mm=49743_native_fallback=false
[Info   :ComfyNetworkSense] [07/31/2026 06:16:46] MOTION_AUTHORITY state=target_rejected run_id=native-20260731-c8-full26 client=i5 action=none detail=sequence=217_target_error_mm=49746_native_fallback=false
[Info   :ComfyNetworkSense] [07/31/2026 06:16:46] MOTION_AUTHORITY state=target_rejected run_id=native-20260731-c8-full26 client=i5 action=none detail=sequence=218_target_error_mm=49857_native_fallback=false
[Info   :ComfyNetworkSense] [07/31/2026 06:16:46] MOTION_AUTHORITY state=target_rejected run_id=native-20260731-c8-full26 client=i5 action=none detail=sequence=218_target_error_mm=49859_native_fallback=false
[Info   :ComfyNetworkSense] [07/31/2026 06:16:46] MOTION_AUTHORITY state=target_rejected run_id=native-20260731-c8-full26 client=i5 action=none detail=sequence=218_target_error_mm=49863_native_fallback=false
[Info   :ComfyNetworkSense] [07/31/2026 06:16:46] MOTION_AUTHORITY state=target_rejected run_id=native-20260731-c8-full26 client=i5 action=none detail=sequence=218_target_error_mm=49866_native_fallback=false
[Info   :ComfyNetworkSense] [07/31/2026 06:16:46] MOTION_AUTHORITY state=target_rejected run_id=native-20260731-c8-full26 client=i5 action=none detail=sequence=218_target_error_mm=49870_native_fallback=false
[Info   :ComfyNetworkSense] [07/31/2026 06:16:46] MOTION_AUTHORITY state=target_rejected run_id=native-20260731-c8-full26 client=i5 action=none detail=sequence=218_target_error_mm=49873_native_fallback=false
[Info   :ComfyNetworkSense] [07/31/2026 06:16:46] MOTION_AUTHORITY state=target_rejected run_id=native-20260731-c8-full26 client=i5 action=none detail=sequence=219_target_error_mm=49874_native_fallback=false
[Info   :ComfyNetworkSense] [07/31/2026 06:16:46] MOTION_AUTHORITY state=target_rejected run_id=native-20260731-c8-full26 client=i5 action=none detail=sequence=219_target_error_mm=49877_native_fallback=false
[Info   :ComfyNetworkSense] [07/31/2026 06:16:46] MOTION_AUTHORITY state=target_rejected run_id=native-20260731-c8-full26 client=i5 action=none detail=sequence=219_target_error_mm=49881_native_fallback=false
[Info   :ComfyNetworkSense] [07/31/2026 06:16:46] MOTION_AUTHORITY state=target_rejected run_id=native-20260731-c8-full26 client=i5 action=none detail=sequence=219_target_error_mm=49884_native_fallback=false
[Info   :ComfyNetworkSense] [07/31/2026 06:16:46] MOTION_AUTHORITY state=target_rejected run_id=native-20260731-c8-full26 client=i5 action=none detail=sequence=219_target_error_mm=49887_native_fallback=false
[Info   :ComfyNetworkSense] [07/31/2026 06:16:46] MOTION_AUTHORITY state=target_rejected run_id=native-20260731-c8-full26 client=i5 action=none detail=sequence=219_target_error_mm=49890_native_fallback=false
[Info   :ComfyNetworkSense] [07/31/2026 06:16:46] MOTION_AUTHORITY state=target_rejected run_id=native-20260731-c8-full26 client=i5 action=none detail=sequence=219_target_error_mm=49894_native_fallback=false
[Info   :ComfyNetworkSense] [07/31/2026 06:16:46] MOTION_AUTHORITY state=target_rejected run_id=native-20260731-c8-full26 client=i5 action=none detail=sequence=220_target_error_mm=49835_native_fallback=false
[Info   :ComfyNetworkSense] [07/31/2026 06:16:46] MOTION_AUTHORITY state=target_rejected run_id=native-20260731-c8-full26 client=i5 action=none detail=sequence=220_target_error_mm=49839_native_fallback=false
[Info   :ComfyNetworkSense] [07/31/2026 06:16:46] MOTION_AUTHORITY state=target_rejected run_id=native-20260731-c8-full26 client=i5 action=none detail=sequence=220_target_error_mm=49841_native_fallback=false
[Info   :ComfyNetworkSense] [07/31/2026 06:16:46] MOTION_AUTHORITY state=target_rejected run_id=native-20260731-c8-full26 client=i5 action=none detail=sequence=220_target_error_mm=49844_native_fallback=false
[Info   :ComfyNetworkSense] [07/31/2026 06:16:46] MOTION_AUTHORITY state=target_rejected run_id=native-20260731-c8-full26 client=i5 action=none detail=sequence=220_target_error_mm=49848_native_fallback=false
[Info   :ComfyNetworkSense] [07/31/2026 06:16:46] MOTION_AUTHORITY state=target_rejected run_id=native-20260731-c8-full26 client=i5 action=none detail=sequence=220_target_error_mm=49851_native_fallback=false
[Info   :ComfyNetworkSense] [07/31/2026 06:16:46] MOTION_AUTHORITY state=target_rejected run_id=native-20260731-c8-full26 client=i5 action=none detail=sequence=220_target_error_mm=49854_native_fallback=false
[Info   :ComfyNetworkSense] [07/31/2026 06:16:46] MOTION_AUTHORITY state=target_rejected run_id=native-20260731-c8-full26 client=i5 action=none detail=sequence=221_target_error_mm=49915_native_fallback=false
[Info   :ComfyNetworkSense] [07/31/2026 06:16:46] MOTION_AUTHORITY state=target_rejected run_id=native-20260731-c8-full26 client=i5 action=none detail=sequence=221_target_error_mm=49918_native_fallback=false
[Info   :ComfyNetworkSense] [07/31/2026 06:16:46] MOTION_AUTHORITY state=target_rejected run_id=native-20260731-c8-full26 client=i5 action=none detail=sequence=221_target_error_mm=49921_native_fallback=false
[Info   :ComfyNetworkSense] [07/31/2026 06:16:46] MOTION_AUTHORITY state=target_rejected run_id=native-20260731-c8-full26 client=i5 action=none detail=sequence=221_target_error_mm=49924_native_fallback=false
[Info   :ComfyNetworkSense] [07/31/2026 06:16:46] MOTION_AUTHORITY state=target_rejected run_id=native-20260731-c8-full26 client=i5 action=none detail=sequence=221_target_error_mm=49927_native_fallback=false
[Info   :ComfyNetworkSense] [07/31/2026 06:16:46] MOTION_AUTHORITY state=target_rejected run_id=native-20260731-c8-full26 client=i5 action=none detail=sequence=221_target_error_mm=49930_native_fallback=false
[Info   :ComfyNetworkSense] [07/31/2026 06:16:46] MOTION_AUTHORITY state=target_rejected run_id=native-20260731-c8-full26 client=i5 action=none detail=sequence=221_target_error_mm=49933_native_fallback=false
[Info   :ComfyNetworkSense] [07/31/2026 06:16:46] MOTION_AUTHORITY state=target_rejected run_id=native-20260731-c8-full26 client=i5 action=none detail=sequence=222_target_error_mm=49936_native_fallback=false
[Info   :ComfyNetworkSense] [07/31/2026 06:16:46] MOTION_AUTHORITY state=target_rejected run_id=native-20260731-c8-full26 client=i5 action=none detail=sequence=222_target_error_mm=49939_native_fallback=false
[Info   :ComfyNetworkSense] [07/31/2026 06:16:46] MOTION_AUTHORITY state=target_rejected run_id=native-20260731-c8-full26 client=i5 action=none detail=sequence=222_target_error_mm=49942_native_fallback=false
[Info   :ComfyNetworkSense] [07/31/2026 06:16:46] MOTION_AUTHORITY state=target_rejected run_id=native-20260731-c8-full26 client=i5 action=none detail=sequence=222_target_error_mm=49945_native_fallback=false
[Info   :ComfyNetworkSense] [07/31/2026 06:16:46] MOTION_AUTHORITY state=target_rejected run_id=native-20260731-c8-full26 client=i5 action=none detail=sequence=222_target_error_mm=49949_native_fallback=false
[Info   :ComfyNetworkSense] [07/31/2026 06:16:46] MOTION_AUTHORITY state=target_rejected run_id=native-20260731-c8-full26 client=i5 action=none detail=sequence=222_target_error_mm=49952_native_fallback=false
[Info   :ComfyNetworkSense] [07/31/2026 06:16:46] MOTION_AUTHORITY state=target_rejected run_id=native-20260731-c8-full26 client=i5 action=none detail=sequence=222_target_error_mm=49955_native_fallback=false
[Info   :ComfyNetworkSense] [07/31/2026 06:16:46] MOTION_AUTHORITY state=target_rejected run_id=native-20260731-c8-full26 client=i5 action=none detail=sequence=223_target_error_mm=49857_native_fallback=false
[Info   :ComfyNetworkSense] [07/31/2026 06:16:46] MOTION_AUTHORITY state=target_rejected run_id=native-20260731-c8-full26 client=i5 action=none detail=sequence=223_target_error_mm=49861_native_fallback=false
[Info   :ComfyNetworkSense] [07/31/2026 06:16:46] MOTION_AUTHORITY state=target_rejected run_id=native-20260731-c8-full26 client=i5 action=none detail=sequence=223_target_error_mm=49863_native_fallback=false
[Info   :ComfyNetworkSense] [07/31/2026 06:16:46] MOTION_AUTHORITY state=target_rejected run_id=native-20260731-c8-full26 client=i5 action=none detail=sequence=223_target_error_mm=49867_native_fallback=false
[Info   :ComfyNetworkSense] [07/31/2026 06:16:46] MOTION_AUTHORITY state=target_rejected run_id=native-20260731-c8-full26 client=i5 action=none detail=sequence=223_target_error_mm=49870_native_fallback=false
[Info   :ComfyNetworkSense] [07/31/2026 06:16:46] MOTION_AUTHORITY state=target_rejected run_id=native-20260731-c8-full26 client=i5 action=none detail=sequence=223_target_error_mm=49874_native_fallback=false
[Info   :ComfyNetworkSense] [07/31/2026 06:16:46] MOTION_AUTHORITY state=target_rejected run_id=native-20260731-c8-full26 client=i5 action=none detail=sequence=224_target_error_mm=49975_native_fallback=false
[Info   :ComfyNetworkSense] [07/31/2026 06:16:46] MOTION_AUTHORITY state=target_rejected run_id=native-20260731-c8-full26 client=i5 action=none detail=sequence=224_target_error_mm=49979_native_fallback=false
[Info   :ComfyNetworkSense] [07/31/2026 06:16:46] MOTION_AUTHORITY state=target_rejected run_id=native-20260731-c8-full26 client=i5 action=none detail=sequence=224_target_error_mm=49982_native_fallback=false
[Info   :ComfyNetworkSense] [07/31/2026 06:16:46] MOTION_AUTHORITY state=target_rejected run_id=native-20260731-c8-full26 client=i5 action=none detail=sequence=224_target_error_mm=49986_native_fallback=false
[Info   :ComfyNetworkSense] [07/31/2026 06:16:46] MOTION_AUTHORITY state=target_rejected run_id=native-20260731-c8-full26 client=i5 action=none detail=sequence=224_target_error_mm=49989_native_fallback=false
[Info   :ComfyNetworkSense] [07/31/2026 06:16:46] MOTION_AUTHORITY state=target_rejected run_id=native-20260731-c8-full26 client=i5 action=none detail=sequence=224_target_error_mm=49993_native_fallback=false
[Info   :ComfyNetworkSense] [07/31/2026 06:16:46] MOTION_AUTHORITY state=target_rejected run_id=native-20260731-c8-full26 client=i5 action=none detail=sequence=225_target_error_mm=49995_native_fallback=false
[Info   :ComfyNetworkSense] [07/31/2026 06:16:47] MOTION_AUTHORITY state=target_rejected run_id=native-20260731-c8-full26 client=i5 action=none detail=sequence=225_target_error_mm=49998_native_fallback=false
[Info   :ComfyNetworkSense] [07/31/2026 06:16:47] MOTION_AUTHORITY state=target_rejected run_id=native-20260731-c8-full26 client=i5 action=none detail=sequence=225_target_error_mm=50001_native_fallback=false
[Info   :ComfyNetworkSense] [07/31/2026 06:16:47] MOTION_AUTHORITY state=target_rejected run_id=native-20260731-c8-full26 client=i5 action=none detail=sequence=225_target_error_mm=50005_native_fallback=false
[Info   :ComfyNetworkSense] [07/31/2026 06:16:47] MOTION_AUTHORITY state=target_rejected run_id=native-20260731-c8-full26 client=i5 action=none detail=sequence=225_target_error_mm=50007_native_fallback=false
[Info   :ComfyNetworkSense] [07/31/2026 06:16:47] MOTION_AUTHORITY state=target_rejected run_id=native-20260731-c8-full26 client=i5 action=none detail=sequence=225_target_error_mm=50012_native_fallback=false
[Info   :ComfyNetworkSense] [07/31/2026 06:16:47] MOTION_AUTHORITY state=target_rejected run_id=native-20260731-c8-full26 client=i5 action=none detail=sequence=226_target_error_mm=49934_native_fallback=false
[Info   :ComfyNetworkSense] [07/31/2026 06:16:47] MOTION_AUTHORITY state=target_rejected run_id=native-20260731-c8-full26 client=i5 action=none detail=sequence=226_target_error_mm=49938_native_fallback=false
[Info   :ComfyNetworkSense] [07/31/2026 06:16:47] MOTION_AUTHORITY state=target_rejected run_id=native-20260731-c8-full26 client=i5 action=none detail=sequence=226_target_error_mm=49940_native_fallback=false
[Info   :ComfyNetworkSense] [07/31/2026 06:16:47] MOTION_AUTHORITY state=target_rejected run_id=native-20260731-c8-full26 client=i5 action=none detail=sequence=226_target_error_mm=49944_native_fallback=false
[Info   :ComfyNetworkSense] [07/31/2026 06:16:47] MOTION_AUTHORITY state=target_rejected run_id=native-20260731-c8-full26 client=i5 action=none detail=sequence=226_target_error_mm=49947_native_fallback=false
[Info   :ComfyNetworkSense] [07/31/2026 06:16:47] MOTION_AUTHORITY state=target_rejected run_id=native-20260731-c8-full26 client=i5 action=none detail=sequence=226_target_error_mm=49951_native_fallback=false
[Info   :ComfyNetworkSense] [07/31/2026 06:16:47] MOTION_AUTHORITY state=target_rejected run_id=native-20260731-c8-full26 client=i5 action=none detail=sequence=227_target_error_mm=50033_native_fallback=false
[Info   :ComfyNetworkSense] [07/31/2026 06:16:47] MOTION_AUTHORITY state=target_rejected run_id=native-20260731-c8-full26 client=i5 action=none detail=sequence=227_target_error_mm=50037_native_fallback=false
[Info   :ComfyNetworkSense] [07/31/2026 06:16:47] MOTION_AUTHORITY state=target_rejected run_id=native-20260731-c8-full26 client=i5 action=none detail=sequence=227_target_error_mm=50040_native_fallback=false
[Info   :ComfyNetworkSense] [07/31/2026 06:16:47] MOTION_AUTHORITY state=target_rejected run_id=native-20260731-c8-full26 client=i5 action=none detail=sequence=227_target_error_mm=50044_native_fallback=false
[Info   :ComfyNetworkSense] [07/31/2026 06:16:47] MOTION_AUTHORITY state=target_rejected run_id=native-20260731-c8-full26 client=i5 action=none detail=sequence=227_target_error_mm=50046_native_fallback=false
[Info   :ComfyNetworkSense] [07/31/2026 06:16:47] MOTION_AUTHORITY state=target_rejected run_id=native-20260731-c8-full26 client=i5 action=none detail=sequence=227_target_error_mm=50051_native_fallback=false
[Info   :ComfyNetworkSense] [07/31/2026 06:16:47] MOTION_AUTHORITY state=target_rejected run_id=native-20260731-c8-full26 client=i5 action=none detail=sequence=227_target_error_mm=50053_native_fallback=false
[Info   :ComfyNetworkSense] [07/31/2026 06:16:47] MOTION_AUTHORITY state=target_rejected run_id=native-20260731-c8-full26 client=i5 action=none detail=sequence=228_target_error_mm=49767_native_fallback=false
[Info   :ComfyNetworkSense] [07/31/2026 06:16:47] MOTION_AUTHORITY state=target_rejected run_id=native-20260731-c8-full26 client=i5 action=none detail=sequence=228_target_error_mm=49770_native_fallback=false
[Info   :ComfyNetworkSense] [07/31/2026 06:16:47] MOTION_AUTHORITY state=target_rejected run_id=native-20260731-c8-full26 client=i5 action=none detail=sequence=228_target_error_mm=49774_native_fallback=false
[Info   :ComfyNetworkSense] [07/31/2026 06:16:47] MOTION_AUTHORITY state=target_rejected run_id=native-20260731-c8-full26 client=i5 action=none detail=sequence=228_target_error_mm=49776_native_fallback=false
[Info   :ComfyNetworkSense] [07/31/2026 06:16:47] MOTION_AUTHORITY state=target_rejected run_id=native-20260731-c8-full26 client=i5 action=none detail=sequence=228_target_error_mm=49780_native_fallback=false
[Info   :ComfyNetworkSense] [07/31/2026 06:16:47] MOTION_AUTHORITY state=target_rejected run_id=native-20260731-c8-full26 client=i5 action=none detail=sequence=228_target_error_mm=49783_native_fallback=false
[Info   :ComfyNetworkSense] [07/31/2026 06:16:47] MOTION_AUTHORITY state=target_rejected run_id=native-20260731-c8-full26 client=i5 action=none detail=sequence=229_target_error_mm=50077_native_fallback=false
[Info   :ComfyNetworkSense] [07/31/2026 06:16:47] MOTION_AUTHORITY state=target_rejected run_id=native-20260731-c8-full26 client=i5 action=none detail=sequence=229_target_error_mm=50079_native_fallback=false
[Info   :ComfyNetworkSense] [07/31/2026 06:16:47] MOTION_AUTHORITY state=target_rejected run_id=native-20260731-c8-full26 client=i5 action=none detail=sequence=229_target_error_mm=50084_native_fallback=false
[Info   :ComfyNetworkSense] [07/31/2026 06:16:47] MOTION_AUTHORITY state=target_rejected run_id=native-20260731-c8-full26 client=i5 action=none detail=sequence=229_target_error_mm=50086_native_fallback=false
[Info   :ComfyNetworkSense] [07/31/2026 06:16:47] MOTION_AUTHORITY state=target_rejected run_id=native-20260731-c8-full26 client=i5 action=none detail=sequence=229_target_error_mm=50089_native_fallback=false
[Info   :ComfyNetworkSense] [07/31/2026 06:16:47] MOTION_AUTHORITY state=target_rejected run_id=native-20260731-c8-full26 client=i5 action=none detail=sequence=229_target_error_mm=50092_native_fallback=false
[Info   :ComfyNetworkSense] [07/31/2026 06:16:47] MOTION_AUTHORITY state=target_rejected run_id=native-20260731-c8-full26 client=i5 action=none detail=sequence=229_target_error_mm=50095_native_fallback=false
[Info   :ComfyNetworkSense] [07/31/2026 06:16:47] MOTION_AUTHORITY state=target_rejected run_id=native-20260731-c8-full26 client=i5 action=none detail=sequence=230_target_error_mm=50098_native_fallback=false
[Info   :ComfyNetworkSense] [07/31/2026 06:16:47] MOTION_AUTHORITY state=target_rejected run_id=native-20260731-c8-full26 client=i5 action=none detail=sequence=230_target_error_mm=50101_native_fallback=false
[Info   :ComfyNetworkSense] [07/31/2026 06:16:47] MOTION_AUTHORITY state=target_rejected run_id=native-20260731-c8-full26 client=i5 action=none detail=sequence=230_target_error_mm=50104_native_fallback=false
[Info   :ComfyNetworkSense] [07/31/2026 06:16:47] MOTION_AUTHORITY state=target_rejected run_id=native-20260731-c8-full26 client=i5 action=none detail=sequence=230_target_error_mm=50108_native_fallback=false
[Info   :ComfyNetworkSense] [07/31/2026 06:16:47] MOTION_AUTHORITY state=target_rejected run_id=native-20260731-c8-full26 client=i5 action=none detail=sequence=230_target_error_mm=50110_native_fallback=false
[Info   :ComfyNetworkSense] [07/31/2026 06:16:47] MOTION_AUTHORITY state=target_rejected run_id=native-20260731-c8-full26 client=i5 action=none detail=sequence=230_target_error_mm=50113_native_fallback=false
[Info   :ComfyNetworkSense] [07/31/2026 06:16:47] MOTION_AUTHORITY state=target_rejected run_id=native-20260731-c8-full26 client=i5 action=none detail=sequence=230_target_error_mm=50117_native_fallback=false
[Info   :ComfyNetworkSense] [07/31/2026 06:16:47] MOTION_AUTHORITY state=target_rejected run_id=native-20260731-c8-full26 client=i5 action=none detail=sequence=231_target_error_mm=49890_native_fallback=false
[Info   :ComfyNetworkSense] [07/31/2026 06:16:47] MOTION_AUTHORITY state=target_rejected run_id=native-20260731-c8-full26 client=i5 action=none detail=sequence=231_target_error_mm=49894_native_fallback=false
[Info   :ComfyNetworkSense] [07/31/2026 06:16:47] MOTION_AUTHORITY state=target_rejected run_id=native-20260731-c8-full26 client=i5 action=none detail=sequence=231_target_error_mm=49897_native_fallback=false
[Info   :ComfyNetworkSense] [07/31/2026 06:16:47] MOTION_AUTHORITY state=target_rejected run_id=native-20260731-c8-full26 client=i5 action=none detail=sequence=231_target_error_mm=49901_native_fallback=false
[Info   :ComfyNetworkSense] [07/31/2026 06:16:47] MOTION_AUTHORITY state=target_rejected run_id=native-20260731-c8-full26 client=i5 action=none detail=sequence=231_target_error_mm=49903_native_fallback=false
[Info   :ComfyNetworkSense] [07/31/2026 06:16:47] MOTION_AUTHORITY state=target_rejected run_id=native-20260731-c8-full26 client=i5 action=none detail=sequence=232_target_error_mm=50138_native_fallback=false
[Info   :ComfyNetworkSense] [07/31/2026 06:16:47] MOTION_AUTHORITY state=target_rejected run_id=native-20260731-c8-full26 client=i5 action=none detail=sequence=232_target_error_mm=50142_native_fallback=false
[Info   :ComfyNetworkSense] [07/31/2026 06:16:47] MOTION_AUTHORITY state=target_rejected run_id=native-20260731-c8-full26 client=i5 action=none detail=sequence=232_target_error_mm=50145_native_fallback=false
[Info   :ComfyNetworkSense] [07/31/2026 06:16:47] MOTION_AUTHORITY state=target_rejected run_id=native-20260731-c8-full26 client=i5 action=none detail=sequence=232_target_error_mm=50148_native_fallback=false
[Info   :ComfyNetworkSense] [07/31/2026 06:16:47] MOTION_AUTHORITY state=target_rejected run_id=native-20260731-c8-full26 client=i5 action=none detail=sequence=232_target_error_mm=50152_native_fallback=false
[Info   :ComfyNetworkSense] [07/31/2026 06:16:47] MOTION_AUTHORITY state=target_rejected run_id=native-20260731-c8-full26 client=i5 action=none detail=sequence=232_target_error_mm=50156_native_fallback=false
[Info   :ComfyNetworkSense] [07/31/2026 06:16:47] MOTION_AUTHORITY state=target_rejected run_id=native-20260731-c8-full26 client=i5 action=none detail=sequence=232_target_error_mm=50159_native_fallback=false
[Info   :ComfyNetworkSense] [07/31/2026 06:16:47] MOTION_AUTHORITY state=target_rejected run_id=native-20260731-c8-full26 client=i5 action=none detail=sequence=232_target_error_mm=50162_native_fallback=false
[Info   :ComfyNetworkSense] [07/31/2026 06:16:47] MOTION_AUTHORITY state=target_rejected run_id=native-20260731-c8-full26 client=i5 action=none detail=sequence=233_target_error_mm=50166_native_fallback=false
[Info   :ComfyNetworkSense] [07/31/2026 06:16:47] MOTION_AUTHORITY state=target_rejected run_id=native-20260731-c8-full26 client=i5 action=none detail=sequence=233_target_error_mm=50169_native_fallback=false
[Info   :ComfyNetworkSense] [07/31/2026 06:16:47] MOTION_AUTHORITY state=target_rejected run_id=native-20260731-c8-full26 client=i5 action=none detail=sequence=233_target_error_mm=50173_native_fallback=false
[Info   :ComfyNetworkSense] [07/31/2026 06:16:47] MOTION_AUTHORITY state=target_rejected run_id=native-20260731-c8-full26 client=i5 action=none detail=sequence=233_target_error_mm=50176_native_fallback=false
[Info   :ComfyNetworkSense] [07/31/2026 06:16:47] MOTION_AUTHORITY state=target_rejected run_id=native-20260731-c8-full26 client=i5 action=none detail=sequence=233_target_error_mm=50180_native_fallback=false
[Info   :ComfyNetworkSense] [07/31/2026 06:16:47] MOTION_AUTHORITY state=target_rejected run_id=native-20260731-c8-full26 client=i5 action=none detail=sequence=233_target_error_mm=50183_native_fallback=false
[Info   :ComfyNetworkSense] [07/31/2026 06:16:47] MOTION_AUTHORITY state=target_rejected run_id=native-20260731-c8-full26 client=i5 action=none detail=sequence=234_target_error_mm=50027_native_fallback=false
[Info   :ComfyNetworkSense] [07/31/2026 06:16:47] MOTION_AUTHORITY state=target_rejected run_id=native-20260731-c8-full26 client=i5 action=none detail=sequence=234_target_error_mm=50030_native_fallback=false
[Info   :ComfyNetworkSense] [07/31/2026 06:16:47] MOTION_AUTHORITY state=target_rejected run_id=native-20260731-c8-full26 client=i5 action=none detail=sequence=234_target_error_mm=50033_native_fallback=false
[Info   :ComfyNetworkSense] [07/31/2026 06:16:47] MOTION_AUTHORITY state=target_rejected run_id=native-20260731-c8-full26 client=i5 action=none detail=sequence=234_target_error_mm=50036_native_fallback=false
[Info   :ComfyNetworkSense] [07/31/2026 06:16:47] MOTION_AUTHORITY state=target_rejected run_id=native-20260731-c8-full26 client=i5 action=none detail=sequence=234_target_error_mm=50040_native_fallback=false
[Info   :ComfyNetworkSense] [07/31/2026 06:16:47] MOTION_AUTHORITY state=target_rejected run_id=native-20260731-c8-full26 client=i5 action=none detail=sequence=234_target_error_mm=50042_native_fallback=false
[Info   :ComfyNetworkSense] [07/31/2026 06:16:47] MOTION_AUTHORITY state=target_rejected run_id=native-20260731-c8-full26 client=i5 action=none detail=sequence=235_target_error_mm=50208_native_fallback=false
[Info   :ComfyNetworkSense] [07/31/2026 06:16:47] MOTION_AUTHORITY state=target_rejected run_id=native-20260731-c8-full26 client=i5 action=none detail=sequence=235_target_error_mm=50210_native_fallback=false
[Info   :ComfyNetworkSense] [07/31/2026 06:16:47] MOTION_AUTHORITY state=target_rejected run_id=native-20260731-c8-full26 client=i5 action=none detail=sequence=235_target_error_mm=50215_native_fallback=false
[Info   :ComfyNetworkSense] [07/31/2026 06:16:47] MOTION_AUTHORITY state=target_rejected run_id=native-20260731-c8-full26 client=i5 action=none detail=sequence=235_target_error_mm=50217_native_fallback=false
[Info   :ComfyNetworkSense] [07/31/2026 06:16:47] MOTION_AUTHORITY state=target_rejected run_id=native-20260731-c8-full26 client=i5 action=none detail=sequence=235_target_error_mm=50221_native_fallback=false
[Info   :ComfyNetworkSense] [07/31/2026 06:16:47] MOTION_AUTHORITY state=target_rejected run_id=native-20260731-c8-full26 client=i5 action=none detail=sequence=235_target_error_mm=50224_native_fallback=false
[Info   :ComfyNetworkSense] [07/31/2026 06:16:47] MOTION_AUTHORITY state=target_rejected run_id=native-20260731-c8-full26 client=i5 action=none detail=sequence=236_target_error_mm=50229_native_fallback=false
[Info   :ComfyNetworkSense] [07/31/2026 06:16:47] MOTION_AUTHORITY state=target_rejected run_id=native-20260731-c8-full26 client=i5 action=none detail=sequence=236_target_error_mm=50232_native_fallback=false
[Info   :ComfyNetworkSense] [07/31/2026 06:16:47] MOTION_AUTHORITY state=target_rejected run_id=native-20260731-c8-full26 client=i5 action=none detail=sequence=236_target_error_mm=50236_native_fallback=false
[Info   :ComfyNetworkSense] [07/31/2026 06:16:47] MOTION_AUTHORITY state=target_rejected run_id=native-20260731-c8-full26 client=i5 action=none detail=sequence=236_target_error_mm=50239_native_fallback=false
[Info   :ComfyNetworkSense] [07/31/2026 06:16:47] MOTION_AUTHORITY state=target_rejected run_id=native-20260731-c8-full26 client=i5 action=none detail=sequence=236_target_error_mm=50243_native_fallback=false
[Info   :ComfyNetworkSense] [07/31/2026 06:16:47] MOTION_AUTHORITY state=target_rejected run_id=native-20260731-c8-full26 client=i5 action=none detail=sequence=236_target_error_mm=50245_native_fallback=false
[Info   :ComfyNetworkSense] [07/31/2026 06:16:47] MOTION_AUTHORITY state=target_rejected run_id=native-20260731-c8-full26 client=i5 action=none detail=sequence=236_target_error_mm=50249_native_fallback=false
[Info   :ComfyNetworkSense] [07/31/2026 06:16:47] MOTION_AUTHORITY state=target_rejected run_id=native-20260731-c8-full26 client=i5 action=none detail=sequence=237_target_error_mm=50193_native_fallback=false
[Info   :ComfyNetworkSense] [07/31/2026 06:16:47] MOTION_AUTHORITY state=target_rejected run_id=native-20260731-c8-full26 client=i5 action=none detail=sequence=237_target_error_mm=50198_native_fallback=false
[Info   :ComfyNetworkSense] [07/31/2026 06:16:47] MOTION_AUTHORITY state=target_rejected run_id=native-20260731-c8-full26 client=i5 action=none detail=sequence=237_target_error_mm=50200_native_fallback=false
[Info   :ComfyNetworkSense] [07/31/2026 06:16:47] MOTION_AUTHORITY state=target_rejected run_id=native-20260731-c8-full26 client=i5 action=none detail=sequence=237_target_error_mm=50204_native_fallback=false
[Info   :ComfyNetworkSense] [07/31/2026 06:16:47] MOTION_AUTHORITY state=target_rejected run_id=native-20260731-c8-full26 client=i5 action=none detail=sequence=237_target_error_mm=50207_native_fallback=false
[Info   :ComfyNetworkSense] [07/31/2026 06:16:47] MOTION_AUTHORITY state=target_rejected run_id=native-20260731-c8-full26 client=i5 action=none detail=sequence=237_target_error_mm=50211_native_fallback=false
[Info   :ComfyNetworkSense] [07/31/2026 06:16:47] MOTION_AUTHORITY state=target_rejected run_id=native-20260731-c8-full26 client=i5 action=none detail=sequence=238_target_error_mm=50277_native_fallback=false
[Info   :ComfyNetworkSense] [07/31/2026 06:16:47] MOTION_AUTHORITY state=target_rejected run_id=native-20260731-c8-full26 client=i5 action=none detail=sequence=238_target_error_mm=50280_native_fallback=false
[Info   :ComfyNetworkSense] [07/31/2026 06:16:47] MOTION_AUTHORITY state=target_rejected run_id=native-20260731-c8-full26 client=i5 action=none detail=sequence=238_target_error_mm=50283_native_fallback=false
[Info   :ComfyNetworkSense] [07/31/2026 06:16:47] MOTION_AUTHORITY state=target_rejected run_id=native-20260731-c8-full26 client=i5 action=none detail=sequence=238_target_error_mm=50286_native_fallback=false
[Info   :ComfyNetworkSense] [07/31/2026 06:16:47] MOTION_AUTHORITY state=target_rejected run_id=native-20260731-c8-full26 client=i5 action=none detail=sequence=238_target_error_mm=50289_native_fallback=false
[Info   :ComfyNetworkSense] [07/31/2026 06:16:47] MOTION_AUTHORITY state=target_rejected run_id=native-20260731-c8-full26 client=i5 action=none detail=sequence=238_target_error_mm=50293_native_fallback=false
[Info   :ComfyNetworkSense] [07/31/2026 06:16:47] MOTION_AUTHORITY state=target_rejected run_id=native-20260731-c8-full26 client=i5 action=none detail=sequence=239_target_error_mm=49958_native_fallback=false
[Info   :ComfyNetworkSense] [07/31/2026 06:16:47] MOTION_AUTHORITY state=target_rejected run_id=native-20260731-c8-full26 client=i5 action=none detail=sequence=239_target_error_mm=49962_native_fallback=false
[Info   :ComfyNetworkSense] [07/31/2026 06:16:47] MOTION_AUTHORITY state=target_rejected run_id=native-20260731-c8-full26 client=i5 action=none detail=sequence=239_target_error_mm=49964_native_fallback=false
[Info   :ComfyNetworkSense] [07/31/2026 06:16:47] MOTION_AUTHORITY state=target_rejected run_id=native-20260731-c8-full26 client=i5 action=none detail=sequence=239_target_error_mm=49968_native_fallback=false
[Info   :ComfyNetworkSense] [07/31/2026 06:16:47] MOTION_AUTHORITY state=target_rejected run_id=native-20260731-c8-full26 client=i5 action=none detail=sequence=239_target_error_mm=49971_native_fallback=false
[Info   :ComfyNetworkSense] [07/31/2026 06:16:47] MOTION_AUTHORITY state=target_rejected run_id=native-20260731-c8-full26 client=i5 action=none detail=sequence=239_target_error_mm=49975_native_fallback=false
[Info   :ComfyNetworkSense] [07/31/2026 06:16:47] MOTION_AUTHORITY state=target_rejected run_id=native-20260731-c8-full26 client=i5 action=none detail=sequence=240_target_error_mm=50321_native_fallback=false
[Info   :ComfyNetworkSense] [07/31/2026 06:16:47] MOTION_AUTHORITY state=target_rejected run_id=native-20260731-c8-full26 client=i5 action=none detail=sequence=240_target_error_mm=50324_native_fallback=false
[Info   :ComfyNetworkSense] [07/31/2026 06:16:47] MOTION_AUTHORITY state=target_rejected run_id=native-20260731-c8-full26 client=i5 action=none detail=sequence=240_target_error_mm=50327_native_fallback=false
[Info   :ComfyNetworkSense] [07/31/2026 06:16:47] MOTION_AUTHORITY state=target_rejected run_id=native-20260731-c8-full26 client=i5 action=none detail=sequence=240_target_error_mm=50331_native_fallback=false
[Info   :ComfyNetworkSense] [07/31/2026 06:16:47] MOTION_AUTHORITY state=target_rejected run_id=native-20260731-c8-full26 client=i5 action=none detail=sequence=240_target_error_mm=50334_native_fallback=false
[Info   :ComfyNetworkSense] [07/31/2026 06:16:47] MOTION_AUTHORITY state=target_rejected run_id=native-20260731-c8-full26 client=i5 action=none detail=sequence=240_target_error_mm=50338_native_fallback=false
[Info   :ComfyNetworkSense] [07/31/2026 06:16:47] MOTION_AUTHORITY state=target_rejected run_id=native-20260731-c8-full26 client=i5 action=none detail=sequence=241_target_error_mm=50343_native_fallback=false
[Info   :ComfyNetworkSense] [07/31/2026 06:16:47] MOTION_AUTHORITY state=target_rejected run_id=native-20260731-c8-full26 client=i5 action=none detail=sequence=241_target_error_mm=50348_native_fallback=false
[Info   :ComfyNetworkSense] [07/31/2026 06:16:47] MOTION_AUTHORITY state=target_rejected run_id=native-20260731-c8-full26 client=i5 action=none detail=sequence=241_target_error_mm=50351_native_fallback=false
[Info   :ComfyNetworkSense] [07/31/2026 06:16:47] MOTION_AUTHORITY state=target_rejected run_id=native-20260731-c8-full26 client=i5 action=none detail=sequence=241_target_error_mm=50354_native_fallback=false
[Info   :ComfyNetworkSense] [07/31/2026 06:16:47] MOTION_AUTHORITY state=target_rejected run_id=native-20260731-c8-full26 client=i5 action=none detail=sequence=241_target_error_mm=50357_native_fallback=false
[Info   :ComfyNetworkSense] [07/31/2026 06:16:47] MOTION_AUTHORITY state=target_rejected run_id=native-20260731-c8-full26 client=i5 action=none detail=sequence=241_target_error_mm=50360_native_fallback=false
[Info   :ComfyNetworkSense] [07/31/2026 06:16:47] MOTION_AUTHORITY state=target_rejected run_id=native-20260731-c8-full26 client=i5 action=none detail=sequence=241_target_error_mm=50364_native_fallback=false
[Info   :ComfyNetworkSense] [07/31/2026 06:16:47] MOTION_AUTHORITY state=target_rejected run_id=native-20260731-c8-full26 client=i5 action=none detail=sequence=241_target_error_mm=50367_native_fallback=false
[Info   :ComfyNetworkSense] [07/31/2026 06:16:47] MOTION_AUTHORITY state=target_rejected run_id=native-20260731-c8-full26 client=i5 action=none detail=sequence=242_target_error_mm=50132_native_fallback=false
[Info   :ComfyNetworkSense] [07/31/2026 06:16:47] MOTION_AUTHORITY state=target_rejected run_id=native-20260731-c8-full26 client=i5 action=none detail=sequence=242_target_error_mm=50136_native_fallback=false
[Info   :ComfyNetworkSense] [07/31/2026 06:16:47] MOTION_AUTHORITY state=target_rejected run_id=native-20260731-c8-full26 client=i5 action=none detail=sequence=242_target_error_mm=50138_native_fallback=false
[Info   :ComfyNetworkSense] [07/31/2026 06:16:47] MOTION_AUTHORITY state=target_rejected run_id=native-20260731-c8-full26 client=i5 action=none detail=sequence=242_target_error_mm=50142_native_fallback=false
[Info   :ComfyNetworkSense] [07/31/2026 06:16:47] MOTION_AUTHORITY state=target_rejected run_id=native-20260731-c8-full26 client=i5 action=none detail=sequence=242_target_error_mm=50145_native_fallback=false
[Info   :ComfyNetworkSense] [07/31/2026 06:16:47] MOTION_AUTHORITY state=target_rejected run_id=native-20260731-c8-full26 client=i5 action=none detail=sequence=242_target_error_mm=50149_native_fallback=false
[Info   :ComfyNetworkSense] [07/31/2026 06:16:47] MOTION_AUTHORITY state=target_rejected run_id=native-20260731-c8-full26 client=i5 action=none detail=sequence=243_target_error_mm=50395_native_fallback=false
[Info   :ComfyNetworkSense] [07/31/2026 06:16:47] MOTION_AUTHORITY state=target_rejected run_id=native-20260731-c8-full26 client=i5 action=none detail=sequence=243_target_error_mm=50399_native_fallback=false
[Info   :ComfyNetworkSense] [07/31/2026 06:16:47] MOTION_AUTHORITY state=target_rejected run_id=native-20260731-c8-full26 client=i5 action=none detail=sequence=243_target_error_mm=50402_native_fallback=false
[Info   :ComfyNetworkSense] [07/31/2026 06:16:47] MOTION_AUTHORITY state=target_rejected run_id=native-20260731-c8-full26 client=i5 action=none detail=sequence=243_target_error_mm=50406_native_fallback=false
[Info   :ComfyNetworkSense] [07/31/2026 06:16:47] MOTION_AUTHORITY state=target_rejected run_id=native-20260731-c8-full26 client=i5 action=none detail=sequence=243_target_error_mm=50409_native_fallback=false
[Info   :ComfyNetworkSense] [07/31/2026 06:16:47] MOTION_AUTHORITY state=target_rejected run_id=native-20260731-c8-full26 client=i5 action=none detail=sequence=243_target_error_mm=50412_native_fallback=false
[Info   :ComfyNetworkSense] [07/31/2026 06:16:47] MOTION_AUTHORITY state=target_rejected run_id=native-20260731-c8-full26 client=i5 action=none detail=sequence=244_target_error_mm=50419_native_fallback=false
[Info   :ComfyNetworkSense] [07/31/2026 06:16:47] MOTION_AUTHORITY state=target_rejected run_id=native-20260731-c8-full26 client=i5 action=none detail=sequence=244_target_error_mm=50423_native_fallback=false
[Info   :ComfyNetworkSense] [07/31/2026 06:16:48] MOTION_AUTHORITY state=target_rejected run_id=native-20260731-c8-full26 client=i5 action=none detail=sequence=244_target_error_mm=50425_native_fallback=false
[Info   :ComfyNetworkSense] [07/31/2026 06:16:48] MOTION_AUTHORITY state=target_rejected run_id=native-20260731-c8-full26 client=i5 action=none detail=sequence=244_target_error_mm=50429_native_fallback=false
[Info   :ComfyNetworkSense] [07/31/2026 06:16:48] MOTION_AUTHORITY state=target_rejected run_id=native-20260731-c8-full26 client=i5 action=none detail=sequence=244_target_error_mm=50432_native_fallback=false
[Info   :ComfyNetworkSense] [07/31/2026 06:16:48] MOTION_AUTHORITY state=target_rejected run_id=native-20260731-c8-full26 client=i5 action=none detail=sequence=244_target_error_mm=50436_native_fallback=false
[Info   :ComfyNetworkSense] [07/31/2026 06:16:48] MOTION_AUTHORITY state=target_rejected run_id=native-20260731-c8-full26 client=i5 action=none detail=sequence=245_target_error_mm=50212_native_fallback=false
[Info   :ComfyNetworkSense] [07/31/2026 06:16:48] MOTION_AUTHORITY state=target_rejected run_id=native-20260731-c8-full26 client=i5 action=none detail=sequence=245_target_error_mm=50216_native_fallback=false
[Info   :ComfyNetworkSense] [07/31/2026 06:16:48] MOTION_AUTHORITY state=target_rejected run_id=native-20260731-c8-full26 client=i5 action=none detail=sequence=245_target_error_mm=50219_native_fallback=false
[Info   :ComfyNetworkSense] [07/31/2026 06:16:48] MOTION_AUTHORITY state=target_rejected run_id=native-20260731-c8-full26 client=i5 action=none detail=sequence=245_target_error_mm=50222_native_fallback=false
[Info   :ComfyNetworkSense] [07/31/2026 06:16:48] MOTION_AUTHORITY state=target_rejected run_id=native-20260731-c8-full26 client=i5 action=none detail=sequence=245_target_error_mm=50225_native_fallback=false
[Info   :ComfyNetworkSense] [07/31/2026 06:16:48] MOTION_AUTHORITY state=target_rejected run_id=native-20260731-c8-full26 client=i5 action=none detail=sequence=245_target_error_mm=50229_native_fallback=false
[Info   :ComfyNetworkSense] [07/31/2026 06:16:48] MOTION_AUTHORITY state=target_rejected run_id=native-20260731-c8-full26 client=i5 action=none detail=sequence=246_target_error_mm=50466_native_fallback=false
[Info   :ComfyNetworkSense] [07/31/2026 06:16:48] MOTION_AUTHORITY state=target_rejected run_id=native-20260731-c8-full26 client=i5 action=none detail=sequence=246_target_error_mm=50470_native_fallback=false
[Info   :ComfyNetworkSense] [07/31/2026 06:16:48] MOTION_AUTHORITY state=target_rejected run_id=native-20260731-c8-full26 client=i5 action=none detail=sequence=246_target_error_mm=50473_native_fallback=false
[Info   :ComfyNetworkSense] [07/31/2026 06:16:48] MOTION_AUTHORITY state=target_rejected run_id=native-20260731-c8-full26 client=i5 action=none detail=sequence=246_target_error_mm=50476_native_fallback=false
[Info   :ComfyNetworkSense] [07/31/2026 06:16:48] MOTION_AUTHORITY state=target_rejected run_id=native-20260731-c8-full26 client=i5 action=none detail=sequence=246_target_error_mm=50480_native_fallback=false
[Info   :ComfyNetworkSense] [07/31/2026 06:16:48] MOTION_AUTHORITY state=target_rejected run_id=native-20260731-c8-full26 client=i5 action=none detail=sequence=246_target_error_mm=50483_native_fallback=false
[Info   :ComfyNetworkSense] [07/31/2026 06:16:48] MOTION_AUTHORITY state=target_rejected run_id=native-20260731-c8-full26 client=i5 action=none detail=sequence=246_target_error_mm=50486_native_fallback=false
[Info   :ComfyNetworkSense] [07/31/2026 06:16:48] MOTION_AUTHORITY state=target_rejected run_id=native-20260731-c8-full26 client=i5 action=none detail=sequence=247_target_error_mm=50494_native_fallback=false
[Info   :ComfyNetworkSense] [07/31/2026 06:16:48] MOTION_AUTHORITY state=target_rejected run_id=native-20260731-c8-full26 client=i5 action=none detail=sequence=247_target_error_mm=50497_native_fallback=false
[Info   :ComfyNetworkSense] [07/31/2026 06:16:48] MOTION_AUTHORITY state=target_rejected run_id=native-20260731-c8-full26 client=i5 action=none detail=sequence=247_target_error_mm=50500_native_fallback=false
[Info   :ComfyNetworkSense] [07/31/2026 06:16:48] MOTION_AUTHORITY state=target_rejected run_id=native-20260731-c8-full26 client=i5 action=none detail=sequence=247_target_error_mm=50504_native_fallback=false
[Info   :ComfyNetworkSense] [07/31/2026 06:16:48] MOTION_AUTHORITY state=target_rejected run_id=native-20260731-c8-full26 client=i5 action=none detail=sequence=247_target_error_mm=50507_native_fallback=false
[Info   :ComfyNetworkSense] [07/31/2026 06:16:48] MOTION_AUTHORITY state=target_rejected run_id=native-20260731-c8-full26 client=i5 action=none detail=sequence=247_target_error_mm=50511_native_fallback=false
[Info   :ComfyNetworkSense] [07/31/2026 06:16:48] MOTION_AUTHORITY state=target_rejected run_id=native-20260731-c8-full26 client=i5 action=none detail=sequence=248_target_error_mm=49188_native_fallback=false
[Info   :ComfyNetworkSense] [07/31/2026 06:16:48] MOTION_AUTHORITY state=target_rejected run_id=native-20260731-c8-full26 client=i5 action=none detail=sequence=248_target_error_mm=49191_native_fallback=false
[Info   :ComfyNetworkSense] [07/31/2026 06:16:48] MOTION_AUTHORITY state=target_rejected run_id=native-20260731-c8-full26 client=i5 action=none detail=sequence=248_target_error_mm=49194_native_fallback=false
[Info   :ComfyNetworkSense] [07/31/2026 06:16:48] MOTION_AUTHORITY state=target_rejected run_id=native-20260731-c8-full26 client=i5 action=none detail=sequence=248_target_error_mm=49197_native_fallback=false
[Info   :ComfyNetworkSense] [07/31/2026 06:16:48] MOTION_AUTHORITY state=target_rejected run_id=native-20260731-c8-full26 client=i5 action=none detail=sequence=248_target_error_mm=49201_native_fallback=false
[Info   :ComfyNetworkSense] [07/31/2026 06:16:48] MOTION_AUTHORITY state=target_rejected run_id=native-20260731-c8-full26 client=i5 action=none detail=sequence=248_target_error_mm=49204_native_fallback=false
[Info   :ComfyNetworkSense] [07/31/2026 06:16:48] MOTION_AUTHORITY state=target_rejected run_id=native-20260731-c8-full26 client=i5 action=none detail=sequence=249_target_error_mm=45960_native_fallback=false
[Info   :ComfyNetworkSense] [07/31/2026 06:16:48] MOTION_AUTHORITY state=target_rejected run_id=native-20260731-c8-full26 client=i5 action=none detail=sequence=249_target_error_mm=45964_native_fallback=false
[Info   :ComfyNetworkSense] [07/31/2026 06:16:48] MOTION_AUTHORITY state=target_rejected run_id=native-20260731-c8-full26 client=i5 action=none detail=sequence=249_target_error_mm=45967_native_fallback=false
[Info   :ComfyNetworkSense] [07/31/2026 06:16:48] MOTION_AUTHORITY state=target_rejected run_id=native-20260731-c8-full26 client=i5 action=none detail=sequence=249_target_error_mm=45970_native_fallback=false
[Info   :ComfyNetworkSense] [07/31/2026 06:16:48] MOTION_AUTHORITY state=target_rejected run_id=native-20260731-c8-full26 client=i5 action=none detail=sequence=249_target_error_mm=45973_native_fallback=false
[Info   :ComfyNetworkSense] [07/31/2026 06:16:48] MOTION_AUTHORITY state=target_rejected run_id=native-20260731-c8-full26 client=i5 action=none detail=sequence=249_target_error_mm=45976_native_fallback=false
[Info   :ComfyNetworkSense] [07/31/2026 06:16:48] MOTION_AUTHORITY state=target_rejected run_id=native-20260731-c8-full26 client=i5 action=none detail=sequence=249_target_error_mm=45980_native_fallback=false
[Info   :ComfyNetworkSense] [07/31/2026 06:16:48] MOTION_AUTHORITY state=target_rejected run_id=native-20260731-c8-full26 client=i5 action=none detail=sequence=250_target_error_mm=42696_native_fallback=false
[Info   :ComfyNetworkSense] [07/31/2026 06:16:48] MOTION_AUTHORITY state=target_rejected run_id=native-20260731-c8-full26 client=i5 action=none detail=sequence=250_target_error_mm=42700_native_fallback=false
[Info   :ComfyNetworkSense] [07/31/2026 06:16:48] MOTION_AUTHORITY state=target_rejected run_id=native-20260731-c8-full26 client=i5 action=none detail=sequence=250_target_error_mm=42703_native_fallback=false
[Info   :ComfyNetworkSense] [07/31/2026 06:16:48] MOTION_AUTHORITY state=target_rejected run_id=native-20260731-c8-full26 client=i5 action=none detail=sequence=250_target_error_mm=42707_native_fallback=false
[Info   :ComfyNetworkSense] [07/31/2026 06:16:48] MOTION_AUTHORITY state=target_rejected run_id=native-20260731-c8-full26 client=i5 action=none detail=sequence=250_target_error_mm=42709_native_fallback=false
[Info   :ComfyNetworkSense] [07/31/2026 06:16:48] MOTION_AUTHORITY state=target_rejected run_id=native-20260731-c8-full26 client=i5 action=none detail=sequence=250_target_error_mm=42713_native_fallback=false
[Info   :ComfyNetworkSense] [07/31/2026 06:16:48] MOTION_AUTHORITY state=target_rejected run_id=native-20260731-c8-full26 client=i5 action=none detail=sequence=251_target_error_mm=39370_native_fallback=false
[Info   :ComfyNetworkSense] [07/31/2026 06:16:48] MOTION_AUTHORITY state=target_rejected run_id=native-20260731-c8-full26 client=i5 action=none detail=sequence=251_target_error_mm=39374_native_fallback=false
[Info   :ComfyNetworkSense] [07/31/2026 06:16:48] MOTION_AUTHORITY state=target_rejected run_id=native-20260731-c8-full26 client=i5 action=none detail=sequence=251_target_error_mm=39377_native_fallback=false
[Info   :ComfyNetworkSense] [07/31/2026 06:16:48] MOTION_AUTHORITY state=target_rejected run_id=native-20260731-c8-full26 client=i5 action=none detail=sequence=251_target_error_mm=39381_native_fallback=false
[Info   :ComfyNetworkSense] [07/31/2026 06:16:48] MOTION_AUTHORITY state=target_rejected run_id=native-20260731-c8-full26 client=i5 action=none detail=sequence=251_target_error_mm=39383_native_fallback=false
[Info   :ComfyNetworkSense] [07/31/2026 06:16:48] MOTION_AUTHORITY state=target_rejected run_id=native-20260731-c8-full26 client=i5 action=none detail=sequence=251_target_error_mm=39387_native_fallback=false
[Info   :ComfyNetworkSense] [07/31/2026 06:16:48] MOTION_AUTHORITY state=target_rejected run_id=native-20260731-c8-full26 client=i5 action=none detail=sequence=251_target_error_mm=39390_native_fallback=false
[Info   :ComfyNetworkSense] [07/31/2026 06:16:48] MOTION_AUTHORITY state=target_rejected run_id=native-20260731-c8-full26 client=i5 action=none detail=sequence=252_target_error_mm=35989_native_fallback=false
[Info   :ComfyNetworkSense] [07/31/2026 06:16:48] MOTION_AUTHORITY state=target_rejected run_id=native-20260731-c8-full26 client=i5 action=none detail=sequence=252_target_error_mm=35991_native_fallback=false
[Info   :ComfyNetworkSense] [07/31/2026 06:16:48] MOTION_AUTHORITY state=target_rejected run_id=native-20260731-c8-full26 client=i5 action=none detail=sequence=252_target_error_mm=35995_native_fallback=false
[Info   :ComfyNetworkSense] [07/31/2026 06:16:48] MOTION_AUTHORITY state=target_rejected run_id=native-20260731-c8-full26 client=i5 action=none detail=sequence=252_target_error_mm=35999_native_fallback=false
[Info   :ComfyNetworkSense] [07/31/2026 06:16:48] MOTION_AUTHORITY state=target_rejected run_id=native-20260731-c8-full26 client=i5 action=none detail=sequence=252_target_error_mm=36002_native_fallback=false
[Info   :ComfyNetworkSense] [07/31/2026 06:16:48] MOTION_AUTHORITY state=target_rejected run_id=native-20260731-c8-full26 client=i5 action=none detail=sequence=252_target_error_mm=36005_native_fallback=false
[Info   :ComfyNetworkSense] [07/31/2026 06:16:48] MOTION_AUTHORITY state=target_rejected run_id=native-20260731-c8-full26 client=i5 action=none detail=sequence=253_target_error_mm=32555_native_fallback=false
[Info   :ComfyNetworkSense] [07/31/2026 06:16:48] MOTION_AUTHORITY state=target_rejected run_id=native-20260731-c8-full26 client=i5 action=none detail=sequence=253_target_error_mm=32558_native_fallback=false
[Info   :ComfyNetworkSense] [07/31/2026 06:16:48] MOTION_AUTHORITY state=target_rejected run_id=native-20260731-c8-full26 client=i5 action=none detail=sequence=253_target_error_mm=32561_native_fallback=false
[Info   :ComfyNetworkSense] [07/31/2026 06:16:48] MOTION_AUTHORITY state=target_rejected run_id=native-20260731-c8-full26 client=i5 action=none detail=sequence=253_target_error_mm=32564_native_fallback=false
[Info   :ComfyNetworkSense] [07/31/2026 06:16:48] MOTION_AUTHORITY state=target_rejected run_id=native-20260731-c8-full26 client=i5 action=none detail=sequence=253_target_error_mm=32568_native_fallback=false
[Info   :ComfyNetworkSense] [07/31/2026 06:16:48] MOTION_AUTHORITY state=target_rejected run_id=native-20260731-c8-full26 client=i5 action=none detail=sequence=253_target_error_mm=32571_native_fallback=false
[Info   :ComfyNetworkSense] [07/31/2026 06:16:49] CUTOVER_SCENARIO state=completed run_id=native-20260731-c8-full26 client=i5 action=i5-c8-safe-origin detail=coordinate_teleport_complete_target=2211,80,-69
[Info   :ComfyNetworkSense] [07/31/2026 06:16:49] CUTOVER_SCENARIO state=action_started run_id=native-20260731-c8-full26 client=i5 action=i5-move detail=kind=move
[Info   :ComfyNetworkSense] [07/31/2026 06:16:49] MOTION_AUTHORITY state=native_transform_writer_suppressed run_id=native-20260731-c8-full26 client=i5 action=none detail=count=1024_writer=ZSyncTransform.CustomFixedUpdate
[Info   :ComfyNetworkSense] [07/31/2026 06:16:52] CUTOVER_SCENARIO state=completed run_id=native-20260731-c8-full26 client=i5 action=i5-move detail=distance_reached
[Info   :ComfyNetworkSense] [07/31/2026 06:16:52] CUTOVER_SCENARIO state=action_started run_id=native-20260731-c8-full26 client=i5 action=i5-c8-rendezvous detail=kind=motion_rendezvous
[Info   :ComfyNetworkSense] [07/31/2026 06:16:52] MOTION_AUTHORITY state=rendezvous_complete run_id=native-20260731-c8-full26 client=i5 action=i5-c8-rendezvous detail=remote_player_instance_ready_uid=258831700:1
[Info   :ComfyNetworkSense] [07/31/2026 06:16:52] CUTOVER_SCENARIO state=completed run_id=native-20260731-c8-full26 client=i5 action=i5-c8-rendezvous detail=remote_player_instance_ready_uid=258831700:1
[Info   :ComfyNetworkSense] [07/31/2026 06:16:52] CUTOVER_SCENARIO state=action_started run_id=native-20260731-c8-full26 client=i5 action=i5-c8-rendezvous-settle detail=kind=wait
[Info   :ComfyNetworkSense] [07/31/2026 06:16:52] LOGICAL_PEER_CUTOVER state=logical_native_invoke_suppressed run_id=native-20260731-c8-full26 detail=count=256_method=ServerSyncedPlayerData_semantic_fallback=false
[Info   :ComfyNetworkSense] [07/31/2026 06:16:55] CUTOVER_SCENARIO state=completed run_id=native-20260731-c8-full26 client=i5 action=i5-c8-rendezvous-settle detail=wait_elapsed
[Info   :ComfyNetworkSense] [07/31/2026 06:16:55] CUTOVER_SCENARIO state=action_started run_id=native-20260731-c8-full26 client=i5 action=i5-c8-motion-observe-one detail=kind=motion_observe
[Info   :ComfyNetworkSense] [07/31/2026 06:16:55] MOTION_AUTHORITY state=probe_started run_id=native-20260731-c8-full26 client=i5 action=i5-c8-motion-observe-one detail=mode=observe_correlation_id=c8-omen-to-i5_connection_id=11b4c01cfcfe45d09252670cc69cc4c9_logical_peer_id=lp_19f2670527be6f633c140c5938e5ff4c85d4bbe309e63007f20327439f837d5c
[Warning:ComfyNetworkSense] [07/31/2026 06:16:56] Authoritative consumer poll failed: TimeoutException: connect timeout to 8.231.129.249:42317
[Info   :ComfyNetworkSense] [07/31/2026 06:16:59] MOTION_AUTHORITY state=native_transform_writer_suppressed run_id=native-20260731-c8-full26 client=i5 action=i5-c8-motion-observe-one detail=count=2048_writer=ZSyncTransform.CustomFixedUpdate
[Info   :ComfyNetworkSense] [07/31/2026 06:17:01] MOTION_AUTHORITY state=probe_passed run_id=native-20260731-c8-full26 client=i5 action=i5-c8-motion-observe-one detail=numbered_motion_applied_native_writer_zero_sent=100_received=114_applied=396_native_writer_suppressed=600_native_position_masked=0_holds=0_gaps=0_resync_applied=0_failures=0_gap_dropped=0
[Info   :ComfyNetworkSense] [07/31/2026 06:17:01] CUTOVER_SCENARIO state=completed run_id=native-20260731-c8-full26 client=i5 action=i5-c8-motion-observe-one detail=numbered_motion_applied_native_writer_zero_sent=100_received=114_applied=396_native_writer_suppressed=600_native_position_masked=0_holds=0_gaps=0_resync_applied=0_failures=0_gap_dropped=0
[Info   :ComfyNetworkSense] [07/31/2026 06:17:01] CUTOVER_SCENARIO state=action_started run_id=native-20260731-c8-full26 client=i5 action=i5-c8-motion-pair-one-settle detail=kind=wait
[Info   :ComfyNetworkSense] [07/31/2026 06:17:05] CUTOVER_SCENARIO state=completed run_id=native-20260731-c8-full26 client=i5 action=i5-c8-motion-pair-one-settle detail=wait_elapsed
[Info   :ComfyNetworkSense] [07/31/2026 06:17:05] CUTOVER_SCENARIO state=action_started run_id=native-20260731-c8-full26 client=i5 action=i5-c8-motion-drive-two detail=kind=motion_drive
[Info   :ComfyNetworkSense] [07/31/2026 06:17:05] MOTION_AUTHORITY state=probe_started run_id=native-20260731-c8-full26 client=i5 action=i5-c8-motion-drive-two detail=mode=drive_correlation_id=c8-i5-to-omen_connection_id=11b4c01cfcfe45d09252670cc69cc4c9_logical_peer_id=lp_19f2670527be6f633c140c5938e5ff4c85d4bbe309e63007f20327439f837d5c
[Warning:ComfyNetworkSense] [07/31/2026 06:17:06] Authoritative consumer poll failed: TimeoutException: connect timeout to 8.231.129.249:42317
[Info   :ComfyNetworkSense] [07/31/2026 06:17:09] MOTION_AUTHORITY state=motion_frame_sent run_id=native-20260731-c8-full26 client=i5 action=i5-c8-motion-drive-two detail=sequence=512_transport=websocket_connection_id=11b4c01cfcfe45d09252670cc69cc4c9
[Info   :ComfyNetworkSense] [07/31/2026 06:17:11] MOTION_AUTHORITY state=probe_passed run_id=native-20260731-c8-full26 client=i5 action=i5-c8-motion-drive-two detail=numbered_motion_sent_sent=96_received=114_applied=381_native_writer_suppressed=600_native_position_masked=0_holds=0_gaps=0_resync_applied=0_failures=0_gap_dropped=0
[Info   :ComfyNetworkSense] [07/31/2026 06:17:11] CUTOVER_SCENARIO state=completed run_id=native-20260731-c8-full26 client=i5 action=i5-c8-motion-drive-two detail=numbered_motion_sent_sent=96_received=114_applied=381_native_writer_suppressed=600_native_position_masked=0_holds=0_gaps=0_resync_applied=0_failures=0_gap_dropped=0
[Info   :ComfyNetworkSense] [07/31/2026 06:17:11] CUTOVER_SCENARIO state=action_started run_id=native-20260731-c8-full26 client=i5 action=i5-c8-motion-pair-two-settle detail=kind=wait
[Info   :ComfyNetworkSense] [07/31/2026 06:17:15] CUTOVER_SCENARIO state=completed run_id=native-20260731-c8-full26 client=i5 action=i5-c8-motion-pair-two-settle detail=wait_elapsed
[Info   :ComfyNetworkSense] [07/31/2026 06:17:15] CUTOVER_SCENARIO state=action_started run_id=native-20260731-c8-full26 client=i5 action=i5-c8-motion-observe-gap detail=kind=motion_observe_gap
[Info   :ComfyNetworkSense] [07/31/2026 06:17:15] MOTION_AUTHORITY state=probe_started run_id=native-20260731-c8-full26 client=i5 action=i5-c8-motion-observe-gap detail=mode=observe_gap_correlation_id=c8-gap-omen-to-i5_connection_id=11b4c01cfcfe45d09252670cc69cc4c9_logical_peer_id=lp_19f2670527be6f633c140c5938e5ff4c85d4bbe309e63007f20327439f837d5c
[Warning:ComfyNetworkSense] [07/31/2026 06:17:16] Authoritative consumer poll failed: TimeoutException: connect timeout to 8.231.129.249:42317
[Info   :ComfyNetworkSense] [07/31/2026 06:17:20] MOTION_AUTHORITY state=native_transform_writer_suppressed run_id=native-20260731-c8-full26 client=i5 action=i5-c8-motion-observe-gap detail=count=4096_writer=ZSyncTransform.CustomFixedUpdate
[Info   :ComfyNetworkSense] [07/31/2026 06:17:22] MOTION_AUTHORITY state=hold_entered run_id=native-20260731-c8-full26 client=i5 action=i5-c8-motion-observe-gap detail=sequence=883_age_ms=511_native_fallback=false
[Info   :ComfyNetworkSense] [07/31/2026 06:17:22] MOTION_AUTHORITY state=reliable_resync_applied run_id=native-20260731-c8-full26 client=i5 action=i5-c8-motion-observe-gap detail=correlation_id=c8-gap-omen-to-i5_motion_sequence=903_reliable_sequence=1339_gap_start=884_gap_end=903_ack_queued=true
[Info   :ComfyNetworkSense] [07/31/2026 06:17:22] MOTION_AUTHORITY state=probe_passed run_id=native-20260731-c8-full26 client=i5 action=i5-c8-motion-observe-gap detail=gap_held_reliable_resync_applied_native_writer_zero_sent=135_received=124_applied=414_native_writer_suppressed=762_native_position_masked=0_holds=1_gaps=1_resync_applied=1_failures=0_gap_dropped=0
[Info   :ComfyNetworkSense] [07/31/2026 06:17:22] CUTOVER_SCENARIO state=completed run_id=native-20260731-c8-full26 client=i5 action=i5-c8-motion-observe-gap detail=gap_held_reliable_resync_applied_native_writer_zero_sent=135_received=124_applied=414_native_writer_suppressed=762_native_position_masked=0_holds=1_gaps=1_resync_applied=1_failures=0_gap_dropped=0
[Info   :ComfyNetworkSense] [07/31/2026 06:17:22] CUTOVER_SCENARIO state=action_started run_id=native-20260731-c8-full26 client=i5 action=i5-c8-direct-pulse detail=kind=direct_control_pulse
[Info   :ComfyNetworkSense] [07/31/2026 06:17:22] LUMBERJACKS_SESSION state=direct_pulse_probe_started run_id=native-20260731-c8-full26 client=i5 action=i5-c8-direct-pulse detail=mode=deliver_connection_id=11b4c01cfcfe45d09252670cc69cc4c9
[Info   :ComfyNetworkSense] [07/31/2026 06:17:22] LUMBERJACKS_SESSION state=lumberjacks_direct_pulse_received run_id=native-20260731-c8-full26 client=i5 action=i5-c8-direct-pulse detail=sequence=1341_connection_id=11b4c01cfcfe45d09252670cc69cc4c9_run_id=native-20260731-c8-full26_action_id=i5-c8-direct-pulse
[Info   :ComfyNetworkSense] [07/31/2026 06:17:22] CUTOVER_SCENARIO state=completed run_id=native-20260731-c8-full26 client=i5 action=i5-c8-direct-pulse detail=lumberjacks_direct_pulse_applied_sequence=1341
[Info   :ComfyNetworkSense] [07/31/2026 06:17:22] CUTOVER_SCENARIO state=action_started run_id=native-20260731-c8-full26 client=i5 action=i5-c8-routed-request detail=kind=routed_request
[Info   :ComfyNetworkSense] [07/31/2026 06:17:22] CUTOVER_SCENARIO state=completed run_id=native-20260731-c8-full26 client=i5 action=i5-c8-routed-request detail=routed_response_applied
[Info   :ComfyNetworkSense] [07/31/2026 06:17:22] CUTOVER_SCENARIO state=action_started run_id=native-20260731-c8-full26 client=i5 action=i5-c8-routed-broadcast detail=kind=routed_broadcast
[Info   :ComfyNetworkSense] [07/31/2026 06:17:23] CUTOVER_SCENARIO state=completed run_id=native-20260731-c8-full26 client=i5 action=i5-c8-routed-broadcast detail=routed_broadcast_applied
[Info   :ComfyNetworkSense] [07/31/2026 06:17:23] CUTOVER_SCENARIO state=action_started run_id=native-20260731-c8-full26 client=i5 action=i5-c8-routed-target detail=kind=routed_target_zdo
[Info   :ComfyNetworkSense] [07/31/2026 06:17:23] CUTOVER_SCENARIO state=completed run_id=native-20260731-c8-full26 client=i5 action=i5-c8-routed-target detail=reset_cloth_dispatched_on_server
[Info   :ComfyNetworkSense] [07/31/2026 06:17:23] CUTOVER_SCENARIO state=action_started run_id=native-20260731-c8-full26 client=i5 action=i5-c8-zdo-journal-observe detail=kind=zdo_journal_observe
[Info   :ComfyNetworkSense] [07/31/2026 06:17:24] LOGICAL_PEER_CUTOVER state=logical_native_invoke_suppressed run_id=native-20260731-c8-full26 detail=count=512_method=ZDOData_semantic_fallback=false
[Warning:ComfyNetworkSense] [07/31/2026 06:17:26] Authoritative consumer poll failed: TimeoutException: connect timeout to 8.231.129.249:42317
[Info   :ComfyNetworkSense] [07/31/2026 06:17:28] CUTOVER_SCENARIO state=completed run_id=native-20260731-c8-full26 client=i5 action=i5-c8-zdo-journal-observe detail=typed_journal_sequence_applied_snapshot=354_delta=9_stale=10_malformed=1_tombstone=1_native_rpc_zdo_data=0
[Info   :ComfyNetworkSense] [07/31/2026 06:17:28] CUTOVER_SCENARIO state=action_started run_id=native-20260731-c8-full26 client=i5 action=i5-c8-gateway-restart-resume detail=kind=gateway_restart_resume
[Info   :ComfyNetworkSense] [07/31/2026 06:17:28] LUMBERJACKS_SESSION state=probe_started run_id=native-20260731-c8-full26 client=i5 action=i5-c8-gateway-restart-resume detail=mode=external_resume_connection_id=11b4c01cfcfe45d09252670cc69cc4c9_resume_epoch=0
[Info   :ComfyNetworkSense] [07/31/2026 06:17:35] LUMBERJACKS_SESSION state=connection_error run_id=native-20260731-c8-full26 client=i5 action=i5-c8-gateway-restart-resume detail=sequence=0_connection_id=_WebSocketException:The_remote_party_closed_the_WebSocket_connection_without_completing_the_close_handshake.
[Info   :ComfyNetworkSense] [07/31/2026 06:17:35] LUMBERJACKS_SESSION state=socket_closed run_id=native-20260731-c8-full26 client=i5 action=i5-c8-gateway-restart-resume detail=sequence=0_connection_id=
[Info   :ComfyNetworkSense] [07/31/2026 06:17:35] MOTION_AUTHORITY state=hold_entered run_id=native-20260731-c8-full26 client=i5 action=i5-c8-motion-observe-gap detail=sequence=1137_age_ms=506_native_fallback=false
[Info   :ComfyNetworkSense] [07/31/2026 06:17:35] LUMBERJACKS_SESSION state=connection_error run_id=native-20260731-c8-full26 client=i5 action=i5-c8-gateway-restart-resume detail=sequence=0_connection_id=_WebSocketException:Unable_to_connect_to_the_remote_server
[Info   :ComfyNetworkSense] [07/31/2026 06:17:35] LUMBERJACKS_SESSION state=socket_closed run_id=native-20260731-c8-full26 client=i5 action=i5-c8-gateway-restart-resume detail=sequence=0_connection_id=
[Warning:ComfyNetworkSense] [07/31/2026 06:17:36] Authoritative consumer poll failed: TimeoutException: connect timeout to 8.231.129.249:42317
[Info   :ComfyNetworkSense] [07/31/2026 06:17:37] LUMBERJACKS_SESSION state=connection_error run_id=native-20260731-c8-full26 client=i5 action=i5-c8-gateway-restart-resume detail=sequence=0_connection_id=_WebSocketException:Unable_to_connect_to_the_remote_server
[Info   :ComfyNetworkSense] [07/31/2026 06:17:37] LUMBERJACKS_SESSION state=socket_closed run_id=native-20260731-c8-full26 client=i5 action=i5-c8-gateway-restart-resume detail=sequence=0_connection_id=
[Info   :ComfyNetworkSense] [07/31/2026 06:17:37] LUMBERJACKS_SESSION state=connection_error run_id=native-20260731-c8-full26 client=i5 action=i5-c8-gateway-restart-resume detail=sequence=0_connection_id=_WebSocketException:Unable_to_connect_to_the_remote_server
[Info   :ComfyNetworkSense] [07/31/2026 06:17:37] LUMBERJACKS_SESSION state=socket_closed run_id=native-20260731-c8-full26 client=i5 action=i5-c8-gateway-restart-resume detail=sequence=0_connection_id=
[Info   :ComfyNetworkSense] [07/31/2026 06:17:38] LUMBERJACKS_SESSION state=connection_error run_id=native-20260731-c8-full26 client=i5 action=i5-c8-gateway-restart-resume detail=sequence=0_connection_id=_WebSocketException:Unable_to_connect_to_the_remote_server
[Info   :ComfyNetworkSense] [07/31/2026 06:17:38] LUMBERJACKS_SESSION state=socket_closed run_id=native-20260731-c8-full26 client=i5 action=i5-c8-gateway-restart-resume detail=sequence=0_connection_id=
[Info   :ComfyNetworkSense] [07/31/2026 06:17:38] LUMBERJACKS_SESSION state=session_started run_id=native-20260731-c8-full26 client=i5 action=none detail=sequence=0_connection_id=469ebae5441b426e9ecf1e0548b02e7f_resumed=false_reincarnated=true_logical_peer_id=lp_19f2670527be6f633c140c5938e5ff4c85d4bbe309e63007f20327439f837d5c_server_instance_id=am4-gateway-dev_world_id=am4-cutover-world_udp_ready=true
[Info   :ComfyNetworkSense] [07/31/2026 06:17:38] LUMBERJACKS_SESSION state=peer_bind_queued run_id=native-20260731-c8-full26 client=i5 action=none detail=sequence=0_connection_id=469ebae5441b426e9ecf1e0548b02e7f_role=client_peer_uid=2754264836
[Info   :ComfyNetworkSense] [07/31/2026 06:17:38] LUMBERJACKS_SESSION state=motion_region_join_queued run_id=native-20260731-c8-full26 client=i5 action=none detail=sequence=0_connection_id=469ebae5441b426e9ecf1e0548b02e7f_region_id=region-spawn
[Info   :ComfyNetworkSense] [07/31/2026 06:17:38] CUTOVER_SCENARIO state=completed run_id=native-20260731-c8-full26 client=i5 action=i5-c8-gateway-restart-resume detail=external_gateway_recovery_observed_connection_id=469ebae5441b426e9ecf1e0548b02e7f_resume_epoch=0_logical_peer_id=lp_19f2670527be6f633c140c5938e5ff4c85d4bbe309e63007f20327439f837d5c
[Info   :ComfyNetworkSense] [07/31/2026 06:17:38] LUMBERJACKS_SESSION state=motion_transport_fallback run_id=native-20260731-c8-full26 client=i5 action=none detail=sequence=0_connection_id=469ebae5441b426e9ecf1e0548b02e7f_udp_receive_failed=ConnectionReset_fallback=binary_websocket
[Info   :ComfyNetworkSense] [07/31/2026 06:17:38] CUTOVER_SCENARIO state=action_started run_id=native-20260731-c8-full26 client=i5 action=c8-ownership-contended detail=kind=ownership_contention
[Info   :ComfyNetworkSense] [07/31/2026 06:17:38] LOGICAL_PEER_CUTOVER state=logical_server_announced run_id=native-20260731-c8-full26 detail=peer_uid=1179166357_logical_peer_id=lp_c9b96e29024c30948164b6025b7d6b67ef3e40eb243b767a108cf27e4657b0da
[Info   :ComfyNetworkSense] [07/31/2026 06:17:38] LUMBERJACKS_SESSION state=ownership_frame_queued run_id=native-20260731-c8-full26 client=i5 action=none detail=sequence=4_connection_id=469ebae5441b426e9ecf1e0548b02e7f_type=valheim_ownership_lease_request_queue_depth=1
[Info   :ComfyNetworkSense] [07/31/2026 06:17:38] LUMBERJACKS_SESSION state=ownership_frame_sent run_id=native-20260731-c8-full26 client=i5 action=none detail=sequence=4_connection_id=469ebae5441b426e9ecf1e0548b02e7f_type=valheim_ownership_lease_request
[Info   :ComfyNetworkSense] [07/31/2026 06:17:39] LUMBERJACKS_SESSION state=ownership_frame_queued run_id=native-20260731-c8-full26 client=i5 action=none detail=sequence=7_connection_id=469ebae5441b426e9ecf1e0548b02e7f_type=valheim_ownership_lease_request_queue_depth=1
[Info   :ComfyNetworkSense] [07/31/2026 06:17:39] LUMBERJACKS_SESSION state=ownership_frame_sent run_id=native-20260731-c8-full26 client=i5 action=none detail=sequence=7_connection_id=469ebae5441b426e9ecf1e0548b02e7f_type=valheim_ownership_lease_request
[Info   :ComfyNetworkSense] [07/31/2026 06:17:39] CUTOVER_SCENARIO state=completed run_id=native-20260731-c8-full26 client=i5 action=c8-ownership-contended detail=second_logical_peer_rejected_for_active_target_uid=1179166357:9155601_epoch=1_reason=holder_mismatch
[Info   :ComfyNetworkSense] [07/31/2026 06:17:39] CUTOVER_SCENARIO state=action_started run_id=native-20260731-c8-full26 client=i5 action=i5-c8-ownership-pickup detail=kind=ownership_lease_pickup
[Info   :ComfyNetworkSense] [07/31/2026 06:17:39] LUMBERJACKS_SESSION state=ownership_frame_queued run_id=native-20260731-c8-full26 client=i5 action=none detail=sequence=9_connection_id=469ebae5441b426e9ecf1e0548b02e7f_type=valheim_ownership_lease_request_queue_depth=1
[Info   :ComfyNetworkSense] [07/31/2026 06:17:39] LUMBERJACKS_SESSION state=ownership_frame_sent run_id=native-20260731-c8-full26 client=i5 action=none detail=sequence=9_connection_id=469ebae5441b426e9ecf1e0548b02e7f_type=valheim_ownership_lease_request
[Info   :ComfyNetworkSense] [07/31/2026 06:17:40] LUMBERJACKS_SESSION state=connection_error run_id=native-20260731-c8-full26 client=i5 action=none detail=sequence=0_connection_id=_OperationCanceledException:Aborted
[Info   :ComfyNetworkSense] [07/31/2026 06:17:40] LUMBERJACKS_SESSION state=socket_closed run_id=native-20260731-c8-full26 client=i5 action=none detail=sequence=0_connection_id=
[Info   :ComfyNetworkSense] [07/31/2026 06:17:41] LUMBERJACKS_SESSION state=session_started run_id=native-20260731-c8-full26 client=i5 action=none detail=sequence=1_connection_id=469ebae5441b426e9ecf1e0548b02e7f_resumed=true_reincarnated=false_logical_peer_id=lp_19f2670527be6f633c140c5938e5ff4c85d4bbe309e63007f20327439f837d5c_server_instance_id=am4-gateway-dev_world_id=am4-cutover-world_udp_ready=true
[Info   :ComfyNetworkSense] [07/31/2026 06:17:41] LUMBERJACKS_SESSION state=peer_bind_queued run_id=native-20260731-c8-full26 client=i5 action=none detail=sequence=0_connection_id=469ebae5441b426e9ecf1e0548b02e7f_role=client_peer_uid=2754264836
[Info   :ComfyNetworkSense] [07/31/2026 06:17:41] LUMBERJACKS_SESSION state=motion_region_join_queued run_id=native-20260731-c8-full26 client=i5 action=none detail=sequence=0_connection_id=469ebae5441b426e9ecf1e0548b02e7f_region_id=region-spawn
[Info   :ComfyNetworkSense] [07/31/2026 06:17:41] LUMBERJACKS_SESSION state=ownership_frame_queued run_id=native-20260731-c8-full26 client=i5 action=none detail=sequence=13_connection_id=469ebae5441b426e9ecf1e0548b02e7f_type=valheim_ownership_action_queue_depth=3
[Info   :ComfyNetworkSense] [07/31/2026 06:17:41] LUMBERJACKS_SESSION state=ownership_frame_sent run_id=native-20260731-c8-full26 client=i5 action=none detail=sequence=13_connection_id=469ebae5441b426e9ecf1e0548b02e7f_type=valheim_ownership_action
[Info   :ComfyNetworkSense] [07/31/2026 06:17:41] LUMBERJACKS_SESSION state=motion_transport_fallback run_id=native-20260731-c8-full26 client=i5 action=none detail=sequence=0_connection_id=469ebae5441b426e9ecf1e0548b02e7f_udp_receive_failed=ConnectionReset_fallback=binary_websocket
[Info   :ComfyNetworkSense] [07/31/2026 06:17:41] LOGICAL_PEER_CUTOVER state=logical_server_announced run_id=native-20260731-c8-full26 detail=peer_uid=1179166357_logical_peer_id=lp_c9b96e29024c30948164b6025b7d6b67ef3e40eb243b767a108cf27e4657b0da
[Info   :ComfyNetworkSense] [07/31/2026 06:17:41] LUMBERJACKS_SESSION state=ownership_frame_queued run_id=native-20260731-c8-full26 client=i5 action=none detail=sequence=15_connection_id=469ebae5441b426e9ecf1e0548b02e7f_type=valheim_ownership_lease_request_queue_depth=1
[Info   :ComfyNetworkSense] [07/31/2026 06:17:41] LUMBERJACKS_SESSION state=ownership_frame_sent run_id=native-20260731-c8-full26 client=i5 action=none detail=sequence=15_connection_id=469ebae5441b426e9ecf1e0548b02e7f_type=valheim_ownership_lease_request
[Info   :ComfyNetworkSense] [07/31/2026 06:17:41] LUMBERJACKS_SESSION state=ownership_frame_queued run_id=native-20260731-c8-full26 client=i5 action=none detail=sequence=18_connection_id=469ebae5441b426e9ecf1e0548b02e7f_type=valheim_ownership_action_queue_depth=1
[Info   :ComfyNetworkSense] [07/31/2026 06:17:41] LUMBERJACKS_SESSION state=ownership_frame_sent run_id=native-20260731-c8-full26 client=i5 action=none detail=sequence=18_connection_id=469ebae5441b426e9ecf1e0548b02e7f_type=valheim_ownership_action
[Info   :ComfyNetworkSense] [07/31/2026 06:17:43] LUMBERJACKS_SESSION state=ownership_frame_queued run_id=native-20260731-c8-full26 client=i5 action=none detail=sequence=22_connection_id=469ebae5441b426e9ecf1e0548b02e7f_type=valheim_ownership_action_queue_depth=1
[Info   :ComfyNetworkSense] [07/31/2026 06:17:43] LUMBERJACKS_SESSION state=ownership_frame_sent run_id=native-20260731-c8-full26 client=i5 action=none detail=sequence=22_connection_id=469ebae5441b426e9ecf1e0548b02e7f_type=valheim_ownership_action
[Info   :ComfyNetworkSense] [07/31/2026 06:17:43] LUMBERJACKS_SESSION state=ownership_frame_queued run_id=native-20260731-c8-full26 client=i5 action=none detail=sequence=23_connection_id=469ebae5441b426e9ecf1e0548b02e7f_type=valheim_ownership_lease_request_queue_depth=1
[Info   :ComfyNetworkSense] [07/31/2026 06:17:43] LUMBERJACKS_SESSION state=ownership_frame_sent run_id=native-20260731-c8-full26 client=i5 action=none detail=sequence=23_connection_id=469ebae5441b426e9ecf1e0548b02e7f_type=valheim_ownership_lease_request
[Warning:ComfyNetworkSense] [07/31/2026 06:17:46] Authoritative consumer poll failed: TimeoutException: connect timeout to 8.231.129.249:42317
[Warning:ComfyNetworkSense] [07/31/2026 06:17:56] Authoritative consumer poll failed: TimeoutException: connect timeout to 8.231.129.249:42317
[Info   :ComfyNetworkSense] [07/31/2026 06:18:01] MOTION_AUTHORITY state=native_transform_writer_suppressed run_id=native-20260731-c8-full26 client=i5 action=i5-c8-motion-observe-gap detail=count=8192_writer=ZSyncTransform.CustomFixedUpdate
[Warning:ComfyNetworkSense] [07/31/2026 06:18:06] Authoritative consumer poll failed: TimeoutException: connect timeout to 8.231.129.249:42317
[Warning:ComfyNetworkSense] [07/31/2026 06:18:16] Authoritative consumer poll failed: TimeoutException: connect timeout to 8.231.129.249:42317
[Warning:ComfyNetworkSense] [07/31/2026 06:18:26] Authoritative consumer poll failed: TimeoutException: connect timeout to 8.231.129.249:42317
[Warning:ComfyNetworkSense] [07/31/2026 06:18:36] Authoritative consumer poll failed: TimeoutException: connect timeout to 8.231.129.249:42317
[Warning:ComfyNetworkSense] [07/31/2026 06:18:46] Authoritative consumer poll failed: TimeoutException: connect timeout to 8.231.129.249:42317
[Info   :ComfyNetworkSense] [07/31/2026 06:18:53] LOGICAL_PEER_CUTOVER state=logical_native_invoke_suppressed run_id=native-20260731-c8-full26 detail=count=1024_method=ZDOData_semantic_fallback=false
[Warning:ComfyNetworkSense] [07/31/2026 06:18:56] Authoritative consumer poll failed: TimeoutException: connect timeout to 8.231.129.249:42317
[Warning:ComfyNetworkSense] [07/31/2026 06:19:06] Authoritative consumer poll failed: TimeoutException: connect timeout to 8.231.129.249:42317
[Info   :ComfyNetworkSense] [07/31/2026 06:19:08] CUTOVER_SCENARIO state=failed run_id=native-20260731-c8-full26 client=i5 action=i5-c8-ownership-pickup detail=ownership_probe_deadline_state=await_target
[Info   :ComfyNetworkSense] [07/31/2026 06:19:09] LOGICAL_PEER_CUTOVER state=disconnect_queued run_id=native-20260731-c8-full26 detail=target_logical_peer_id=lp_c9b96e29024c30948164b6025b7d6b67ef3e40eb243b767a108cf27e4657b0da
