[Message:   BepInEx] BepInEx 5.4.23.3 - valheim (7/9/2026 6:56:24 AM)
[Message:   BepInEx] User is running BepInExPack Valheim version 5.4.2333 from Thunderstore
[Info   :   BepInEx] Running under Unity v6000.0.61.7643309
[Info   :   BepInEx] CLR runtime version: 4.0.30319.42000
[Info   :   BepInEx] Supports SRE: True
[Info   :   BepInEx] System platform: Bits64, Windows
[Message:   BepInEx] Preloader started
[Info   :   BepInEx] Loaded 1 patcher method from [BepInEx.Preloader 5.4.23.3]
[Info   :   BepInEx] 1 patcher plugin loaded
[Info   :   BepInEx] Patching [UnityEngine.CoreModule] with [BepInEx.Chainloader]
[Message:   BepInEx] Preloader finished
[Message:   BepInEx] Chainloader ready
[Message:   BepInEx] Chainloader started
[Info   :   BepInEx] 3 plugins to load
[Info   :   BepInEx] Loading [Comfy Camera Proof 0.1.0]
[Info   :Comfy Camera Proof] Comfy Camera Proof loaded. F8/status and F9/move proof commands are available.
[Info   :   BepInEx] Loading [ComfyControlSurface 0.6.0]
[Info   :ComfyControlSurface] [07/31/2026 07:04:38] Comfy control surface loaded.
[Info   :   BepInEx] Loading [ComfyNetworkSense 0.5.45]
[Info   :ComfyNetworkSense] [07/31/2026 07:04:38] Authoritative consumer init: enabled=True, manifest=p7-primary-v1, gateway=http://8.231.129.249:42317
[Info   :ComfyNetworkSense] [07/31/2026 07:04:38] Authoritative consumer init: authoritative consumer armed
[Info   :ComfyNetworkSense] [07/31/2026 07:04:39] Panel input patch applied: GameCamera.UpdateMouseCapture
[Info   :ComfyNetworkSense] [07/31/2026 07:04:39] Panel input patch applied: Character.TakeInput
[Info   :ComfyNetworkSense] [07/31/2026 07:04:39] GameplayEventPatches: patched Character.RPC_Damage
[Info   :ComfyNetworkSense] [07/31/2026 07:04:39] GameplayEventPatches: patched Character.Damage
[Info   :ComfyNetworkSense] [07/31/2026 07:04:39] GameplayEventPatches: patched Character.OnDeath
[Info   :ComfyNetworkSense] [07/31/2026 07:04:39] Lab auto-join patch applied: FejdStartup.Start
[Info   :ComfyNetworkSense] [07/31/2026 07:04:39] Quest view loaded: 4 tracked quest(s) for Derek from C:\Program Files (x86)\Steam\steamapps\common\Valheim\BepInEx\config\comfy-network-sense\quest-view.json
[Info   :ComfyNetworkSense] [07/31/2026 07:04:39] Telemetry scaffold ready.
[Info   :ComfyNetworkSense] [07/31/2026 07:04:39] Lumberjacks contract release=m30-rolecontrol-20260723-r1 schema_version=2 operation=zdo_redirect
[Message:   BepInEx] Chainloader startup complete
[Info   :ComfyNetworkSense] [07/31/2026 07:04:44] AUTOTEST_READY run_id=native-20260731-c8-full28 client=i5 character=durracktu server=100.116.82.60:2456 renderer=Intel(R)_Iris(R)_Xe_Graphics renderer_type=Direct3D11 native_poison=true
[Info   :ComfyNetworkSense] [07/31/2026 07:04:45] CUTOVER_SCENARIO state=scenario_loaded run_id=native-20260731-c8-full28 client=i5 action=none detail=actions=24
[Info   :ComfyNetworkSense] [07/31/2026 07:04:53] AUTOTEST_STEAM_FREE_SCENE_REQUESTED run_id=native-20260731-c8-full28 client=i5 character=durracktu server=100.116.82.60:2456 native_connect=false native_handshake=false
[Info   :ComfyNetworkSense] [07/31/2026 07:04:53] Lab auto-join started existing character 'Durracktu' at profile index 0.
[Info   :ComfyNetworkSense] [07/31/2026 07:04:53] AUTOTEST_CHARACTER_SELECTED run_id=native-20260731-c8-full28 client=i5 character=durracktu server=100.116.82.60:2456 profile_index=0
[Info   :ComfyNetworkSense] [07/31/2026 07:04:54] LOGICAL_PEER_CUTOVER state=native_client_connect_suppressed run_id=native-20260731-c8-full28 detail=source=request_manifest_native_target=false_logical_connection_status=connecting
[Info   :ComfyNetworkSense] [07/31/2026 07:04:54] Registered routed RPC: ComfyNetworkSense_ServerPulse
[Info   :ComfyNetworkSense] [07/31/2026 07:04:54] Registered routed RPC: ComfyNetworkSense_GameplayEvent
[Info   :ComfyNetworkSense] [07/31/2026 07:04:54] LUMBERJACKS_SESSION state=session_started run_id=native-20260731-c8-full28 client=i5 action=none detail=sequence=0_connection_id=a90fc24336f04e8e9ea2cb8f86a3da9a_resumed=false_reincarnated=false_logical_peer_id=lp_19f2670527be6f633c140c5938e5ff4c85d4bbe309e63007f20327439f837d5c_server_instance_id=am4-gateway-dev_world_id=am4-cutover-world_udp_ready=true
[Info   :ComfyNetworkSense] [07/31/2026 07:04:54] LUMBERJACKS_SESSION state=peer_bind_queued run_id=native-20260731-c8-full28 client=i5 action=none detail=sequence=0_connection_id=a90fc24336f04e8e9ea2cb8f86a3da9a_role=client_peer_uid=1669947146
[Info   :ComfyNetworkSense] [07/31/2026 07:04:54] LUMBERJACKS_SESSION state=motion_region_join_queued run_id=native-20260731-c8-full28 client=i5 action=none detail=sequence=0_connection_id=a90fc24336f04e8e9ea2cb8f86a3da9a_region_id=region-spawn
[Info   :ComfyNetworkSense] [07/31/2026 07:04:54] WORLD_ZONE_CUTOVER state=descriptor_requested run_id=native-20260731-c8-full28 client=client detail=fault_mode=none
[Info   :ComfyNetworkSense] [07/31/2026 07:04:54] LOGICAL_PEER_CUTOVER state=logical_server_announced run_id=native-20260731-c8-full28 detail=peer_uid=1179166357_logical_peer_id=lp_c9b96e29024c30948164b6025b7d6b67ef3e40eb243b767a108cf27e4657b0da
[Info   :ComfyNetworkSense] [07/31/2026 07:04:54] WORLD_ZONE_CUTOVER state=descriptor_accepted run_id=native-20260731-c8-full28 client=client detail=world_epoch=world-ffffffff63e5be34_world_generation_version=2_initial_zone=35,-1_global_keys=8_location_icons=10
[Info   :ComfyNetworkSense] [07/31/2026 07:04:56] LOGICAL_PEER_CUTOVER state=logical_peer_constructed run_id=native-20260731-c8-full28 detail=role=server_peer_uid=1179166357_logical_peer_id=lp_c9b96e29024c30948164b6025b7d6b67ef3e40eb243b767a108cf27e4657b0da_socket_type=LogicalSocket_native_socket=false
[Info   :ComfyNetworkSense] [07/31/2026 07:04:56] LOGICAL_PEER_CUTOVER state=client_logical_peer_ready run_id=native-20260731-c8-full28 detail=remote_peer_uid=1179166357_remote_logical_peer_id=lp_c9b96e29024c30948164b6025b7d6b67ef3e40eb243b767a108cf27e4657b0da_world_epoch=world-ffffffff63e5be34_native_socket=false_native_handshake=false
[Info   :ComfyNetworkSense] [07/31/2026 07:05:02] WORLD_ZONE_CUTOVER state=world_bootstrap_applied_typed run_id=native-20260731-c8-full28 client=client detail=start_location=StartTemple_global_keys=8_location_icons=10_native_routed_rpc=false
[Info   :ComfyNetworkSense] [07/31/2026 07:05:02] WORLD_ZONE_CUTOVER state=bootstrap_progress run_id=native-20260731-c8-full28 client=i5 detail=bootstrap_applied=True_start_icon=True_start_position=2211,33,-69_reference_position=2211,33.16,-59.01_reference_zone=35,-1_zone_loaded=False_area_ready=False_local_player=False_banked=0_inbound=0_applied=0_superseded=0_apply_failures=0
[Info   :ComfyNetworkSense] [07/31/2026 07:05:04] LOGICAL_PEER_CUTOVER state=logical_native_invoke_suppressed run_id=native-20260731-c8-full28 detail=count=1_method=ServerSyncedPlayerData_semantic_fallback=false
[Info   :ComfyNetworkSense] [07/31/2026 07:05:04] WORLD_ZONE_CUTOVER state=bootstrap_progress run_id=native-20260731-c8-full28 client=i5 detail=bootstrap_applied=True_start_icon=True_start_position=2211,33,-69_reference_position=2211,33.16,-59.01_reference_zone=35,-1_zone_loaded=True_area_ready=False_local_player=False_banked=1301_inbound=0_applied=1292_superseded=0_apply_failures=0
[Info   :ComfyNetworkSense] [07/31/2026 07:05:06] LOGICAL_PEER_CUTOVER state=logical_native_invoke_suppressed run_id=native-20260731-c8-full28 detail=count=2_method=ServerSyncedPlayerData_semantic_fallback=false
[Info   :ComfyNetworkSense] [07/31/2026 07:05:06] WORLD_ZONE_CUTOVER state=bootstrap_progress run_id=native-20260731-c8-full28 client=i5 detail=bootstrap_applied=True_start_icon=True_start_position=2211,33,-69_reference_position=2211,33.16,-59.01_reference_zone=35,-1_zone_loaded=True_area_ready=True_local_player=False_banked=1301_inbound=0_applied=1292_superseded=0_apply_failures=0
[Warning:ComfyNetworkSense] [07/31/2026 07:05:07] Authoritative consumer poll failed: TimeoutException: connect timeout to 8.231.129.249:42317
[Info   :ComfyNetworkSense] [07/31/2026 07:05:08] LOGICAL_PEER_CUTOVER state=logical_native_invoke_suppressed run_id=native-20260731-c8-full28 detail=count=3_method=ServerSyncedPlayerData_semantic_fallback=false
[Info   :ComfyNetworkSense] [07/31/2026 07:05:08] WORLD_ZONE_CUTOVER state=bootstrap_progress run_id=native-20260731-c8-full28 client=i5 detail=bootstrap_applied=True_start_icon=True_start_position=2211,33,-69_reference_position=2211,33.16,-59.01_reference_zone=35,-1_zone_loaded=True_area_ready=True_local_player=False_banked=1301_inbound=0_applied=1292_superseded=0_apply_failures=0
[Info   :ComfyNetworkSense] [07/31/2026 07:05:10] LOGICAL_PEER_CUTOVER state=logical_native_invoke_suppressed run_id=native-20260731-c8-full28 detail=count=4_method=ServerSyncedPlayerData_semantic_fallback=false
[Info   :ComfyNetworkSense] [07/31/2026 07:05:10] LOGICAL_PEER_CUTOVER state=character_id_queued run_id=native-20260731-c8-full28 detail=target_logical_peer_id=lp_c9b96e29024c30948164b6025b7d6b67ef3e40eb243b767a108cf27e4657b0da_character_id=1669947146:1
[Info   :ComfyNetworkSense] [07/31/2026 07:05:10] AUTOTEST_JOINED run_id=native-20260731-c8-full28 client=i5 character=durracktu server=100.116.82.60:2456 peer_count=1 player=Durracktu renderer=Intel(R)_Iris(R)_Xe_Graphics renderer_type=Direct3D11 graphics_memory_mb=16226
[Info   :ComfyNetworkSense] [07/31/2026 07:05:10] WORLD_ZONE_CUTOVER state=bootstrap_ready run_id=native-20260731-c8-full28 client=i5 detail=bootstrap_applied=True_start_icon=True_start_position=2211,33,-69_reference_position=2211,33.41,-59.01_reference_zone=35,-1_zone_loaded=True_area_ready=True_local_player=True_banked=1314_inbound=0_applied=1305_superseded=0_apply_failures=0
[Info   :ComfyNetworkSense] [07/31/2026 07:05:10] MOTION_AUTHORITY state=local_motion_identity run_id=native-20260731-c8-full28 client=i5 action=none detail=uid=1669947146:1_position=2211,33.407,-59.009
[Info   :ComfyNetworkSense] [07/31/2026 07:05:10] CUTOVER_SCENARIO state=teleport_safeguard_enabled run_id=native-20260731-c8-full28 client=i5 action=none detail=god=True_fly=False_dead=False
[Info   :ComfyNetworkSense] [07/31/2026 07:05:10] CUTOVER_SCENARIO state=action_started run_id=native-20260731-c8-full28 client=i5 action=i5-settle detail=kind=wait
[Info   :ComfyNetworkSense] [07/31/2026 07:05:10] LOGICAL_PEER_CUTOVER state=logical_native_invoke_suppressed run_id=native-20260731-c8-full28 detail=count=8_method=RoutedRPC_semantic_fallback=false
[Info   :ComfyNetworkSense] [07/31/2026 07:05:10] LUMBERJACKS_SESSION state=motion_transport_fallback run_id=native-20260731-c8-full28 client=i5 action=none detail=sequence=0_connection_id=a90fc24336f04e8e9ea2cb8f86a3da9a_udp_receive_failed=ConnectionReset_fallback=binary_websocket
[Info   :ComfyNetworkSense] [07/31/2026 07:05:10] MOTION_AUTHORITY state=remote_player_descriptor_applied run_id=native-20260731-c8-full28 client=i5 action=none detail=logical_peer_id=lp_c63184ad7fe2fd0616f8f0cd84f7c6150d9687b039d568454b911e5f7dd544f1_uid=552468943:1_generation=1_ack_queued=true
[Info   :ComfyNetworkSense] [07/31/2026 07:05:10] MOTION_AUTHORITY state=remote_motion_discovered run_id=native-20260731-c8-full28 client=i5 action=none detail=uid=552468943:1_position=2215,33.16,-69_transport=websocket
[Info   :ComfyNetworkSense] [07/31/2026 07:05:10] MOTION_AUTHORITY state=logical_remote_seeded run_id=native-20260731-c8-full28 client=i5 action=none detail=uid=552468943:1_prefab=Player_owner=552468943_generation=1_source=reliable_aoi_descriptor
[Info   :ComfyNetworkSense] [07/31/2026 07:05:10] MOTION_AUTHORITY state=remote_instance_missing run_id=native-20260731-c8-full28 client=i5 action=none detail=uid=552468943:1_known_player_uids=1669947146:1
[Info   :ComfyNetworkSense] [07/31/2026 07:05:10] MOTION_AUTHORITY state=native_transform_writer_suppressed run_id=native-20260731-c8-full28 client=i5 action=none detail=count=1_writer=ZSyncTransform.CustomFixedUpdate
[Info   :ComfyNetworkSense] [07/31/2026 07:05:10] MOTION_AUTHORITY state=native_transform_writer_suppressed run_id=native-20260731-c8-full28 client=i5 action=none detail=count=2_writer=ZSyncTransform.CustomFixedUpdate
[Info   :ComfyNetworkSense] [07/31/2026 07:05:10] MOTION_AUTHORITY state=native_transform_writer_suppressed run_id=native-20260731-c8-full28 client=i5 action=none detail=count=3_writer=ZSyncTransform.CustomFixedUpdate
[Info   :ComfyNetworkSense] [07/31/2026 07:05:10] MOTION_AUTHORITY state=native_transform_writer_suppressed run_id=native-20260731-c8-full28 client=i5 action=none detail=count=4_writer=ZSyncTransform.CustomFixedUpdate
[Info   :ComfyNetworkSense] [07/31/2026 07:05:10] MOTION_AUTHORITY state=native_transform_writer_suppressed run_id=native-20260731-c8-full28 client=i5 action=none detail=count=8_writer=ZSyncTransform.CustomFixedUpdate
[Info   :ComfyNetworkSense] [07/31/2026 07:05:10] MOTION_AUTHORITY state=native_transform_writer_suppressed run_id=native-20260731-c8-full28 client=i5 action=none detail=count=16_writer=ZSyncTransform.CustomFixedUpdate
[Info   :ComfyNetworkSense] [07/31/2026 07:05:10] LOGICAL_PEER_CUTOVER state=logical_native_invoke_suppressed run_id=native-20260731-c8-full28 detail=count=16_method=ZDOData_semantic_fallback=false
[Info   :ComfyNetworkSense] [07/31/2026 07:05:11] MOTION_AUTHORITY state=native_transform_writer_suppressed run_id=native-20260731-c8-full28 client=i5 action=none detail=count=32_writer=ZSyncTransform.CustomFixedUpdate
[Info   :ComfyNetworkSense] [07/31/2026 07:05:11] MOTION_AUTHORITY state=native_transform_writer_suppressed run_id=native-20260731-c8-full28 client=i5 action=none detail=count=64_writer=ZSyncTransform.CustomFixedUpdate
[Info   :ComfyNetworkSense] [07/31/2026 07:05:11] LOGICAL_PEER_CUTOVER state=logical_native_invoke_suppressed run_id=native-20260731-c8-full28 detail=count=32_method=ZDOData_semantic_fallback=false
[Info   :ComfyNetworkSense] [07/31/2026 07:05:12] MOTION_AUTHORITY state=native_transform_writer_suppressed run_id=native-20260731-c8-full28 client=i5 action=none detail=count=128_writer=ZSyncTransform.CustomFixedUpdate
[Info   :ComfyNetworkSense] [07/31/2026 07:05:12] MOTION_AUTHORITY state=target_rejected run_id=native-20260731-c8-full28 client=i5 action=none detail=sequence=77_target_error_mm=47078_native_fallback=false
[Info   :ComfyNetworkSense] [07/31/2026 07:05:12] MOTION_AUTHORITY state=target_rejected run_id=native-20260731-c8-full28 client=i5 action=none detail=sequence=77_target_error_mm=47084_native_fallback=false
[Info   :ComfyNetworkSense] [07/31/2026 07:05:12] MOTION_AUTHORITY state=target_rejected run_id=native-20260731-c8-full28 client=i5 action=none detail=sequence=77_target_error_mm=47090_native_fallback=false
[Info   :ComfyNetworkSense] [07/31/2026 07:05:12] MOTION_AUTHORITY state=target_rejected run_id=native-20260731-c8-full28 client=i5 action=none detail=sequence=78_target_error_mm=47107_native_fallback=false
[Info   :ComfyNetworkSense] [07/31/2026 07:05:12] MOTION_AUTHORITY state=target_rejected run_id=native-20260731-c8-full28 client=i5 action=none detail=sequence=78_target_error_mm=47113_native_fallback=false
[Info   :ComfyNetworkSense] [07/31/2026 07:05:12] MOTION_AUTHORITY state=target_rejected run_id=native-20260731-c8-full28 client=i5 action=none detail=sequence=78_target_error_mm=47120_native_fallback=false
[Info   :ComfyNetworkSense] [07/31/2026 07:05:12] MOTION_AUTHORITY state=target_rejected run_id=native-20260731-c8-full28 client=i5 action=none detail=sequence=78_target_error_mm=47126_native_fallback=false
[Info   :ComfyNetworkSense] [07/31/2026 07:05:12] MOTION_AUTHORITY state=target_rejected run_id=native-20260731-c8-full28 client=i5 action=none detail=sequence=79_target_error_mm=47133_native_fallback=false
[Info   :ComfyNetworkSense] [07/31/2026 07:05:12] MOTION_AUTHORITY state=target_rejected run_id=native-20260731-c8-full28 client=i5 action=none detail=sequence=79_target_error_mm=47140_native_fallback=false
[Info   :ComfyNetworkSense] [07/31/2026 07:05:12] MOTION_AUTHORITY state=target_rejected run_id=native-20260731-c8-full28 client=i5 action=none detail=sequence=79_target_error_mm=47145_native_fallback=false
[Info   :ComfyNetworkSense] [07/31/2026 07:05:12] MOTION_AUTHORITY state=target_rejected run_id=native-20260731-c8-full28 client=i5 action=none detail=sequence=80_target_error_mm=47142_native_fallback=false
[Info   :ComfyNetworkSense] [07/31/2026 07:05:12] MOTION_AUTHORITY state=target_rejected run_id=native-20260731-c8-full28 client=i5 action=none detail=sequence=80_target_error_mm=47148_native_fallback=false
[Info   :ComfyNetworkSense] [07/31/2026 07:05:12] MOTION_AUTHORITY state=target_rejected run_id=native-20260731-c8-full28 client=i5 action=none detail=sequence=80_target_error_mm=47154_native_fallback=false
[Info   :ComfyNetworkSense] [07/31/2026 07:05:12] MOTION_AUTHORITY state=target_rejected run_id=native-20260731-c8-full28 client=i5 action=none detail=sequence=81_target_error_mm=47171_native_fallback=false
[Info   :ComfyNetworkSense] [07/31/2026 07:05:12] MOTION_AUTHORITY state=target_rejected run_id=native-20260731-c8-full28 client=i5 action=none detail=sequence=81_target_error_mm=47177_native_fallback=false
[Info   :ComfyNetworkSense] [07/31/2026 07:05:12] MOTION_AUTHORITY state=target_rejected run_id=native-20260731-c8-full28 client=i5 action=none detail=sequence=81_target_error_mm=47184_native_fallback=false
[Info   :ComfyNetworkSense] [07/31/2026 07:05:12] MOTION_AUTHORITY state=target_rejected run_id=native-20260731-c8-full28 client=i5 action=none detail=sequence=81_target_error_mm=47190_native_fallback=false
[Info   :ComfyNetworkSense] [07/31/2026 07:05:12] MOTION_AUTHORITY state=target_rejected run_id=native-20260731-c8-full28 client=i5 action=none detail=sequence=82_target_error_mm=47197_native_fallback=false
[Info   :ComfyNetworkSense] [07/31/2026 07:05:12] MOTION_AUTHORITY state=target_rejected run_id=native-20260731-c8-full28 client=i5 action=none detail=sequence=82_target_error_mm=47203_native_fallback=false
[Info   :ComfyNetworkSense] [07/31/2026 07:05:12] MOTION_AUTHORITY state=target_rejected run_id=native-20260731-c8-full28 client=i5 action=none detail=sequence=82_target_error_mm=47210_native_fallback=false
[Info   :ComfyNetworkSense] [07/31/2026 07:05:12] MOTION_AUTHORITY state=target_rejected run_id=native-20260731-c8-full28 client=i5 action=none detail=sequence=83_target_error_mm=47206_native_fallback=false
[Info   :ComfyNetworkSense] [07/31/2026 07:05:12] MOTION_AUTHORITY state=target_rejected run_id=native-20260731-c8-full28 client=i5 action=none detail=sequence=83_target_error_mm=47212_native_fallback=false
[Info   :ComfyNetworkSense] [07/31/2026 07:05:12] MOTION_AUTHORITY state=target_rejected run_id=native-20260731-c8-full28 client=i5 action=none detail=sequence=83_target_error_mm=47219_native_fallback=false
[Info   :ComfyNetworkSense] [07/31/2026 07:05:12] MOTION_AUTHORITY state=target_rejected run_id=native-20260731-c8-full28 client=i5 action=none detail=sequence=83_target_error_mm=47225_native_fallback=false
[Info   :ComfyNetworkSense] [07/31/2026 07:05:12] MOTION_AUTHORITY state=target_rejected run_id=native-20260731-c8-full28 client=i5 action=none detail=sequence=84_target_error_mm=47241_native_fallback=false
[Info   :ComfyNetworkSense] [07/31/2026 07:05:12] MOTION_AUTHORITY state=target_rejected run_id=native-20260731-c8-full28 client=i5 action=none detail=sequence=84_target_error_mm=47248_native_fallback=false
[Info   :ComfyNetworkSense] [07/31/2026 07:05:12] MOTION_AUTHORITY state=target_rejected run_id=native-20260731-c8-full28 client=i5 action=none detail=sequence=84_target_error_mm=47254_native_fallback=false
[Info   :ComfyNetworkSense] [07/31/2026 07:05:12] MOTION_AUTHORITY state=target_rejected run_id=native-20260731-c8-full28 client=i5 action=none detail=sequence=85_target_error_mm=47250_native_fallback=false
[Info   :ComfyNetworkSense] [07/31/2026 07:05:12] MOTION_AUTHORITY state=target_rejected run_id=native-20260731-c8-full28 client=i5 action=none detail=sequence=85_target_error_mm=47257_native_fallback=false
[Info   :ComfyNetworkSense] [07/31/2026 07:05:12] MOTION_AUTHORITY state=target_rejected run_id=native-20260731-c8-full28 client=i5 action=none detail=sequence=85_target_error_mm=47263_native_fallback=false
[Info   :ComfyNetworkSense] [07/31/2026 07:05:12] MOTION_AUTHORITY state=target_rejected run_id=native-20260731-c8-full28 client=i5 action=none detail=sequence=86_target_error_mm=47279_native_fallback=false
[Info   :ComfyNetworkSense] [07/31/2026 07:05:12] MOTION_AUTHORITY state=target_rejected run_id=native-20260731-c8-full28 client=i5 action=none detail=sequence=86_target_error_mm=47286_native_fallback=false
[Info   :ComfyNetworkSense] [07/31/2026 07:05:12] MOTION_AUTHORITY state=target_rejected run_id=native-20260731-c8-full28 client=i5 action=none detail=sequence=86_target_error_mm=47292_native_fallback=false
[Info   :ComfyNetworkSense] [07/31/2026 07:05:12] CUTOVER_SCENARIO state=completed run_id=native-20260731-c8-full28 client=i5 action=i5-settle detail=wait_elapsed
[Info   :ComfyNetworkSense] [07/31/2026 07:05:12] MOTION_AUTHORITY state=target_rejected run_id=native-20260731-c8-full28 client=i5 action=none detail=sequence=87_target_error_mm=47299_native_fallback=false
[Info   :ComfyNetworkSense] [07/31/2026 07:05:12] CUTOVER_SCENARIO state=action_started run_id=native-20260731-c8-full28 client=i5 action=i5-c8-safe-origin detail=kind=teleport_to
[Info   :ComfyNetworkSense] [07/31/2026 07:05:12] CUTOVER_SCENARIO state=teleport_safeguard_enabled run_id=native-20260731-c8-full28 client=i5 action=i5-c8-safe-origin detail=god=True_fly=False_dead=False
[Info   :ComfyNetworkSense] [07/31/2026 07:05:12] CUTOVER_SCENARIO state=coordinate_teleport_started run_id=native-20260731-c8-full28 client=i5 action=i5-c8-safe-origin detail=target=2211,80,-69
[Info   :ComfyNetworkSense] [07/31/2026 07:05:12] MOTION_AUTHORITY state=target_rejected run_id=native-20260731-c8-full28 client=i5 action=none detail=sequence=87_target_error_mm=47306_native_fallback=false
[Info   :ComfyNetworkSense] [07/31/2026 07:05:12] MOTION_AUTHORITY state=target_rejected run_id=native-20260731-c8-full28 client=i5 action=none detail=sequence=87_target_error_mm=47311_native_fallback=false
[Info   :ComfyNetworkSense] [07/31/2026 07:05:12] MOTION_AUTHORITY state=target_rejected run_id=native-20260731-c8-full28 client=i5 action=none detail=sequence=87_target_error_mm=47319_native_fallback=false
[Info   :ComfyNetworkSense] [07/31/2026 07:05:12] MOTION_AUTHORITY state=target_rejected run_id=native-20260731-c8-full28 client=i5 action=none detail=sequence=88_target_error_mm=47314_native_fallback=false
[Info   :ComfyNetworkSense] [07/31/2026 07:05:12] MOTION_AUTHORITY state=target_rejected run_id=native-20260731-c8-full28 client=i5 action=none detail=sequence=88_target_error_mm=47321_native_fallback=false
[Info   :ComfyNetworkSense] [07/31/2026 07:05:12] MOTION_AUTHORITY state=target_rejected run_id=native-20260731-c8-full28 client=i5 action=none detail=sequence=88_target_error_mm=47327_native_fallback=false
[Warning:ComfyNetworkSense] [07/31/2026 07:05:12] Authoritative consumer telemetry failed: TimeoutException: connect timeout to 8.231.129.249:42317
[Info   :ComfyNetworkSense] [07/31/2026 07:05:12] MOTION_AUTHORITY state=target_rejected run_id=native-20260731-c8-full28 client=i5 action=none detail=sequence=89_target_error_mm=47344_native_fallback=false
[Info   :ComfyNetworkSense] [07/31/2026 07:05:12] MOTION_AUTHORITY state=target_rejected run_id=native-20260731-c8-full28 client=i5 action=none detail=sequence=89_target_error_mm=47350_native_fallback=false
[Info   :ComfyNetworkSense] [07/31/2026 07:05:12] MOTION_AUTHORITY state=target_rejected run_id=native-20260731-c8-full28 client=i5 action=none detail=sequence=89_target_error_mm=47357_native_fallback=false
[Info   :ComfyNetworkSense] [07/31/2026 07:05:12] MOTION_AUTHORITY state=target_rejected run_id=native-20260731-c8-full28 client=i5 action=none detail=sequence=90_target_error_mm=47363_native_fallback=false
[Info   :ComfyNetworkSense] [07/31/2026 07:05:12] MOTION_AUTHORITY state=target_rejected run_id=native-20260731-c8-full28 client=i5 action=none detail=sequence=90_target_error_mm=47369_native_fallback=false
[Info   :ComfyNetworkSense] [07/31/2026 07:05:12] MOTION_AUTHORITY state=target_rejected run_id=native-20260731-c8-full28 client=i5 action=none detail=sequence=90_target_error_mm=47376_native_fallback=false
[Info   :ComfyNetworkSense] [07/31/2026 07:05:12] MOTION_AUTHORITY state=target_rejected run_id=native-20260731-c8-full28 client=i5 action=none detail=sequence=91_target_error_mm=47372_native_fallback=false
[Info   :ComfyNetworkSense] [07/31/2026 07:05:12] MOTION_AUTHORITY state=target_rejected run_id=native-20260731-c8-full28 client=i5 action=none detail=sequence=91_target_error_mm=47379_native_fallback=false
[Info   :ComfyNetworkSense] [07/31/2026 07:05:12] MOTION_AUTHORITY state=target_rejected run_id=native-20260731-c8-full28 client=i5 action=none detail=sequence=91_target_error_mm=47385_native_fallback=false
[Info   :ComfyNetworkSense] [07/31/2026 07:05:12] MOTION_AUTHORITY state=target_rejected run_id=native-20260731-c8-full28 client=i5 action=none detail=sequence=92_target_error_mm=47402_native_fallback=false
[Info   :ComfyNetworkSense] [07/31/2026 07:05:12] MOTION_AUTHORITY state=target_rejected run_id=native-20260731-c8-full28 client=i5 action=none detail=sequence=92_target_error_mm=47408_native_fallback=false
[Info   :ComfyNetworkSense] [07/31/2026 07:05:12] MOTION_AUTHORITY state=target_rejected run_id=native-20260731-c8-full28 client=i5 action=none detail=sequence=92_target_error_mm=47414_native_fallback=false
[Info   :ComfyNetworkSense] [07/31/2026 07:05:12] MOTION_AUTHORITY state=target_rejected run_id=native-20260731-c8-full28 client=i5 action=none detail=sequence=92_target_error_mm=47421_native_fallback=false
[Info   :ComfyNetworkSense] [07/31/2026 07:05:12] MOTION_AUTHORITY state=target_rejected run_id=native-20260731-c8-full28 client=i5 action=none detail=sequence=93_target_error_mm=47427_native_fallback=false
[Info   :ComfyNetworkSense] [07/31/2026 07:05:12] MOTION_AUTHORITY state=target_rejected run_id=native-20260731-c8-full28 client=i5 action=none detail=sequence=93_target_error_mm=47433_native_fallback=false
[Info   :ComfyNetworkSense] [07/31/2026 07:05:12] MOTION_AUTHORITY state=target_rejected run_id=native-20260731-c8-full28 client=i5 action=none detail=sequence=93_target_error_mm=47440_native_fallback=false
[Info   :ComfyNetworkSense] [07/31/2026 07:05:12] MOTION_AUTHORITY state=target_rejected run_id=native-20260731-c8-full28 client=i5 action=none detail=sequence=93_target_error_mm=47446_native_fallback=false
[Info   :ComfyNetworkSense] [07/31/2026 07:05:12] MOTION_AUTHORITY state=target_rejected run_id=native-20260731-c8-full28 client=i5 action=none detail=sequence=93_target_error_mm=47452_native_fallback=false
[Info   :ComfyNetworkSense] [07/31/2026 07:05:12] MOTION_AUTHORITY state=target_rejected run_id=native-20260731-c8-full28 client=i5 action=none detail=sequence=94_target_error_mm=47449_native_fallback=false
[Info   :ComfyNetworkSense] [07/31/2026 07:05:12] MOTION_AUTHORITY state=target_rejected run_id=native-20260731-c8-full28 client=i5 action=none detail=sequence=95_target_error_mm=47465_native_fallback=false
[Info   :ComfyNetworkSense] [07/31/2026 07:05:12] MOTION_AUTHORITY state=target_rejected run_id=native-20260731-c8-full28 client=i5 action=none detail=sequence=95_target_error_mm=47472_native_fallback=false
[Info   :ComfyNetworkSense] [07/31/2026 07:05:12] MOTION_AUTHORITY state=target_rejected run_id=native-20260731-c8-full28 client=i5 action=none detail=sequence=95_target_error_mm=47478_native_fallback=false
[Info   :ComfyNetworkSense] [07/31/2026 07:05:13] MOTION_AUTHORITY state=target_rejected run_id=native-20260731-c8-full28 client=i5 action=none detail=sequence=96_target_error_mm=47475_native_fallback=false
[Info   :ComfyNetworkSense] [07/31/2026 07:05:13] MOTION_AUTHORITY state=target_rejected run_id=native-20260731-c8-full28 client=i5 action=none detail=sequence=96_target_error_mm=47482_native_fallback=false
[Info   :ComfyNetworkSense] [07/31/2026 07:05:13] MOTION_AUTHORITY state=target_rejected run_id=native-20260731-c8-full28 client=i5 action=none detail=sequence=96_target_error_mm=47487_native_fallback=false
[Info   :ComfyNetworkSense] [07/31/2026 07:05:13] MOTION_AUTHORITY state=target_rejected run_id=native-20260731-c8-full28 client=i5 action=none detail=sequence=96_target_error_mm=47493_native_fallback=false
[Info   :ComfyNetworkSense] [07/31/2026 07:05:13] MOTION_AUTHORITY state=target_rejected run_id=native-20260731-c8-full28 client=i5 action=none detail=sequence=96_target_error_mm=47499_native_fallback=false
[Info   :ComfyNetworkSense] [07/31/2026 07:05:13] MOTION_AUTHORITY state=target_rejected run_id=native-20260731-c8-full28 client=i5 action=none detail=sequence=97_target_error_mm=47516_native_fallback=false
[Info   :ComfyNetworkSense] [07/31/2026 07:05:13] MOTION_AUTHORITY state=target_rejected run_id=native-20260731-c8-full28 client=i5 action=none detail=sequence=97_target_error_mm=47522_native_fallback=false
[Info   :ComfyNetworkSense] [07/31/2026 07:05:13] MOTION_AUTHORITY state=target_rejected run_id=native-20260731-c8-full28 client=i5 action=none detail=sequence=97_target_error_mm=47528_native_fallback=false
[Info   :ComfyNetworkSense] [07/31/2026 07:05:13] MOTION_AUTHORITY state=target_rejected run_id=native-20260731-c8-full28 client=i5 action=none detail=sequence=98_target_error_mm=47535_native_fallback=false
[Info   :ComfyNetworkSense] [07/31/2026 07:05:13] MOTION_AUTHORITY state=target_rejected run_id=native-20260731-c8-full28 client=i5 action=none detail=sequence=98_target_error_mm=47541_native_fallback=false
[Info   :ComfyNetworkSense] [07/31/2026 07:05:13] MOTION_AUTHORITY state=target_rejected run_id=native-20260731-c8-full28 client=i5 action=none detail=sequence=98_target_error_mm=47547_native_fallback=false
[Info   :ComfyNetworkSense] [07/31/2026 07:05:13] MOTION_AUTHORITY state=target_rejected run_id=native-20260731-c8-full28 client=i5 action=none detail=sequence=99_target_error_mm=47544_native_fallback=false
[Info   :ComfyNetworkSense] [07/31/2026 07:05:13] MOTION_AUTHORITY state=target_rejected run_id=native-20260731-c8-full28 client=i5 action=none detail=sequence=99_target_error_mm=47550_native_fallback=false
[Info   :ComfyNetworkSense] [07/31/2026 07:05:13] MOTION_AUTHORITY state=target_rejected run_id=native-20260731-c8-full28 client=i5 action=none detail=sequence=99_target_error_mm=47557_native_fallback=false
[Info   :ComfyNetworkSense] [07/31/2026 07:05:13] MOTION_AUTHORITY state=target_rejected run_id=native-20260731-c8-full28 client=i5 action=none detail=sequence=100_target_error_mm=47573_native_fallback=false
[Info   :ComfyNetworkSense] [07/31/2026 07:05:13] MOTION_AUTHORITY state=target_rejected run_id=native-20260731-c8-full28 client=i5 action=none detail=sequence=100_target_error_mm=47579_native_fallback=false
[Info   :ComfyNetworkSense] [07/31/2026 07:05:13] MOTION_AUTHORITY state=target_rejected run_id=native-20260731-c8-full28 client=i5 action=none detail=sequence=100_target_error_mm=47586_native_fallback=false
[Info   :ComfyNetworkSense] [07/31/2026 07:05:13] MOTION_AUTHORITY state=target_rejected run_id=native-20260731-c8-full28 client=i5 action=none detail=sequence=101_target_error_mm=47592_native_fallback=false
[Info   :ComfyNetworkSense] [07/31/2026 07:05:13] MOTION_AUTHORITY state=native_transform_writer_suppressed run_id=native-20260731-c8-full28 client=i5 action=none detail=count=256_writer=ZSyncTransform.CustomFixedUpdate
[Info   :ComfyNetworkSense] [07/31/2026 07:05:13] MOTION_AUTHORITY state=target_rejected run_id=native-20260731-c8-full28 client=i5 action=none detail=sequence=101_target_error_mm=47598_native_fallback=false
[Info   :ComfyNetworkSense] [07/31/2026 07:05:13] MOTION_AUTHORITY state=target_rejected run_id=native-20260731-c8-full28 client=i5 action=none detail=sequence=101_target_error_mm=47605_native_fallback=false
[Info   :ComfyNetworkSense] [07/31/2026 07:05:13] MOTION_AUTHORITY state=target_rejected run_id=native-20260731-c8-full28 client=i5 action=none detail=sequence=101_target_error_mm=47611_native_fallback=false
[Info   :ComfyNetworkSense] [07/31/2026 07:05:13] MOTION_AUTHORITY state=target_rejected run_id=native-20260731-c8-full28 client=i5 action=none detail=sequence=102_target_error_mm=47608_native_fallback=false
[Info   :ComfyNetworkSense] [07/31/2026 07:05:13] MOTION_AUTHORITY state=target_rejected run_id=native-20260731-c8-full28 client=i5 action=none detail=sequence=102_target_error_mm=47614_native_fallback=false
[Info   :ComfyNetworkSense] [07/31/2026 07:05:13] MOTION_AUTHORITY state=target_rejected run_id=native-20260731-c8-full28 client=i5 action=none detail=sequence=102_target_error_mm=47621_native_fallback=false
[Info   :ComfyNetworkSense] [07/31/2026 07:05:13] MOTION_AUTHORITY state=target_rejected run_id=native-20260731-c8-full28 client=i5 action=none detail=sequence=103_target_error_mm=47638_native_fallback=false
[Info   :ComfyNetworkSense] [07/31/2026 07:05:13] MOTION_AUTHORITY state=target_rejected run_id=native-20260731-c8-full28 client=i5 action=none detail=sequence=103_target_error_mm=47644_native_fallback=false
[Info   :ComfyNetworkSense] [07/31/2026 07:05:13] MOTION_AUTHORITY state=target_rejected run_id=native-20260731-c8-full28 client=i5 action=none detail=sequence=103_target_error_mm=47649_native_fallback=false
[Info   :ComfyNetworkSense] [07/31/2026 07:05:13] MOTION_AUTHORITY state=target_rejected run_id=native-20260731-c8-full28 client=i5 action=none detail=sequence=103_target_error_mm=47656_native_fallback=false
[Info   :ComfyNetworkSense] [07/31/2026 07:05:13] MOTION_AUTHORITY state=target_rejected run_id=native-20260731-c8-full28 client=i5 action=none detail=sequence=104_target_error_mm=47662_native_fallback=false
[Info   :ComfyNetworkSense] [07/31/2026 07:05:13] MOTION_AUTHORITY state=target_rejected run_id=native-20260731-c8-full28 client=i5 action=none detail=sequence=104_target_error_mm=47669_native_fallback=false
[Info   :ComfyNetworkSense] [07/31/2026 07:05:13] MOTION_AUTHORITY state=target_rejected run_id=native-20260731-c8-full28 client=i5 action=none detail=sequence=105_target_error_mm=47665_native_fallback=false
[Info   :ComfyNetworkSense] [07/31/2026 07:05:13] MOTION_AUTHORITY state=target_rejected run_id=native-20260731-c8-full28 client=i5 action=none detail=sequence=105_target_error_mm=47672_native_fallback=false
[Info   :ComfyNetworkSense] [07/31/2026 07:05:13] MOTION_AUTHORITY state=target_rejected run_id=native-20260731-c8-full28 client=i5 action=none detail=sequence=105_target_error_mm=47678_native_fallback=false
[Info   :ComfyNetworkSense] [07/31/2026 07:05:13] LOGICAL_PEER_CUTOVER state=logical_native_invoke_suppressed run_id=native-20260731-c8-full28 detail=count=64_method=ZDOData_semantic_fallback=false
[Info   :ComfyNetworkSense] [07/31/2026 07:05:13] MOTION_AUTHORITY state=target_rejected run_id=native-20260731-c8-full28 client=i5 action=none detail=sequence=105_target_error_mm=47685_native_fallback=false
[Info   :ComfyNetworkSense] [07/31/2026 07:05:13] MOTION_AUTHORITY state=target_rejected run_id=native-20260731-c8-full28 client=i5 action=none detail=sequence=106_target_error_mm=47701_native_fallback=false
[Info   :ComfyNetworkSense] [07/31/2026 07:05:13] MOTION_AUTHORITY state=target_rejected run_id=native-20260731-c8-full28 client=i5 action=none detail=sequence=106_target_error_mm=47707_native_fallback=false
[Info   :ComfyNetworkSense] [07/31/2026 07:05:13] MOTION_AUTHORITY state=target_rejected run_id=native-20260731-c8-full28 client=i5 action=none detail=sequence=106_target_error_mm=47714_native_fallback=false
[Info   :ComfyNetworkSense] [07/31/2026 07:05:13] MOTION_AUTHORITY state=target_rejected run_id=native-20260731-c8-full28 client=i5 action=none detail=sequence=107_target_error_mm=47720_native_fallback=false
[Info   :ComfyNetworkSense] [07/31/2026 07:05:13] MOTION_AUTHORITY state=target_rejected run_id=native-20260731-c8-full28 client=i5 action=none detail=sequence=107_target_error_mm=47726_native_fallback=false
[Info   :ComfyNetworkSense] [07/31/2026 07:05:13] MOTION_AUTHORITY state=target_rejected run_id=native-20260731-c8-full28 client=i5 action=none detail=sequence=107_target_error_mm=47733_native_fallback=false
[Info   :ComfyNetworkSense] [07/31/2026 07:05:13] MOTION_AUTHORITY state=target_rejected run_id=native-20260731-c8-full28 client=i5 action=none detail=sequence=108_target_error_mm=47729_native_fallback=false
[Info   :ComfyNetworkSense] [07/31/2026 07:05:13] MOTION_AUTHORITY state=target_rejected run_id=native-20260731-c8-full28 client=i5 action=none detail=sequence=108_target_error_mm=47736_native_fallback=false
[Info   :ComfyNetworkSense] [07/31/2026 07:05:13] MOTION_AUTHORITY state=target_rejected run_id=native-20260731-c8-full28 client=i5 action=none detail=sequence=108_target_error_mm=47742_native_fallback=false
[Info   :ComfyNetworkSense] [07/31/2026 07:05:13] MOTION_AUTHORITY state=target_rejected run_id=native-20260731-c8-full28 client=i5 action=none detail=sequence=108_target_error_mm=47748_native_fallback=false
[Info   :ComfyNetworkSense] [07/31/2026 07:05:13] MOTION_AUTHORITY state=target_rejected run_id=native-20260731-c8-full28 client=i5 action=none detail=sequence=109_target_error_mm=47765_native_fallback=false
[Info   :ComfyNetworkSense] [07/31/2026 07:05:13] MOTION_AUTHORITY state=target_rejected run_id=native-20260731-c8-full28 client=i5 action=none detail=sequence=109_target_error_mm=47771_native_fallback=false
[Info   :ComfyNetworkSense] [07/31/2026 07:05:13] MOTION_AUTHORITY state=target_rejected run_id=native-20260731-c8-full28 client=i5 action=none detail=sequence=109_target_error_mm=47777_native_fallback=false
[Info   :ComfyNetworkSense] [07/31/2026 07:05:13] MOTION_AUTHORITY state=target_rejected run_id=native-20260731-c8-full28 client=i5 action=none detail=sequence=110_target_error_mm=47774_native_fallback=false
[Info   :ComfyNetworkSense] [07/31/2026 07:05:13] MOTION_AUTHORITY state=target_rejected run_id=native-20260731-c8-full28 client=i5 action=none detail=sequence=110_target_error_mm=47780_native_fallback=false
[Info   :ComfyNetworkSense] [07/31/2026 07:05:13] MOTION_AUTHORITY state=target_rejected run_id=native-20260731-c8-full28 client=i5 action=none detail=sequence=110_target_error_mm=47787_native_fallback=false
[Info   :ComfyNetworkSense] [07/31/2026 07:05:13] MOTION_AUTHORITY state=target_rejected run_id=native-20260731-c8-full28 client=i5 action=none detail=sequence=111_target_error_mm=47793_native_fallback=false
[Info   :ComfyNetworkSense] [07/31/2026 07:05:13] MOTION_AUTHORITY state=target_rejected run_id=native-20260731-c8-full28 client=i5 action=none detail=sequence=111_target_error_mm=47800_native_fallback=false
[Info   :ComfyNetworkSense] [07/31/2026 07:05:13] MOTION_AUTHORITY state=target_rejected run_id=native-20260731-c8-full28 client=i5 action=none detail=sequence=111_target_error_mm=47805_native_fallback=false
[Info   :ComfyNetworkSense] [07/31/2026 07:05:13] MOTION_AUTHORITY state=target_rejected run_id=native-20260731-c8-full28 client=i5 action=none detail=sequence=111_target_error_mm=47812_native_fallback=false
[Info   :ComfyNetworkSense] [07/31/2026 07:05:13] MOTION_AUTHORITY state=target_rejected run_id=native-20260731-c8-full28 client=i5 action=none detail=sequence=112_target_error_mm=47828_native_fallback=false
[Info   :ComfyNetworkSense] [07/31/2026 07:05:13] MOTION_AUTHORITY state=target_rejected run_id=native-20260731-c8-full28 client=i5 action=none detail=sequence=112_target_error_mm=47834_native_fallback=false
[Info   :ComfyNetworkSense] [07/31/2026 07:05:13] MOTION_AUTHORITY state=target_rejected run_id=native-20260731-c8-full28 client=i5 action=none detail=sequence=112_target_error_mm=47841_native_fallback=false
[Info   :ComfyNetworkSense] [07/31/2026 07:05:13] MOTION_AUTHORITY state=target_rejected run_id=native-20260731-c8-full28 client=i5 action=none detail=sequence=113_target_error_mm=47837_native_fallback=false
[Info   :ComfyNetworkSense] [07/31/2026 07:05:13] MOTION_AUTHORITY state=target_rejected run_id=native-20260731-c8-full28 client=i5 action=none detail=sequence=113_target_error_mm=47844_native_fallback=false
[Info   :ComfyNetworkSense] [07/31/2026 07:05:13] MOTION_AUTHORITY state=target_rejected run_id=native-20260731-c8-full28 client=i5 action=none detail=sequence=113_target_error_mm=47850_native_fallback=false
[Info   :ComfyNetworkSense] [07/31/2026 07:05:13] MOTION_AUTHORITY state=target_rejected run_id=native-20260731-c8-full28 client=i5 action=none detail=sequence=113_target_error_mm=47856_native_fallback=false
[Info   :ComfyNetworkSense] [07/31/2026 07:05:13] MOTION_AUTHORITY state=target_rejected run_id=native-20260731-c8-full28 client=i5 action=none detail=sequence=114_target_error_mm=47873_native_fallback=false
[Info   :ComfyNetworkSense] [07/31/2026 07:05:13] MOTION_AUTHORITY state=target_rejected run_id=native-20260731-c8-full28 client=i5 action=none detail=sequence=114_target_error_mm=47879_native_fallback=false
[Info   :ComfyNetworkSense] [07/31/2026 07:05:14] MOTION_AUTHORITY state=target_rejected run_id=native-20260731-c8-full28 client=i5 action=none detail=sequence=114_target_error_mm=47885_native_fallback=false
[Info   :ComfyNetworkSense] [07/31/2026 07:05:14] MOTION_AUTHORITY state=target_rejected run_id=native-20260731-c8-full28 client=i5 action=none detail=sequence=115_target_error_mm=47892_native_fallback=false
[Info   :ComfyNetworkSense] [07/31/2026 07:05:14] MOTION_AUTHORITY state=target_rejected run_id=native-20260731-c8-full28 client=i5 action=none detail=sequence=115_target_error_mm=47898_native_fallback=false
[Info   :ComfyNetworkSense] [07/31/2026 07:05:14] MOTION_AUTHORITY state=target_rejected run_id=native-20260731-c8-full28 client=i5 action=none detail=sequence=115_target_error_mm=47905_native_fallback=false
[Info   :ComfyNetworkSense] [07/31/2026 07:05:14] MOTION_AUTHORITY state=target_rejected run_id=native-20260731-c8-full28 client=i5 action=none detail=sequence=116_target_error_mm=47901_native_fallback=false
[Info   :ComfyNetworkSense] [07/31/2026 07:05:14] MOTION_AUTHORITY state=target_rejected run_id=native-20260731-c8-full28 client=i5 action=none detail=sequence=116_target_error_mm=47907_native_fallback=false
[Info   :ComfyNetworkSense] [07/31/2026 07:05:14] MOTION_AUTHORITY state=target_rejected run_id=native-20260731-c8-full28 client=i5 action=none detail=sequence=116_target_error_mm=47914_native_fallback=false
[Info   :ComfyNetworkSense] [07/31/2026 07:05:14] MOTION_AUTHORITY state=target_rejected run_id=native-20260731-c8-full28 client=i5 action=none detail=sequence=117_target_error_mm=47930_native_fallback=false
[Info   :ComfyNetworkSense] [07/31/2026 07:05:14] MOTION_AUTHORITY state=target_rejected run_id=native-20260731-c8-full28 client=i5 action=none detail=sequence=117_target_error_mm=47936_native_fallback=false
[Info   :ComfyNetworkSense] [07/31/2026 07:05:14] MOTION_AUTHORITY state=target_rejected run_id=native-20260731-c8-full28 client=i5 action=none detail=sequence=117_target_error_mm=47943_native_fallback=false
[Info   :ComfyNetworkSense] [07/31/2026 07:05:14] MOTION_AUTHORITY state=target_rejected run_id=native-20260731-c8-full28 client=i5 action=none detail=sequence=117_target_error_mm=47949_native_fallback=false
[Info   :ComfyNetworkSense] [07/31/2026 07:05:14] MOTION_AUTHORITY state=target_rejected run_id=native-20260731-c8-full28 client=i5 action=none detail=sequence=118_target_error_mm=47956_native_fallback=false
[Info   :ComfyNetworkSense] [07/31/2026 07:05:14] MOTION_AUTHORITY state=target_rejected run_id=native-20260731-c8-full28 client=i5 action=none detail=sequence=118_target_error_mm=47963_native_fallback=false
[Info   :ComfyNetworkSense] [07/31/2026 07:05:14] MOTION_AUTHORITY state=target_rejected run_id=native-20260731-c8-full28 client=i5 action=none detail=sequence=118_target_error_mm=47969_native_fallback=false
[Info   :ComfyNetworkSense] [07/31/2026 07:05:14] MOTION_AUTHORITY state=target_rejected run_id=native-20260731-c8-full28 client=i5 action=none detail=sequence=119_target_error_mm=47964_native_fallback=false
[Info   :ComfyNetworkSense] [07/31/2026 07:05:14] MOTION_AUTHORITY state=target_rejected run_id=native-20260731-c8-full28 client=i5 action=none detail=sequence=119_target_error_mm=47971_native_fallback=false
[Info   :ComfyNetworkSense] [07/31/2026 07:05:14] MOTION_AUTHORITY state=target_rejected run_id=native-20260731-c8-full28 client=i5 action=none detail=sequence=119_target_error_mm=47977_native_fallback=false
[Info   :ComfyNetworkSense] [07/31/2026 07:05:14] MOTION_AUTHORITY state=target_rejected run_id=native-20260731-c8-full28 client=i5 action=none detail=sequence=120_target_error_mm=47994_native_fallback=false
[Info   :ComfyNetworkSense] [07/31/2026 07:05:14] MOTION_AUTHORITY state=target_rejected run_id=native-20260731-c8-full28 client=i5 action=none detail=sequence=120_target_error_mm=48000_native_fallback=false
[Info   :ComfyNetworkSense] [07/31/2026 07:05:14] MOTION_AUTHORITY state=target_rejected run_id=native-20260731-c8-full28 client=i5 action=none detail=sequence=120_target_error_mm=48006_native_fallback=false
[Info   :ComfyNetworkSense] [07/31/2026 07:05:14] MOTION_AUTHORITY state=target_rejected run_id=native-20260731-c8-full28 client=i5 action=none detail=sequence=121_target_error_mm=48003_native_fallback=false
[Info   :ComfyNetworkSense] [07/31/2026 07:05:14] MOTION_AUTHORITY state=target_rejected run_id=native-20260731-c8-full28 client=i5 action=none detail=sequence=121_target_error_mm=48009_native_fallback=false
[Info   :ComfyNetworkSense] [07/31/2026 07:05:14] MOTION_AUTHORITY state=target_rejected run_id=native-20260731-c8-full28 client=i5 action=none detail=sequence=121_target_error_mm=48015_native_fallback=false
[Info   :ComfyNetworkSense] [07/31/2026 07:05:14] MOTION_AUTHORITY state=target_rejected run_id=native-20260731-c8-full28 client=i5 action=none detail=sequence=121_target_error_mm=48022_native_fallback=false
[Info   :ComfyNetworkSense] [07/31/2026 07:05:14] MOTION_AUTHORITY state=target_rejected run_id=native-20260731-c8-full28 client=i5 action=none detail=sequence=122_target_error_mm=48038_native_fallback=false
[Info   :ComfyNetworkSense] [07/31/2026 07:05:14] MOTION_AUTHORITY state=target_rejected run_id=native-20260731-c8-full28 client=i5 action=none detail=sequence=122_target_error_mm=48045_native_fallback=false
[Info   :ComfyNetworkSense] [07/31/2026 07:05:14] MOTION_AUTHORITY state=target_rejected run_id=native-20260731-c8-full28 client=i5 action=none detail=sequence=122_target_error_mm=48051_native_fallback=false
[Info   :ComfyNetworkSense] [07/31/2026 07:05:14] MOTION_AUTHORITY state=target_rejected run_id=native-20260731-c8-full28 client=i5 action=none detail=sequence=123_target_error_mm=48057_native_fallback=false
[Info   :ComfyNetworkSense] [07/31/2026 07:05:14] MOTION_AUTHORITY state=target_rejected run_id=native-20260731-c8-full28 client=i5 action=none detail=sequence=123_target_error_mm=48064_native_fallback=false
[Info   :ComfyNetworkSense] [07/31/2026 07:05:14] MOTION_AUTHORITY state=target_rejected run_id=native-20260731-c8-full28 client=i5 action=none detail=sequence=123_target_error_mm=48070_native_fallback=false
[Info   :ComfyNetworkSense] [07/31/2026 07:05:14] MOTION_AUTHORITY state=target_rejected run_id=native-20260731-c8-full28 client=i5 action=none detail=sequence=123_target_error_mm=48077_native_fallback=false
[Info   :ComfyNetworkSense] [07/31/2026 07:05:14] MOTION_AUTHORITY state=target_rejected run_id=native-20260731-c8-full28 client=i5 action=none detail=sequence=124_target_error_mm=48073_native_fallback=false
[Info   :ComfyNetworkSense] [07/31/2026 07:05:14] MOTION_AUTHORITY state=target_rejected run_id=native-20260731-c8-full28 client=i5 action=none detail=sequence=124_target_error_mm=48080_native_fallback=false
[Info   :ComfyNetworkSense] [07/31/2026 07:05:14] MOTION_AUTHORITY state=target_rejected run_id=native-20260731-c8-full28 client=i5 action=none detail=sequence=125_target_error_mm=48096_native_fallback=false
[Info   :ComfyNetworkSense] [07/31/2026 07:05:14] MOTION_AUTHORITY state=target_rejected run_id=native-20260731-c8-full28 client=i5 action=none detail=sequence=125_target_error_mm=48102_native_fallback=false
[Info   :ComfyNetworkSense] [07/31/2026 07:05:14] MOTION_AUTHORITY state=target_rejected run_id=native-20260731-c8-full28 client=i5 action=none detail=sequence=125_target_error_mm=48109_native_fallback=false
[Info   :ComfyNetworkSense] [07/31/2026 07:05:14] MOTION_AUTHORITY state=target_rejected run_id=native-20260731-c8-full28 client=i5 action=none detail=sequence=125_target_error_mm=48115_native_fallback=false
[Info   :ComfyNetworkSense] [07/31/2026 07:05:14] MOTION_AUTHORITY state=target_rejected run_id=native-20260731-c8-full28 client=i5 action=none detail=sequence=126_target_error_mm=48122_native_fallback=false
[Info   :ComfyNetworkSense] [07/31/2026 07:05:14] MOTION_AUTHORITY state=target_rejected run_id=native-20260731-c8-full28 client=i5 action=none detail=sequence=126_target_error_mm=48125_native_fallback=false
[Info   :ComfyNetworkSense] [07/31/2026 07:05:14] MOTION_AUTHORITY state=target_rejected run_id=native-20260731-c8-full28 client=i5 action=none detail=sequence=126_target_error_mm=48129_native_fallback=false
[Info   :ComfyNetworkSense] [07/31/2026 07:05:14] MOTION_AUTHORITY state=target_rejected run_id=native-20260731-c8-full28 client=i5 action=none detail=sequence=126_target_error_mm=48133_native_fallback=false
[Info   :ComfyNetworkSense] [07/31/2026 07:05:14] MOTION_AUTHORITY state=target_rejected run_id=native-20260731-c8-full28 client=i5 action=none detail=sequence=126_target_error_mm=48136_native_fallback=false
[Info   :ComfyNetworkSense] [07/31/2026 07:05:14] MOTION_AUTHORITY state=target_rejected run_id=native-20260731-c8-full28 client=i5 action=none detail=sequence=127_target_error_mm=48130_native_fallback=false
[Info   :ComfyNetworkSense] [07/31/2026 07:05:14] MOTION_AUTHORITY state=target_rejected run_id=native-20260731-c8-full28 client=i5 action=none detail=sequence=127_target_error_mm=48134_native_fallback=false
[Info   :ComfyNetworkSense] [07/31/2026 07:05:14] MOTION_AUTHORITY state=target_rejected run_id=native-20260731-c8-full28 client=i5 action=none detail=sequence=127_target_error_mm=48139_native_fallback=false
[Info   :ComfyNetworkSense] [07/31/2026 07:05:14] MOTION_AUTHORITY state=target_rejected run_id=native-20260731-c8-full28 client=i5 action=none detail=sequence=127_target_error_mm=48141_native_fallback=false
[Info   :ComfyNetworkSense] [07/31/2026 07:05:14] MOTION_AUTHORITY state=target_rejected run_id=native-20260731-c8-full28 client=i5 action=none detail=sequence=127_target_error_mm=48145_native_fallback=false
[Info   :ComfyNetworkSense] [07/31/2026 07:05:14] MOTION_AUTHORITY state=target_rejected run_id=native-20260731-c8-full28 client=i5 action=none detail=sequence=127_target_error_mm=48148_native_fallback=false
[Info   :ComfyNetworkSense] [07/31/2026 07:05:14] MOTION_AUTHORITY state=target_rejected run_id=native-20260731-c8-full28 client=i5 action=none detail=sequence=127_target_error_mm=48151_native_fallback=false
[Info   :ComfyNetworkSense] [07/31/2026 07:05:14] MOTION_AUTHORITY state=target_rejected run_id=native-20260731-c8-full28 client=i5 action=none detail=sequence=128_target_error_mm=48163_native_fallback=false
[Info   :ComfyNetworkSense] [07/31/2026 07:05:14] MOTION_AUTHORITY state=target_rejected run_id=native-20260731-c8-full28 client=i5 action=none detail=sequence=128_target_error_mm=48166_native_fallback=false
[Info   :ComfyNetworkSense] [07/31/2026 07:05:14] MOTION_AUTHORITY state=target_rejected run_id=native-20260731-c8-full28 client=i5 action=none detail=sequence=128_target_error_mm=48169_native_fallback=false
[Info   :ComfyNetworkSense] [07/31/2026 07:05:14] MOTION_AUTHORITY state=target_rejected run_id=native-20260731-c8-full28 client=i5 action=none detail=sequence=128_target_error_mm=48172_native_fallback=false
[Info   :ComfyNetworkSense] [07/31/2026 07:05:14] MOTION_AUTHORITY state=target_rejected run_id=native-20260731-c8-full28 client=i5 action=none detail=sequence=128_target_error_mm=48175_native_fallback=false
[Info   :ComfyNetworkSense] [07/31/2026 07:05:14] MOTION_AUTHORITY state=target_rejected run_id=native-20260731-c8-full28 client=i5 action=none detail=sequence=128_target_error_mm=48178_native_fallback=false
[Info   :ComfyNetworkSense] [07/31/2026 07:05:14] MOTION_AUTHORITY state=target_rejected run_id=native-20260731-c8-full28 client=i5 action=none detail=sequence=128_target_error_mm=48182_native_fallback=false
[Info   :ComfyNetworkSense] [07/31/2026 07:05:14] MOTION_AUTHORITY state=target_rejected run_id=native-20260731-c8-full28 client=i5 action=none detail=sequence=129_target_error_mm=48184_native_fallback=false
[Info   :ComfyNetworkSense] [07/31/2026 07:05:14] MOTION_AUTHORITY state=target_rejected run_id=native-20260731-c8-full28 client=i5 action=none detail=sequence=129_target_error_mm=48187_native_fallback=false
[Info   :ComfyNetworkSense] [07/31/2026 07:05:14] MOTION_AUTHORITY state=target_rejected run_id=native-20260731-c8-full28 client=i5 action=none detail=sequence=129_target_error_mm=48190_native_fallback=false
[Info   :ComfyNetworkSense] [07/31/2026 07:05:14] MOTION_AUTHORITY state=target_rejected run_id=native-20260731-c8-full28 client=i5 action=none detail=sequence=129_target_error_mm=48193_native_fallback=false
[Info   :ComfyNetworkSense] [07/31/2026 07:05:14] MOTION_AUTHORITY state=target_rejected run_id=native-20260731-c8-full28 client=i5 action=none detail=sequence=129_target_error_mm=48196_native_fallback=false
[Info   :ComfyNetworkSense] [07/31/2026 07:05:14] MOTION_AUTHORITY state=target_rejected run_id=native-20260731-c8-full28 client=i5 action=none detail=sequence=129_target_error_mm=48199_native_fallback=false
[Info   :ComfyNetworkSense] [07/31/2026 07:05:14] MOTION_AUTHORITY state=target_rejected run_id=native-20260731-c8-full28 client=i5 action=none detail=sequence=129_target_error_mm=48202_native_fallback=false
[Info   :ComfyNetworkSense] [07/31/2026 07:05:14] MOTION_AUTHORITY state=target_rejected run_id=native-20260731-c8-full28 client=i5 action=none detail=sequence=130_target_error_mm=48195_native_fallback=false
[Info   :ComfyNetworkSense] [07/31/2026 07:05:14] MOTION_AUTHORITY state=target_rejected run_id=native-20260731-c8-full28 client=i5 action=none detail=sequence=130_target_error_mm=48198_native_fallback=false
[Info   :ComfyNetworkSense] [07/31/2026 07:05:14] MOTION_AUTHORITY state=target_rejected run_id=native-20260731-c8-full28 client=i5 action=none detail=sequence=130_target_error_mm=48201_native_fallback=false
[Info   :ComfyNetworkSense] [07/31/2026 07:05:14] MOTION_AUTHORITY state=target_rejected run_id=native-20260731-c8-full28 client=i5 action=none detail=sequence=130_target_error_mm=48205_native_fallback=false
[Info   :ComfyNetworkSense] [07/31/2026 07:05:14] MOTION_AUTHORITY state=target_rejected run_id=native-20260731-c8-full28 client=i5 action=none detail=sequence=130_target_error_mm=48209_native_fallback=false
[Info   :ComfyNetworkSense] [07/31/2026 07:05:14] MOTION_AUTHORITY state=target_rejected run_id=native-20260731-c8-full28 client=i5 action=none detail=sequence=130_target_error_mm=48212_native_fallback=false
[Info   :ComfyNetworkSense] [07/31/2026 07:05:14] MOTION_AUTHORITY state=target_rejected run_id=native-20260731-c8-full28 client=i5 action=none detail=sequence=130_target_error_mm=48215_native_fallback=false
[Info   :ComfyNetworkSense] [07/31/2026 07:05:14] MOTION_AUTHORITY state=target_rejected run_id=native-20260731-c8-full28 client=i5 action=none detail=sequence=131_target_error_mm=48228_native_fallback=false
[Info   :ComfyNetworkSense] [07/31/2026 07:05:14] MOTION_AUTHORITY state=target_rejected run_id=native-20260731-c8-full28 client=i5 action=none detail=sequence=131_target_error_mm=48231_native_fallback=false
[Info   :ComfyNetworkSense] [07/31/2026 07:05:14] MOTION_AUTHORITY state=target_rejected run_id=native-20260731-c8-full28 client=i5 action=none detail=sequence=131_target_error_mm=48235_native_fallback=false
[Info   :ComfyNetworkSense] [07/31/2026 07:05:14] MOTION_AUTHORITY state=target_rejected run_id=native-20260731-c8-full28 client=i5 action=none detail=sequence=131_target_error_mm=48237_native_fallback=false
[Info   :ComfyNetworkSense] [07/31/2026 07:05:14] MOTION_AUTHORITY state=target_rejected run_id=native-20260731-c8-full28 client=i5 action=none detail=sequence=131_target_error_mm=48240_native_fallback=false
[Info   :ComfyNetworkSense] [07/31/2026 07:05:14] MOTION_AUTHORITY state=target_rejected run_id=native-20260731-c8-full28 client=i5 action=none detail=sequence=131_target_error_mm=48243_native_fallback=false
[Info   :ComfyNetworkSense] [07/31/2026 07:05:14] MOTION_AUTHORITY state=target_rejected run_id=native-20260731-c8-full28 client=i5 action=none detail=sequence=132_target_error_mm=48246_native_fallback=false
[Info   :ComfyNetworkSense] [07/31/2026 07:05:14] MOTION_AUTHORITY state=target_rejected run_id=native-20260731-c8-full28 client=i5 action=none detail=sequence=132_target_error_mm=48249_native_fallback=false
[Info   :ComfyNetworkSense] [07/31/2026 07:05:14] MOTION_AUTHORITY state=target_rejected run_id=native-20260731-c8-full28 client=i5 action=none detail=sequence=132_target_error_mm=48252_native_fallback=false
[Info   :ComfyNetworkSense] [07/31/2026 07:05:14] MOTION_AUTHORITY state=target_rejected run_id=native-20260731-c8-full28 client=i5 action=none detail=sequence=132_target_error_mm=48255_native_fallback=false
[Info   :ComfyNetworkSense] [07/31/2026 07:05:14] MOTION_AUTHORITY state=target_rejected run_id=native-20260731-c8-full28 client=i5 action=none detail=sequence=132_target_error_mm=48258_native_fallback=false
[Info   :ComfyNetworkSense] [07/31/2026 07:05:14] MOTION_AUTHORITY state=target_rejected run_id=native-20260731-c8-full28 client=i5 action=none detail=sequence=132_target_error_mm=48261_native_fallback=false
[Info   :ComfyNetworkSense] [07/31/2026 07:05:14] MOTION_AUTHORITY state=target_rejected run_id=native-20260731-c8-full28 client=i5 action=none detail=sequence=132_target_error_mm=48264_native_fallback=false
[Info   :ComfyNetworkSense] [07/31/2026 07:05:14] MOTION_AUTHORITY state=target_rejected run_id=native-20260731-c8-full28 client=i5 action=none detail=sequence=133_target_error_mm=48257_native_fallback=false
[Info   :ComfyNetworkSense] [07/31/2026 07:05:14] MOTION_AUTHORITY state=target_rejected run_id=native-20260731-c8-full28 client=i5 action=none detail=sequence=133_target_error_mm=48260_native_fallback=false
[Info   :ComfyNetworkSense] [07/31/2026 07:05:14] MOTION_AUTHORITY state=target_rejected run_id=native-20260731-c8-full28 client=i5 action=none detail=sequence=133_target_error_mm=48263_native_fallback=false
[Info   :ComfyNetworkSense] [07/31/2026 07:05:14] MOTION_AUTHORITY state=target_rejected run_id=native-20260731-c8-full28 client=i5 action=none detail=sequence=133_target_error_mm=48266_native_fallback=false
[Info   :ComfyNetworkSense] [07/31/2026 07:05:14] MOTION_AUTHORITY state=target_rejected run_id=native-20260731-c8-full28 client=i5 action=none detail=sequence=133_target_error_mm=48269_native_fallback=false
[Info   :ComfyNetworkSense] [07/31/2026 07:05:15] MOTION_AUTHORITY state=target_rejected run_id=native-20260731-c8-full28 client=i5 action=none detail=sequence=133_target_error_mm=48272_native_fallback=false
[Info   :ComfyNetworkSense] [07/31/2026 07:05:15] MOTION_AUTHORITY state=target_rejected run_id=native-20260731-c8-full28 client=i5 action=none detail=sequence=133_target_error_mm=48275_native_fallback=false
[Info   :ComfyNetworkSense] [07/31/2026 07:05:15] MOTION_AUTHORITY state=target_rejected run_id=native-20260731-c8-full28 client=i5 action=none detail=sequence=134_target_error_mm=48288_native_fallback=false
[Info   :ComfyNetworkSense] [07/31/2026 07:05:15] MOTION_AUTHORITY state=target_rejected run_id=native-20260731-c8-full28 client=i5 action=none detail=sequence=134_target_error_mm=48291_native_fallback=false
[Info   :ComfyNetworkSense] [07/31/2026 07:05:15] MOTION_AUTHORITY state=target_rejected run_id=native-20260731-c8-full28 client=i5 action=none detail=sequence=134_target_error_mm=48295_native_fallback=false
[Info   :ComfyNetworkSense] [07/31/2026 07:05:15] MOTION_AUTHORITY state=target_rejected run_id=native-20260731-c8-full28 client=i5 action=none detail=sequence=134_target_error_mm=48297_native_fallback=false
[Info   :ComfyNetworkSense] [07/31/2026 07:05:15] MOTION_AUTHORITY state=target_rejected run_id=native-20260731-c8-full28 client=i5 action=none detail=sequence=134_target_error_mm=48301_native_fallback=false
[Info   :ComfyNetworkSense] [07/31/2026 07:05:15] MOTION_AUTHORITY state=target_rejected run_id=native-20260731-c8-full28 client=i5 action=none detail=sequence=134_target_error_mm=48304_native_fallback=false
[Info   :ComfyNetworkSense] [07/31/2026 07:05:15] MOTION_AUTHORITY state=target_rejected run_id=native-20260731-c8-full28 client=i5 action=none detail=sequence=134_target_error_mm=48308_native_fallback=false
[Info   :ComfyNetworkSense] [07/31/2026 07:05:15] MOTION_AUTHORITY state=target_rejected run_id=native-20260731-c8-full28 client=i5 action=none detail=sequence=134_target_error_mm=48310_native_fallback=false
[Info   :ComfyNetworkSense] [07/31/2026 07:05:15] MOTION_AUTHORITY state=target_rejected run_id=native-20260731-c8-full28 client=i5 action=none detail=sequence=135_target_error_mm=48313_native_fallback=false
[Info   :ComfyNetworkSense] [07/31/2026 07:05:15] MOTION_AUTHORITY state=target_rejected run_id=native-20260731-c8-full28 client=i5 action=none detail=sequence=135_target_error_mm=48316_native_fallback=false
[Info   :ComfyNetworkSense] [07/31/2026 07:05:15] MOTION_AUTHORITY state=target_rejected run_id=native-20260731-c8-full28 client=i5 action=none detail=sequence=135_target_error_mm=48319_native_fallback=false
[Info   :ComfyNetworkSense] [07/31/2026 07:05:15] MOTION_AUTHORITY state=target_rejected run_id=native-20260731-c8-full28 client=i5 action=none detail=sequence=135_target_error_mm=48322_native_fallback=false
[Info   :ComfyNetworkSense] [07/31/2026 07:05:15] MOTION_AUTHORITY state=target_rejected run_id=native-20260731-c8-full28 client=i5 action=none detail=sequence=135_target_error_mm=48325_native_fallback=false
[Info   :ComfyNetworkSense] [07/31/2026 07:05:15] MOTION_AUTHORITY state=target_rejected run_id=native-20260731-c8-full28 client=i5 action=none detail=sequence=135_target_error_mm=48328_native_fallback=false
[Info   :ComfyNetworkSense] [07/31/2026 07:05:15] MOTION_AUTHORITY state=target_rejected run_id=native-20260731-c8-full28 client=i5 action=none detail=sequence=136_target_error_mm=48321_native_fallback=false
[Info   :ComfyNetworkSense] [07/31/2026 07:05:15] MOTION_AUTHORITY state=target_rejected run_id=native-20260731-c8-full28 client=i5 action=none detail=sequence=136_target_error_mm=48324_native_fallback=false
[Info   :ComfyNetworkSense] [07/31/2026 07:05:15] MOTION_AUTHORITY state=target_rejected run_id=native-20260731-c8-full28 client=i5 action=none detail=sequence=136_target_error_mm=48327_native_fallback=false
[Info   :ComfyNetworkSense] [07/31/2026 07:05:15] MOTION_AUTHORITY state=target_rejected run_id=native-20260731-c8-full28 client=i5 action=none detail=sequence=136_target_error_mm=48331_native_fallback=false
[Info   :ComfyNetworkSense] [07/31/2026 07:05:15] MOTION_AUTHORITY state=target_rejected run_id=native-20260731-c8-full28 client=i5 action=none detail=sequence=136_target_error_mm=48334_native_fallback=false
[Info   :ComfyNetworkSense] [07/31/2026 07:05:15] MOTION_AUTHORITY state=target_rejected run_id=native-20260731-c8-full28 client=i5 action=none detail=sequence=136_target_error_mm=48338_native_fallback=false
[Info   :ComfyNetworkSense] [07/31/2026 07:05:15] MOTION_AUTHORITY state=target_rejected run_id=native-20260731-c8-full28 client=i5 action=none detail=sequence=136_target_error_mm=48340_native_fallback=false
[Info   :ComfyNetworkSense] [07/31/2026 07:05:15] MOTION_AUTHORITY state=target_rejected run_id=native-20260731-c8-full28 client=i5 action=none detail=sequence=137_target_error_mm=48353_native_fallback=false
[Info   :ComfyNetworkSense] [07/31/2026 07:05:15] MOTION_AUTHORITY state=target_rejected run_id=native-20260731-c8-full28 client=i5 action=none detail=sequence=137_target_error_mm=48356_native_fallback=false
[Info   :ComfyNetworkSense] [07/31/2026 07:05:15] MOTION_AUTHORITY state=target_rejected run_id=native-20260731-c8-full28 client=i5 action=none detail=sequence=137_target_error_mm=48359_native_fallback=false
[Info   :ComfyNetworkSense] [07/31/2026 07:05:15] MOTION_AUTHORITY state=target_rejected run_id=native-20260731-c8-full28 client=i5 action=none detail=sequence=137_target_error_mm=48362_native_fallback=false
[Info   :ComfyNetworkSense] [07/31/2026 07:05:15] MOTION_AUTHORITY state=target_rejected run_id=native-20260731-c8-full28 client=i5 action=none detail=sequence=137_target_error_mm=48365_native_fallback=false
[Info   :ComfyNetworkSense] [07/31/2026 07:05:15] MOTION_AUTHORITY state=target_rejected run_id=native-20260731-c8-full28 client=i5 action=none detail=sequence=137_target_error_mm=48368_native_fallback=false
[Info   :ComfyNetworkSense] [07/31/2026 07:05:15] MOTION_AUTHORITY state=target_rejected run_id=native-20260731-c8-full28 client=i5 action=none detail=sequence=137_target_error_mm=48371_native_fallback=false
[Info   :ComfyNetworkSense] [07/31/2026 07:05:15] MOTION_AUTHORITY state=target_rejected run_id=native-20260731-c8-full28 client=i5 action=none detail=sequence=138_target_error_mm=48374_native_fallback=false
[Info   :ComfyNetworkSense] [07/31/2026 07:05:15] MOTION_AUTHORITY state=target_rejected run_id=native-20260731-c8-full28 client=i5 action=none detail=sequence=138_target_error_mm=48377_native_fallback=false
[Info   :ComfyNetworkSense] [07/31/2026 07:05:15] MOTION_AUTHORITY state=target_rejected run_id=native-20260731-c8-full28 client=i5 action=none detail=sequence=138_target_error_mm=48381_native_fallback=false
[Info   :ComfyNetworkSense] [07/31/2026 07:05:15] MOTION_AUTHORITY state=target_rejected run_id=native-20260731-c8-full28 client=i5 action=none detail=sequence=138_target_error_mm=48384_native_fallback=false
[Info   :ComfyNetworkSense] [07/31/2026 07:05:15] MOTION_AUTHORITY state=target_rejected run_id=native-20260731-c8-full28 client=i5 action=none detail=sequence=138_target_error_mm=48388_native_fallback=false
[Info   :ComfyNetworkSense] [07/31/2026 07:05:15] MOTION_AUTHORITY state=target_rejected run_id=native-20260731-c8-full28 client=i5 action=none detail=sequence=138_target_error_mm=48391_native_fallback=false
[Info   :ComfyNetworkSense] [07/31/2026 07:05:15] MOTION_AUTHORITY state=target_rejected run_id=native-20260731-c8-full28 client=i5 action=none detail=sequence=139_target_error_mm=48384_native_fallback=false
[Info   :ComfyNetworkSense] [07/31/2026 07:05:15] MOTION_AUTHORITY state=target_rejected run_id=native-20260731-c8-full28 client=i5 action=none detail=sequence=139_target_error_mm=48388_native_fallback=false
[Info   :ComfyNetworkSense] [07/31/2026 07:05:15] MOTION_AUTHORITY state=target_rejected run_id=native-20260731-c8-full28 client=i5 action=none detail=sequence=139_target_error_mm=48391_native_fallback=false
[Info   :ComfyNetworkSense] [07/31/2026 07:05:15] MOTION_AUTHORITY state=target_rejected run_id=native-20260731-c8-full28 client=i5 action=none detail=sequence=139_target_error_mm=48395_native_fallback=false
[Info   :ComfyNetworkSense] [07/31/2026 07:05:15] MOTION_AUTHORITY state=target_rejected run_id=native-20260731-c8-full28 client=i5 action=none detail=sequence=139_target_error_mm=48398_native_fallback=false
[Info   :ComfyNetworkSense] [07/31/2026 07:05:15] MOTION_AUTHORITY state=target_rejected run_id=native-20260731-c8-full28 client=i5 action=none detail=sequence=139_target_error_mm=48402_native_fallback=false
[Info   :ComfyNetworkSense] [07/31/2026 07:05:15] MOTION_AUTHORITY state=target_rejected run_id=native-20260731-c8-full28 client=i5 action=none detail=sequence=139_target_error_mm=48405_native_fallback=false
[Info   :ComfyNetworkSense] [07/31/2026 07:05:15] MOTION_AUTHORITY state=target_rejected run_id=native-20260731-c8-full28 client=i5 action=none detail=sequence=140_target_error_mm=48419_native_fallback=false
[Info   :ComfyNetworkSense] [07/31/2026 07:05:15] MOTION_AUTHORITY state=target_rejected run_id=native-20260731-c8-full28 client=i5 action=none detail=sequence=140_target_error_mm=48423_native_fallback=false
[Info   :ComfyNetworkSense] [07/31/2026 07:05:15] MOTION_AUTHORITY state=target_rejected run_id=native-20260731-c8-full28 client=i5 action=none detail=sequence=140_target_error_mm=48428_native_fallback=false
[Info   :ComfyNetworkSense] [07/31/2026 07:05:15] MOTION_AUTHORITY state=target_rejected run_id=native-20260731-c8-full28 client=i5 action=none detail=sequence=140_target_error_mm=48431_native_fallback=false
[Info   :ComfyNetworkSense] [07/31/2026 07:05:15] MOTION_AUTHORITY state=target_rejected run_id=native-20260731-c8-full28 client=i5 action=none detail=sequence=140_target_error_mm=48436_native_fallback=false
[Info   :ComfyNetworkSense] [07/31/2026 07:05:15] MOTION_AUTHORITY state=target_rejected run_id=native-20260731-c8-full28 client=i5 action=none detail=sequence=141_target_error_mm=48429_native_fallback=false
[Info   :ComfyNetworkSense] [07/31/2026 07:05:15] MOTION_AUTHORITY state=target_rejected run_id=native-20260731-c8-full28 client=i5 action=none detail=sequence=141_target_error_mm=48433_native_fallback=false
[Info   :ComfyNetworkSense] [07/31/2026 07:05:15] MOTION_AUTHORITY state=target_rejected run_id=native-20260731-c8-full28 client=i5 action=none detail=sequence=141_target_error_mm=48436_native_fallback=false
[Info   :ComfyNetworkSense] [07/31/2026 07:05:15] MOTION_AUTHORITY state=target_rejected run_id=native-20260731-c8-full28 client=i5 action=none detail=sequence=141_target_error_mm=48439_native_fallback=false
[Info   :ComfyNetworkSense] [07/31/2026 07:05:15] MOTION_AUTHORITY state=target_rejected run_id=native-20260731-c8-full28 client=i5 action=none detail=sequence=141_target_error_mm=48442_native_fallback=false
[Info   :ComfyNetworkSense] [07/31/2026 07:05:15] MOTION_AUTHORITY state=target_rejected run_id=native-20260731-c8-full28 client=i5 action=none detail=sequence=141_target_error_mm=48445_native_fallback=false
[Info   :ComfyNetworkSense] [07/31/2026 07:05:15] MOTION_AUTHORITY state=target_rejected run_id=native-20260731-c8-full28 client=i5 action=none detail=sequence=142_target_error_mm=48459_native_fallback=false
[Info   :ComfyNetworkSense] [07/31/2026 07:05:15] MOTION_AUTHORITY state=target_rejected run_id=native-20260731-c8-full28 client=i5 action=none detail=sequence=142_target_error_mm=48463_native_fallback=false
[Info   :ComfyNetworkSense] [07/31/2026 07:05:15] MOTION_AUTHORITY state=target_rejected run_id=native-20260731-c8-full28 client=i5 action=none detail=sequence=142_target_error_mm=48466_native_fallback=false
[Info   :ComfyNetworkSense] [07/31/2026 07:05:15] MOTION_AUTHORITY state=target_rejected run_id=native-20260731-c8-full28 client=i5 action=none detail=sequence=142_target_error_mm=48469_native_fallback=false
[Info   :ComfyNetworkSense] [07/31/2026 07:05:15] MOTION_AUTHORITY state=target_rejected run_id=native-20260731-c8-full28 client=i5 action=none detail=sequence=142_target_error_mm=48472_native_fallback=false
[Info   :ComfyNetworkSense] [07/31/2026 07:05:15] MOTION_AUTHORITY state=target_rejected run_id=native-20260731-c8-full28 client=i5 action=none detail=sequence=142_target_error_mm=48475_native_fallback=false
[Info   :ComfyNetworkSense] [07/31/2026 07:05:15] MOTION_AUTHORITY state=target_rejected run_id=native-20260731-c8-full28 client=i5 action=none detail=sequence=143_target_error_mm=48478_native_fallback=false
[Info   :ComfyNetworkSense] [07/31/2026 07:05:15] MOTION_AUTHORITY state=target_rejected run_id=native-20260731-c8-full28 client=i5 action=none detail=sequence=143_target_error_mm=48481_native_fallback=false
[Info   :ComfyNetworkSense] [07/31/2026 07:05:15] MOTION_AUTHORITY state=target_rejected run_id=native-20260731-c8-full28 client=i5 action=none detail=sequence=143_target_error_mm=48484_native_fallback=false
[Info   :ComfyNetworkSense] [07/31/2026 07:05:15] MOTION_AUTHORITY state=target_rejected run_id=native-20260731-c8-full28 client=i5 action=none detail=sequence=143_target_error_mm=48487_native_fallback=false
[Info   :ComfyNetworkSense] [07/31/2026 07:05:15] MOTION_AUTHORITY state=target_rejected run_id=native-20260731-c8-full28 client=i5 action=none detail=sequence=143_target_error_mm=48490_native_fallback=false
[Info   :ComfyNetworkSense] [07/31/2026 07:05:15] MOTION_AUTHORITY state=target_rejected run_id=native-20260731-c8-full28 client=i5 action=none detail=sequence=143_target_error_mm=48494_native_fallback=false
[Info   :ComfyNetworkSense] [07/31/2026 07:05:15] MOTION_AUTHORITY state=target_rejected run_id=native-20260731-c8-full28 client=i5 action=none detail=sequence=144_target_error_mm=48487_native_fallback=false
[Info   :ComfyNetworkSense] [07/31/2026 07:05:15] MOTION_AUTHORITY state=target_rejected run_id=native-20260731-c8-full28 client=i5 action=none detail=sequence=144_target_error_mm=48490_native_fallback=false
[Info   :ComfyNetworkSense] [07/31/2026 07:05:15] MOTION_AUTHORITY state=target_rejected run_id=native-20260731-c8-full28 client=i5 action=none detail=sequence=144_target_error_mm=48493_native_fallback=false
[Info   :ComfyNetworkSense] [07/31/2026 07:05:15] MOTION_AUTHORITY state=target_rejected run_id=native-20260731-c8-full28 client=i5 action=none detail=sequence=144_target_error_mm=48497_native_fallback=false
[Info   :ComfyNetworkSense] [07/31/2026 07:05:15] MOTION_AUTHORITY state=target_rejected run_id=native-20260731-c8-full28 client=i5 action=none detail=sequence=144_target_error_mm=48500_native_fallback=false
[Info   :ComfyNetworkSense] [07/31/2026 07:05:15] MOTION_AUTHORITY state=target_rejected run_id=native-20260731-c8-full28 client=i5 action=none detail=sequence=144_target_error_mm=48504_native_fallback=false
[Info   :ComfyNetworkSense] [07/31/2026 07:05:15] MOTION_AUTHORITY state=target_rejected run_id=native-20260731-c8-full28 client=i5 action=none detail=sequence=144_target_error_mm=48506_native_fallback=false
[Info   :ComfyNetworkSense] [07/31/2026 07:05:15] MOTION_AUTHORITY state=target_rejected run_id=native-20260731-c8-full28 client=i5 action=none detail=sequence=145_target_error_mm=48520_native_fallback=false
[Info   :ComfyNetworkSense] [07/31/2026 07:05:15] MOTION_AUTHORITY state=target_rejected run_id=native-20260731-c8-full28 client=i5 action=none detail=sequence=145_target_error_mm=48523_native_fallback=false
[Info   :ComfyNetworkSense] [07/31/2026 07:05:15] MOTION_AUTHORITY state=target_rejected run_id=native-20260731-c8-full28 client=i5 action=none detail=sequence=145_target_error_mm=48527_native_fallback=false
[Info   :ComfyNetworkSense] [07/31/2026 07:05:15] MOTION_AUTHORITY state=target_rejected run_id=native-20260731-c8-full28 client=i5 action=none detail=sequence=145_target_error_mm=48530_native_fallback=false
[Info   :ComfyNetworkSense] [07/31/2026 07:05:15] MOTION_AUTHORITY state=target_rejected run_id=native-20260731-c8-full28 client=i5 action=none detail=sequence=145_target_error_mm=48534_native_fallback=false
[Info   :ComfyNetworkSense] [07/31/2026 07:05:15] MOTION_AUTHORITY state=target_rejected run_id=native-20260731-c8-full28 client=i5 action=none detail=sequence=145_target_error_mm=48537_native_fallback=false
[Info   :ComfyNetworkSense] [07/31/2026 07:05:15] MOTION_AUTHORITY state=target_rejected run_id=native-20260731-c8-full28 client=i5 action=none detail=sequence=145_target_error_mm=48540_native_fallback=false
[Info   :ComfyNetworkSense] [07/31/2026 07:05:15] MOTION_AUTHORITY state=target_rejected run_id=native-20260731-c8-full28 client=i5 action=none detail=sequence=146_target_error_mm=48543_native_fallback=false
[Info   :ComfyNetworkSense] [07/31/2026 07:05:15] MOTION_AUTHORITY state=target_rejected run_id=native-20260731-c8-full28 client=i5 action=none detail=sequence=146_target_error_mm=48547_native_fallback=false
[Info   :ComfyNetworkSense] [07/31/2026 07:05:15] MOTION_AUTHORITY state=target_rejected run_id=native-20260731-c8-full28 client=i5 action=none detail=sequence=146_target_error_mm=48549_native_fallback=false
[Info   :ComfyNetworkSense] [07/31/2026 07:05:15] MOTION_AUTHORITY state=target_rejected run_id=native-20260731-c8-full28 client=i5 action=none detail=sequence=146_target_error_mm=48553_native_fallback=false
[Info   :ComfyNetworkSense] [07/31/2026 07:05:15] MOTION_AUTHORITY state=target_rejected run_id=native-20260731-c8-full28 client=i5 action=none detail=sequence=146_target_error_mm=48556_native_fallback=false
[Info   :ComfyNetworkSense] [07/31/2026 07:05:15] MOTION_AUTHORITY state=target_rejected run_id=native-20260731-c8-full28 client=i5 action=none detail=sequence=146_target_error_mm=48560_native_fallback=false
[Info   :ComfyNetworkSense] [07/31/2026 07:05:15] MOTION_AUTHORITY state=target_rejected run_id=native-20260731-c8-full28 client=i5 action=none detail=sequence=147_target_error_mm=48553_native_fallback=false
[Info   :ComfyNetworkSense] [07/31/2026 07:05:15] MOTION_AUTHORITY state=target_rejected run_id=native-20260731-c8-full28 client=i5 action=none detail=sequence=147_target_error_mm=48557_native_fallback=false
[Info   :ComfyNetworkSense] [07/31/2026 07:05:15] MOTION_AUTHORITY state=target_rejected run_id=native-20260731-c8-full28 client=i5 action=none detail=sequence=147_target_error_mm=48560_native_fallback=false
[Info   :ComfyNetworkSense] [07/31/2026 07:05:15] MOTION_AUTHORITY state=target_rejected run_id=native-20260731-c8-full28 client=i5 action=none detail=sequence=147_target_error_mm=48563_native_fallback=false
[Info   :ComfyNetworkSense] [07/31/2026 07:05:15] MOTION_AUTHORITY state=target_rejected run_id=native-20260731-c8-full28 client=i5 action=none detail=sequence=147_target_error_mm=48567_native_fallback=false
[Info   :ComfyNetworkSense] [07/31/2026 07:05:15] MOTION_AUTHORITY state=target_rejected run_id=native-20260731-c8-full28 client=i5 action=none detail=sequence=147_target_error_mm=48570_native_fallback=false
[Info   :ComfyNetworkSense] [07/31/2026 07:05:15] MOTION_AUTHORITY state=target_rejected run_id=native-20260731-c8-full28 client=i5 action=none detail=sequence=148_target_error_mm=48583_native_fallback=false
[Info   :ComfyNetworkSense] [07/31/2026 07:05:15] MOTION_AUTHORITY state=target_rejected run_id=native-20260731-c8-full28 client=i5 action=none detail=sequence=148_target_error_mm=48587_native_fallback=false
[Info   :ComfyNetworkSense] [07/31/2026 07:05:15] MOTION_AUTHORITY state=target_rejected run_id=native-20260731-c8-full28 client=i5 action=none detail=sequence=148_target_error_mm=48589_native_fallback=false
[Info   :ComfyNetworkSense] [07/31/2026 07:05:15] MOTION_AUTHORITY state=target_rejected run_id=native-20260731-c8-full28 client=i5 action=none detail=sequence=148_target_error_mm=48593_native_fallback=false
[Info   :ComfyNetworkSense] [07/31/2026 07:05:15] MOTION_AUTHORITY state=target_rejected run_id=native-20260731-c8-full28 client=i5 action=none detail=sequence=148_target_error_mm=48596_native_fallback=false
[Info   :ComfyNetworkSense] [07/31/2026 07:05:15] MOTION_AUTHORITY state=target_rejected run_id=native-20260731-c8-full28 client=i5 action=none detail=sequence=148_target_error_mm=48600_native_fallback=false
[Info   :ComfyNetworkSense] [07/31/2026 07:05:15] MOTION_AUTHORITY state=target_rejected run_id=native-20260731-c8-full28 client=i5 action=none detail=sequence=148_target_error_mm=48603_native_fallback=false
[Info   :ComfyNetworkSense] [07/31/2026 07:05:15] MOTION_AUTHORITY state=target_rejected run_id=native-20260731-c8-full28 client=i5 action=none detail=sequence=149_target_error_mm=48607_native_fallback=false
[Info   :ComfyNetworkSense] [07/31/2026 07:05:15] MOTION_AUTHORITY state=target_rejected run_id=native-20260731-c8-full28 client=i5 action=none detail=sequence=149_target_error_mm=48610_native_fallback=false
[Info   :ComfyNetworkSense] [07/31/2026 07:05:15] MOTION_AUTHORITY state=native_transform_writer_suppressed run_id=native-20260731-c8-full28 client=i5 action=none detail=count=512_writer=ZSyncTransform.CustomFixedUpdate
[Info   :ComfyNetworkSense] [07/31/2026 07:05:15] MOTION_AUTHORITY state=target_rejected run_id=native-20260731-c8-full28 client=i5 action=none detail=sequence=149_target_error_mm=48613_native_fallback=false
[Info   :ComfyNetworkSense] [07/31/2026 07:05:15] MOTION_AUTHORITY state=target_rejected run_id=native-20260731-c8-full28 client=i5 action=none detail=sequence=149_target_error_mm=48616_native_fallback=false
[Info   :ComfyNetworkSense] [07/31/2026 07:05:15] MOTION_AUTHORITY state=target_rejected run_id=native-20260731-c8-full28 client=i5 action=none detail=sequence=149_target_error_mm=48620_native_fallback=false
[Info   :ComfyNetworkSense] [07/31/2026 07:05:15] MOTION_AUTHORITY state=target_rejected run_id=native-20260731-c8-full28 client=i5 action=none detail=sequence=149_target_error_mm=48622_native_fallback=false
[Info   :ComfyNetworkSense] [07/31/2026 07:05:15] MOTION_AUTHORITY state=target_rejected run_id=native-20260731-c8-full28 client=i5 action=none detail=sequence=150_target_error_mm=48616_native_fallback=false
[Info   :ComfyNetworkSense] [07/31/2026 07:05:15] MOTION_AUTHORITY state=target_rejected run_id=native-20260731-c8-full28 client=i5 action=none detail=sequence=150_target_error_mm=48619_native_fallback=false
[Info   :ComfyNetworkSense] [07/31/2026 07:05:15] MOTION_AUTHORITY state=target_rejected run_id=native-20260731-c8-full28 client=i5 action=none detail=sequence=150_target_error_mm=48623_native_fallback=false
[Info   :ComfyNetworkSense] [07/31/2026 07:05:15] MOTION_AUTHORITY state=target_rejected run_id=native-20260731-c8-full28 client=i5 action=none detail=sequence=150_target_error_mm=48626_native_fallback=false
[Info   :ComfyNetworkSense] [07/31/2026 07:05:15] MOTION_AUTHORITY state=target_rejected run_id=native-20260731-c8-full28 client=i5 action=none detail=sequence=150_target_error_mm=48630_native_fallback=false
[Info   :ComfyNetworkSense] [07/31/2026 07:05:15] MOTION_AUTHORITY state=target_rejected run_id=native-20260731-c8-full28 client=i5 action=none detail=sequence=150_target_error_mm=48632_native_fallback=false
[Info   :ComfyNetworkSense] [07/31/2026 07:05:15] MOTION_AUTHORITY state=target_rejected run_id=native-20260731-c8-full28 client=i5 action=none detail=sequence=151_target_error_mm=48646_native_fallback=false
[Info   :ComfyNetworkSense] [07/31/2026 07:05:15] MOTION_AUTHORITY state=target_rejected run_id=native-20260731-c8-full28 client=i5 action=none detail=sequence=151_target_error_mm=48649_native_fallback=false
[Info   :ComfyNetworkSense] [07/31/2026 07:05:15] MOTION_AUTHORITY state=target_rejected run_id=native-20260731-c8-full28 client=i5 action=none detail=sequence=151_target_error_mm=48653_native_fallback=false
[Info   :ComfyNetworkSense] [07/31/2026 07:05:15] MOTION_AUTHORITY state=target_rejected run_id=native-20260731-c8-full28 client=i5 action=none detail=sequence=151_target_error_mm=48658_native_fallback=false
[Info   :ComfyNetworkSense] [07/31/2026 07:05:15] MOTION_AUTHORITY state=target_rejected run_id=native-20260731-c8-full28 client=i5 action=none detail=sequence=151_target_error_mm=48661_native_fallback=false
[Info   :ComfyNetworkSense] [07/31/2026 07:05:15] MOTION_AUTHORITY state=target_rejected run_id=native-20260731-c8-full28 client=i5 action=none detail=sequence=151_target_error_mm=48665_native_fallback=false
[Info   :ComfyNetworkSense] [07/31/2026 07:05:15] MOTION_AUTHORITY state=target_rejected run_id=native-20260731-c8-full28 client=i5 action=none detail=sequence=152_target_error_mm=48658_native_fallback=false
[Info   :ComfyNetworkSense] [07/31/2026 07:05:15] MOTION_AUTHORITY state=target_rejected run_id=native-20260731-c8-full28 client=i5 action=none detail=sequence=152_target_error_mm=48661_native_fallback=false
[Info   :ComfyNetworkSense] [07/31/2026 07:05:15] MOTION_AUTHORITY state=target_rejected run_id=native-20260731-c8-full28 client=i5 action=none detail=sequence=152_target_error_mm=48664_native_fallback=false
[Info   :ComfyNetworkSense] [07/31/2026 07:05:15] MOTION_AUTHORITY state=target_rejected run_id=native-20260731-c8-full28 client=i5 action=none detail=sequence=152_target_error_mm=48668_native_fallback=false
[Info   :ComfyNetworkSense] [07/31/2026 07:05:15] MOTION_AUTHORITY state=target_rejected run_id=native-20260731-c8-full28 client=i5 action=none detail=sequence=152_target_error_mm=48671_native_fallback=false
[Info   :ComfyNetworkSense] [07/31/2026 07:05:16] MOTION_AUTHORITY state=target_rejected run_id=native-20260731-c8-full28 client=i5 action=none detail=sequence=152_target_error_mm=48674_native_fallback=false
[Info   :ComfyNetworkSense] [07/31/2026 07:05:16] MOTION_AUTHORITY state=target_rejected run_id=native-20260731-c8-full28 client=i5 action=none detail=sequence=153_target_error_mm=48687_native_fallback=false
[Info   :ComfyNetworkSense] [07/31/2026 07:05:16] MOTION_AUTHORITY state=target_rejected run_id=native-20260731-c8-full28 client=i5 action=none detail=sequence=153_target_error_mm=48690_native_fallback=false
[Info   :ComfyNetworkSense] [07/31/2026 07:05:16] MOTION_AUTHORITY state=target_rejected run_id=native-20260731-c8-full28 client=i5 action=none detail=sequence=153_target_error_mm=48693_native_fallback=false
[Info   :ComfyNetworkSense] [07/31/2026 07:05:16] MOTION_AUTHORITY state=target_rejected run_id=native-20260731-c8-full28 client=i5 action=none detail=sequence=153_target_error_mm=48696_native_fallback=false
[Info   :ComfyNetworkSense] [07/31/2026 07:05:16] MOTION_AUTHORITY state=target_rejected run_id=native-20260731-c8-full28 client=i5 action=none detail=sequence=153_target_error_mm=48699_native_fallback=false
[Info   :ComfyNetworkSense] [07/31/2026 07:05:16] MOTION_AUTHORITY state=target_rejected run_id=native-20260731-c8-full28 client=i5 action=none detail=sequence=153_target_error_mm=48703_native_fallback=false
[Info   :ComfyNetworkSense] [07/31/2026 07:05:16] MOTION_AUTHORITY state=target_rejected run_id=native-20260731-c8-full28 client=i5 action=none detail=sequence=153_target_error_mm=48706_native_fallback=false
[Info   :ComfyNetworkSense] [07/31/2026 07:05:16] MOTION_AUTHORITY state=target_rejected run_id=native-20260731-c8-full28 client=i5 action=none detail=sequence=154_target_error_mm=48710_native_fallback=false
[Info   :ComfyNetworkSense] [07/31/2026 07:05:16] MOTION_AUTHORITY state=target_rejected run_id=native-20260731-c8-full28 client=i5 action=none detail=sequence=154_target_error_mm=48714_native_fallback=false
[Info   :ComfyNetworkSense] [07/31/2026 07:05:16] MOTION_AUTHORITY state=target_rejected run_id=native-20260731-c8-full28 client=i5 action=none detail=sequence=154_target_error_mm=48717_native_fallback=false
[Info   :ComfyNetworkSense] [07/31/2026 07:05:16] MOTION_AUTHORITY state=target_rejected run_id=native-20260731-c8-full28 client=i5 action=none detail=sequence=154_target_error_mm=48721_native_fallback=false
[Info   :ComfyNetworkSense] [07/31/2026 07:05:16] MOTION_AUTHORITY state=target_rejected run_id=native-20260731-c8-full28 client=i5 action=none detail=sequence=154_target_error_mm=48724_native_fallback=false
[Info   :ComfyNetworkSense] [07/31/2026 07:05:16] MOTION_AUTHORITY state=target_rejected run_id=native-20260731-c8-full28 client=i5 action=none detail=sequence=154_target_error_mm=48727_native_fallback=false
[Info   :ComfyNetworkSense] [07/31/2026 07:05:16] MOTION_AUTHORITY state=target_rejected run_id=native-20260731-c8-full28 client=i5 action=none detail=sequence=155_target_error_mm=48720_native_fallback=false
[Info   :ComfyNetworkSense] [07/31/2026 07:05:16] MOTION_AUTHORITY state=target_rejected run_id=native-20260731-c8-full28 client=i5 action=none detail=sequence=155_target_error_mm=48724_native_fallback=false
[Info   :ComfyNetworkSense] [07/31/2026 07:05:16] MOTION_AUTHORITY state=target_rejected run_id=native-20260731-c8-full28 client=i5 action=none detail=sequence=155_target_error_mm=48728_native_fallback=false
[Info   :ComfyNetworkSense] [07/31/2026 07:05:16] MOTION_AUTHORITY state=target_rejected run_id=native-20260731-c8-full28 client=i5 action=none detail=sequence=155_target_error_mm=48738_native_fallback=false
[Info   :ComfyNetworkSense] [07/31/2026 07:05:16] MOTION_AUTHORITY state=target_rejected run_id=native-20260731-c8-full28 client=i5 action=none detail=sequence=155_target_error_mm=48741_native_fallback=false
[Info   :ComfyNetworkSense] [07/31/2026 07:05:16] MOTION_AUTHORITY state=target_rejected run_id=native-20260731-c8-full28 client=i5 action=none detail=sequence=156_target_error_mm=48745_native_fallback=false
[Info   :ComfyNetworkSense] [07/31/2026 07:05:16] MOTION_AUTHORITY state=target_rejected run_id=native-20260731-c8-full28 client=i5 action=none detail=sequence=156_target_error_mm=48749_native_fallback=false
[Info   :ComfyNetworkSense] [07/31/2026 07:05:16] MOTION_AUTHORITY state=target_rejected run_id=native-20260731-c8-full28 client=i5 action=none detail=sequence=156_target_error_mm=48754_native_fallback=false
[Info   :ComfyNetworkSense] [07/31/2026 07:05:16] MOTION_AUTHORITY state=target_rejected run_id=native-20260731-c8-full28 client=i5 action=none detail=sequence=156_target_error_mm=48760_native_fallback=false
[Info   :ComfyNetworkSense] [07/31/2026 07:05:16] MOTION_AUTHORITY state=target_rejected run_id=native-20260731-c8-full28 client=i5 action=none detail=sequence=156_target_error_mm=48764_native_fallback=false
[Info   :ComfyNetworkSense] [07/31/2026 07:05:16] MOTION_AUTHORITY state=target_rejected run_id=native-20260731-c8-full28 client=i5 action=none detail=sequence=157_target_error_mm=48778_native_fallback=false
[Info   :ComfyNetworkSense] [07/31/2026 07:05:16] MOTION_AUTHORITY state=target_rejected run_id=native-20260731-c8-full28 client=i5 action=none detail=sequence=157_target_error_mm=48781_native_fallback=false
[Info   :ComfyNetworkSense] [07/31/2026 07:05:16] MOTION_AUTHORITY state=target_rejected run_id=native-20260731-c8-full28 client=i5 action=none detail=sequence=157_target_error_mm=48784_native_fallback=false
[Info   :ComfyNetworkSense] [07/31/2026 07:05:16] MOTION_AUTHORITY state=target_rejected run_id=native-20260731-c8-full28 client=i5 action=none detail=sequence=157_target_error_mm=48787_native_fallback=false
[Info   :ComfyNetworkSense] [07/31/2026 07:05:16] MOTION_AUTHORITY state=target_rejected run_id=native-20260731-c8-full28 client=i5 action=none detail=sequence=157_target_error_mm=48790_native_fallback=false
[Info   :ComfyNetworkSense] [07/31/2026 07:05:16] MOTION_AUTHORITY state=target_rejected run_id=native-20260731-c8-full28 client=i5 action=none detail=sequence=157_target_error_mm=48794_native_fallback=false
[Info   :ComfyNetworkSense] [07/31/2026 07:05:16] MOTION_AUTHORITY state=target_rejected run_id=native-20260731-c8-full28 client=i5 action=none detail=sequence=158_target_error_mm=48797_native_fallback=false
[Info   :ComfyNetworkSense] [07/31/2026 07:05:16] MOTION_AUTHORITY state=target_rejected run_id=native-20260731-c8-full28 client=i5 action=none detail=sequence=158_target_error_mm=48800_native_fallback=false
[Info   :ComfyNetworkSense] [07/31/2026 07:05:16] MOTION_AUTHORITY state=target_rejected run_id=native-20260731-c8-full28 client=i5 action=none detail=sequence=158_target_error_mm=48803_native_fallback=false
[Info   :ComfyNetworkSense] [07/31/2026 07:05:16] MOTION_AUTHORITY state=target_rejected run_id=native-20260731-c8-full28 client=i5 action=none detail=sequence=158_target_error_mm=48807_native_fallback=false
[Info   :ComfyNetworkSense] [07/31/2026 07:05:16] MOTION_AUTHORITY state=target_rejected run_id=native-20260731-c8-full28 client=i5 action=none detail=sequence=158_target_error_mm=48810_native_fallback=false
[Info   :ComfyNetworkSense] [07/31/2026 07:05:16] MOTION_AUTHORITY state=target_rejected run_id=native-20260731-c8-full28 client=i5 action=none detail=sequence=158_target_error_mm=48813_native_fallback=false
[Info   :ComfyNetworkSense] [07/31/2026 07:05:16] MOTION_AUTHORITY state=target_rejected run_id=native-20260731-c8-full28 client=i5 action=none detail=sequence=159_target_error_mm=48807_native_fallback=false
[Info   :ComfyNetworkSense] [07/31/2026 07:05:16] MOTION_AUTHORITY state=target_rejected run_id=native-20260731-c8-full28 client=i5 action=none detail=sequence=159_target_error_mm=48810_native_fallback=false
[Info   :ComfyNetworkSense] [07/31/2026 07:05:16] MOTION_AUTHORITY state=target_rejected run_id=native-20260731-c8-full28 client=i5 action=none detail=sequence=159_target_error_mm=48813_native_fallback=false
[Info   :ComfyNetworkSense] [07/31/2026 07:05:16] MOTION_AUTHORITY state=target_rejected run_id=native-20260731-c8-full28 client=i5 action=none detail=sequence=159_target_error_mm=48816_native_fallback=false
[Info   :ComfyNetworkSense] [07/31/2026 07:05:16] MOTION_AUTHORITY state=target_rejected run_id=native-20260731-c8-full28 client=i5 action=none detail=sequence=159_target_error_mm=48819_native_fallback=false
[Info   :ComfyNetworkSense] [07/31/2026 07:05:16] MOTION_AUTHORITY state=target_rejected run_id=native-20260731-c8-full28 client=i5 action=none detail=sequence=159_target_error_mm=48822_native_fallback=false
[Info   :ComfyNetworkSense] [07/31/2026 07:05:16] MOTION_AUTHORITY state=target_rejected run_id=native-20260731-c8-full28 client=i5 action=none detail=sequence=159_target_error_mm=48825_native_fallback=false
[Info   :ComfyNetworkSense] [07/31/2026 07:05:16] MOTION_AUTHORITY state=target_rejected run_id=native-20260731-c8-full28 client=i5 action=none detail=sequence=160_target_error_mm=48839_native_fallback=false
[Info   :ComfyNetworkSense] [07/31/2026 07:05:16] MOTION_AUTHORITY state=target_rejected run_id=native-20260731-c8-full28 client=i5 action=none detail=sequence=160_target_error_mm=48842_native_fallback=false
[Info   :ComfyNetworkSense] [07/31/2026 07:05:16] MOTION_AUTHORITY state=target_rejected run_id=native-20260731-c8-full28 client=i5 action=none detail=sequence=160_target_error_mm=48846_native_fallback=false
[Info   :ComfyNetworkSense] [07/31/2026 07:05:16] MOTION_AUTHORITY state=target_rejected run_id=native-20260731-c8-full28 client=i5 action=none detail=sequence=160_target_error_mm=48849_native_fallback=false
[Info   :ComfyNetworkSense] [07/31/2026 07:05:16] MOTION_AUTHORITY state=target_rejected run_id=native-20260731-c8-full28 client=i5 action=none detail=sequence=160_target_error_mm=48852_native_fallback=false
[Info   :ComfyNetworkSense] [07/31/2026 07:05:16] MOTION_AUTHORITY state=target_rejected run_id=native-20260731-c8-full28 client=i5 action=none detail=sequence=160_target_error_mm=48856_native_fallback=false
[Info   :ComfyNetworkSense] [07/31/2026 07:05:16] MOTION_AUTHORITY state=target_rejected run_id=native-20260731-c8-full28 client=i5 action=none detail=sequence=161_target_error_mm=48860_native_fallback=false
[Info   :ComfyNetworkSense] [07/31/2026 07:05:16] MOTION_AUTHORITY state=target_rejected run_id=native-20260731-c8-full28 client=i5 action=none detail=sequence=161_target_error_mm=48863_native_fallback=false
[Info   :ComfyNetworkSense] [07/31/2026 07:05:16] MOTION_AUTHORITY state=target_rejected run_id=native-20260731-c8-full28 client=i5 action=none detail=sequence=161_target_error_mm=48866_native_fallback=false
[Info   :ComfyNetworkSense] [07/31/2026 07:05:16] MOTION_AUTHORITY state=target_rejected run_id=native-20260731-c8-full28 client=i5 action=none detail=sequence=161_target_error_mm=48869_native_fallback=false
[Info   :ComfyNetworkSense] [07/31/2026 07:05:16] MOTION_AUTHORITY state=target_rejected run_id=native-20260731-c8-full28 client=i5 action=none detail=sequence=161_target_error_mm=48873_native_fallback=false
[Info   :ComfyNetworkSense] [07/31/2026 07:05:16] MOTION_AUTHORITY state=target_rejected run_id=native-20260731-c8-full28 client=i5 action=none detail=sequence=161_target_error_mm=48876_native_fallback=false
[Info   :ComfyNetworkSense] [07/31/2026 07:05:16] MOTION_AUTHORITY state=target_rejected run_id=native-20260731-c8-full28 client=i5 action=none detail=sequence=162_target_error_mm=48870_native_fallback=false
[Info   :ComfyNetworkSense] [07/31/2026 07:05:16] MOTION_AUTHORITY state=target_rejected run_id=native-20260731-c8-full28 client=i5 action=none detail=sequence=162_target_error_mm=48876_native_fallback=false
[Info   :ComfyNetworkSense] [07/31/2026 07:05:16] MOTION_AUTHORITY state=target_rejected run_id=native-20260731-c8-full28 client=i5 action=none detail=sequence=162_target_error_mm=48879_native_fallback=false
[Info   :ComfyNetworkSense] [07/31/2026 07:05:16] MOTION_AUTHORITY state=target_rejected run_id=native-20260731-c8-full28 client=i5 action=none detail=sequence=162_target_error_mm=48882_native_fallback=false
[Info   :ComfyNetworkSense] [07/31/2026 07:05:16] MOTION_AUTHORITY state=target_rejected run_id=native-20260731-c8-full28 client=i5 action=none detail=sequence=162_target_error_mm=48885_native_fallback=false
[Info   :ComfyNetworkSense] [07/31/2026 07:05:16] MOTION_AUTHORITY state=target_rejected run_id=native-20260731-c8-full28 client=i5 action=none detail=sequence=162_target_error_mm=48889_native_fallback=false
[Info   :ComfyNetworkSense] [07/31/2026 07:05:16] MOTION_AUTHORITY state=target_rejected run_id=native-20260731-c8-full28 client=i5 action=none detail=sequence=163_target_error_mm=48901_native_fallback=false
[Info   :ComfyNetworkSense] [07/31/2026 07:05:16] MOTION_AUTHORITY state=target_rejected run_id=native-20260731-c8-full28 client=i5 action=none detail=sequence=163_target_error_mm=48905_native_fallback=false
[Info   :ComfyNetworkSense] [07/31/2026 07:05:16] MOTION_AUTHORITY state=target_rejected run_id=native-20260731-c8-full28 client=i5 action=none detail=sequence=163_target_error_mm=48909_native_fallback=false
[Info   :ComfyNetworkSense] [07/31/2026 07:05:16] MOTION_AUTHORITY state=target_rejected run_id=native-20260731-c8-full28 client=i5 action=none detail=sequence=163_target_error_mm=48912_native_fallback=false
[Info   :ComfyNetworkSense] [07/31/2026 07:05:16] MOTION_AUTHORITY state=target_rejected run_id=native-20260731-c8-full28 client=i5 action=none detail=sequence=163_target_error_mm=48915_native_fallback=false
[Info   :ComfyNetworkSense] [07/31/2026 07:05:16] MOTION_AUTHORITY state=target_rejected run_id=native-20260731-c8-full28 client=i5 action=none detail=sequence=163_target_error_mm=48919_native_fallback=false
[Info   :ComfyNetworkSense] [07/31/2026 07:05:16] MOTION_AUTHORITY state=target_rejected run_id=native-20260731-c8-full28 client=i5 action=none detail=sequence=163_target_error_mm=48921_native_fallback=false
[Info   :ComfyNetworkSense] [07/31/2026 07:05:16] MOTION_AUTHORITY state=target_rejected run_id=native-20260731-c8-full28 client=i5 action=none detail=sequence=164_target_error_mm=48925_native_fallback=false
[Info   :ComfyNetworkSense] [07/31/2026 07:05:16] MOTION_AUTHORITY state=target_rejected run_id=native-20260731-c8-full28 client=i5 action=none detail=sequence=164_target_error_mm=48928_native_fallback=false
[Info   :ComfyNetworkSense] [07/31/2026 07:05:16] MOTION_AUTHORITY state=target_rejected run_id=native-20260731-c8-full28 client=i5 action=none detail=sequence=164_target_error_mm=48932_native_fallback=false
[Info   :ComfyNetworkSense] [07/31/2026 07:05:16] MOTION_AUTHORITY state=target_rejected run_id=native-20260731-c8-full28 client=i5 action=none detail=sequence=164_target_error_mm=48935_native_fallback=false
[Info   :ComfyNetworkSense] [07/31/2026 07:05:16] MOTION_AUTHORITY state=target_rejected run_id=native-20260731-c8-full28 client=i5 action=none detail=sequence=164_target_error_mm=48938_native_fallback=false
[Info   :ComfyNetworkSense] [07/31/2026 07:05:16] MOTION_AUTHORITY state=target_rejected run_id=native-20260731-c8-full28 client=i5 action=none detail=sequence=164_target_error_mm=48941_native_fallback=false
[Info   :ComfyNetworkSense] [07/31/2026 07:05:16] MOTION_AUTHORITY state=target_rejected run_id=native-20260731-c8-full28 client=i5 action=none detail=sequence=165_target_error_mm=48935_native_fallback=false
[Info   :ComfyNetworkSense] [07/31/2026 07:05:16] MOTION_AUTHORITY state=target_rejected run_id=native-20260731-c8-full28 client=i5 action=none detail=sequence=165_target_error_mm=48938_native_fallback=false
[Info   :ComfyNetworkSense] [07/31/2026 07:05:16] MOTION_AUTHORITY state=target_rejected run_id=native-20260731-c8-full28 client=i5 action=none detail=sequence=165_target_error_mm=48942_native_fallback=false
[Info   :ComfyNetworkSense] [07/31/2026 07:05:16] MOTION_AUTHORITY state=target_rejected run_id=native-20260731-c8-full28 client=i5 action=none detail=sequence=165_target_error_mm=48944_native_fallback=false
[Info   :ComfyNetworkSense] [07/31/2026 07:05:16] MOTION_AUTHORITY state=target_rejected run_id=native-20260731-c8-full28 client=i5 action=none detail=sequence=165_target_error_mm=48948_native_fallback=false
[Info   :ComfyNetworkSense] [07/31/2026 07:05:16] MOTION_AUTHORITY state=target_rejected run_id=native-20260731-c8-full28 client=i5 action=none detail=sequence=165_target_error_mm=48952_native_fallback=false
[Info   :ComfyNetworkSense] [07/31/2026 07:05:16] MOTION_AUTHORITY state=target_rejected run_id=native-20260731-c8-full28 client=i5 action=none detail=sequence=166_target_error_mm=48965_native_fallback=false
[Info   :ComfyNetworkSense] [07/31/2026 07:05:16] MOTION_AUTHORITY state=target_rejected run_id=native-20260731-c8-full28 client=i5 action=none detail=sequence=166_target_error_mm=48968_native_fallback=false
[Info   :ComfyNetworkSense] [07/31/2026 07:05:16] MOTION_AUTHORITY state=target_rejected run_id=native-20260731-c8-full28 client=i5 action=none detail=sequence=166_target_error_mm=48972_native_fallback=false
[Info   :ComfyNetworkSense] [07/31/2026 07:05:16] MOTION_AUTHORITY state=target_rejected run_id=native-20260731-c8-full28 client=i5 action=none detail=sequence=166_target_error_mm=48975_native_fallback=false
[Info   :ComfyNetworkSense] [07/31/2026 07:05:16] MOTION_AUTHORITY state=target_rejected run_id=native-20260731-c8-full28 client=i5 action=none detail=sequence=166_target_error_mm=48978_native_fallback=false
[Info   :ComfyNetworkSense] [07/31/2026 07:05:16] MOTION_AUTHORITY state=target_rejected run_id=native-20260731-c8-full28 client=i5 action=none detail=sequence=166_target_error_mm=48981_native_fallback=false
[Info   :ComfyNetworkSense] [07/31/2026 07:05:16] MOTION_AUTHORITY state=target_rejected run_id=native-20260731-c8-full28 client=i5 action=none detail=sequence=167_target_error_mm=48975_native_fallback=false
[Info   :ComfyNetworkSense] [07/31/2026 07:05:16] MOTION_AUTHORITY state=target_rejected run_id=native-20260731-c8-full28 client=i5 action=none detail=sequence=167_target_error_mm=48978_native_fallback=false
[Info   :ComfyNetworkSense] [07/31/2026 07:05:16] MOTION_AUTHORITY state=target_rejected run_id=native-20260731-c8-full28 client=i5 action=none detail=sequence=167_target_error_mm=48982_native_fallback=false
[Info   :ComfyNetworkSense] [07/31/2026 07:05:16] MOTION_AUTHORITY state=target_rejected run_id=native-20260731-c8-full28 client=i5 action=none detail=sequence=167_target_error_mm=48984_native_fallback=false
[Info   :ComfyNetworkSense] [07/31/2026 07:05:16] MOTION_AUTHORITY state=target_rejected run_id=native-20260731-c8-full28 client=i5 action=none detail=sequence=167_target_error_mm=48988_native_fallback=false
[Info   :ComfyNetworkSense] [07/31/2026 07:05:16] MOTION_AUTHORITY state=target_rejected run_id=native-20260731-c8-full28 client=i5 action=none detail=sequence=167_target_error_mm=48991_native_fallback=false
[Info   :ComfyNetworkSense] [07/31/2026 07:05:16] MOTION_AUTHORITY state=target_rejected run_id=native-20260731-c8-full28 client=i5 action=none detail=sequence=167_target_error_mm=48995_native_fallback=false
[Info   :ComfyNetworkSense] [07/31/2026 07:05:16] MOTION_AUTHORITY state=target_rejected run_id=native-20260731-c8-full28 client=i5 action=none detail=sequence=167_target_error_mm=48998_native_fallback=false
[Info   :ComfyNetworkSense] [07/31/2026 07:05:16] MOTION_AUTHORITY state=target_rejected run_id=native-20260731-c8-full28 client=i5 action=none detail=sequence=168_target_error_mm=49001_native_fallback=false
[Info   :ComfyNetworkSense] [07/31/2026 07:05:16] MOTION_AUTHORITY state=target_rejected run_id=native-20260731-c8-full28 client=i5 action=none detail=sequence=168_target_error_mm=49004_native_fallback=false
[Info   :ComfyNetworkSense] [07/31/2026 07:05:16] MOTION_AUTHORITY state=target_rejected run_id=native-20260731-c8-full28 client=i5 action=none detail=sequence=168_target_error_mm=49008_native_fallback=false
[Info   :ComfyNetworkSense] [07/31/2026 07:05:16] MOTION_AUTHORITY state=target_rejected run_id=native-20260731-c8-full28 client=i5 action=none detail=sequence=168_target_error_mm=49012_native_fallback=false
[Info   :ComfyNetworkSense] [07/31/2026 07:05:16] MOTION_AUTHORITY state=target_rejected run_id=native-20260731-c8-full28 client=i5 action=none detail=sequence=168_target_error_mm=49015_native_fallback=false
[Info   :ComfyNetworkSense] [07/31/2026 07:05:16] MOTION_AUTHORITY state=target_rejected run_id=native-20260731-c8-full28 client=i5 action=none detail=sequence=168_target_error_mm=49018_native_fallback=false
[Info   :ComfyNetworkSense] [07/31/2026 07:05:16] MOTION_AUTHORITY state=target_rejected run_id=native-20260731-c8-full28 client=i5 action=none detail=sequence=169_target_error_mm=49031_native_fallback=false
[Info   :ComfyNetworkSense] [07/31/2026 07:05:16] MOTION_AUTHORITY state=target_rejected run_id=native-20260731-c8-full28 client=i5 action=none detail=sequence=169_target_error_mm=49034_native_fallback=false
[Info   :ComfyNetworkSense] [07/31/2026 07:05:16] MOTION_AUTHORITY state=target_rejected run_id=native-20260731-c8-full28 client=i5 action=none detail=sequence=169_target_error_mm=49038_native_fallback=false
[Info   :ComfyNetworkSense] [07/31/2026 07:05:16] MOTION_AUTHORITY state=target_rejected run_id=native-20260731-c8-full28 client=i5 action=none detail=sequence=169_target_error_mm=49041_native_fallback=false
[Info   :ComfyNetworkSense] [07/31/2026 07:05:16] MOTION_AUTHORITY state=target_rejected run_id=native-20260731-c8-full28 client=i5 action=none detail=sequence=169_target_error_mm=49045_native_fallback=false
[Info   :ComfyNetworkSense] [07/31/2026 07:05:16] MOTION_AUTHORITY state=target_rejected run_id=native-20260731-c8-full28 client=i5 action=none detail=sequence=169_target_error_mm=49047_native_fallback=false
[Info   :ComfyNetworkSense] [07/31/2026 07:05:16] MOTION_AUTHORITY state=target_rejected run_id=native-20260731-c8-full28 client=i5 action=none detail=sequence=170_target_error_mm=49042_native_fallback=false
[Info   :ComfyNetworkSense] [07/31/2026 07:05:16] MOTION_AUTHORITY state=target_rejected run_id=native-20260731-c8-full28 client=i5 action=none detail=sequence=170_target_error_mm=49047_native_fallback=false
[Info   :ComfyNetworkSense] [07/31/2026 07:05:16] MOTION_AUTHORITY state=target_rejected run_id=native-20260731-c8-full28 client=i5 action=none detail=sequence=170_target_error_mm=49050_native_fallback=false
[Info   :ComfyNetworkSense] [07/31/2026 07:05:16] MOTION_AUTHORITY state=target_rejected run_id=native-20260731-c8-full28 client=i5 action=none detail=sequence=170_target_error_mm=49054_native_fallback=false
[Info   :ComfyNetworkSense] [07/31/2026 07:05:16] MOTION_AUTHORITY state=target_rejected run_id=native-20260731-c8-full28 client=i5 action=none detail=sequence=170_target_error_mm=49058_native_fallback=false
[Info   :ComfyNetworkSense] [07/31/2026 07:05:16] MOTION_AUTHORITY state=target_rejected run_id=native-20260731-c8-full28 client=i5 action=none detail=sequence=171_target_error_mm=49071_native_fallback=false
[Info   :ComfyNetworkSense] [07/31/2026 07:05:16] MOTION_AUTHORITY state=target_rejected run_id=native-20260731-c8-full28 client=i5 action=none detail=sequence=171_target_error_mm=49074_native_fallback=false
[Info   :ComfyNetworkSense] [07/31/2026 07:05:16] MOTION_AUTHORITY state=target_rejected run_id=native-20260731-c8-full28 client=i5 action=none detail=sequence=171_target_error_mm=49078_native_fallback=false
[Info   :ComfyNetworkSense] [07/31/2026 07:05:17] MOTION_AUTHORITY state=target_rejected run_id=native-20260731-c8-full28 client=i5 action=none detail=sequence=171_target_error_mm=49081_native_fallback=false
[Info   :ComfyNetworkSense] [07/31/2026 07:05:17] MOTION_AUTHORITY state=target_rejected run_id=native-20260731-c8-full28 client=i5 action=none detail=sequence=171_target_error_mm=49084_native_fallback=false
[Info   :ComfyNetworkSense] [07/31/2026 07:05:17] MOTION_AUTHORITY state=target_rejected run_id=native-20260731-c8-full28 client=i5 action=none detail=sequence=171_target_error_mm=49088_native_fallback=false
[Info   :ComfyNetworkSense] [07/31/2026 07:05:17] MOTION_AUTHORITY state=target_rejected run_id=native-20260731-c8-full28 client=i5 action=none detail=sequence=171_target_error_mm=49091_native_fallback=false
[Info   :ComfyNetworkSense] [07/31/2026 07:05:17] MOTION_AUTHORITY state=target_rejected run_id=native-20260731-c8-full28 client=i5 action=none detail=sequence=172_target_error_mm=49094_native_fallback=false
[Info   :ComfyNetworkSense] [07/31/2026 07:05:17] MOTION_AUTHORITY state=target_rejected run_id=native-20260731-c8-full28 client=i5 action=none detail=sequence=172_target_error_mm=49098_native_fallback=false
[Info   :ComfyNetworkSense] [07/31/2026 07:05:17] LOGICAL_PEER_CUTOVER state=logical_native_invoke_suppressed run_id=native-20260731-c8-full28 detail=count=128_method=ZDOData_semantic_fallback=false
[Info   :ComfyNetworkSense] [07/31/2026 07:05:17] MOTION_AUTHORITY state=target_rejected run_id=native-20260731-c8-full28 client=i5 action=none detail=sequence=172_target_error_mm=49100_native_fallback=false
[Info   :ComfyNetworkSense] [07/31/2026 07:05:17] MOTION_AUTHORITY state=target_rejected run_id=native-20260731-c8-full28 client=i5 action=none detail=sequence=172_target_error_mm=49104_native_fallback=false
[Info   :ComfyNetworkSense] [07/31/2026 07:05:17] MOTION_AUTHORITY state=target_rejected run_id=native-20260731-c8-full28 client=i5 action=none detail=sequence=172_target_error_mm=49107_native_fallback=false
[Info   :ComfyNetworkSense] [07/31/2026 07:05:17] MOTION_AUTHORITY state=target_rejected run_id=native-20260731-c8-full28 client=i5 action=none detail=sequence=172_target_error_mm=49110_native_fallback=false
[Info   :ComfyNetworkSense] [07/31/2026 07:05:17] MOTION_AUTHORITY state=target_rejected run_id=native-20260731-c8-full28 client=i5 action=none detail=sequence=172_target_error_mm=49113_native_fallback=false
[Info   :ComfyNetworkSense] [07/31/2026 07:05:17] MOTION_AUTHORITY state=target_rejected run_id=native-20260731-c8-full28 client=i5 action=none detail=sequence=173_target_error_mm=49106_native_fallback=false
[Info   :ComfyNetworkSense] [07/31/2026 07:05:17] MOTION_AUTHORITY state=target_rejected run_id=native-20260731-c8-full28 client=i5 action=none detail=sequence=173_target_error_mm=49109_native_fallback=false
[Info   :ComfyNetworkSense] [07/31/2026 07:05:17] MOTION_AUTHORITY state=target_rejected run_id=native-20260731-c8-full28 client=i5 action=none detail=sequence=173_target_error_mm=49112_native_fallback=false
[Info   :ComfyNetworkSense] [07/31/2026 07:05:17] MOTION_AUTHORITY state=target_rejected run_id=native-20260731-c8-full28 client=i5 action=none detail=sequence=173_target_error_mm=49115_native_fallback=false
[Info   :ComfyNetworkSense] [07/31/2026 07:05:17] MOTION_AUTHORITY state=target_rejected run_id=native-20260731-c8-full28 client=i5 action=none detail=sequence=173_target_error_mm=49118_native_fallback=false
[Info   :ComfyNetworkSense] [07/31/2026 07:05:17] MOTION_AUTHORITY state=target_rejected run_id=native-20260731-c8-full28 client=i5 action=none detail=sequence=173_target_error_mm=49121_native_fallback=false
[Info   :ComfyNetworkSense] [07/31/2026 07:05:17] MOTION_AUTHORITY state=target_rejected run_id=native-20260731-c8-full28 client=i5 action=none detail=sequence=173_target_error_mm=49124_native_fallback=false
[Info   :ComfyNetworkSense] [07/31/2026 07:05:17] MOTION_AUTHORITY state=target_rejected run_id=native-20260731-c8-full28 client=i5 action=none detail=sequence=174_target_error_mm=49138_native_fallback=false
[Info   :ComfyNetworkSense] [07/31/2026 07:05:17] MOTION_AUTHORITY state=target_rejected run_id=native-20260731-c8-full28 client=i5 action=none detail=sequence=174_target_error_mm=49140_native_fallback=false
[Info   :ComfyNetworkSense] [07/31/2026 07:05:17] MOTION_AUTHORITY state=target_rejected run_id=native-20260731-c8-full28 client=i5 action=none detail=sequence=174_target_error_mm=49144_native_fallback=false
[Info   :ComfyNetworkSense] [07/31/2026 07:05:17] MOTION_AUTHORITY state=target_rejected run_id=native-20260731-c8-full28 client=i5 action=none detail=sequence=174_target_error_mm=49147_native_fallback=false
[Info   :ComfyNetworkSense] [07/31/2026 07:05:17] MOTION_AUTHORITY state=target_rejected run_id=native-20260731-c8-full28 client=i5 action=none detail=sequence=174_target_error_mm=49151_native_fallback=false
[Info   :ComfyNetworkSense] [07/31/2026 07:05:17] MOTION_AUTHORITY state=target_rejected run_id=native-20260731-c8-full28 client=i5 action=none detail=sequence=174_target_error_mm=49153_native_fallback=false
[Info   :ComfyNetworkSense] [07/31/2026 07:05:17] MOTION_AUTHORITY state=target_rejected run_id=native-20260731-c8-full28 client=i5 action=none detail=sequence=175_target_error_mm=49158_native_fallback=false
[Info   :ComfyNetworkSense] [07/31/2026 07:05:17] MOTION_AUTHORITY state=target_rejected run_id=native-20260731-c8-full28 client=i5 action=none detail=sequence=175_target_error_mm=49160_native_fallback=false
[Info   :ComfyNetworkSense] [07/31/2026 07:05:17] MOTION_AUTHORITY state=target_rejected run_id=native-20260731-c8-full28 client=i5 action=none detail=sequence=175_target_error_mm=49164_native_fallback=false
[Info   :ComfyNetworkSense] [07/31/2026 07:05:17] MOTION_AUTHORITY state=target_rejected run_id=native-20260731-c8-full28 client=i5 action=none detail=sequence=175_target_error_mm=49167_native_fallback=false
[Info   :ComfyNetworkSense] [07/31/2026 07:05:17] MOTION_AUTHORITY state=target_rejected run_id=native-20260731-c8-full28 client=i5 action=none detail=sequence=175_target_error_mm=49171_native_fallback=false
[Info   :ComfyNetworkSense] [07/31/2026 07:05:17] MOTION_AUTHORITY state=target_rejected run_id=native-20260731-c8-full28 client=i5 action=none detail=sequence=175_target_error_mm=49174_native_fallback=false
[Info   :ComfyNetworkSense] [07/31/2026 07:05:17] MOTION_AUTHORITY state=target_rejected run_id=native-20260731-c8-full28 client=i5 action=none detail=sequence=176_target_error_mm=49167_native_fallback=false
[Info   :ComfyNetworkSense] [07/31/2026 07:05:17] MOTION_AUTHORITY state=target_rejected run_id=native-20260731-c8-full28 client=i5 action=none detail=sequence=176_target_error_mm=49170_native_fallback=false
[Info   :ComfyNetworkSense] [07/31/2026 07:05:17] MOTION_AUTHORITY state=target_rejected run_id=native-20260731-c8-full28 client=i5 action=none detail=sequence=176_target_error_mm=49174_native_fallback=false
[Info   :ComfyNetworkSense] [07/31/2026 07:05:17] MOTION_AUTHORITY state=target_rejected run_id=native-20260731-c8-full28 client=i5 action=none detail=sequence=176_target_error_mm=49176_native_fallback=false
[Info   :ComfyNetworkSense] [07/31/2026 07:05:17] MOTION_AUTHORITY state=target_rejected run_id=native-20260731-c8-full28 client=i5 action=none detail=sequence=176_target_error_mm=49179_native_fallback=false
[Info   :ComfyNetworkSense] [07/31/2026 07:05:17] MOTION_AUTHORITY state=target_rejected run_id=native-20260731-c8-full28 client=i5 action=none detail=sequence=176_target_error_mm=49182_native_fallback=false
[Info   :ComfyNetworkSense] [07/31/2026 07:05:17] MOTION_AUTHORITY state=target_rejected run_id=native-20260731-c8-full28 client=i5 action=none detail=sequence=176_target_error_mm=49185_native_fallback=false
[Info   :ComfyNetworkSense] [07/31/2026 07:05:17] MOTION_AUTHORITY state=target_rejected run_id=native-20260731-c8-full28 client=i5 action=none detail=sequence=176_target_error_mm=49188_native_fallback=false
[Info   :ComfyNetworkSense] [07/31/2026 07:05:17] MOTION_AUTHORITY state=target_rejected run_id=native-20260731-c8-full28 client=i5 action=none detail=sequence=177_target_error_mm=49201_native_fallback=false
[Info   :ComfyNetworkSense] [07/31/2026 07:05:17] MOTION_AUTHORITY state=target_rejected run_id=native-20260731-c8-full28 client=i5 action=none detail=sequence=177_target_error_mm=49204_native_fallback=false
[Info   :ComfyNetworkSense] [07/31/2026 07:05:17] MOTION_AUTHORITY state=target_rejected run_id=native-20260731-c8-full28 client=i5 action=none detail=sequence=177_target_error_mm=49207_native_fallback=false
[Info   :ComfyNetworkSense] [07/31/2026 07:05:17] MOTION_AUTHORITY state=target_rejected run_id=native-20260731-c8-full28 client=i5 action=none detail=sequence=177_target_error_mm=49211_native_fallback=false
[Info   :ComfyNetworkSense] [07/31/2026 07:05:17] MOTION_AUTHORITY state=target_rejected run_id=native-20260731-c8-full28 client=i5 action=none detail=sequence=177_target_error_mm=49213_native_fallback=false
[Info   :ComfyNetworkSense] [07/31/2026 07:05:17] MOTION_AUTHORITY state=target_rejected run_id=native-20260731-c8-full28 client=i5 action=none detail=sequence=177_target_error_mm=49217_native_fallback=false
[Info   :ComfyNetworkSense] [07/31/2026 07:05:17] MOTION_AUTHORITY state=target_rejected run_id=native-20260731-c8-full28 client=i5 action=none detail=sequence=178_target_error_mm=49220_native_fallback=false
[Info   :ComfyNetworkSense] [07/31/2026 07:05:17] MOTION_AUTHORITY state=target_rejected run_id=native-20260731-c8-full28 client=i5 action=none detail=sequence=178_target_error_mm=49224_native_fallback=false
[Info   :ComfyNetworkSense] [07/31/2026 07:05:17] MOTION_AUTHORITY state=target_rejected run_id=native-20260731-c8-full28 client=i5 action=none detail=sequence=178_target_error_mm=49227_native_fallback=false
[Info   :ComfyNetworkSense] [07/31/2026 07:05:17] MOTION_AUTHORITY state=target_rejected run_id=native-20260731-c8-full28 client=i5 action=none detail=sequence=178_target_error_mm=49231_native_fallback=false
[Info   :ComfyNetworkSense] [07/31/2026 07:05:17] MOTION_AUTHORITY state=target_rejected run_id=native-20260731-c8-full28 client=i5 action=none detail=sequence=178_target_error_mm=49233_native_fallback=false
[Info   :ComfyNetworkSense] [07/31/2026 07:05:17] MOTION_AUTHORITY state=target_rejected run_id=native-20260731-c8-full28 client=i5 action=none detail=sequence=178_target_error_mm=49237_native_fallback=false
[Info   :ComfyNetworkSense] [07/31/2026 07:05:17] MOTION_AUTHORITY state=target_rejected run_id=native-20260731-c8-full28 client=i5 action=none detail=sequence=179_target_error_mm=49230_native_fallback=false
[Info   :ComfyNetworkSense] [07/31/2026 07:05:17] MOTION_AUTHORITY state=target_rejected run_id=native-20260731-c8-full28 client=i5 action=none detail=sequence=179_target_error_mm=49234_native_fallback=false
[Info   :ComfyNetworkSense] [07/31/2026 07:05:17] MOTION_AUTHORITY state=target_rejected run_id=native-20260731-c8-full28 client=i5 action=none detail=sequence=179_target_error_mm=49237_native_fallback=false
[Info   :ComfyNetworkSense] [07/31/2026 07:05:17] MOTION_AUTHORITY state=target_rejected run_id=native-20260731-c8-full28 client=i5 action=none detail=sequence=179_target_error_mm=49240_native_fallback=false
[Info   :ComfyNetworkSense] [07/31/2026 07:05:17] MOTION_AUTHORITY state=target_rejected run_id=native-20260731-c8-full28 client=i5 action=none detail=sequence=179_target_error_mm=49244_native_fallback=false
[Info   :ComfyNetworkSense] [07/31/2026 07:05:17] MOTION_AUTHORITY state=target_rejected run_id=native-20260731-c8-full28 client=i5 action=none detail=sequence=179_target_error_mm=49248_native_fallback=false
[Info   :ComfyNetworkSense] [07/31/2026 07:05:17] MOTION_AUTHORITY state=target_rejected run_id=native-20260731-c8-full28 client=i5 action=none detail=sequence=180_target_error_mm=49261_native_fallback=false
[Info   :ComfyNetworkSense] [07/31/2026 07:05:17] MOTION_AUTHORITY state=target_rejected run_id=native-20260731-c8-full28 client=i5 action=none detail=sequence=180_target_error_mm=49264_native_fallback=false
[Info   :ComfyNetworkSense] [07/31/2026 07:05:17] MOTION_AUTHORITY state=target_rejected run_id=native-20260731-c8-full28 client=i5 action=none detail=sequence=180_target_error_mm=49267_native_fallback=false
[Info   :ComfyNetworkSense] [07/31/2026 07:05:17] MOTION_AUTHORITY state=target_rejected run_id=native-20260731-c8-full28 client=i5 action=none detail=sequence=180_target_error_mm=49270_native_fallback=false
[Info   :ComfyNetworkSense] [07/31/2026 07:05:17] MOTION_AUTHORITY state=target_rejected run_id=native-20260731-c8-full28 client=i5 action=none detail=sequence=180_target_error_mm=49273_native_fallback=false
[Info   :ComfyNetworkSense] [07/31/2026 07:05:17] MOTION_AUTHORITY state=target_rejected run_id=native-20260731-c8-full28 client=i5 action=none detail=sequence=180_target_error_mm=49277_native_fallback=false
[Info   :ComfyNetworkSense] [07/31/2026 07:05:17] MOTION_AUTHORITY state=target_rejected run_id=native-20260731-c8-full28 client=i5 action=none detail=sequence=180_target_error_mm=49280_native_fallback=false
[Info   :ComfyNetworkSense] [07/31/2026 07:05:17] MOTION_AUTHORITY state=target_rejected run_id=native-20260731-c8-full28 client=i5 action=none detail=sequence=181_target_error_mm=49284_native_fallback=false
[Info   :ComfyNetworkSense] [07/31/2026 07:05:17] MOTION_AUTHORITY state=target_rejected run_id=native-20260731-c8-full28 client=i5 action=none detail=sequence=181_target_error_mm=49286_native_fallback=false
[Info   :ComfyNetworkSense] [07/31/2026 07:05:17] MOTION_AUTHORITY state=target_rejected run_id=native-20260731-c8-full28 client=i5 action=none detail=sequence=181_target_error_mm=49290_native_fallback=false
[Info   :ComfyNetworkSense] [07/31/2026 07:05:17] MOTION_AUTHORITY state=target_rejected run_id=native-20260731-c8-full28 client=i5 action=none detail=sequence=181_target_error_mm=49293_native_fallback=false
[Info   :ComfyNetworkSense] [07/31/2026 07:05:17] MOTION_AUTHORITY state=target_rejected run_id=native-20260731-c8-full28 client=i5 action=none detail=sequence=181_target_error_mm=49297_native_fallback=false
[Info   :ComfyNetworkSense] [07/31/2026 07:05:17] CUTOVER_SCENARIO state=coordinate_teleport_progress run_id=native-20260731-c8-full28 client=i5 action=i5-c8-safe-origin detail=teleporting=True_distance=0_target_zone=35,-1_reference_zone=35,-1_zone_loaded=True_area_ready=True_sector_objects=1246_valid_prefabs=1246_instantiated=1246_missing=0_banked=1314_inbound=0_applied=1305_superseded=0_apply_failures=0
[Info   :ComfyNetworkSense] [07/31/2026 07:05:17] MOTION_AUTHORITY state=target_rejected run_id=native-20260731-c8-full28 client=i5 action=none detail=sequence=181_target_error_mm=49300_native_fallback=false
[Info   :ComfyNetworkSense] [07/31/2026 07:05:17] MOTION_AUTHORITY state=target_rejected run_id=native-20260731-c8-full28 client=i5 action=none detail=sequence=181_target_error_mm=49304_native_fallback=false
[Info   :ComfyNetworkSense] [07/31/2026 07:05:17] MOTION_AUTHORITY state=target_rejected run_id=native-20260731-c8-full28 client=i5 action=none detail=sequence=182_target_error_mm=49297_native_fallback=false
[Info   :ComfyNetworkSense] [07/31/2026 07:05:17] MOTION_AUTHORITY state=target_rejected run_id=native-20260731-c8-full28 client=i5 action=none detail=sequence=182_target_error_mm=49300_native_fallback=false
[Info   :ComfyNetworkSense] [07/31/2026 07:05:17] MOTION_AUTHORITY state=target_rejected run_id=native-20260731-c8-full28 client=i5 action=none detail=sequence=182_target_error_mm=49303_native_fallback=false
[Info   :ComfyNetworkSense] [07/31/2026 07:05:17] MOTION_AUTHORITY state=target_rejected run_id=native-20260731-c8-full28 client=i5 action=none detail=sequence=182_target_error_mm=49307_native_fallback=false
[Info   :ComfyNetworkSense] [07/31/2026 07:05:17] MOTION_AUTHORITY state=target_rejected run_id=native-20260731-c8-full28 client=i5 action=none detail=sequence=182_target_error_mm=49310_native_fallback=false
[Info   :ComfyNetworkSense] [07/31/2026 07:05:17] MOTION_AUTHORITY state=target_rejected run_id=native-20260731-c8-full28 client=i5 action=none detail=sequence=182_target_error_mm=49313_native_fallback=false
[Info   :ComfyNetworkSense] [07/31/2026 07:05:17] MOTION_AUTHORITY state=target_rejected run_id=native-20260731-c8-full28 client=i5 action=none detail=sequence=182_target_error_mm=49316_native_fallback=false
[Info   :ComfyNetworkSense] [07/31/2026 07:05:17] MOTION_AUTHORITY state=target_rejected run_id=native-20260731-c8-full28 client=i5 action=none detail=sequence=183_target_error_mm=49330_native_fallback=false
[Info   :ComfyNetworkSense] [07/31/2026 07:05:17] MOTION_AUTHORITY state=target_rejected run_id=native-20260731-c8-full28 client=i5 action=none detail=sequence=183_target_error_mm=49334_native_fallback=false
[Warning:ComfyNetworkSense] [07/31/2026 07:05:17] Authoritative consumer poll failed: TimeoutException: connect timeout to 8.231.129.249:42317
[Info   :ComfyNetworkSense] [07/31/2026 07:05:17] MOTION_AUTHORITY state=target_rejected run_id=native-20260731-c8-full28 client=i5 action=none detail=sequence=183_target_error_mm=49338_native_fallback=false
[Info   :ComfyNetworkSense] [07/31/2026 07:05:17] MOTION_AUTHORITY state=target_rejected run_id=native-20260731-c8-full28 client=i5 action=none detail=sequence=183_target_error_mm=49343_native_fallback=false
[Info   :ComfyNetworkSense] [07/31/2026 07:05:17] MOTION_AUTHORITY state=target_rejected run_id=native-20260731-c8-full28 client=i5 action=none detail=sequence=184_target_error_mm=49346_native_fallback=false
[Info   :ComfyNetworkSense] [07/31/2026 07:05:17] MOTION_AUTHORITY state=target_rejected run_id=native-20260731-c8-full28 client=i5 action=none detail=sequence=184_target_error_mm=49350_native_fallback=false
[Info   :ComfyNetworkSense] [07/31/2026 07:05:17] MOTION_AUTHORITY state=target_rejected run_id=native-20260731-c8-full28 client=i5 action=none detail=sequence=184_target_error_mm=49353_native_fallback=false
[Info   :ComfyNetworkSense] [07/31/2026 07:05:17] MOTION_AUTHORITY state=target_rejected run_id=native-20260731-c8-full28 client=i5 action=none detail=sequence=184_target_error_mm=49357_native_fallback=false
[Info   :ComfyNetworkSense] [07/31/2026 07:05:17] MOTION_AUTHORITY state=target_rejected run_id=native-20260731-c8-full28 client=i5 action=none detail=sequence=184_target_error_mm=49360_native_fallback=false
[Info   :ComfyNetworkSense] [07/31/2026 07:05:17] MOTION_AUTHORITY state=target_rejected run_id=native-20260731-c8-full28 client=i5 action=none detail=sequence=184_target_error_mm=49363_native_fallback=false
[Info   :ComfyNetworkSense] [07/31/2026 07:05:17] MOTION_AUTHORITY state=target_rejected run_id=native-20260731-c8-full28 client=i5 action=none detail=sequence=185_target_error_mm=49357_native_fallback=false
[Info   :ComfyNetworkSense] [07/31/2026 07:05:17] MOTION_AUTHORITY state=target_rejected run_id=native-20260731-c8-full28 client=i5 action=none detail=sequence=185_target_error_mm=49360_native_fallback=false
[Info   :ComfyNetworkSense] [07/31/2026 07:05:17] MOTION_AUTHORITY state=target_rejected run_id=native-20260731-c8-full28 client=i5 action=none detail=sequence=185_target_error_mm=49363_native_fallback=false
[Info   :ComfyNetworkSense] [07/31/2026 07:05:17] MOTION_AUTHORITY state=target_rejected run_id=native-20260731-c8-full28 client=i5 action=none detail=sequence=185_target_error_mm=49367_native_fallback=false
[Info   :ComfyNetworkSense] [07/31/2026 07:05:17] MOTION_AUTHORITY state=target_rejected run_id=native-20260731-c8-full28 client=i5 action=none detail=sequence=185_target_error_mm=49369_native_fallback=false
[Info   :ComfyNetworkSense] [07/31/2026 07:05:17] MOTION_AUTHORITY state=target_rejected run_id=native-20260731-c8-full28 client=i5 action=none detail=sequence=185_target_error_mm=49373_native_fallback=false
[Info   :ComfyNetworkSense] [07/31/2026 07:05:17] MOTION_AUTHORITY state=target_rejected run_id=native-20260731-c8-full28 client=i5 action=none detail=sequence=185_target_error_mm=49376_native_fallback=false
[Info   :ComfyNetworkSense] [07/31/2026 07:05:17] MOTION_AUTHORITY state=target_rejected run_id=native-20260731-c8-full28 client=i5 action=none detail=sequence=186_target_error_mm=49390_native_fallback=false
[Info   :ComfyNetworkSense] [07/31/2026 07:05:17] MOTION_AUTHORITY state=target_rejected run_id=native-20260731-c8-full28 client=i5 action=none detail=sequence=186_target_error_mm=49393_native_fallback=false
[Info   :ComfyNetworkSense] [07/31/2026 07:05:17] MOTION_AUTHORITY state=target_rejected run_id=native-20260731-c8-full28 client=i5 action=none detail=sequence=186_target_error_mm=49396_native_fallback=false
[Info   :ComfyNetworkSense] [07/31/2026 07:05:17] MOTION_AUTHORITY state=target_rejected run_id=native-20260731-c8-full28 client=i5 action=none detail=sequence=186_target_error_mm=49399_native_fallback=false
[Info   :ComfyNetworkSense] [07/31/2026 07:05:17] MOTION_AUTHORITY state=target_rejected run_id=native-20260731-c8-full28 client=i5 action=none detail=sequence=186_target_error_mm=49403_native_fallback=false
[Info   :ComfyNetworkSense] [07/31/2026 07:05:17] MOTION_AUTHORITY state=target_rejected run_id=native-20260731-c8-full28 client=i5 action=none detail=sequence=186_target_error_mm=49406_native_fallback=false
[Info   :ComfyNetworkSense] [07/31/2026 07:05:17] MOTION_AUTHORITY state=target_rejected run_id=native-20260731-c8-full28 client=i5 action=none detail=sequence=187_target_error_mm=49410_native_fallback=false
[Info   :ComfyNetworkSense] [07/31/2026 07:05:17] MOTION_AUTHORITY state=target_rejected run_id=native-20260731-c8-full28 client=i5 action=none detail=sequence=187_target_error_mm=49413_native_fallback=false
[Info   :ComfyNetworkSense] [07/31/2026 07:05:17] MOTION_AUTHORITY state=target_rejected run_id=native-20260731-c8-full28 client=i5 action=none detail=sequence=187_target_error_mm=49416_native_fallback=false
[Info   :ComfyNetworkSense] [07/31/2026 07:05:17] MOTION_AUTHORITY state=target_rejected run_id=native-20260731-c8-full28 client=i5 action=none detail=sequence=187_target_error_mm=49419_native_fallback=false
[Info   :ComfyNetworkSense] [07/31/2026 07:05:17] MOTION_AUTHORITY state=target_rejected run_id=native-20260731-c8-full28 client=i5 action=none detail=sequence=187_target_error_mm=49422_native_fallback=false
[Info   :ComfyNetworkSense] [07/31/2026 07:05:17] MOTION_AUTHORITY state=target_rejected run_id=native-20260731-c8-full28 client=i5 action=none detail=sequence=187_target_error_mm=49425_native_fallback=false
[Info   :ComfyNetworkSense] [07/31/2026 07:05:17] MOTION_AUTHORITY state=target_rejected run_id=native-20260731-c8-full28 client=i5 action=none detail=sequence=187_target_error_mm=49428_native_fallback=false
[Info   :ComfyNetworkSense] [07/31/2026 07:05:17] MOTION_AUTHORITY state=target_rejected run_id=native-20260731-c8-full28 client=i5 action=none detail=sequence=188_target_error_mm=49421_native_fallback=false
[Info   :ComfyNetworkSense] [07/31/2026 07:05:17] MOTION_AUTHORITY state=target_rejected run_id=native-20260731-c8-full28 client=i5 action=none detail=sequence=188_target_error_mm=49424_native_fallback=false
[Info   :ComfyNetworkSense] [07/31/2026 07:05:17] MOTION_AUTHORITY state=target_rejected run_id=native-20260731-c8-full28 client=i5 action=none detail=sequence=188_target_error_mm=49427_native_fallback=false
[Info   :ComfyNetworkSense] [07/31/2026 07:05:17] MOTION_AUTHORITY state=target_rejected run_id=native-20260731-c8-full28 client=i5 action=none detail=sequence=188_target_error_mm=49430_native_fallback=false
[Info   :ComfyNetworkSense] [07/31/2026 07:05:17] MOTION_AUTHORITY state=target_rejected run_id=native-20260731-c8-full28 client=i5 action=none detail=sequence=188_target_error_mm=49433_native_fallback=false
[Info   :ComfyNetworkSense] [07/31/2026 07:05:17] MOTION_AUTHORITY state=target_rejected run_id=native-20260731-c8-full28 client=i5 action=none detail=sequence=188_target_error_mm=49436_native_fallback=false
[Info   :ComfyNetworkSense] [07/31/2026 07:05:17] MOTION_AUTHORITY state=target_rejected run_id=native-20260731-c8-full28 client=i5 action=none detail=sequence=188_target_error_mm=49440_native_fallback=false
[Info   :ComfyNetworkSense] [07/31/2026 07:05:17] MOTION_AUTHORITY state=target_rejected run_id=native-20260731-c8-full28 client=i5 action=none detail=sequence=188_target_error_mm=49443_native_fallback=false
[Info   :ComfyNetworkSense] [07/31/2026 07:05:17] MOTION_AUTHORITY state=target_rejected run_id=native-20260731-c8-full28 client=i5 action=none detail=sequence=189_target_error_mm=49456_native_fallback=false
[Info   :ComfyNetworkSense] [07/31/2026 07:05:17] MOTION_AUTHORITY state=target_rejected run_id=native-20260731-c8-full28 client=i5 action=none detail=sequence=189_target_error_mm=49459_native_fallback=false
[Info   :ComfyNetworkSense] [07/31/2026 07:05:17] MOTION_AUTHORITY state=target_rejected run_id=native-20260731-c8-full28 client=i5 action=none detail=sequence=189_target_error_mm=49463_native_fallback=false
[Info   :ComfyNetworkSense] [07/31/2026 07:05:17] MOTION_AUTHORITY state=target_rejected run_id=native-20260731-c8-full28 client=i5 action=none detail=sequence=189_target_error_mm=49465_native_fallback=false
[Info   :ComfyNetworkSense] [07/31/2026 07:05:17] MOTION_AUTHORITY state=target_rejected run_id=native-20260731-c8-full28 client=i5 action=none detail=sequence=189_target_error_mm=49468_native_fallback=false
[Info   :ComfyNetworkSense] [07/31/2026 07:05:17] MOTION_AUTHORITY state=target_rejected run_id=native-20260731-c8-full28 client=i5 action=none detail=sequence=189_target_error_mm=49471_native_fallback=false
[Info   :ComfyNetworkSense] [07/31/2026 07:05:17] MOTION_AUTHORITY state=target_rejected run_id=native-20260731-c8-full28 client=i5 action=none detail=sequence=190_target_error_mm=49464_native_fallback=false
[Info   :ComfyNetworkSense] [07/31/2026 07:05:17] MOTION_AUTHORITY state=target_rejected run_id=native-20260731-c8-full28 client=i5 action=none detail=sequence=190_target_error_mm=49468_native_fallback=false
[Info   :ComfyNetworkSense] [07/31/2026 07:05:18] MOTION_AUTHORITY state=target_rejected run_id=native-20260731-c8-full28 client=i5 action=none detail=sequence=190_target_error_mm=49470_native_fallback=false
[Info   :ComfyNetworkSense] [07/31/2026 07:05:18] MOTION_AUTHORITY state=target_rejected run_id=native-20260731-c8-full28 client=i5 action=none detail=sequence=190_target_error_mm=49473_native_fallback=false
[Info   :ComfyNetworkSense] [07/31/2026 07:05:18] MOTION_AUTHORITY state=target_rejected run_id=native-20260731-c8-full28 client=i5 action=none detail=sequence=190_target_error_mm=49476_native_fallback=false
[Info   :ComfyNetworkSense] [07/31/2026 07:05:18] MOTION_AUTHORITY state=target_rejected run_id=native-20260731-c8-full28 client=i5 action=none detail=sequence=190_target_error_mm=49479_native_fallback=false
[Info   :ComfyNetworkSense] [07/31/2026 07:05:18] MOTION_AUTHORITY state=target_rejected run_id=native-20260731-c8-full28 client=i5 action=none detail=sequence=190_target_error_mm=49482_native_fallback=false
[Info   :ComfyNetworkSense] [07/31/2026 07:05:18] MOTION_AUTHORITY state=target_rejected run_id=native-20260731-c8-full28 client=i5 action=none detail=sequence=191_target_error_mm=49477_native_fallback=false
[Info   :ComfyNetworkSense] [07/31/2026 07:05:18] MOTION_AUTHORITY state=target_rejected run_id=native-20260731-c8-full28 client=i5 action=none detail=sequence=191_target_error_mm=49480_native_fallback=false
[Info   :ComfyNetworkSense] [07/31/2026 07:05:18] MOTION_AUTHORITY state=target_rejected run_id=native-20260731-c8-full28 client=i5 action=none detail=sequence=191_target_error_mm=49483_native_fallback=false
[Info   :ComfyNetworkSense] [07/31/2026 07:05:18] MOTION_AUTHORITY state=target_rejected run_id=native-20260731-c8-full28 client=i5 action=none detail=sequence=191_target_error_mm=49485_native_fallback=false
[Info   :ComfyNetworkSense] [07/31/2026 07:05:18] MOTION_AUTHORITY state=target_rejected run_id=native-20260731-c8-full28 client=i5 action=none detail=sequence=191_target_error_mm=49488_native_fallback=false
[Info   :ComfyNetworkSense] [07/31/2026 07:05:18] MOTION_AUTHORITY state=target_rejected run_id=native-20260731-c8-full28 client=i5 action=none detail=sequence=191_target_error_mm=49491_native_fallback=false
[Info   :ComfyNetworkSense] [07/31/2026 07:05:18] MOTION_AUTHORITY state=target_rejected run_id=native-20260731-c8-full28 client=i5 action=none detail=sequence=191_target_error_mm=49494_native_fallback=false
[Info   :ComfyNetworkSense] [07/31/2026 07:05:18] MOTION_AUTHORITY state=target_rejected run_id=native-20260731-c8-full28 client=i5 action=none detail=sequence=192_target_error_mm=49480_native_fallback=false
[Info   :ComfyNetworkSense] [07/31/2026 07:05:18] MOTION_AUTHORITY state=target_rejected run_id=native-20260731-c8-full28 client=i5 action=none detail=sequence=192_target_error_mm=49483_native_fallback=false
[Info   :ComfyNetworkSense] [07/31/2026 07:05:18] MOTION_AUTHORITY state=target_rejected run_id=native-20260731-c8-full28 client=i5 action=none detail=sequence=192_target_error_mm=49487_native_fallback=false
[Info   :ComfyNetworkSense] [07/31/2026 07:05:18] MOTION_AUTHORITY state=target_rejected run_id=native-20260731-c8-full28 client=i5 action=none detail=sequence=192_target_error_mm=49490_native_fallback=false
[Info   :ComfyNetworkSense] [07/31/2026 07:05:18] MOTION_AUTHORITY state=target_rejected run_id=native-20260731-c8-full28 client=i5 action=none detail=sequence=192_target_error_mm=49494_native_fallback=false
[Info   :ComfyNetworkSense] [07/31/2026 07:05:18] MOTION_AUTHORITY state=target_rejected run_id=native-20260731-c8-full28 client=i5 action=none detail=sequence=192_target_error_mm=49496_native_fallback=false
[Info   :ComfyNetworkSense] [07/31/2026 07:05:18] MOTION_AUTHORITY state=target_rejected run_id=native-20260731-c8-full28 client=i5 action=none detail=sequence=193_target_error_mm=49501_native_fallback=false
[Info   :ComfyNetworkSense] [07/31/2026 07:05:18] MOTION_AUTHORITY state=target_rejected run_id=native-20260731-c8-full28 client=i5 action=none detail=sequence=193_target_error_mm=49503_native_fallback=false
[Info   :ComfyNetworkSense] [07/31/2026 07:05:18] MOTION_AUTHORITY state=target_rejected run_id=native-20260731-c8-full28 client=i5 action=none detail=sequence=193_target_error_mm=49508_native_fallback=false
[Info   :ComfyNetworkSense] [07/31/2026 07:05:18] MOTION_AUTHORITY state=target_rejected run_id=native-20260731-c8-full28 client=i5 action=none detail=sequence=193_target_error_mm=49510_native_fallback=false
[Info   :ComfyNetworkSense] [07/31/2026 07:05:18] MOTION_AUTHORITY state=target_rejected run_id=native-20260731-c8-full28 client=i5 action=none detail=sequence=193_target_error_mm=49514_native_fallback=false
[Info   :ComfyNetworkSense] [07/31/2026 07:05:18] MOTION_AUTHORITY state=target_rejected run_id=native-20260731-c8-full28 client=i5 action=none detail=sequence=193_target_error_mm=49517_native_fallback=false
[Info   :ComfyNetworkSense] [07/31/2026 07:05:18] MOTION_AUTHORITY state=target_rejected run_id=native-20260731-c8-full28 client=i5 action=none detail=sequence=193_target_error_mm=49521_native_fallback=false
[Info   :ComfyNetworkSense] [07/31/2026 07:05:18] MOTION_AUTHORITY state=target_rejected run_id=native-20260731-c8-full28 client=i5 action=none detail=sequence=194_target_error_mm=49516_native_fallback=false
[Info   :ComfyNetworkSense] [07/31/2026 07:05:18] MOTION_AUTHORITY state=target_rejected run_id=native-20260731-c8-full28 client=i5 action=none detail=sequence=194_target_error_mm=49520_native_fallback=false
[Info   :ComfyNetworkSense] [07/31/2026 07:05:18] MOTION_AUTHORITY state=target_rejected run_id=native-20260731-c8-full28 client=i5 action=none detail=sequence=194_target_error_mm=49523_native_fallback=false
[Info   :ComfyNetworkSense] [07/31/2026 07:05:18] MOTION_AUTHORITY state=target_rejected run_id=native-20260731-c8-full28 client=i5 action=none detail=sequence=194_target_error_mm=49527_native_fallback=false
[Info   :ComfyNetworkSense] [07/31/2026 07:05:18] MOTION_AUTHORITY state=target_rejected run_id=native-20260731-c8-full28 client=i5 action=none detail=sequence=194_target_error_mm=49529_native_fallback=false
[Info   :ComfyNetworkSense] [07/31/2026 07:05:18] MOTION_AUTHORITY state=target_rejected run_id=native-20260731-c8-full28 client=i5 action=none detail=sequence=194_target_error_mm=49534_native_fallback=false
[Info   :ComfyNetworkSense] [07/31/2026 07:05:18] MOTION_AUTHORITY state=target_rejected run_id=native-20260731-c8-full28 client=i5 action=none detail=sequence=195_target_error_mm=49500_native_fallback=false
[Info   :ComfyNetworkSense] [07/31/2026 07:05:18] MOTION_AUTHORITY state=target_rejected run_id=native-20260731-c8-full28 client=i5 action=none detail=sequence=195_target_error_mm=49504_native_fallback=false
[Info   :ComfyNetworkSense] [07/31/2026 07:05:18] MOTION_AUTHORITY state=target_rejected run_id=native-20260731-c8-full28 client=i5 action=none detail=sequence=195_target_error_mm=49506_native_fallback=false
[Info   :ComfyNetworkSense] [07/31/2026 07:05:18] MOTION_AUTHORITY state=target_rejected run_id=native-20260731-c8-full28 client=i5 action=none detail=sequence=195_target_error_mm=49509_native_fallback=false
[Info   :ComfyNetworkSense] [07/31/2026 07:05:18] MOTION_AUTHORITY state=target_rejected run_id=native-20260731-c8-full28 client=i5 action=none detail=sequence=195_target_error_mm=49512_native_fallback=false
[Info   :ComfyNetworkSense] [07/31/2026 07:05:18] MOTION_AUTHORITY state=target_rejected run_id=native-20260731-c8-full28 client=i5 action=none detail=sequence=195_target_error_mm=49515_native_fallback=false
[Info   :ComfyNetworkSense] [07/31/2026 07:05:18] MOTION_AUTHORITY state=target_rejected run_id=native-20260731-c8-full28 client=i5 action=none detail=sequence=195_target_error_mm=49518_native_fallback=false
[Info   :ComfyNetworkSense] [07/31/2026 07:05:18] MOTION_AUTHORITY state=target_rejected run_id=native-20260731-c8-full28 client=i5 action=none detail=sequence=196_target_error_mm=49542_native_fallback=false
[Info   :ComfyNetworkSense] [07/31/2026 07:05:18] MOTION_AUTHORITY state=target_rejected run_id=native-20260731-c8-full28 client=i5 action=none detail=sequence=196_target_error_mm=49545_native_fallback=false
[Info   :ComfyNetworkSense] [07/31/2026 07:05:18] MOTION_AUTHORITY state=target_rejected run_id=native-20260731-c8-full28 client=i5 action=none detail=sequence=196_target_error_mm=49548_native_fallback=false
[Info   :ComfyNetworkSense] [07/31/2026 07:05:18] MOTION_AUTHORITY state=target_rejected run_id=native-20260731-c8-full28 client=i5 action=none detail=sequence=196_target_error_mm=49552_native_fallback=false
[Info   :ComfyNetworkSense] [07/31/2026 07:05:18] MOTION_AUTHORITY state=target_rejected run_id=native-20260731-c8-full28 client=i5 action=none detail=sequence=196_target_error_mm=49555_native_fallback=false
[Info   :ComfyNetworkSense] [07/31/2026 07:05:18] MOTION_AUTHORITY state=target_rejected run_id=native-20260731-c8-full28 client=i5 action=none detail=sequence=196_target_error_mm=49559_native_fallback=false
[Info   :ComfyNetworkSense] [07/31/2026 07:05:18] MOTION_AUTHORITY state=target_rejected run_id=native-20260731-c8-full28 client=i5 action=none detail=sequence=196_target_error_mm=49561_native_fallback=false
[Info   :ComfyNetworkSense] [07/31/2026 07:05:18] MOTION_AUTHORITY state=target_rejected run_id=native-20260731-c8-full28 client=i5 action=none detail=sequence=197_target_error_mm=49557_native_fallback=false
[Info   :ComfyNetworkSense] [07/31/2026 07:05:18] MOTION_AUTHORITY state=target_rejected run_id=native-20260731-c8-full28 client=i5 action=none detail=sequence=197_target_error_mm=49560_native_fallback=false
[Info   :ComfyNetworkSense] [07/31/2026 07:05:18] MOTION_AUTHORITY state=target_rejected run_id=native-20260731-c8-full28 client=i5 action=none detail=sequence=197_target_error_mm=49562_native_fallback=false
[Info   :ComfyNetworkSense] [07/31/2026 07:05:18] MOTION_AUTHORITY state=target_rejected run_id=native-20260731-c8-full28 client=i5 action=none detail=sequence=197_target_error_mm=49565_native_fallback=false
[Info   :ComfyNetworkSense] [07/31/2026 07:05:18] MOTION_AUTHORITY state=target_rejected run_id=native-20260731-c8-full28 client=i5 action=none detail=sequence=197_target_error_mm=49568_native_fallback=false
[Info   :ComfyNetworkSense] [07/31/2026 07:05:18] MOTION_AUTHORITY state=target_rejected run_id=native-20260731-c8-full28 client=i5 action=none detail=sequence=197_target_error_mm=49571_native_fallback=false
[Info   :ComfyNetworkSense] [07/31/2026 07:05:18] MOTION_AUTHORITY state=target_rejected run_id=native-20260731-c8-full28 client=i5 action=none detail=sequence=197_target_error_mm=49574_native_fallback=false
[Info   :ComfyNetworkSense] [07/31/2026 07:05:18] MOTION_AUTHORITY state=target_rejected run_id=native-20260731-c8-full28 client=i5 action=none detail=sequence=198_target_error_mm=49552_native_fallback=false
[Info   :ComfyNetworkSense] [07/31/2026 07:05:18] MOTION_AUTHORITY state=target_rejected run_id=native-20260731-c8-full28 client=i5 action=none detail=sequence=198_target_error_mm=49555_native_fallback=false
[Info   :ComfyNetworkSense] [07/31/2026 07:05:18] MOTION_AUTHORITY state=target_rejected run_id=native-20260731-c8-full28 client=i5 action=none detail=sequence=198_target_error_mm=49559_native_fallback=false
[Info   :ComfyNetworkSense] [07/31/2026 07:05:18] MOTION_AUTHORITY state=target_rejected run_id=native-20260731-c8-full28 client=i5 action=none detail=sequence=198_target_error_mm=49561_native_fallback=false
[Info   :ComfyNetworkSense] [07/31/2026 07:05:18] MOTION_AUTHORITY state=target_rejected run_id=native-20260731-c8-full28 client=i5 action=none detail=sequence=198_target_error_mm=49565_native_fallback=false
[Info   :ComfyNetworkSense] [07/31/2026 07:05:18] MOTION_AUTHORITY state=target_rejected run_id=native-20260731-c8-full28 client=i5 action=none detail=sequence=198_target_error_mm=49568_native_fallback=false
[Info   :ComfyNetworkSense] [07/31/2026 07:05:18] MOTION_AUTHORITY state=target_rejected run_id=native-20260731-c8-full28 client=i5 action=none detail=sequence=198_target_error_mm=49572_native_fallback=false
[Info   :ComfyNetworkSense] [07/31/2026 07:05:18] MOTION_AUTHORITY state=target_rejected run_id=native-20260731-c8-full28 client=i5 action=none detail=sequence=199_target_error_mm=49587_native_fallback=false
[Info   :ComfyNetworkSense] [07/31/2026 07:05:18] MOTION_AUTHORITY state=target_rejected run_id=native-20260731-c8-full28 client=i5 action=none detail=sequence=199_target_error_mm=49590_native_fallback=false
[Info   :ComfyNetworkSense] [07/31/2026 07:05:18] MOTION_AUTHORITY state=target_rejected run_id=native-20260731-c8-full28 client=i5 action=none detail=sequence=199_target_error_mm=49593_native_fallback=false
[Info   :ComfyNetworkSense] [07/31/2026 07:05:18] MOTION_AUTHORITY state=target_rejected run_id=native-20260731-c8-full28 client=i5 action=none detail=sequence=199_target_error_mm=49596_native_fallback=false
[Info   :ComfyNetworkSense] [07/31/2026 07:05:18] MOTION_AUTHORITY state=target_rejected run_id=native-20260731-c8-full28 client=i5 action=none detail=sequence=199_target_error_mm=49599_native_fallback=false
[Info   :ComfyNetworkSense] [07/31/2026 07:05:18] MOTION_AUTHORITY state=target_rejected run_id=native-20260731-c8-full28 client=i5 action=none detail=sequence=199_target_error_mm=49602_native_fallback=false
[Info   :ComfyNetworkSense] [07/31/2026 07:05:18] MOTION_AUTHORITY state=target_rejected run_id=native-20260731-c8-full28 client=i5 action=none detail=sequence=199_target_error_mm=49604_native_fallback=false
[Info   :ComfyNetworkSense] [07/31/2026 07:05:18] MOTION_AUTHORITY state=target_rejected run_id=native-20260731-c8-full28 client=i5 action=none detail=sequence=200_target_error_mm=49601_native_fallback=false
[Info   :ComfyNetworkSense] [07/31/2026 07:05:18] MOTION_AUTHORITY state=target_rejected run_id=native-20260731-c8-full28 client=i5 action=none detail=sequence=200_target_error_mm=49605_native_fallback=false
[Info   :ComfyNetworkSense] [07/31/2026 07:05:18] MOTION_AUTHORITY state=target_rejected run_id=native-20260731-c8-full28 client=i5 action=none detail=sequence=200_target_error_mm=49607_native_fallback=false
[Info   :ComfyNetworkSense] [07/31/2026 07:05:18] MOTION_AUTHORITY state=target_rejected run_id=native-20260731-c8-full28 client=i5 action=none detail=sequence=200_target_error_mm=49611_native_fallback=false
[Info   :ComfyNetworkSense] [07/31/2026 07:05:18] MOTION_AUTHORITY state=target_rejected run_id=native-20260731-c8-full28 client=i5 action=none detail=sequence=200_target_error_mm=49614_native_fallback=false
[Info   :ComfyNetworkSense] [07/31/2026 07:05:18] MOTION_AUTHORITY state=target_rejected run_id=native-20260731-c8-full28 client=i5 action=none detail=sequence=200_target_error_mm=49617_native_fallback=false
[Info   :ComfyNetworkSense] [07/31/2026 07:05:18] MOTION_AUTHORITY state=target_rejected run_id=native-20260731-c8-full28 client=i5 action=none detail=sequence=201_target_error_mm=49604_native_fallback=false
[Info   :ComfyNetworkSense] [07/31/2026 07:05:18] MOTION_AUTHORITY state=target_rejected run_id=native-20260731-c8-full28 client=i5 action=none detail=sequence=201_target_error_mm=49607_native_fallback=false
[Info   :ComfyNetworkSense] [07/31/2026 07:05:18] MOTION_AUTHORITY state=target_rejected run_id=native-20260731-c8-full28 client=i5 action=none detail=sequence=201_target_error_mm=49610_native_fallback=false
[Info   :ComfyNetworkSense] [07/31/2026 07:05:18] MOTION_AUTHORITY state=target_rejected run_id=native-20260731-c8-full28 client=i5 action=none detail=sequence=201_target_error_mm=49613_native_fallback=false
[Info   :ComfyNetworkSense] [07/31/2026 07:05:18] MOTION_AUTHORITY state=target_rejected run_id=native-20260731-c8-full28 client=i5 action=none detail=sequence=201_target_error_mm=49616_native_fallback=false
[Info   :ComfyNetworkSense] [07/31/2026 07:05:18] MOTION_AUTHORITY state=target_rejected run_id=native-20260731-c8-full28 client=i5 action=none detail=sequence=201_target_error_mm=49619_native_fallback=false
[Info   :ComfyNetworkSense] [07/31/2026 07:05:18] MOTION_AUTHORITY state=target_rejected run_id=native-20260731-c8-full28 client=i5 action=none detail=sequence=201_target_error_mm=49623_native_fallback=false
[Info   :ComfyNetworkSense] [07/31/2026 07:05:18] MOTION_AUTHORITY state=target_rejected run_id=native-20260731-c8-full28 client=i5 action=none detail=sequence=202_target_error_mm=49629_native_fallback=false
[Info   :ComfyNetworkSense] [07/31/2026 07:05:18] MOTION_AUTHORITY state=target_rejected run_id=native-20260731-c8-full28 client=i5 action=none detail=sequence=202_target_error_mm=49632_native_fallback=false
[Info   :ComfyNetworkSense] [07/31/2026 07:05:18] MOTION_AUTHORITY state=target_rejected run_id=native-20260731-c8-full28 client=i5 action=none detail=sequence=202_target_error_mm=49635_native_fallback=false
[Info   :ComfyNetworkSense] [07/31/2026 07:05:18] MOTION_AUTHORITY state=target_rejected run_id=native-20260731-c8-full28 client=i5 action=none detail=sequence=202_target_error_mm=49638_native_fallback=false
[Info   :ComfyNetworkSense] [07/31/2026 07:05:18] MOTION_AUTHORITY state=target_rejected run_id=native-20260731-c8-full28 client=i5 action=none detail=sequence=202_target_error_mm=49641_native_fallback=false
[Info   :ComfyNetworkSense] [07/31/2026 07:05:18] MOTION_AUTHORITY state=target_rejected run_id=native-20260731-c8-full28 client=i5 action=none detail=sequence=202_target_error_mm=49644_native_fallback=false
[Info   :ComfyNetworkSense] [07/31/2026 07:05:18] MOTION_AUTHORITY state=target_rejected run_id=native-20260731-c8-full28 client=i5 action=none detail=sequence=202_target_error_mm=49647_native_fallback=false
[Info   :ComfyNetworkSense] [07/31/2026 07:05:18] MOTION_AUTHORITY state=target_rejected run_id=native-20260731-c8-full28 client=i5 action=none detail=sequence=202_target_error_mm=49649_native_fallback=false
[Info   :ComfyNetworkSense] [07/31/2026 07:05:18] MOTION_AUTHORITY state=target_rejected run_id=native-20260731-c8-full28 client=i5 action=none detail=sequence=202_target_error_mm=49652_native_fallback=false
[Info   :ComfyNetworkSense] [07/31/2026 07:05:18] MOTION_AUTHORITY state=target_rejected run_id=native-20260731-c8-full28 client=i5 action=none detail=sequence=202_target_error_mm=49655_native_fallback=false
[Info   :ComfyNetworkSense] [07/31/2026 07:05:18] MOTION_AUTHORITY state=target_rejected run_id=native-20260731-c8-full28 client=i5 action=none detail=sequence=203_target_error_mm=49564_native_fallback=false
[Info   :ComfyNetworkSense] [07/31/2026 07:05:18] MOTION_AUTHORITY state=target_rejected run_id=native-20260731-c8-full28 client=i5 action=none detail=sequence=203_target_error_mm=49567_native_fallback=false
[Info   :ComfyNetworkSense] [07/31/2026 07:05:18] MOTION_AUTHORITY state=target_rejected run_id=native-20260731-c8-full28 client=i5 action=none detail=sequence=203_target_error_mm=49571_native_fallback=false
[Info   :ComfyNetworkSense] [07/31/2026 07:05:18] MOTION_AUTHORITY state=target_rejected run_id=native-20260731-c8-full28 client=i5 action=none detail=sequence=203_target_error_mm=49574_native_fallback=false
[Info   :ComfyNetworkSense] [07/31/2026 07:05:18] MOTION_AUTHORITY state=target_rejected run_id=native-20260731-c8-full28 client=i5 action=none detail=sequence=204_target_error_mm=49661_native_fallback=false
[Info   :ComfyNetworkSense] [07/31/2026 07:05:18] MOTION_AUTHORITY state=target_rejected run_id=native-20260731-c8-full28 client=i5 action=none detail=sequence=204_target_error_mm=49663_native_fallback=false
[Info   :ComfyNetworkSense] [07/31/2026 07:05:18] MOTION_AUTHORITY state=target_rejected run_id=native-20260731-c8-full28 client=i5 action=none detail=sequence=204_target_error_mm=49666_native_fallback=false
[Info   :ComfyNetworkSense] [07/31/2026 07:05:18] MOTION_AUTHORITY state=target_rejected run_id=native-20260731-c8-full28 client=i5 action=none detail=sequence=204_target_error_mm=49669_native_fallback=false
[Info   :ComfyNetworkSense] [07/31/2026 07:05:18] MOTION_AUTHORITY state=target_rejected run_id=native-20260731-c8-full28 client=i5 action=none detail=sequence=204_target_error_mm=49672_native_fallback=false
[Info   :ComfyNetworkSense] [07/31/2026 07:05:18] MOTION_AUTHORITY state=target_rejected run_id=native-20260731-c8-full28 client=i5 action=none detail=sequence=204_target_error_mm=49675_native_fallback=false
[Info   :ComfyNetworkSense] [07/31/2026 07:05:18] MOTION_AUTHORITY state=target_rejected run_id=native-20260731-c8-full28 client=i5 action=none detail=sequence=204_target_error_mm=49678_native_fallback=false
[Info   :ComfyNetworkSense] [07/31/2026 07:05:18] MOTION_AUTHORITY state=target_rejected run_id=native-20260731-c8-full28 client=i5 action=none detail=sequence=205_target_error_mm=49676_native_fallback=false
[Info   :ComfyNetworkSense] [07/31/2026 07:05:18] MOTION_AUTHORITY state=target_rejected run_id=native-20260731-c8-full28 client=i5 action=none detail=sequence=205_target_error_mm=49679_native_fallback=false
[Info   :ComfyNetworkSense] [07/31/2026 07:05:18] MOTION_AUTHORITY state=target_rejected run_id=native-20260731-c8-full28 client=i5 action=none detail=sequence=205_target_error_mm=49683_native_fallback=false
[Info   :ComfyNetworkSense] [07/31/2026 07:05:18] MOTION_AUTHORITY state=target_rejected run_id=native-20260731-c8-full28 client=i5 action=none detail=sequence=205_target_error_mm=49686_native_fallback=false
[Info   :ComfyNetworkSense] [07/31/2026 07:05:18] MOTION_AUTHORITY state=target_rejected run_id=native-20260731-c8-full28 client=i5 action=none detail=sequence=205_target_error_mm=49690_native_fallback=false
[Info   :ComfyNetworkSense] [07/31/2026 07:05:18] MOTION_AUTHORITY state=target_rejected run_id=native-20260731-c8-full28 client=i5 action=none detail=sequence=205_target_error_mm=49692_native_fallback=false
[Info   :ComfyNetworkSense] [07/31/2026 07:05:18] MOTION_AUTHORITY state=target_rejected run_id=native-20260731-c8-full28 client=i5 action=none detail=sequence=205_target_error_mm=49696_native_fallback=false
[Info   :ComfyNetworkSense] [07/31/2026 07:05:18] MOTION_AUTHORITY state=target_rejected run_id=native-20260731-c8-full28 client=i5 action=none detail=sequence=205_target_error_mm=49698_native_fallback=false
[Info   :ComfyNetworkSense] [07/31/2026 07:05:18] MOTION_AUTHORITY state=target_rejected run_id=native-20260731-c8-full28 client=i5 action=none detail=sequence=206_target_error_mm=49597_native_fallback=false
[Info   :ComfyNetworkSense] [07/31/2026 07:05:18] MOTION_AUTHORITY state=target_rejected run_id=native-20260731-c8-full28 client=i5 action=none detail=sequence=206_target_error_mm=49600_native_fallback=false
[Info   :ComfyNetworkSense] [07/31/2026 07:05:18] MOTION_AUTHORITY state=target_rejected run_id=native-20260731-c8-full28 client=i5 action=none detail=sequence=206_target_error_mm=49603_native_fallback=false
[Info   :ComfyNetworkSense] [07/31/2026 07:05:18] MOTION_AUTHORITY state=target_rejected run_id=native-20260731-c8-full28 client=i5 action=none detail=sequence=206_target_error_mm=49605_native_fallback=false
[Info   :ComfyNetworkSense] [07/31/2026 07:05:18] MOTION_AUTHORITY state=target_rejected run_id=native-20260731-c8-full28 client=i5 action=none detail=sequence=206_target_error_mm=49608_native_fallback=false
[Info   :ComfyNetworkSense] [07/31/2026 07:05:18] MOTION_AUTHORITY state=target_rejected run_id=native-20260731-c8-full28 client=i5 action=none detail=sequence=206_target_error_mm=49613_native_fallback=false
[Info   :ComfyNetworkSense] [07/31/2026 07:05:18] MOTION_AUTHORITY state=target_rejected run_id=native-20260731-c8-full28 client=i5 action=none detail=sequence=207_target_error_mm=49710_native_fallback=false
[Info   :ComfyNetworkSense] [07/31/2026 07:05:18] MOTION_AUTHORITY state=target_rejected run_id=native-20260731-c8-full28 client=i5 action=none detail=sequence=207_target_error_mm=49713_native_fallback=false
[Info   :ComfyNetworkSense] [07/31/2026 07:05:18] MOTION_AUTHORITY state=target_rejected run_id=native-20260731-c8-full28 client=i5 action=none detail=sequence=207_target_error_mm=49716_native_fallback=false
[Info   :ComfyNetworkSense] [07/31/2026 07:05:18] MOTION_AUTHORITY state=target_rejected run_id=native-20260731-c8-full28 client=i5 action=none detail=sequence=207_target_error_mm=49719_native_fallback=false
[Info   :ComfyNetworkSense] [07/31/2026 07:05:18] MOTION_AUTHORITY state=target_rejected run_id=native-20260731-c8-full28 client=i5 action=none detail=sequence=207_target_error_mm=49722_native_fallback=false
[Info   :ComfyNetworkSense] [07/31/2026 07:05:18] MOTION_AUTHORITY state=target_rejected run_id=native-20260731-c8-full28 client=i5 action=none detail=sequence=207_target_error_mm=49726_native_fallback=false
[Info   :ComfyNetworkSense] [07/31/2026 07:05:18] MOTION_AUTHORITY state=target_rejected run_id=native-20260731-c8-full28 client=i5 action=none detail=sequence=207_target_error_mm=49728_native_fallback=false
[Info   :ComfyNetworkSense] [07/31/2026 07:05:18] MOTION_AUTHORITY state=target_rejected run_id=native-20260731-c8-full28 client=i5 action=none detail=sequence=208_target_error_mm=49727_native_fallback=false
[Info   :ComfyNetworkSense] [07/31/2026 07:05:18] MOTION_AUTHORITY state=target_rejected run_id=native-20260731-c8-full28 client=i5 action=none detail=sequence=208_target_error_mm=49730_native_fallback=false
[Info   :ComfyNetworkSense] [07/31/2026 07:05:18] MOTION_AUTHORITY state=target_rejected run_id=native-20260731-c8-full28 client=i5 action=none detail=sequence=208_target_error_mm=49733_native_fallback=false
[Info   :ComfyNetworkSense] [07/31/2026 07:05:18] MOTION_AUTHORITY state=target_rejected run_id=native-20260731-c8-full28 client=i5 action=none detail=sequence=208_target_error_mm=49735_native_fallback=false
[Info   :ComfyNetworkSense] [07/31/2026 07:05:18] MOTION_AUTHORITY state=target_rejected run_id=native-20260731-c8-full28 client=i5 action=none detail=sequence=208_target_error_mm=49738_native_fallback=false
[Info   :ComfyNetworkSense] [07/31/2026 07:05:18] MOTION_AUTHORITY state=target_rejected run_id=native-20260731-c8-full28 client=i5 action=none detail=sequence=208_target_error_mm=49741_native_fallback=false
[Info   :ComfyNetworkSense] [07/31/2026 07:05:18] MOTION_AUTHORITY state=target_rejected run_id=native-20260731-c8-full28 client=i5 action=none detail=sequence=208_target_error_mm=49744_native_fallback=false
[Info   :ComfyNetworkSense] [07/31/2026 07:05:18] MOTION_AUTHORITY state=target_rejected run_id=native-20260731-c8-full28 client=i5 action=none detail=sequence=209_target_error_mm=49665_native_fallback=false
[Info   :ComfyNetworkSense] [07/31/2026 07:05:19] MOTION_AUTHORITY state=target_rejected run_id=native-20260731-c8-full28 client=i5 action=none detail=sequence=209_target_error_mm=49667_native_fallback=false
[Info   :ComfyNetworkSense] [07/31/2026 07:05:19] MOTION_AUTHORITY state=target_rejected run_id=native-20260731-c8-full28 client=i5 action=none detail=sequence=209_target_error_mm=49671_native_fallback=false
[Info   :ComfyNetworkSense] [07/31/2026 07:05:19] MOTION_AUTHORITY state=target_rejected run_id=native-20260731-c8-full28 client=i5 action=none detail=sequence=209_target_error_mm=49674_native_fallback=false
[Info   :ComfyNetworkSense] [07/31/2026 07:05:19] MOTION_AUTHORITY state=target_rejected run_id=native-20260731-c8-full28 client=i5 action=none detail=sequence=209_target_error_mm=49678_native_fallback=false
[Info   :ComfyNetworkSense] [07/31/2026 07:05:19] MOTION_AUTHORITY state=target_rejected run_id=native-20260731-c8-full28 client=i5 action=none detail=sequence=209_target_error_mm=49680_native_fallback=false
[Info   :ComfyNetworkSense] [07/31/2026 07:05:19] MOTION_AUTHORITY state=target_rejected run_id=native-20260731-c8-full28 client=i5 action=none detail=sequence=210_target_error_mm=49758_native_fallback=false
[Info   :ComfyNetworkSense] [07/31/2026 07:05:19] MOTION_AUTHORITY state=target_rejected run_id=native-20260731-c8-full28 client=i5 action=none detail=sequence=210_target_error_mm=49761_native_fallback=false
[Info   :ComfyNetworkSense] [07/31/2026 07:05:19] MOTION_AUTHORITY state=target_rejected run_id=native-20260731-c8-full28 client=i5 action=none detail=sequence=210_target_error_mm=49764_native_fallback=false
[Info   :ComfyNetworkSense] [07/31/2026 07:05:19] MOTION_AUTHORITY state=target_rejected run_id=native-20260731-c8-full28 client=i5 action=none detail=sequence=210_target_error_mm=49767_native_fallback=false
[Info   :ComfyNetworkSense] [07/31/2026 07:05:19] MOTION_AUTHORITY state=target_rejected run_id=native-20260731-c8-full28 client=i5 action=none detail=sequence=210_target_error_mm=49770_native_fallback=false
[Info   :ComfyNetworkSense] [07/31/2026 07:05:19] MOTION_AUTHORITY state=target_rejected run_id=native-20260731-c8-full28 client=i5 action=none detail=sequence=210_target_error_mm=49773_native_fallback=false
[Info   :ComfyNetworkSense] [07/31/2026 07:05:19] MOTION_AUTHORITY state=target_rejected run_id=native-20260731-c8-full28 client=i5 action=none detail=sequence=210_target_error_mm=49777_native_fallback=false
[Info   :ComfyNetworkSense] [07/31/2026 07:05:19] MOTION_AUTHORITY state=target_rejected run_id=native-20260731-c8-full28 client=i5 action=none detail=sequence=211_target_error_mm=49776_native_fallback=false
[Info   :ComfyNetworkSense] [07/31/2026 07:05:19] MOTION_AUTHORITY state=target_rejected run_id=native-20260731-c8-full28 client=i5 action=none detail=sequence=211_target_error_mm=49779_native_fallback=false
[Info   :ComfyNetworkSense] [07/31/2026 07:05:19] MOTION_AUTHORITY state=target_rejected run_id=native-20260731-c8-full28 client=i5 action=none detail=sequence=211_target_error_mm=49782_native_fallback=false
[Info   :ComfyNetworkSense] [07/31/2026 07:05:19] MOTION_AUTHORITY state=target_rejected run_id=native-20260731-c8-full28 client=i5 action=none detail=sequence=211_target_error_mm=49785_native_fallback=false
[Info   :ComfyNetworkSense] [07/31/2026 07:05:19] MOTION_AUTHORITY state=target_rejected run_id=native-20260731-c8-full28 client=i5 action=none detail=sequence=211_target_error_mm=49789_native_fallback=false
[Info   :ComfyNetworkSense] [07/31/2026 07:05:19] MOTION_AUTHORITY state=target_rejected run_id=native-20260731-c8-full28 client=i5 action=none detail=sequence=211_target_error_mm=49792_native_fallback=false
[Info   :ComfyNetworkSense] [07/31/2026 07:05:19] MOTION_AUTHORITY state=target_rejected run_id=native-20260731-c8-full28 client=i5 action=none detail=sequence=211_target_error_mm=49796_native_fallback=false
[Info   :ComfyNetworkSense] [07/31/2026 07:05:19] MOTION_AUTHORITY state=target_rejected run_id=native-20260731-c8-full28 client=i5 action=none detail=sequence=212_target_error_mm=49755_native_fallback=false
[Info   :ComfyNetworkSense] [07/31/2026 07:05:19] MOTION_AUTHORITY state=target_rejected run_id=native-20260731-c8-full28 client=i5 action=none detail=sequence=212_target_error_mm=49759_native_fallback=false
[Info   :ComfyNetworkSense] [07/31/2026 07:05:19] MOTION_AUTHORITY state=target_rejected run_id=native-20260731-c8-full28 client=i5 action=none detail=sequence=212_target_error_mm=49761_native_fallback=false
[Info   :ComfyNetworkSense] [07/31/2026 07:05:19] MOTION_AUTHORITY state=target_rejected run_id=native-20260731-c8-full28 client=i5 action=none detail=sequence=212_target_error_mm=49764_native_fallback=false
[Info   :ComfyNetworkSense] [07/31/2026 07:05:19] MOTION_AUTHORITY state=target_rejected run_id=native-20260731-c8-full28 client=i5 action=none detail=sequence=212_target_error_mm=49767_native_fallback=false
[Info   :ComfyNetworkSense] [07/31/2026 07:05:19] MOTION_AUTHORITY state=target_rejected run_id=native-20260731-c8-full28 client=i5 action=none detail=sequence=212_target_error_mm=49770_native_fallback=false
[Info   :ComfyNetworkSense] [07/31/2026 07:05:19] MOTION_AUTHORITY state=target_rejected run_id=native-20260731-c8-full28 client=i5 action=none detail=sequence=212_target_error_mm=49773_native_fallback=false
[Info   :ComfyNetworkSense] [07/31/2026 07:05:19] MOTION_AUTHORITY state=target_rejected run_id=native-20260731-c8-full28 client=i5 action=none detail=sequence=213_target_error_mm=49812_native_fallback=false
[Info   :ComfyNetworkSense] [07/31/2026 07:05:19] MOTION_AUTHORITY state=target_rejected run_id=native-20260731-c8-full28 client=i5 action=none detail=sequence=213_target_error_mm=49815_native_fallback=false
[Info   :ComfyNetworkSense] [07/31/2026 07:05:19] MOTION_AUTHORITY state=target_rejected run_id=native-20260731-c8-full28 client=i5 action=none detail=sequence=213_target_error_mm=49818_native_fallback=false
[Info   :ComfyNetworkSense] [07/31/2026 07:05:19] MOTION_AUTHORITY state=target_rejected run_id=native-20260731-c8-full28 client=i5 action=none detail=sequence=213_target_error_mm=49822_native_fallback=false
[Info   :ComfyNetworkSense] [07/31/2026 07:05:19] MOTION_AUTHORITY state=target_rejected run_id=native-20260731-c8-full28 client=i5 action=none detail=sequence=213_target_error_mm=49824_native_fallback=false
[Info   :ComfyNetworkSense] [07/31/2026 07:05:19] MOTION_AUTHORITY state=target_rejected run_id=native-20260731-c8-full28 client=i5 action=none detail=sequence=213_target_error_mm=49827_native_fallback=false
[Info   :ComfyNetworkSense] [07/31/2026 07:05:19] MOTION_AUTHORITY state=target_rejected run_id=native-20260731-c8-full28 client=i5 action=none detail=sequence=213_target_error_mm=49830_native_fallback=false
[Info   :ComfyNetworkSense] [07/31/2026 07:05:19] MOTION_AUTHORITY state=target_rejected run_id=native-20260731-c8-full28 client=i5 action=none detail=sequence=214_target_error_mm=49651_native_fallback=false
[Info   :ComfyNetworkSense] [07/31/2026 07:05:19] MOTION_AUTHORITY state=target_rejected run_id=native-20260731-c8-full28 client=i5 action=none detail=sequence=214_target_error_mm=49654_native_fallback=false
[Info   :ComfyNetworkSense] [07/31/2026 07:05:19] MOTION_AUTHORITY state=target_rejected run_id=native-20260731-c8-full28 client=i5 action=none detail=sequence=214_target_error_mm=49657_native_fallback=false
[Info   :ComfyNetworkSense] [07/31/2026 07:05:19] MOTION_AUTHORITY state=target_rejected run_id=native-20260731-c8-full28 client=i5 action=none detail=sequence=214_target_error_mm=49660_native_fallback=false
[Info   :ComfyNetworkSense] [07/31/2026 07:05:19] MOTION_AUTHORITY state=target_rejected run_id=native-20260731-c8-full28 client=i5 action=none detail=sequence=214_target_error_mm=49663_native_fallback=false
[Info   :ComfyNetworkSense] [07/31/2026 07:05:19] MOTION_AUTHORITY state=target_rejected run_id=native-20260731-c8-full28 client=i5 action=none detail=sequence=214_target_error_mm=49666_native_fallback=false
[Info   :ComfyNetworkSense] [07/31/2026 07:05:19] MOTION_AUTHORITY state=target_rejected run_id=native-20260731-c8-full28 client=i5 action=none detail=sequence=215_target_error_mm=49845_native_fallback=false
[Info   :ComfyNetworkSense] [07/31/2026 07:05:19] MOTION_AUTHORITY state=target_rejected run_id=native-20260731-c8-full28 client=i5 action=none detail=sequence=215_target_error_mm=49849_native_fallback=false
[Info   :ComfyNetworkSense] [07/31/2026 07:05:19] MOTION_AUTHORITY state=target_rejected run_id=native-20260731-c8-full28 client=i5 action=none detail=sequence=215_target_error_mm=49852_native_fallback=false
[Info   :ComfyNetworkSense] [07/31/2026 07:05:19] MOTION_AUTHORITY state=target_rejected run_id=native-20260731-c8-full28 client=i5 action=none detail=sequence=215_target_error_mm=49856_native_fallback=false
[Info   :ComfyNetworkSense] [07/31/2026 07:05:19] MOTION_AUTHORITY state=target_rejected run_id=native-20260731-c8-full28 client=i5 action=none detail=sequence=215_target_error_mm=49861_native_fallback=false
[Info   :ComfyNetworkSense] [07/31/2026 07:05:19] MOTION_AUTHORITY state=target_rejected run_id=native-20260731-c8-full28 client=i5 action=none detail=sequence=215_target_error_mm=49863_native_fallback=false
[Info   :ComfyNetworkSense] [07/31/2026 07:05:19] MOTION_AUTHORITY state=target_rejected run_id=native-20260731-c8-full28 client=i5 action=none detail=sequence=215_target_error_mm=49866_native_fallback=false
[Info   :ComfyNetworkSense] [07/31/2026 07:05:19] MOTION_AUTHORITY state=target_rejected run_id=native-20260731-c8-full28 client=i5 action=none detail=sequence=216_target_error_mm=49868_native_fallback=false
[Info   :ComfyNetworkSense] [07/31/2026 07:05:19] MOTION_AUTHORITY state=target_rejected run_id=native-20260731-c8-full28 client=i5 action=none detail=sequence=216_target_error_mm=49871_native_fallback=false
[Info   :ComfyNetworkSense] [07/31/2026 07:05:19] MOTION_AUTHORITY state=target_rejected run_id=native-20260731-c8-full28 client=i5 action=none detail=sequence=216_target_error_mm=49874_native_fallback=false
[Info   :ComfyNetworkSense] [07/31/2026 07:05:19] MOTION_AUTHORITY state=target_rejected run_id=native-20260731-c8-full28 client=i5 action=none detail=sequence=216_target_error_mm=49877_native_fallback=false
[Info   :ComfyNetworkSense] [07/31/2026 07:05:19] MOTION_AUTHORITY state=target_rejected run_id=native-20260731-c8-full28 client=i5 action=none detail=sequence=216_target_error_mm=49880_native_fallback=false
[Info   :ComfyNetworkSense] [07/31/2026 07:05:19] MOTION_AUTHORITY state=target_rejected run_id=native-20260731-c8-full28 client=i5 action=none detail=sequence=216_target_error_mm=49883_native_fallback=false
[Info   :ComfyNetworkSense] [07/31/2026 07:05:19] MOTION_AUTHORITY state=target_rejected run_id=native-20260731-c8-full28 client=i5 action=none detail=sequence=217_target_error_mm=49734_native_fallback=false
[Info   :ComfyNetworkSense] [07/31/2026 07:05:19] MOTION_AUTHORITY state=target_rejected run_id=native-20260731-c8-full28 client=i5 action=none detail=sequence=217_target_error_mm=49738_native_fallback=false
[Info   :ComfyNetworkSense] [07/31/2026 07:05:19] MOTION_AUTHORITY state=target_rejected run_id=native-20260731-c8-full28 client=i5 action=none detail=sequence=217_target_error_mm=49741_native_fallback=false
[Info   :ComfyNetworkSense] [07/31/2026 07:05:19] MOTION_AUTHORITY state=target_rejected run_id=native-20260731-c8-full28 client=i5 action=none detail=sequence=217_target_error_mm=49744_native_fallback=false
[Info   :ComfyNetworkSense] [07/31/2026 07:05:19] MOTION_AUTHORITY state=target_rejected run_id=native-20260731-c8-full28 client=i5 action=none detail=sequence=217_target_error_mm=49748_native_fallback=false
[Info   :ComfyNetworkSense] [07/31/2026 07:05:19] MOTION_AUTHORITY state=target_rejected run_id=native-20260731-c8-full28 client=i5 action=none detail=sequence=217_target_error_mm=49752_native_fallback=false
[Info   :ComfyNetworkSense] [07/31/2026 07:05:19] MOTION_AUTHORITY state=target_rejected run_id=native-20260731-c8-full28 client=i5 action=none detail=sequence=217_target_error_mm=49755_native_fallback=false
[Info   :ComfyNetworkSense] [07/31/2026 07:05:19] MOTION_AUTHORITY state=target_rejected run_id=native-20260731-c8-full28 client=i5 action=none detail=sequence=218_target_error_mm=49905_native_fallback=false
[Info   :ComfyNetworkSense] [07/31/2026 07:05:19] MOTION_AUTHORITY state=target_rejected run_id=native-20260731-c8-full28 client=i5 action=none detail=sequence=218_target_error_mm=49908_native_fallback=false
[Info   :ComfyNetworkSense] [07/31/2026 07:05:19] MOTION_AUTHORITY state=target_rejected run_id=native-20260731-c8-full28 client=i5 action=none detail=sequence=218_target_error_mm=49912_native_fallback=false
[Info   :ComfyNetworkSense] [07/31/2026 07:05:19] MOTION_AUTHORITY state=target_rejected run_id=native-20260731-c8-full28 client=i5 action=none detail=sequence=218_target_error_mm=49915_native_fallback=false
[Info   :ComfyNetworkSense] [07/31/2026 07:05:19] MOTION_AUTHORITY state=target_rejected run_id=native-20260731-c8-full28 client=i5 action=none detail=sequence=218_target_error_mm=49918_native_fallback=false
[Info   :ComfyNetworkSense] [07/31/2026 07:05:19] MOTION_AUTHORITY state=target_rejected run_id=native-20260731-c8-full28 client=i5 action=none detail=sequence=218_target_error_mm=49921_native_fallback=false
[Info   :ComfyNetworkSense] [07/31/2026 07:05:19] MOTION_AUTHORITY state=target_rejected run_id=native-20260731-c8-full28 client=i5 action=none detail=sequence=219_target_error_mm=49922_native_fallback=false
[Info   :ComfyNetworkSense] [07/31/2026 07:05:19] MOTION_AUTHORITY state=target_rejected run_id=native-20260731-c8-full28 client=i5 action=none detail=sequence=219_target_error_mm=49926_native_fallback=false
[Info   :ComfyNetworkSense] [07/31/2026 07:05:19] MOTION_AUTHORITY state=target_rejected run_id=native-20260731-c8-full28 client=i5 action=none detail=sequence=219_target_error_mm=49929_native_fallback=false
[Info   :ComfyNetworkSense] [07/31/2026 07:05:19] MOTION_AUTHORITY state=target_rejected run_id=native-20260731-c8-full28 client=i5 action=none detail=sequence=219_target_error_mm=49932_native_fallback=false
[Info   :ComfyNetworkSense] [07/31/2026 07:05:19] MOTION_AUTHORITY state=target_rejected run_id=native-20260731-c8-full28 client=i5 action=none detail=sequence=219_target_error_mm=49935_native_fallback=false
[Info   :ComfyNetworkSense] [07/31/2026 07:05:19] MOTION_AUTHORITY state=target_rejected run_id=native-20260731-c8-full28 client=i5 action=none detail=sequence=219_target_error_mm=49939_native_fallback=false
[Info   :ComfyNetworkSense] [07/31/2026 07:05:19] MOTION_AUTHORITY state=target_rejected run_id=native-20260731-c8-full28 client=i5 action=none detail=sequence=219_target_error_mm=49942_native_fallback=false
[Info   :ComfyNetworkSense] [07/31/2026 07:05:19] MOTION_AUTHORITY state=target_rejected run_id=native-20260731-c8-full28 client=i5 action=none detail=sequence=220_target_error_mm=49834_native_fallback=false
[Info   :ComfyNetworkSense] [07/31/2026 07:05:19] MOTION_AUTHORITY state=target_rejected run_id=native-20260731-c8-full28 client=i5 action=none detail=sequence=220_target_error_mm=49837_native_fallback=false
[Info   :ComfyNetworkSense] [07/31/2026 07:05:19] MOTION_AUTHORITY state=target_rejected run_id=native-20260731-c8-full28 client=i5 action=none detail=sequence=220_target_error_mm=49841_native_fallback=false
[Info   :ComfyNetworkSense] [07/31/2026 07:05:19] MOTION_AUTHORITY state=target_rejected run_id=native-20260731-c8-full28 client=i5 action=none detail=sequence=220_target_error_mm=49844_native_fallback=false
[Info   :ComfyNetworkSense] [07/31/2026 07:05:19] MOTION_AUTHORITY state=target_rejected run_id=native-20260731-c8-full28 client=i5 action=none detail=sequence=220_target_error_mm=49847_native_fallback=false
[Info   :ComfyNetworkSense] [07/31/2026 07:05:19] MOTION_AUTHORITY state=target_rejected run_id=native-20260731-c8-full28 client=i5 action=none detail=sequence=220_target_error_mm=49850_native_fallback=false
[Info   :ComfyNetworkSense] [07/31/2026 07:05:19] MOTION_AUTHORITY state=target_rejected run_id=native-20260731-c8-full28 client=i5 action=none detail=sequence=221_target_error_mm=49962_native_fallback=false
[Info   :ComfyNetworkSense] [07/31/2026 07:05:19] MOTION_AUTHORITY state=target_rejected run_id=native-20260731-c8-full28 client=i5 action=none detail=sequence=221_target_error_mm=49965_native_fallback=false
[Info   :ComfyNetworkSense] [07/31/2026 07:05:19] MOTION_AUTHORITY state=target_rejected run_id=native-20260731-c8-full28 client=i5 action=none detail=sequence=221_target_error_mm=49969_native_fallback=false
[Info   :ComfyNetworkSense] [07/31/2026 07:05:19] MOTION_AUTHORITY state=target_rejected run_id=native-20260731-c8-full28 client=i5 action=none detail=sequence=221_target_error_mm=49971_native_fallback=false
[Info   :ComfyNetworkSense] [07/31/2026 07:05:19] MOTION_AUTHORITY state=target_rejected run_id=native-20260731-c8-full28 client=i5 action=none detail=sequence=221_target_error_mm=49976_native_fallback=false
[Info   :ComfyNetworkSense] [07/31/2026 07:05:19] MOTION_AUTHORITY state=target_rejected run_id=native-20260731-c8-full28 client=i5 action=none detail=sequence=221_target_error_mm=49978_native_fallback=false
[Info   :ComfyNetworkSense] [07/31/2026 07:05:19] MOTION_AUTHORITY state=target_rejected run_id=native-20260731-c8-full28 client=i5 action=none detail=sequence=222_target_error_mm=49981_native_fallback=false
[Info   :ComfyNetworkSense] [07/31/2026 07:05:19] MOTION_AUTHORITY state=target_rejected run_id=native-20260731-c8-full28 client=i5 action=none detail=sequence=222_target_error_mm=49984_native_fallback=false
[Info   :ComfyNetworkSense] [07/31/2026 07:05:19] MOTION_AUTHORITY state=target_rejected run_id=native-20260731-c8-full28 client=i5 action=none detail=sequence=222_target_error_mm=49987_native_fallback=false
[Info   :ComfyNetworkSense] [07/31/2026 07:05:19] MOTION_AUTHORITY state=target_rejected run_id=native-20260731-c8-full28 client=i5 action=none detail=sequence=222_target_error_mm=49990_native_fallback=false
[Info   :ComfyNetworkSense] [07/31/2026 07:05:19] MOTION_AUTHORITY state=target_rejected run_id=native-20260731-c8-full28 client=i5 action=none detail=sequence=222_target_error_mm=49994_native_fallback=false
[Info   :ComfyNetworkSense] [07/31/2026 07:05:19] MOTION_AUTHORITY state=target_rejected run_id=native-20260731-c8-full28 client=i5 action=none detail=sequence=222_target_error_mm=49997_native_fallback=false
[Info   :ComfyNetworkSense] [07/31/2026 07:05:19] MOTION_AUTHORITY state=target_rejected run_id=native-20260731-c8-full28 client=i5 action=none detail=sequence=223_target_error_mm=49960_native_fallback=false
[Info   :ComfyNetworkSense] [07/31/2026 07:05:19] MOTION_AUTHORITY state=target_rejected run_id=native-20260731-c8-full28 client=i5 action=none detail=sequence=223_target_error_mm=49962_native_fallback=false
[Info   :ComfyNetworkSense] [07/31/2026 07:05:19] MOTION_AUTHORITY state=target_rejected run_id=native-20260731-c8-full28 client=i5 action=none detail=sequence=223_target_error_mm=49966_native_fallback=false
[Info   :ComfyNetworkSense] [07/31/2026 07:05:19] MOTION_AUTHORITY state=target_rejected run_id=native-20260731-c8-full28 client=i5 action=none detail=sequence=223_target_error_mm=49969_native_fallback=false
[Info   :ComfyNetworkSense] [07/31/2026 07:05:19] MOTION_AUTHORITY state=target_rejected run_id=native-20260731-c8-full28 client=i5 action=none detail=sequence=223_target_error_mm=49973_native_fallback=false
[Info   :ComfyNetworkSense] [07/31/2026 07:05:19] MOTION_AUTHORITY state=target_rejected run_id=native-20260731-c8-full28 client=i5 action=none detail=sequence=223_target_error_mm=49975_native_fallback=false
[Info   :ComfyNetworkSense] [07/31/2026 07:05:19] MOTION_AUTHORITY state=target_rejected run_id=native-20260731-c8-full28 client=i5 action=none detail=sequence=223_target_error_mm=49978_native_fallback=false
[Info   :ComfyNetworkSense] [07/31/2026 07:05:19] MOTION_AUTHORITY state=target_rejected run_id=native-20260731-c8-full28 client=i5 action=none detail=sequence=224_target_error_mm=50020_native_fallback=false
[Info   :ComfyNetworkSense] [07/31/2026 07:05:19] MOTION_AUTHORITY state=target_rejected run_id=native-20260731-c8-full28 client=i5 action=none detail=sequence=224_target_error_mm=50023_native_fallback=false
[Info   :ComfyNetworkSense] [07/31/2026 07:05:19] MOTION_AUTHORITY state=target_rejected run_id=native-20260731-c8-full28 client=i5 action=none detail=sequence=224_target_error_mm=50026_native_fallback=false
[Info   :ComfyNetworkSense] [07/31/2026 07:05:19] MOTION_AUTHORITY state=target_rejected run_id=native-20260731-c8-full28 client=i5 action=none detail=sequence=224_target_error_mm=50029_native_fallback=false
[Info   :ComfyNetworkSense] [07/31/2026 07:05:19] MOTION_AUTHORITY state=target_rejected run_id=native-20260731-c8-full28 client=i5 action=none detail=sequence=224_target_error_mm=50032_native_fallback=false
[Info   :ComfyNetworkSense] [07/31/2026 07:05:19] MOTION_AUTHORITY state=target_rejected run_id=native-20260731-c8-full28 client=i5 action=none detail=sequence=224_target_error_mm=50035_native_fallback=false
[Info   :ComfyNetworkSense] [07/31/2026 07:05:19] MOTION_AUTHORITY state=target_rejected run_id=native-20260731-c8-full28 client=i5 action=none detail=sequence=224_target_error_mm=50038_native_fallback=false
[Info   :ComfyNetworkSense] [07/31/2026 07:05:19] MOTION_AUTHORITY state=target_rejected run_id=native-20260731-c8-full28 client=i5 action=none detail=sequence=224_target_error_mm=50041_native_fallback=false
[Info   :ComfyNetworkSense] [07/31/2026 07:05:19] MOTION_AUTHORITY state=target_rejected run_id=native-20260731-c8-full28 client=i5 action=none detail=sequence=224_target_error_mm=50045_native_fallback=false
[Info   :ComfyNetworkSense] [07/31/2026 07:05:19] MOTION_AUTHORITY state=target_rejected run_id=native-20260731-c8-full28 client=i5 action=none detail=sequence=225_target_error_mm=50047_native_fallback=false
[Info   :ComfyNetworkSense] [07/31/2026 07:05:19] MOTION_AUTHORITY state=target_rejected run_id=native-20260731-c8-full28 client=i5 action=none detail=sequence=225_target_error_mm=50051_native_fallback=false
[Info   :ComfyNetworkSense] [07/31/2026 07:05:19] MOTION_AUTHORITY state=target_rejected run_id=native-20260731-c8-full28 client=i5 action=none detail=sequence=225_target_error_mm=50053_native_fallback=false
[Info   :ComfyNetworkSense] [07/31/2026 07:05:19] MOTION_AUTHORITY state=target_rejected run_id=native-20260731-c8-full28 client=i5 action=none detail=sequence=225_target_error_mm=50058_native_fallback=false
[Info   :ComfyNetworkSense] [07/31/2026 07:05:19] MOTION_AUTHORITY state=target_rejected run_id=native-20260731-c8-full28 client=i5 action=none detail=sequence=225_target_error_mm=50061_native_fallback=false
[Info   :ComfyNetworkSense] [07/31/2026 07:05:19] MOTION_AUTHORITY state=target_rejected run_id=native-20260731-c8-full28 client=i5 action=none detail=sequence=226_target_error_mm=50014_native_fallback=false
[Info   :ComfyNetworkSense] [07/31/2026 07:05:19] MOTION_AUTHORITY state=target_rejected run_id=native-20260731-c8-full28 client=i5 action=none detail=sequence=226_target_error_mm=50017_native_fallback=false
[Info   :ComfyNetworkSense] [07/31/2026 07:05:19] MOTION_AUTHORITY state=target_rejected run_id=native-20260731-c8-full28 client=i5 action=none detail=sequence=226_target_error_mm=50021_native_fallback=false
[Info   :ComfyNetworkSense] [07/31/2026 07:05:19] MOTION_AUTHORITY state=target_rejected run_id=native-20260731-c8-full28 client=i5 action=none detail=sequence=226_target_error_mm=50023_native_fallback=false
[Info   :ComfyNetworkSense] [07/31/2026 07:05:19] MOTION_AUTHORITY state=target_rejected run_id=native-20260731-c8-full28 client=i5 action=none detail=sequence=226_target_error_mm=50027_native_fallback=false
[Info   :ComfyNetworkSense] [07/31/2026 07:05:19] MOTION_AUTHORITY state=target_rejected run_id=native-20260731-c8-full28 client=i5 action=none detail=sequence=226_target_error_mm=50030_native_fallback=false
[Info   :ComfyNetworkSense] [07/31/2026 07:05:19] MOTION_AUTHORITY state=target_rejected run_id=native-20260731-c8-full28 client=i5 action=none detail=sequence=227_target_error_mm=50084_native_fallback=false
[Info   :ComfyNetworkSense] [07/31/2026 07:05:19] MOTION_AUTHORITY state=target_rejected run_id=native-20260731-c8-full28 client=i5 action=none detail=sequence=227_target_error_mm=50086_native_fallback=false
[Info   :ComfyNetworkSense] [07/31/2026 07:05:19] MOTION_AUTHORITY state=target_rejected run_id=native-20260731-c8-full28 client=i5 action=none detail=sequence=227_target_error_mm=50090_native_fallback=false
[Info   :ComfyNetworkSense] [07/31/2026 07:05:19] MOTION_AUTHORITY state=target_rejected run_id=native-20260731-c8-full28 client=i5 action=none detail=sequence=227_target_error_mm=50093_native_fallback=false
[Info   :ComfyNetworkSense] [07/31/2026 07:05:19] MOTION_AUTHORITY state=target_rejected run_id=native-20260731-c8-full28 client=i5 action=none detail=sequence=227_target_error_mm=50097_native_fallback=false
[Info   :ComfyNetworkSense] [07/31/2026 07:05:19] MOTION_AUTHORITY state=target_rejected run_id=native-20260731-c8-full28 client=i5 action=none detail=sequence=227_target_error_mm=50100_native_fallback=false
[Info   :ComfyNetworkSense] [07/31/2026 07:05:19] MOTION_AUTHORITY state=target_rejected run_id=native-20260731-c8-full28 client=i5 action=none detail=sequence=228_target_error_mm=49833_native_fallback=false
[Info   :ComfyNetworkSense] [07/31/2026 07:05:20] MOTION_AUTHORITY state=target_rejected run_id=native-20260731-c8-full28 client=i5 action=none detail=sequence=228_target_error_mm=49836_native_fallback=false
[Info   :ComfyNetworkSense] [07/31/2026 07:05:20] MOTION_AUTHORITY state=target_rejected run_id=native-20260731-c8-full28 client=i5 action=none detail=sequence=228_target_error_mm=49840_native_fallback=false
[Info   :ComfyNetworkSense] [07/31/2026 07:05:20] MOTION_AUTHORITY state=target_rejected run_id=native-20260731-c8-full28 client=i5 action=none detail=sequence=228_target_error_mm=49843_native_fallback=false
[Info   :ComfyNetworkSense] [07/31/2026 07:05:20] MOTION_AUTHORITY state=target_rejected run_id=native-20260731-c8-full28 client=i5 action=none detail=sequence=228_target_error_mm=49847_native_fallback=false
[Info   :ComfyNetworkSense] [07/31/2026 07:05:20] MOTION_AUTHORITY state=target_rejected run_id=native-20260731-c8-full28 client=i5 action=none detail=sequence=228_target_error_mm=49849_native_fallback=false
[Info   :ComfyNetworkSense] [07/31/2026 07:05:20] MOTION_AUTHORITY state=target_rejected run_id=native-20260731-c8-full28 client=i5 action=none detail=sequence=228_target_error_mm=49853_native_fallback=false
[Info   :ComfyNetworkSense] [07/31/2026 07:05:20] MOTION_AUTHORITY state=target_rejected run_id=native-20260731-c8-full28 client=i5 action=none detail=sequence=229_target_error_mm=50126_native_fallback=false
[Info   :ComfyNetworkSense] [07/31/2026 07:05:20] MOTION_AUTHORITY state=target_rejected run_id=native-20260731-c8-full28 client=i5 action=none detail=sequence=229_target_error_mm=50130_native_fallback=false
[Info   :ComfyNetworkSense] [07/31/2026 07:05:20] MOTION_AUTHORITY state=target_rejected run_id=native-20260731-c8-full28 client=i5 action=none detail=sequence=229_target_error_mm=50133_native_fallback=false
[Info   :ComfyNetworkSense] [07/31/2026 07:05:20] MOTION_AUTHORITY state=target_rejected run_id=native-20260731-c8-full28 client=i5 action=none detail=sequence=229_target_error_mm=50137_native_fallback=false
[Info   :ComfyNetworkSense] [07/31/2026 07:05:20] MOTION_AUTHORITY state=target_rejected run_id=native-20260731-c8-full28 client=i5 action=none detail=sequence=229_target_error_mm=50140_native_fallback=false
[Info   :ComfyNetworkSense] [07/31/2026 07:05:20] MOTION_AUTHORITY state=target_rejected run_id=native-20260731-c8-full28 client=i5 action=none detail=sequence=229_target_error_mm=50144_native_fallback=false
[Info   :ComfyNetworkSense] [07/31/2026 07:05:20] MOTION_AUTHORITY state=target_rejected run_id=native-20260731-c8-full28 client=i5 action=none detail=sequence=229_target_error_mm=50147_native_fallback=false
[Info   :ComfyNetworkSense] [07/31/2026 07:05:20] MOTION_AUTHORITY state=target_rejected run_id=native-20260731-c8-full28 client=i5 action=none detail=sequence=230_target_error_mm=50151_native_fallback=false
[Info   :ComfyNetworkSense] [07/31/2026 07:05:20] MOTION_AUTHORITY state=target_rejected run_id=native-20260731-c8-full28 client=i5 action=none detail=sequence=230_target_error_mm=50153_native_fallback=false
[Info   :ComfyNetworkSense] [07/31/2026 07:05:20] MOTION_AUTHORITY state=target_rejected run_id=native-20260731-c8-full28 client=i5 action=none detail=sequence=230_target_error_mm=50157_native_fallback=false
[Info   :ComfyNetworkSense] [07/31/2026 07:05:20] MOTION_AUTHORITY state=target_rejected run_id=native-20260731-c8-full28 client=i5 action=none detail=sequence=230_target_error_mm=50160_native_fallback=false
[Info   :ComfyNetworkSense] [07/31/2026 07:05:20] MOTION_AUTHORITY state=target_rejected run_id=native-20260731-c8-full28 client=i5 action=none detail=sequence=230_target_error_mm=50164_native_fallback=false
[Info   :ComfyNetworkSense] [07/31/2026 07:05:20] MOTION_AUTHORITY state=target_rejected run_id=native-20260731-c8-full28 client=i5 action=none detail=sequence=230_target_error_mm=50166_native_fallback=false
[Info   :ComfyNetworkSense] [07/31/2026 07:05:20] MOTION_AUTHORITY state=target_rejected run_id=native-20260731-c8-full28 client=i5 action=none detail=sequence=231_target_error_mm=49741_native_fallback=false
[Info   :ComfyNetworkSense] [07/31/2026 07:05:20] MOTION_AUTHORITY state=target_rejected run_id=native-20260731-c8-full28 client=i5 action=none detail=sequence=231_target_error_mm=49743_native_fallback=false
[Info   :ComfyNetworkSense] [07/31/2026 07:05:20] MOTION_AUTHORITY state=target_rejected run_id=native-20260731-c8-full28 client=i5 action=none detail=sequence=231_target_error_mm=49748_native_fallback=false
[Info   :ComfyNetworkSense] [07/31/2026 07:05:20] MOTION_AUTHORITY state=target_rejected run_id=native-20260731-c8-full28 client=i5 action=none detail=sequence=231_target_error_mm=49751_native_fallback=false
[Info   :ComfyNetworkSense] [07/31/2026 07:05:20] MOTION_AUTHORITY state=target_rejected run_id=native-20260731-c8-full28 client=i5 action=none detail=sequence=231_target_error_mm=49754_native_fallback=false
[Info   :ComfyNetworkSense] [07/31/2026 07:05:20] MOTION_AUTHORITY state=target_rejected run_id=native-20260731-c8-full28 client=i5 action=none detail=sequence=231_target_error_mm=49757_native_fallback=false
[Info   :ComfyNetworkSense] [07/31/2026 07:05:20] MOTION_AUTHORITY state=target_rejected run_id=native-20260731-c8-full28 client=i5 action=none detail=sequence=231_target_error_mm=49761_native_fallback=false
[Info   :ComfyNetworkSense] [07/31/2026 07:05:20] MOTION_AUTHORITY state=target_rejected run_id=native-20260731-c8-full28 client=i5 action=none detail=sequence=232_target_error_mm=49895_native_fallback=false
[Info   :ComfyNetworkSense] [07/31/2026 07:05:20] MOTION_AUTHORITY state=target_rejected run_id=native-20260731-c8-full28 client=i5 action=none detail=sequence=232_target_error_mm=49899_native_fallback=false
[Info   :ComfyNetworkSense] [07/31/2026 07:05:20] MOTION_AUTHORITY state=target_rejected run_id=native-20260731-c8-full28 client=i5 action=none detail=sequence=232_target_error_mm=49901_native_fallback=false
[Info   :ComfyNetworkSense] [07/31/2026 07:05:20] MOTION_AUTHORITY state=target_rejected run_id=native-20260731-c8-full28 client=i5 action=none detail=sequence=232_target_error_mm=49905_native_fallback=false
[Info   :ComfyNetworkSense] [07/31/2026 07:05:20] MOTION_AUTHORITY state=target_rejected run_id=native-20260731-c8-full28 client=i5 action=none detail=sequence=232_target_error_mm=49908_native_fallback=false
[Info   :ComfyNetworkSense] [07/31/2026 07:05:20] MOTION_AUTHORITY state=target_rejected run_id=native-20260731-c8-full28 client=i5 action=none detail=sequence=232_target_error_mm=49912_native_fallback=false
[Info   :ComfyNetworkSense] [07/31/2026 07:05:20] MOTION_AUTHORITY state=target_rejected run_id=native-20260731-c8-full28 client=i5 action=none detail=sequence=233_target_error_mm=50217_native_fallback=false
[Info   :ComfyNetworkSense] [07/31/2026 07:05:20] MOTION_AUTHORITY state=target_rejected run_id=native-20260731-c8-full28 client=i5 action=none detail=sequence=233_target_error_mm=50220_native_fallback=false
[Info   :ComfyNetworkSense] [07/31/2026 07:05:20] MOTION_AUTHORITY state=target_rejected run_id=native-20260731-c8-full28 client=i5 action=none detail=sequence=233_target_error_mm=50224_native_fallback=false
[Info   :ComfyNetworkSense] [07/31/2026 07:05:20] MOTION_AUTHORITY state=target_rejected run_id=native-20260731-c8-full28 client=i5 action=none detail=sequence=233_target_error_mm=50228_native_fallback=false
[Info   :ComfyNetworkSense] [07/31/2026 07:05:20] MOTION_AUTHORITY state=target_rejected run_id=native-20260731-c8-full28 client=i5 action=none detail=sequence=233_target_error_mm=50232_native_fallback=false
[Info   :ComfyNetworkSense] [07/31/2026 07:05:20] MOTION_AUTHORITY state=target_rejected run_id=native-20260731-c8-full28 client=i5 action=none detail=sequence=233_target_error_mm=50235_native_fallback=false
[Info   :ComfyNetworkSense] [07/31/2026 07:05:20] MOTION_AUTHORITY state=target_rejected run_id=native-20260731-c8-full28 client=i5 action=none detail=sequence=234_target_error_mm=50240_native_fallback=false
[Info   :ComfyNetworkSense] [07/31/2026 07:05:20] MOTION_AUTHORITY state=target_rejected run_id=native-20260731-c8-full28 client=i5 action=none detail=sequence=234_target_error_mm=50243_native_fallback=false
[Info   :ComfyNetworkSense] [07/31/2026 07:05:20] MOTION_AUTHORITY state=target_rejected run_id=native-20260731-c8-full28 client=i5 action=none detail=sequence=234_target_error_mm=50247_native_fallback=false
[Info   :ComfyNetworkSense] [07/31/2026 07:05:20] MOTION_AUTHORITY state=target_rejected run_id=native-20260731-c8-full28 client=i5 action=none detail=sequence=234_target_error_mm=50251_native_fallback=false
[Info   :ComfyNetworkSense] [07/31/2026 07:05:20] MOTION_AUTHORITY state=target_rejected run_id=native-20260731-c8-full28 client=i5 action=none detail=sequence=234_target_error_mm=50254_native_fallback=false
[Info   :ComfyNetworkSense] [07/31/2026 07:05:20] MOTION_AUTHORITY state=target_rejected run_id=native-20260731-c8-full28 client=i5 action=none detail=sequence=235_target_error_mm=50049_native_fallback=false
[Info   :ComfyNetworkSense] [07/31/2026 07:05:20] MOTION_AUTHORITY state=target_rejected run_id=native-20260731-c8-full28 client=i5 action=none detail=sequence=235_target_error_mm=50052_native_fallback=false
[Info   :ComfyNetworkSense] [07/31/2026 07:05:20] MOTION_AUTHORITY state=target_rejected run_id=native-20260731-c8-full28 client=i5 action=none detail=sequence=235_target_error_mm=50055_native_fallback=false
[Info   :ComfyNetworkSense] [07/31/2026 07:05:20] MOTION_AUTHORITY state=target_rejected run_id=native-20260731-c8-full28 client=i5 action=none detail=sequence=235_target_error_mm=50059_native_fallback=false
[Info   :ComfyNetworkSense] [07/31/2026 07:05:20] MOTION_AUTHORITY state=target_rejected run_id=native-20260731-c8-full28 client=i5 action=none detail=sequence=235_target_error_mm=50062_native_fallback=false
[Info   :ComfyNetworkSense] [07/31/2026 07:05:20] MOTION_AUTHORITY state=target_rejected run_id=native-20260731-c8-full28 client=i5 action=none detail=sequence=235_target_error_mm=50066_native_fallback=false
[Info   :ComfyNetworkSense] [07/31/2026 07:05:20] MOTION_AUTHORITY state=target_rejected run_id=native-20260731-c8-full28 client=i5 action=none detail=sequence=236_target_error_mm=50281_native_fallback=false
[Info   :ComfyNetworkSense] [07/31/2026 07:05:20] MOTION_AUTHORITY state=target_rejected run_id=native-20260731-c8-full28 client=i5 action=none detail=sequence=236_target_error_mm=50284_native_fallback=false
[Info   :ComfyNetworkSense] [07/31/2026 07:05:20] MOTION_AUTHORITY state=target_rejected run_id=native-20260731-c8-full28 client=i5 action=none detail=sequence=236_target_error_mm=50287_native_fallback=false
[Info   :ComfyNetworkSense] [07/31/2026 07:05:20] MOTION_AUTHORITY state=target_rejected run_id=native-20260731-c8-full28 client=i5 action=none detail=sequence=236_target_error_mm=50291_native_fallback=false
[Info   :ComfyNetworkSense] [07/31/2026 07:05:20] MOTION_AUTHORITY state=target_rejected run_id=native-20260731-c8-full28 client=i5 action=none detail=sequence=236_target_error_mm=50295_native_fallback=false
[Info   :ComfyNetworkSense] [07/31/2026 07:05:20] MOTION_AUTHORITY state=target_rejected run_id=native-20260731-c8-full28 client=i5 action=none detail=sequence=236_target_error_mm=50298_native_fallback=false
[Info   :ComfyNetworkSense] [07/31/2026 07:05:20] MOTION_AUTHORITY state=target_rejected run_id=native-20260731-c8-full28 client=i5 action=none detail=sequence=236_target_error_mm=50301_native_fallback=false
[Info   :ComfyNetworkSense] [07/31/2026 07:05:20] MOTION_AUTHORITY state=target_rejected run_id=native-20260731-c8-full28 client=i5 action=none detail=sequence=236_target_error_mm=50304_native_fallback=false
[Info   :ComfyNetworkSense] [07/31/2026 07:05:20] MOTION_AUTHORITY state=target_rejected run_id=native-20260731-c8-full28 client=i5 action=none detail=sequence=237_target_error_mm=50309_native_fallback=false
[Info   :ComfyNetworkSense] [07/31/2026 07:05:20] MOTION_AUTHORITY state=target_rejected run_id=native-20260731-c8-full28 client=i5 action=none detail=sequence=237_target_error_mm=50313_native_fallback=false
[Info   :ComfyNetworkSense] [07/31/2026 07:05:20] MOTION_AUTHORITY state=target_rejected run_id=native-20260731-c8-full28 client=i5 action=none detail=sequence=237_target_error_mm=50316_native_fallback=false
[Info   :ComfyNetworkSense] [07/31/2026 07:05:20] MOTION_AUTHORITY state=target_rejected run_id=native-20260731-c8-full28 client=i5 action=none detail=sequence=237_target_error_mm=50319_native_fallback=false
[Info   :ComfyNetworkSense] [07/31/2026 07:05:20] MOTION_AUTHORITY state=target_rejected run_id=native-20260731-c8-full28 client=i5 action=none detail=sequence=237_target_error_mm=50324_native_fallback=false
[Info   :ComfyNetworkSense] [07/31/2026 07:05:20] MOTION_AUTHORITY state=target_rejected run_id=native-20260731-c8-full28 client=i5 action=none detail=sequence=237_target_error_mm=50327_native_fallback=false
[Info   :ComfyNetworkSense] [07/31/2026 07:05:20] MOTION_AUTHORITY state=target_rejected run_id=native-20260731-c8-full28 client=i5 action=none detail=sequence=238_target_error_mm=50202_native_fallback=false
[Info   :ComfyNetworkSense] [07/31/2026 07:05:20] MOTION_AUTHORITY state=target_rejected run_id=native-20260731-c8-full28 client=i5 action=none detail=sequence=238_target_error_mm=50205_native_fallback=false
[Info   :ComfyNetworkSense] [07/31/2026 07:05:20] MOTION_AUTHORITY state=target_rejected run_id=native-20260731-c8-full28 client=i5 action=none detail=sequence=238_target_error_mm=50208_native_fallback=false
[Info   :ComfyNetworkSense] [07/31/2026 07:05:20] MOTION_AUTHORITY state=target_rejected run_id=native-20260731-c8-full28 client=i5 action=none detail=sequence=238_target_error_mm=50211_native_fallback=false
[Info   :ComfyNetworkSense] [07/31/2026 07:05:20] MOTION_AUTHORITY state=target_rejected run_id=native-20260731-c8-full28 client=i5 action=none detail=sequence=238_target_error_mm=50214_native_fallback=false
[Info   :ComfyNetworkSense] [07/31/2026 07:05:20] CUTOVER_SCENARIO state=completed run_id=native-20260731-c8-full28 client=i5 action=i5-c8-safe-origin detail=coordinate_teleport_complete_target=2211,80,-69
[Info   :ComfyNetworkSense] [07/31/2026 07:05:20] MOTION_AUTHORITY state=target_rejected run_id=native-20260731-c8-full28 client=i5 action=none detail=sequence=238_target_error_mm=50218_native_fallback=false
[Info   :ComfyNetworkSense] [07/31/2026 07:05:20] CUTOVER_SCENARIO state=action_started run_id=native-20260731-c8-full28 client=i5 action=i5-move detail=kind=move
[Info   :ComfyNetworkSense] [07/31/2026 07:05:20] MOTION_AUTHORITY state=target_rejected run_id=native-20260731-c8-full28 client=i5 action=none detail=sequence=239_target_error_mm=50354_native_fallback=false
[Info   :ComfyNetworkSense] [07/31/2026 07:05:20] MOTION_AUTHORITY state=target_rejected run_id=native-20260731-c8-full28 client=i5 action=none detail=sequence=239_target_error_mm=50357_native_fallback=false
[Info   :ComfyNetworkSense] [07/31/2026 07:05:20] MOTION_AUTHORITY state=target_rejected run_id=native-20260731-c8-full28 client=i5 action=none detail=sequence=239_target_error_mm=50360_native_fallback=false
[Info   :ComfyNetworkSense] [07/31/2026 07:05:20] MOTION_AUTHORITY state=target_rejected run_id=native-20260731-c8-full28 client=i5 action=none detail=sequence=239_target_error_mm=50364_native_fallback=false
[Info   :ComfyNetworkSense] [07/31/2026 07:05:20] MOTION_AUTHORITY state=target_rejected run_id=native-20260731-c8-full28 client=i5 action=none detail=sequence=239_target_error_mm=50367_native_fallback=false
[Info   :ComfyNetworkSense] [07/31/2026 07:05:20] MOTION_AUTHORITY state=target_rejected run_id=native-20260731-c8-full28 client=i5 action=none detail=sequence=239_target_error_mm=50371_native_fallback=false
[Info   :ComfyNetworkSense] [07/31/2026 07:05:20] MOTION_AUTHORITY state=target_rejected run_id=native-20260731-c8-full28 client=i5 action=none detail=sequence=240_target_error_mm=50377_native_fallback=false
[Info   :ComfyNetworkSense] [07/31/2026 07:05:20] MOTION_AUTHORITY state=target_rejected run_id=native-20260731-c8-full28 client=i5 action=none detail=sequence=240_target_error_mm=50382_native_fallback=false
[Info   :ComfyNetworkSense] [07/31/2026 07:05:20] MOTION_AUTHORITY state=target_rejected run_id=native-20260731-c8-full28 client=i5 action=none detail=sequence=240_target_error_mm=50387_native_fallback=false
[Info   :ComfyNetworkSense] [07/31/2026 07:05:20] MOTION_AUTHORITY state=target_rejected run_id=native-20260731-c8-full28 client=i5 action=none detail=sequence=240_target_error_mm=50391_native_fallback=false
[Info   :ComfyNetworkSense] [07/31/2026 07:05:20] MOTION_AUTHORITY state=target_rejected run_id=native-20260731-c8-full28 client=i5 action=none detail=sequence=240_target_error_mm=50394_native_fallback=false
[Info   :ComfyNetworkSense] [07/31/2026 07:05:20] MOTION_AUTHORITY state=target_rejected run_id=native-20260731-c8-full28 client=i5 action=none detail=sequence=240_target_error_mm=50397_native_fallback=false
[Info   :ComfyNetworkSense] [07/31/2026 07:05:20] MOTION_AUTHORITY state=target_rejected run_id=native-20260731-c8-full28 client=i5 action=none detail=sequence=241_target_error_mm=50283_native_fallback=false
[Info   :ComfyNetworkSense] [07/31/2026 07:05:20] MOTION_AUTHORITY state=target_rejected run_id=native-20260731-c8-full28 client=i5 action=none detail=sequence=241_target_error_mm=50286_native_fallback=false
[Info   :ComfyNetworkSense] [07/31/2026 07:05:20] MOTION_AUTHORITY state=target_rejected run_id=native-20260731-c8-full28 client=i5 action=none detail=sequence=241_target_error_mm=50290_native_fallback=false
[Info   :ComfyNetworkSense] [07/31/2026 07:05:20] MOTION_AUTHORITY state=target_rejected run_id=native-20260731-c8-full28 client=i5 action=none detail=sequence=241_target_error_mm=50293_native_fallback=false
[Info   :ComfyNetworkSense] [07/31/2026 07:05:20] MOTION_AUTHORITY state=target_rejected run_id=native-20260731-c8-full28 client=i5 action=none detail=sequence=241_target_error_mm=50296_native_fallback=false
[Info   :ComfyNetworkSense] [07/31/2026 07:05:20] MOTION_AUTHORITY state=target_rejected run_id=native-20260731-c8-full28 client=i5 action=none detail=sequence=241_target_error_mm=50299_native_fallback=false
[Info   :ComfyNetworkSense] [07/31/2026 07:05:20] MOTION_AUTHORITY state=target_rejected run_id=native-20260731-c8-full28 client=i5 action=none detail=sequence=242_target_error_mm=50426_native_fallback=false
[Info   :ComfyNetworkSense] [07/31/2026 07:05:20] MOTION_AUTHORITY state=target_rejected run_id=native-20260731-c8-full28 client=i5 action=none detail=sequence=242_target_error_mm=50428_native_fallback=false
[Info   :ComfyNetworkSense] [07/31/2026 07:05:20] MOTION_AUTHORITY state=target_rejected run_id=native-20260731-c8-full28 client=i5 action=none detail=sequence=242_target_error_mm=50432_native_fallback=false
[Info   :ComfyNetworkSense] [07/31/2026 07:05:20] MOTION_AUTHORITY state=target_rejected run_id=native-20260731-c8-full28 client=i5 action=none detail=sequence=242_target_error_mm=50435_native_fallback=false
[Info   :ComfyNetworkSense] [07/31/2026 07:05:20] MOTION_AUTHORITY state=target_rejected run_id=native-20260731-c8-full28 client=i5 action=none detail=sequence=242_target_error_mm=50438_native_fallback=false
[Info   :ComfyNetworkSense] [07/31/2026 07:05:20] MOTION_AUTHORITY state=target_rejected run_id=native-20260731-c8-full28 client=i5 action=none detail=sequence=242_target_error_mm=50441_native_fallback=false
[Info   :ComfyNetworkSense] [07/31/2026 07:05:20] MOTION_AUTHORITY state=target_rejected run_id=native-20260731-c8-full28 client=i5 action=none detail=sequence=242_target_error_mm=50444_native_fallback=false
[Info   :ComfyNetworkSense] [07/31/2026 07:05:20] MOTION_AUTHORITY state=target_rejected run_id=native-20260731-c8-full28 client=i5 action=none detail=sequence=242_target_error_mm=50446_native_fallback=false
[Info   :ComfyNetworkSense] [07/31/2026 07:05:20] MOTION_AUTHORITY state=target_rejected run_id=native-20260731-c8-full28 client=i5 action=none detail=sequence=242_target_error_mm=50449_native_fallback=false
[Info   :ComfyNetworkSense] [07/31/2026 07:05:20] MOTION_AUTHORITY state=target_rejected run_id=native-20260731-c8-full28 client=i5 action=none detail=sequence=242_target_error_mm=50453_native_fallback=false
[Info   :ComfyNetworkSense] [07/31/2026 07:05:20] MOTION_AUTHORITY state=target_rejected run_id=native-20260731-c8-full28 client=i5 action=none detail=sequence=242_target_error_mm=50455_native_fallback=false
[Info   :ComfyNetworkSense] [07/31/2026 07:05:20] MOTION_AUTHORITY state=target_rejected run_id=native-20260731-c8-full28 client=i5 action=none detail=sequence=243_target_error_mm=50462_native_fallback=false
[Info   :ComfyNetworkSense] [07/31/2026 07:05:20] MOTION_AUTHORITY state=target_rejected run_id=native-20260731-c8-full28 client=i5 action=none detail=sequence=243_target_error_mm=50465_native_fallback=false
[Info   :ComfyNetworkSense] [07/31/2026 07:05:20] MOTION_AUTHORITY state=target_rejected run_id=native-20260731-c8-full28 client=i5 action=none detail=sequence=243_target_error_mm=50469_native_fallback=false
[Info   :ComfyNetworkSense] [07/31/2026 07:05:20] MOTION_AUTHORITY state=target_rejected run_id=native-20260731-c8-full28 client=i5 action=none detail=sequence=243_target_error_mm=50472_native_fallback=false
[Info   :ComfyNetworkSense] [07/31/2026 07:05:20] MOTION_AUTHORITY state=target_rejected run_id=native-20260731-c8-full28 client=i5 action=none detail=sequence=244_target_error_mm=50480_native_fallback=false
[Info   :ComfyNetworkSense] [07/31/2026 07:05:20] MOTION_AUTHORITY state=target_rejected run_id=native-20260731-c8-full28 client=i5 action=none detail=sequence=244_target_error_mm=50482_native_fallback=false
[Info   :ComfyNetworkSense] [07/31/2026 07:05:20] MOTION_AUTHORITY state=target_rejected run_id=native-20260731-c8-full28 client=i5 action=none detail=sequence=244_target_error_mm=50485_native_fallback=false
[Info   :ComfyNetworkSense] [07/31/2026 07:05:20] MOTION_AUTHORITY state=target_rejected run_id=native-20260731-c8-full28 client=i5 action=none detail=sequence=244_target_error_mm=50488_native_fallback=false
[Info   :ComfyNetworkSense] [07/31/2026 07:05:20] MOTION_AUTHORITY state=target_rejected run_id=native-20260731-c8-full28 client=i5 action=none detail=sequence=244_target_error_mm=50491_native_fallback=false
[Info   :ComfyNetworkSense] [07/31/2026 07:05:20] MOTION_AUTHORITY state=target_rejected run_id=native-20260731-c8-full28 client=i5 action=none detail=sequence=244_target_error_mm=50495_native_fallback=false
[Info   :ComfyNetworkSense] [07/31/2026 07:05:20] MOTION_AUTHORITY state=target_rejected run_id=native-20260731-c8-full28 client=i5 action=none detail=sequence=244_target_error_mm=50497_native_fallback=false
[Info   :ComfyNetworkSense] [07/31/2026 07:05:20] MOTION_AUTHORITY state=target_rejected run_id=native-20260731-c8-full28 client=i5 action=none detail=sequence=245_target_error_mm=50364_native_fallback=false
[Info   :ComfyNetworkSense] [07/31/2026 07:05:20] MOTION_AUTHORITY state=target_rejected run_id=native-20260731-c8-full28 client=i5 action=none detail=sequence=245_target_error_mm=50367_native_fallback=false
[Info   :ComfyNetworkSense] [07/31/2026 07:05:20] MOTION_AUTHORITY state=target_rejected run_id=native-20260731-c8-full28 client=i5 action=none detail=sequence=245_target_error_mm=50370_native_fallback=false
[Info   :ComfyNetworkSense] [07/31/2026 07:05:20] MOTION_AUTHORITY state=target_rejected run_id=native-20260731-c8-full28 client=i5 action=none detail=sequence=245_target_error_mm=50373_native_fallback=false
[Info   :ComfyNetworkSense] [07/31/2026 07:05:20] MOTION_AUTHORITY state=target_rejected run_id=native-20260731-c8-full28 client=i5 action=none detail=sequence=245_target_error_mm=50376_native_fallback=false
[Info   :ComfyNetworkSense] [07/31/2026 07:05:20] MOTION_AUTHORITY state=native_transform_writer_suppressed run_id=native-20260731-c8-full28 client=i5 action=none detail=count=1024_writer=ZSyncTransform.CustomFixedUpdate
[Info   :ComfyNetworkSense] [07/31/2026 07:05:20] MOTION_AUTHORITY state=target_rejected run_id=native-20260731-c8-full28 client=i5 action=none detail=sequence=245_target_error_mm=50379_native_fallback=false
[Info   :ComfyNetworkSense] [07/31/2026 07:05:20] MOTION_AUTHORITY state=target_rejected run_id=native-20260731-c8-full28 client=i5 action=none detail=sequence=246_target_error_mm=50527_native_fallback=false
[Info   :ComfyNetworkSense] [07/31/2026 07:05:20] MOTION_AUTHORITY state=target_rejected run_id=native-20260731-c8-full28 client=i5 action=none detail=sequence=246_target_error_mm=50529_native_fallback=false
[Info   :ComfyNetworkSense] [07/31/2026 07:05:20] MOTION_AUTHORITY state=target_rejected run_id=native-20260731-c8-full28 client=i5 action=none detail=sequence=246_target_error_mm=50532_native_fallback=false
[Info   :ComfyNetworkSense] [07/31/2026 07:05:20] MOTION_AUTHORITY state=target_rejected run_id=native-20260731-c8-full28 client=i5 action=none detail=sequence=246_target_error_mm=50535_native_fallback=false
[Info   :ComfyNetworkSense] [07/31/2026 07:05:20] MOTION_AUTHORITY state=target_rejected run_id=native-20260731-c8-full28 client=i5 action=none detail=sequence=246_target_error_mm=50538_native_fallback=false
[Info   :ComfyNetworkSense] [07/31/2026 07:05:20] MOTION_AUTHORITY state=target_rejected run_id=native-20260731-c8-full28 client=i5 action=none detail=sequence=246_target_error_mm=50541_native_fallback=false
[Info   :ComfyNetworkSense] [07/31/2026 07:05:21] MOTION_AUTHORITY state=target_rejected run_id=native-20260731-c8-full28 client=i5 action=none detail=sequence=246_target_error_mm=50544_native_fallback=false
[Info   :ComfyNetworkSense] [07/31/2026 07:05:21] MOTION_AUTHORITY state=target_rejected run_id=native-20260731-c8-full28 client=i5 action=none detail=sequence=246_target_error_mm=50547_native_fallback=false
[Info   :ComfyNetworkSense] [07/31/2026 07:05:21] MOTION_AUTHORITY state=target_rejected run_id=native-20260731-c8-full28 client=i5 action=none detail=sequence=246_target_error_mm=50550_native_fallback=false
[Info   :ComfyNetworkSense] [07/31/2026 07:05:21] MOTION_AUTHORITY state=target_rejected run_id=native-20260731-c8-full28 client=i5 action=none detail=sequence=247_target_error_mm=48877_native_fallback=false
[Info   :ComfyNetworkSense] [07/31/2026 07:05:21] MOTION_AUTHORITY state=target_rejected run_id=native-20260731-c8-full28 client=i5 action=none detail=sequence=247_target_error_mm=48880_native_fallback=false
[Info   :ComfyNetworkSense] [07/31/2026 07:05:21] MOTION_AUTHORITY state=target_rejected run_id=native-20260731-c8-full28 client=i5 action=none detail=sequence=247_target_error_mm=48884_native_fallback=false
[Info   :ComfyNetworkSense] [07/31/2026 07:05:21] MOTION_AUTHORITY state=target_rejected run_id=native-20260731-c8-full28 client=i5 action=none detail=sequence=247_target_error_mm=48886_native_fallback=false
[Info   :ComfyNetworkSense] [07/31/2026 07:05:21] MOTION_AUTHORITY state=target_rejected run_id=native-20260731-c8-full28 client=i5 action=none detail=sequence=247_target_error_mm=48889_native_fallback=false
[Info   :ComfyNetworkSense] [07/31/2026 07:05:21] MOTION_AUTHORITY state=target_rejected run_id=native-20260731-c8-full28 client=i5 action=none detail=sequence=247_target_error_mm=48892_native_fallback=false
[Info   :ComfyNetworkSense] [07/31/2026 07:05:21] MOTION_AUTHORITY state=target_rejected run_id=native-20260731-c8-full28 client=i5 action=none detail=sequence=248_target_error_mm=45647_native_fallback=false
[Info   :ComfyNetworkSense] [07/31/2026 07:05:21] MOTION_AUTHORITY state=target_rejected run_id=native-20260731-c8-full28 client=i5 action=none detail=sequence=248_target_error_mm=45651_native_fallback=false
[Info   :ComfyNetworkSense] [07/31/2026 07:05:21] MOTION_AUTHORITY state=target_rejected run_id=native-20260731-c8-full28 client=i5 action=none detail=sequence=248_target_error_mm=45653_native_fallback=false
[Info   :ComfyNetworkSense] [07/31/2026 07:05:21] MOTION_AUTHORITY state=target_rejected run_id=native-20260731-c8-full28 client=i5 action=none detail=sequence=248_target_error_mm=45656_native_fallback=false
[Info   :ComfyNetworkSense] [07/31/2026 07:05:21] MOTION_AUTHORITY state=target_rejected run_id=native-20260731-c8-full28 client=i5 action=none detail=sequence=248_target_error_mm=45659_native_fallback=false
[Info   :ComfyNetworkSense] [07/31/2026 07:05:21] MOTION_AUTHORITY state=target_rejected run_id=native-20260731-c8-full28 client=i5 action=none detail=sequence=248_target_error_mm=45663_native_fallback=false
[Info   :ComfyNetworkSense] [07/31/2026 07:05:21] MOTION_AUTHORITY state=target_rejected run_id=native-20260731-c8-full28 client=i5 action=none detail=sequence=248_target_error_mm=45666_native_fallback=false
[Info   :ComfyNetworkSense] [07/31/2026 07:05:21] MOTION_AUTHORITY state=target_rejected run_id=native-20260731-c8-full28 client=i5 action=none detail=sequence=249_target_error_mm=42373_native_fallback=false
[Info   :ComfyNetworkSense] [07/31/2026 07:05:21] MOTION_AUTHORITY state=target_rejected run_id=native-20260731-c8-full28 client=i5 action=none detail=sequence=249_target_error_mm=42376_native_fallback=false
[Info   :ComfyNetworkSense] [07/31/2026 07:05:21] MOTION_AUTHORITY state=target_rejected run_id=native-20260731-c8-full28 client=i5 action=none detail=sequence=249_target_error_mm=42380_native_fallback=false
[Info   :ComfyNetworkSense] [07/31/2026 07:05:21] MOTION_AUTHORITY state=target_rejected run_id=native-20260731-c8-full28 client=i5 action=none detail=sequence=249_target_error_mm=42383_native_fallback=false
[Info   :ComfyNetworkSense] [07/31/2026 07:05:21] MOTION_AUTHORITY state=target_rejected run_id=native-20260731-c8-full28 client=i5 action=none detail=sequence=249_target_error_mm=42386_native_fallback=false
[Info   :ComfyNetworkSense] [07/31/2026 07:05:21] MOTION_AUTHORITY state=target_rejected run_id=native-20260731-c8-full28 client=i5 action=none detail=sequence=249_target_error_mm=42389_native_fallback=false
[Info   :ComfyNetworkSense] [07/31/2026 07:05:21] MOTION_AUTHORITY state=target_rejected run_id=native-20260731-c8-full28 client=i5 action=none detail=sequence=250_target_error_mm=39037_native_fallback=false
[Info   :ComfyNetworkSense] [07/31/2026 07:05:21] MOTION_AUTHORITY state=target_rejected run_id=native-20260731-c8-full28 client=i5 action=none detail=sequence=250_target_error_mm=39040_native_fallback=false
[Info   :ComfyNetworkSense] [07/31/2026 07:05:21] MOTION_AUTHORITY state=target_rejected run_id=native-20260731-c8-full28 client=i5 action=none detail=sequence=250_target_error_mm=39044_native_fallback=false
[Info   :ComfyNetworkSense] [07/31/2026 07:05:21] MOTION_AUTHORITY state=target_rejected run_id=native-20260731-c8-full28 client=i5 action=none detail=sequence=250_target_error_mm=39046_native_fallback=false
[Info   :ComfyNetworkSense] [07/31/2026 07:05:21] MOTION_AUTHORITY state=target_rejected run_id=native-20260731-c8-full28 client=i5 action=none detail=sequence=250_target_error_mm=39050_native_fallback=false
[Info   :ComfyNetworkSense] [07/31/2026 07:05:21] MOTION_AUTHORITY state=target_rejected run_id=native-20260731-c8-full28 client=i5 action=none detail=sequence=250_target_error_mm=39053_native_fallback=false
[Info   :ComfyNetworkSense] [07/31/2026 07:05:21] MOTION_AUTHORITY state=target_rejected run_id=native-20260731-c8-full28 client=i5 action=none detail=sequence=251_target_error_mm=35652_native_fallback=false
[Info   :ComfyNetworkSense] [07/31/2026 07:05:21] MOTION_AUTHORITY state=target_rejected run_id=native-20260731-c8-full28 client=i5 action=none detail=sequence=251_target_error_mm=35654_native_fallback=false
[Info   :ComfyNetworkSense] [07/31/2026 07:05:21] MOTION_AUTHORITY state=target_rejected run_id=native-20260731-c8-full28 client=i5 action=none detail=sequence=251_target_error_mm=35657_native_fallback=false
[Info   :ComfyNetworkSense] [07/31/2026 07:05:21] MOTION_AUTHORITY state=target_rejected run_id=native-20260731-c8-full28 client=i5 action=none detail=sequence=251_target_error_mm=35660_native_fallback=false
[Info   :ComfyNetworkSense] [07/31/2026 07:05:21] MOTION_AUTHORITY state=target_rejected run_id=native-20260731-c8-full28 client=i5 action=none detail=sequence=251_target_error_mm=35663_native_fallback=false
[Info   :ComfyNetworkSense] [07/31/2026 07:05:21] MOTION_AUTHORITY state=target_rejected run_id=native-20260731-c8-full28 client=i5 action=none detail=sequence=251_target_error_mm=35666_native_fallback=false
[Info   :ComfyNetworkSense] [07/31/2026 07:05:21] MOTION_AUTHORITY state=target_rejected run_id=native-20260731-c8-full28 client=i5 action=none detail=sequence=251_target_error_mm=35669_native_fallback=false
[Info   :ComfyNetworkSense] [07/31/2026 07:05:21] MOTION_AUTHORITY state=target_rejected run_id=native-20260731-c8-full28 client=i5 action=none detail=sequence=251_target_error_mm=35672_native_fallback=false
[Info   :ComfyNetworkSense] [07/31/2026 07:05:21] MOTION_AUTHORITY state=target_rejected run_id=native-20260731-c8-full28 client=i5 action=none detail=sequence=251_target_error_mm=35675_native_fallback=false
[Info   :ComfyNetworkSense] [07/31/2026 07:05:21] MOTION_AUTHORITY state=target_rejected run_id=native-20260731-c8-full28 client=i5 action=none detail=sequence=252_target_error_mm=32214_native_fallback=false
[Info   :ComfyNetworkSense] [07/31/2026 07:05:21] MOTION_AUTHORITY state=target_rejected run_id=native-20260731-c8-full28 client=i5 action=none detail=sequence=252_target_error_mm=32217_native_fallback=false
[Info   :ComfyNetworkSense] [07/31/2026 07:05:21] MOTION_AUTHORITY state=target_rejected run_id=native-20260731-c8-full28 client=i5 action=none detail=sequence=252_target_error_mm=32221_native_fallback=false
[Info   :ComfyNetworkSense] [07/31/2026 07:05:21] MOTION_AUTHORITY state=target_rejected run_id=native-20260731-c8-full28 client=i5 action=none detail=sequence=252_target_error_mm=32224_native_fallback=false
[Info   :ComfyNetworkSense] [07/31/2026 07:05:21] MOTION_AUTHORITY state=target_rejected run_id=native-20260731-c8-full28 client=i5 action=none detail=sequence=252_target_error_mm=32228_native_fallback=false
[Info   :ComfyNetworkSense] [07/31/2026 07:05:23] CUTOVER_SCENARIO state=completed run_id=native-20260731-c8-full28 client=i5 action=i5-move detail=distance_reached
[Info   :ComfyNetworkSense] [07/31/2026 07:05:23] CUTOVER_SCENARIO state=action_started run_id=native-20260731-c8-full28 client=i5 action=i5-c8-rendezvous detail=kind=motion_rendezvous
[Info   :ComfyNetworkSense] [07/31/2026 07:05:23] MOTION_AUTHORITY state=rendezvous_complete run_id=native-20260731-c8-full28 client=i5 action=i5-c8-rendezvous detail=remote_player_instance_ready_uid=552468943:1
[Info   :ComfyNetworkSense] [07/31/2026 07:05:23] CUTOVER_SCENARIO state=completed run_id=native-20260731-c8-full28 client=i5 action=i5-c8-rendezvous detail=remote_player_instance_ready_uid=552468943:1
[Info   :ComfyNetworkSense] [07/31/2026 07:05:23] CUTOVER_SCENARIO state=action_started run_id=native-20260731-c8-full28 client=i5 action=i5-c8-rendezvous-settle detail=kind=wait
[Info   :ComfyNetworkSense] [07/31/2026 07:05:23] LOGICAL_PEER_CUTOVER state=logical_native_invoke_suppressed run_id=native-20260731-c8-full28 detail=count=256_method=ZDOData_semantic_fallback=false
[Info   :ComfyNetworkSense] [07/31/2026 07:05:26] CUTOVER_SCENARIO state=completed run_id=native-20260731-c8-full28 client=i5 action=i5-c8-rendezvous-settle detail=wait_elapsed
[Info   :ComfyNetworkSense] [07/31/2026 07:05:26] CUTOVER_SCENARIO state=action_started run_id=native-20260731-c8-full28 client=i5 action=i5-c8-motion-observe-one detail=kind=motion_observe
[Info   :ComfyNetworkSense] [07/31/2026 07:05:26] MOTION_AUTHORITY state=probe_started run_id=native-20260731-c8-full28 client=i5 action=i5-c8-motion-observe-one detail=mode=observe_correlation_id=c8-omen-to-i5_connection_id=a90fc24336f04e8e9ea2cb8f86a3da9a_logical_peer_id=lp_19f2670527be6f633c140c5938e5ff4c85d4bbe309e63007f20327439f837d5c
[Warning:ComfyNetworkSense] [07/31/2026 07:05:27] Authoritative consumer poll failed: TimeoutException: connect timeout to 8.231.129.249:42317
[Info   :ComfyNetworkSense] [07/31/2026 07:05:31] MOTION_AUTHORITY state=native_transform_writer_suppressed run_id=native-20260731-c8-full28 client=i5 action=i5-c8-motion-observe-one detail=count=2048_writer=ZSyncTransform.CustomFixedUpdate
[Info   :ComfyNetworkSense] [07/31/2026 07:05:32] MOTION_AUTHORITY state=probe_passed run_id=native-20260731-c8-full28 client=i5 action=i5-c8-motion-observe-one detail=numbered_motion_applied_native_writer_zero_sent=101_received=114_applied=402_native_writer_suppressed=600_native_position_masked=0_holds=0_gaps=0_resync_applied=0_failures=0_gap_dropped=0
[Info   :ComfyNetworkSense] [07/31/2026 07:05:32] CUTOVER_SCENARIO state=completed run_id=native-20260731-c8-full28 client=i5 action=i5-c8-motion-observe-one detail=numbered_motion_applied_native_writer_zero_sent=101_received=114_applied=402_native_writer_suppressed=600_native_position_masked=0_holds=0_gaps=0_resync_applied=0_failures=0_gap_dropped=0
[Info   :ComfyNetworkSense] [07/31/2026 07:05:32] CUTOVER_SCENARIO state=action_started run_id=native-20260731-c8-full28 client=i5 action=i5-c8-motion-pair-one-settle detail=kind=wait
[Info   :ComfyNetworkSense] [07/31/2026 07:05:36] CUTOVER_SCENARIO state=completed run_id=native-20260731-c8-full28 client=i5 action=i5-c8-motion-pair-one-settle detail=wait_elapsed
[Info   :ComfyNetworkSense] [07/31/2026 07:05:36] CUTOVER_SCENARIO state=action_started run_id=native-20260731-c8-full28 client=i5 action=i5-c8-motion-drive-two detail=kind=motion_drive
[Info   :ComfyNetworkSense] [07/31/2026 07:05:36] MOTION_AUTHORITY state=probe_started run_id=native-20260731-c8-full28 client=i5 action=i5-c8-motion-drive-two detail=mode=drive_correlation_id=c8-i5-to-omen_connection_id=a90fc24336f04e8e9ea2cb8f86a3da9a_logical_peer_id=lp_19f2670527be6f633c140c5938e5ff4c85d4bbe309e63007f20327439f837d5c
[Warning:ComfyNetworkSense] [07/31/2026 07:05:37] Authoritative consumer poll failed: TimeoutException: connect timeout to 8.231.129.249:42317
[Info   :ComfyNetworkSense] [07/31/2026 07:05:40] MOTION_AUTHORITY state=motion_frame_sent run_id=native-20260731-c8-full28 client=i5 action=i5-c8-motion-drive-two detail=sequence=512_transport=websocket_connection_id=a90fc24336f04e8e9ea2cb8f86a3da9a
[Info   :ComfyNetworkSense] [07/31/2026 07:05:42] MOTION_AUTHORITY state=probe_passed run_id=native-20260731-c8-full28 client=i5 action=i5-c8-motion-drive-two detail=numbered_motion_sent_sent=97_received=113_applied=379_native_writer_suppressed=600_native_position_masked=0_holds=0_gaps=0_resync_applied=0_failures=0_gap_dropped=0
[Info   :ComfyNetworkSense] [07/31/2026 07:05:42] CUTOVER_SCENARIO state=completed run_id=native-20260731-c8-full28 client=i5 action=i5-c8-motion-drive-two detail=numbered_motion_sent_sent=97_received=113_applied=379_native_writer_suppressed=600_native_position_masked=0_holds=0_gaps=0_resync_applied=0_failures=0_gap_dropped=0
[Info   :ComfyNetworkSense] [07/31/2026 07:05:42] CUTOVER_SCENARIO state=action_started run_id=native-20260731-c8-full28 client=i5 action=i5-c8-motion-pair-two-settle detail=kind=wait
[Info   :ComfyNetworkSense] [07/31/2026 07:05:46] CUTOVER_SCENARIO state=completed run_id=native-20260731-c8-full28 client=i5 action=i5-c8-motion-pair-two-settle detail=wait_elapsed
[Info   :ComfyNetworkSense] [07/31/2026 07:05:46] CUTOVER_SCENARIO state=action_started run_id=native-20260731-c8-full28 client=i5 action=i5-c8-motion-observe-gap detail=kind=motion_observe_gap
[Info   :ComfyNetworkSense] [07/31/2026 07:05:46] MOTION_AUTHORITY state=probe_started run_id=native-20260731-c8-full28 client=i5 action=i5-c8-motion-observe-gap detail=mode=observe_gap_correlation_id=c8-gap-omen-to-i5_connection_id=a90fc24336f04e8e9ea2cb8f86a3da9a_logical_peer_id=lp_19f2670527be6f633c140c5938e5ff4c85d4bbe309e63007f20327439f837d5c
[Warning:ComfyNetworkSense] [07/31/2026 07:05:47] Authoritative consumer poll failed: TimeoutException: connect timeout to 8.231.129.249:42317
[Info   :ComfyNetworkSense] [07/31/2026 07:05:51] MOTION_AUTHORITY state=native_transform_writer_suppressed run_id=native-20260731-c8-full28 client=i5 action=i5-c8-motion-observe-gap detail=count=4096_writer=ZSyncTransform.CustomFixedUpdate
[Info   :ComfyNetworkSense] [07/31/2026 07:05:52] LOGICAL_PEER_CUTOVER state=logical_native_invoke_suppressed run_id=native-20260731-c8-full28 detail=count=512_method=ServerSyncedPlayerData_semantic_fallback=false
[Info   :ComfyNetworkSense] [07/31/2026 07:05:55] MOTION_AUTHORITY state=hold_entered run_id=native-20260731-c8-full28 client=i5 action=i5-c8-motion-observe-gap detail=sequence=878_age_ms=516_native_fallback=false
[Info   :ComfyNetworkSense] [07/31/2026 07:05:55] MOTION_AUTHORITY state=reliable_resync_applied run_id=native-20260731-c8-full28 client=i5 action=i5-c8-motion-observe-gap detail=correlation_id=c8-gap-omen-to-i5_motion_sequence=898_reliable_sequence=1347_gap_start=879_gap_end=898_ack_queued=true
[Info   :ComfyNetworkSense] [07/31/2026 07:05:55] MOTION_AUTHORITY state=probe_passed run_id=native-20260731-c8-full28 client=i5 action=i5-c8-motion-observe-gap detail=gap_held_reliable_resync_applied_native_writer_zero_sent=158_received=147_applied=494_native_writer_suppressed=894_native_position_masked=0_holds=1_gaps=1_resync_applied=1_failures=0_gap_dropped=0
[Info   :ComfyNetworkSense] [07/31/2026 07:05:55] CUTOVER_SCENARIO state=completed run_id=native-20260731-c8-full28 client=i5 action=i5-c8-motion-observe-gap detail=gap_held_reliable_resync_applied_native_writer_zero_sent=158_received=147_applied=494_native_writer_suppressed=894_native_position_masked=0_holds=1_gaps=1_resync_applied=1_failures=0_gap_dropped=0
[Info   :ComfyNetworkSense] [07/31/2026 07:05:55] CUTOVER_SCENARIO state=action_started run_id=native-20260731-c8-full28 client=i5 action=i5-c8-direct-pulse detail=kind=direct_control_pulse
[Info   :ComfyNetworkSense] [07/31/2026 07:05:55] LUMBERJACKS_SESSION state=direct_pulse_probe_started run_id=native-20260731-c8-full28 client=i5 action=i5-c8-direct-pulse detail=mode=deliver_connection_id=a90fc24336f04e8e9ea2cb8f86a3da9a
[Info   :ComfyNetworkSense] [07/31/2026 07:05:55] LUMBERJACKS_SESSION state=lumberjacks_direct_pulse_received run_id=native-20260731-c8-full28 client=i5 action=i5-c8-direct-pulse detail=sequence=1348_connection_id=a90fc24336f04e8e9ea2cb8f86a3da9a_run_id=native-20260731-c8-full28_action_id=i5-c8-direct-pulse
[Info   :ComfyNetworkSense] [07/31/2026 07:05:55] CUTOVER_SCENARIO state=completed run_id=native-20260731-c8-full28 client=i5 action=i5-c8-direct-pulse detail=lumberjacks_direct_pulse_applied_sequence=1348
[Info   :ComfyNetworkSense] [07/31/2026 07:05:55] CUTOVER_SCENARIO state=action_started run_id=native-20260731-c8-full28 client=i5 action=i5-c8-routed-request detail=kind=routed_request
[Info   :ComfyNetworkSense] [07/31/2026 07:05:55] CUTOVER_SCENARIO state=completed run_id=native-20260731-c8-full28 client=i5 action=i5-c8-routed-request detail=routed_response_applied
[Info   :ComfyNetworkSense] [07/31/2026 07:05:55] CUTOVER_SCENARIO state=action_started run_id=native-20260731-c8-full28 client=i5 action=i5-c8-routed-broadcast detail=kind=routed_broadcast
[Info   :ComfyNetworkSense] [07/31/2026 07:05:55] CUTOVER_SCENARIO state=completed run_id=native-20260731-c8-full28 client=i5 action=i5-c8-routed-broadcast detail=routed_broadcast_applied
[Info   :ComfyNetworkSense] [07/31/2026 07:05:55] CUTOVER_SCENARIO state=action_started run_id=native-20260731-c8-full28 client=i5 action=i5-c8-routed-target detail=kind=routed_target_zdo
[Info   :ComfyNetworkSense] [07/31/2026 07:05:55] CUTOVER_SCENARIO state=completed run_id=native-20260731-c8-full28 client=i5 action=i5-c8-routed-target detail=reset_cloth_dispatched_on_server
[Info   :ComfyNetworkSense] [07/31/2026 07:05:55] CUTOVER_SCENARIO state=action_started run_id=native-20260731-c8-full28 client=i5 action=i5-c8-zdo-journal-observe detail=kind=zdo_journal_observe
[Warning:ComfyNetworkSense] [07/31/2026 07:05:57] Authoritative consumer poll failed: TimeoutException: connect timeout to 8.231.129.249:42317
[Info   :ComfyNetworkSense] [07/31/2026 07:06:01] CUTOVER_SCENARIO state=completed run_id=native-20260731-c8-full28 client=i5 action=i5-c8-zdo-journal-observe detail=typed_journal_sequence_applied_snapshot=360_delta=3_stale=10_malformed=1_tombstone=1_native_rpc_zdo_data=0
[Info   :ComfyNetworkSense] [07/31/2026 07:06:01] CUTOVER_SCENARIO state=action_started run_id=native-20260731-c8-full28 client=i5 action=i5-c8-gateway-restart-resume detail=kind=gateway_restart_resume
[Info   :ComfyNetworkSense] [07/31/2026 07:06:01] LUMBERJACKS_SESSION state=probe_started run_id=native-20260731-c8-full28 client=i5 action=i5-c8-gateway-restart-resume detail=mode=external_resume_connection_id=a90fc24336f04e8e9ea2cb8f86a3da9a_resume_epoch=0
[Warning:ComfyNetworkSense] [07/31/2026 07:06:07] Authoritative consumer poll failed: TimeoutException: connect timeout to 8.231.129.249:42317
[Info   :ComfyNetworkSense] [07/31/2026 07:06:08] LUMBERJACKS_SESSION state=connection_error run_id=native-20260731-c8-full28 client=i5 action=i5-c8-gateway-restart-resume detail=sequence=0_connection_id=_WebSocketException:The_remote_party_closed_the_WebSocket_connection_without_completing_the_close_handshake.
[Info   :ComfyNetworkSense] [07/31/2026 07:06:08] LUMBERJACKS_SESSION state=socket_closed run_id=native-20260731-c8-full28 client=i5 action=i5-c8-gateway-restart-resume detail=sequence=0_connection_id=
[Info   :ComfyNetworkSense] [07/31/2026 07:06:08] MOTION_AUTHORITY state=hold_entered run_id=native-20260731-c8-full28 client=i5 action=i5-c8-motion-observe-gap detail=sequence=1132_age_ms=516_native_fallback=false
[Info   :ComfyNetworkSense] [07/31/2026 07:06:08] LUMBERJACKS_SESSION state=connection_error run_id=native-20260731-c8-full28 client=i5 action=i5-c8-gateway-restart-resume detail=sequence=0_connection_id=_WebSocketException:Unable_to_connect_to_the_remote_server
[Info   :ComfyNetworkSense] [07/31/2026 07:06:08] LUMBERJACKS_SESSION state=socket_closed run_id=native-20260731-c8-full28 client=i5 action=i5-c8-gateway-restart-resume detail=sequence=0_connection_id=
[Info   :ComfyNetworkSense] [07/31/2026 07:06:10] LUMBERJACKS_SESSION state=connection_error run_id=native-20260731-c8-full28 client=i5 action=i5-c8-gateway-restart-resume detail=sequence=0_connection_id=_WebSocketException:Unable_to_connect_to_the_remote_server
[Info   :ComfyNetworkSense] [07/31/2026 07:06:10] LUMBERJACKS_SESSION state=socket_closed run_id=native-20260731-c8-full28 client=i5 action=i5-c8-gateway-restart-resume detail=sequence=0_connection_id=
[Info   :ComfyNetworkSense] [07/31/2026 07:06:10] LUMBERJACKS_SESSION state=connection_error run_id=native-20260731-c8-full28 client=i5 action=i5-c8-gateway-restart-resume detail=sequence=0_connection_id=_WebSocketException:Unable_to_connect_to_the_remote_server
[Info   :ComfyNetworkSense] [07/31/2026 07:06:10] LUMBERJACKS_SESSION state=socket_closed run_id=native-20260731-c8-full28 client=i5 action=i5-c8-gateway-restart-resume detail=sequence=0_connection_id=
[Info   :ComfyNetworkSense] [07/31/2026 07:06:11] LUMBERJACKS_SESSION state=connection_error run_id=native-20260731-c8-full28 client=i5 action=i5-c8-gateway-restart-resume detail=sequence=0_connection_id=_WebSocketException:Unable_to_connect_to_the_remote_server
[Info   :ComfyNetworkSense] [07/31/2026 07:06:11] LUMBERJACKS_SESSION state=socket_closed run_id=native-20260731-c8-full28 client=i5 action=i5-c8-gateway-restart-resume detail=sequence=0_connection_id=
[Info   :ComfyNetworkSense] [07/31/2026 07:06:11] LUMBERJACKS_SESSION state=session_started run_id=native-20260731-c8-full28 client=i5 action=none detail=sequence=0_connection_id=122c07eb24644bdb89dbebca949a708a_resumed=false_reincarnated=true_logical_peer_id=lp_19f2670527be6f633c140c5938e5ff4c85d4bbe309e63007f20327439f837d5c_server_instance_id=am4-gateway-dev_world_id=am4-cutover-world_udp_ready=true
[Info   :ComfyNetworkSense] [07/31/2026 07:06:11] LUMBERJACKS_SESSION state=peer_bind_queued run_id=native-20260731-c8-full28 client=i5 action=none detail=sequence=0_connection_id=122c07eb24644bdb89dbebca949a708a_role=client_peer_uid=1669947146
[Info   :ComfyNetworkSense] [07/31/2026 07:06:11] LUMBERJACKS_SESSION state=motion_region_join_queued run_id=native-20260731-c8-full28 client=i5 action=none detail=sequence=0_connection_id=122c07eb24644bdb89dbebca949a708a_region_id=region-spawn
[Info   :ComfyNetworkSense] [07/31/2026 07:06:11] CUTOVER_SCENARIO state=completed run_id=native-20260731-c8-full28 client=i5 action=i5-c8-gateway-restart-resume detail=external_gateway_recovery_observed_connection_id=122c07eb24644bdb89dbebca949a708a_resume_epoch=0_logical_peer_id=lp_19f2670527be6f633c140c5938e5ff4c85d4bbe309e63007f20327439f837d5c
[Info   :ComfyNetworkSense] [07/31/2026 07:06:11] LUMBERJACKS_SESSION state=motion_transport_fallback run_id=native-20260731-c8-full28 client=i5 action=none detail=sequence=0_connection_id=122c07eb24644bdb89dbebca949a708a_udp_receive_failed=ConnectionReset_fallback=binary_websocket
[Info   :ComfyNetworkSense] [07/31/2026 07:06:11] LOGICAL_PEER_CUTOVER state=logical_server_announced run_id=native-20260731-c8-full28 detail=peer_uid=1179166357_logical_peer_id=lp_c9b96e29024c30948164b6025b7d6b67ef3e40eb243b767a108cf27e4657b0da
[Info   :ComfyNetworkSense] [07/31/2026 07:06:11] CUTOVER_SCENARIO state=action_started run_id=native-20260731-c8-full28 client=i5 action=c8-ownership-contended detail=kind=ownership_contention
[Info   :ComfyNetworkSense] [07/31/2026 07:06:11] LUMBERJACKS_SESSION state=ownership_frame_queued run_id=native-20260731-c8-full28 client=i5 action=none detail=sequence=6_connection_id=122c07eb24644bdb89dbebca949a708a_type=valheim_ownership_lease_request_queue_depth=1
[Info   :ComfyNetworkSense] [07/31/2026 07:06:11] LUMBERJACKS_SESSION state=ownership_frame_sent run_id=native-20260731-c8-full28 client=i5 action=none detail=sequence=6_connection_id=122c07eb24644bdb89dbebca949a708a_type=valheim_ownership_lease_request
[Info   :ComfyNetworkSense] [07/31/2026 07:06:12] LUMBERJACKS_SESSION state=ownership_frame_queued run_id=native-20260731-c8-full28 client=i5 action=none detail=sequence=1969_connection_id=122c07eb24644bdb89dbebca949a708a_type=valheim_ownership_lease_request_queue_depth=65
[Info   :ComfyNetworkSense] [07/31/2026 07:06:12] LUMBERJACKS_SESSION state=ownership_frame_sent run_id=native-20260731-c8-full28 client=i5 action=none detail=sequence=1969_connection_id=122c07eb24644bdb89dbebca949a708a_type=valheim_ownership_lease_request
[Info   :ComfyNetworkSense] [07/31/2026 07:06:13] LUMBERJACKS_SESSION state=ownership_frame_queued run_id=native-20260731-c8-full28 client=i5 action=none detail=sequence=2615_connection_id=122c07eb24644bdb89dbebca949a708a_type=valheim_ownership_lease_request_queue_depth=1
[Info   :ComfyNetworkSense] [07/31/2026 07:06:13] LUMBERJACKS_SESSION state=ownership_frame_sent run_id=native-20260731-c8-full28 client=i5 action=none detail=sequence=2615_connection_id=122c07eb24644bdb89dbebca949a708a_type=valheim_ownership_lease_request
[Info   :ComfyNetworkSense] [07/31/2026 07:06:13] LUMBERJACKS_SESSION state=ownership_frame_queued run_id=native-20260731-c8-full28 client=i5 action=none detail=sequence=2618_connection_id=122c07eb24644bdb89dbebca949a708a_type=valheim_ownership_lease_request_queue_depth=1
[Info   :ComfyNetworkSense] [07/31/2026 07:06:13] LUMBERJACKS_SESSION state=ownership_frame_sent run_id=native-20260731-c8-full28 client=i5 action=none detail=sequence=2618_connection_id=122c07eb24644bdb89dbebca949a708a_type=valheim_ownership_lease_request
[Info   :ComfyNetworkSense] [07/31/2026 07:06:14] LUMBERJACKS_SESSION state=ownership_frame_queued run_id=native-20260731-c8-full28 client=i5 action=none detail=sequence=2620_connection_id=122c07eb24644bdb89dbebca949a708a_type=valheim_ownership_lease_request_queue_depth=1
[Info   :ComfyNetworkSense] [07/31/2026 07:06:14] LUMBERJACKS_SESSION state=ownership_frame_sent run_id=native-20260731-c8-full28 client=i5 action=none detail=sequence=2620_connection_id=122c07eb24644bdb89dbebca949a708a_type=valheim_ownership_lease_request
[Info   :ComfyNetworkSense] [07/31/2026 07:06:14] LUMBERJACKS_SESSION state=ownership_frame_queued run_id=native-20260731-c8-full28 client=i5 action=none detail=sequence=2622_connection_id=122c07eb24644bdb89dbebca949a708a_type=valheim_ownership_lease_request_queue_depth=1
[Info   :ComfyNetworkSense] [07/31/2026 07:06:14] LUMBERJACKS_SESSION state=ownership_frame_sent run_id=native-20260731-c8-full28 client=i5 action=none detail=sequence=2622_connection_id=122c07eb24644bdb89dbebca949a708a_type=valheim_ownership_lease_request
[Info   :ComfyNetworkSense] [07/31/2026 07:06:15] LUMBERJACKS_SESSION state=ownership_frame_queued run_id=native-20260731-c8-full28 client=i5 action=none detail=sequence=2624_connection_id=122c07eb24644bdb89dbebca949a708a_type=valheim_ownership_lease_request_queue_depth=1
[Info   :ComfyNetworkSense] [07/31/2026 07:06:15] LUMBERJACKS_SESSION state=ownership_frame_sent run_id=native-20260731-c8-full28 client=i5 action=none detail=sequence=2624_connection_id=122c07eb24644bdb89dbebca949a708a_type=valheim_ownership_lease_request
[Info   :ComfyNetworkSense] [07/31/2026 07:06:16] LUMBERJACKS_SESSION state=ownership_frame_queued run_id=native-20260731-c8-full28 client=i5 action=none detail=sequence=2627_connection_id=122c07eb24644bdb89dbebca949a708a_type=valheim_ownership_lease_request_queue_depth=1
[Info   :ComfyNetworkSense] [07/31/2026 07:06:16] LUMBERJACKS_SESSION state=ownership_frame_sent run_id=native-20260731-c8-full28 client=i5 action=none detail=sequence=2627_connection_id=122c07eb24644bdb89dbebca949a708a_type=valheim_ownership_lease_request
[Info   :ComfyNetworkSense] [07/31/2026 07:06:16] LUMBERJACKS_SESSION state=ownership_frame_queued run_id=native-20260731-c8-full28 client=i5 action=none detail=sequence=2629_connection_id=122c07eb24644bdb89dbebca949a708a_type=valheim_ownership_lease_request_queue_depth=1
[Info   :ComfyNetworkSense] [07/31/2026 07:06:16] LUMBERJACKS_SESSION state=ownership_frame_sent run_id=native-20260731-c8-full28 client=i5 action=none detail=sequence=2629_connection_id=122c07eb24644bdb89dbebca949a708a_type=valheim_ownership_lease_request
[Info   :ComfyNetworkSense] [07/31/2026 07:06:17] LUMBERJACKS_SESSION state=ownership_frame_queued run_id=native-20260731-c8-full28 client=i5 action=none detail=sequence=2631_connection_id=122c07eb24644bdb89dbebca949a708a_type=valheim_ownership_lease_request_queue_depth=1
[Info   :ComfyNetworkSense] [07/31/2026 07:06:17] LUMBERJACKS_SESSION state=ownership_frame_sent run_id=native-20260731-c8-full28 client=i5 action=none detail=sequence=2631_connection_id=122c07eb24644bdb89dbebca949a708a_type=valheim_ownership_lease_request
[Warning:ComfyNetworkSense] [07/31/2026 07:06:17] Authoritative consumer poll failed: TimeoutException: connect timeout to 8.231.129.249:42317
[Info   :ComfyNetworkSense] [07/31/2026 07:06:17] LUMBERJACKS_SESSION state=ownership_frame_queued run_id=native-20260731-c8-full28 client=i5 action=none detail=sequence=2633_connection_id=122c07eb24644bdb89dbebca949a708a_type=valheim_ownership_lease_request_queue_depth=1
[Info   :ComfyNetworkSense] [07/31/2026 07:06:17] LUMBERJACKS_SESSION state=ownership_frame_sent run_id=native-20260731-c8-full28 client=i5 action=none detail=sequence=2633_connection_id=122c07eb24644bdb89dbebca949a708a_type=valheim_ownership_lease_request
[Info   :ComfyNetworkSense] [07/31/2026 07:06:18] LUMBERJACKS_SESSION state=ownership_frame_queued run_id=native-20260731-c8-full28 client=i5 action=none detail=sequence=2636_connection_id=122c07eb24644bdb89dbebca949a708a_type=valheim_ownership_lease_request_queue_depth=1
[Info   :ComfyNetworkSense] [07/31/2026 07:06:18] LUMBERJACKS_SESSION state=ownership_frame_sent run_id=native-20260731-c8-full28 client=i5 action=none detail=sequence=2636_connection_id=122c07eb24644bdb89dbebca949a708a_type=valheim_ownership_lease_request
[Info   :ComfyNetworkSense] [07/31/2026 07:06:18] LUMBERJACKS_SESSION state=ownership_frame_queued run_id=native-20260731-c8-full28 client=i5 action=none detail=sequence=2638_connection_id=122c07eb24644bdb89dbebca949a708a_type=valheim_ownership_lease_request_queue_depth=1
[Info   :ComfyNetworkSense] [07/31/2026 07:06:18] LUMBERJACKS_SESSION state=ownership_frame_sent run_id=native-20260731-c8-full28 client=i5 action=none detail=sequence=2638_connection_id=122c07eb24644bdb89dbebca949a708a_type=valheim_ownership_lease_request
[Info   :ComfyNetworkSense] [07/31/2026 07:06:19] LUMBERJACKS_SESSION state=ownership_frame_queued run_id=native-20260731-c8-full28 client=i5 action=none detail=sequence=2640_connection_id=122c07eb24644bdb89dbebca949a708a_type=valheim_ownership_lease_request_queue_depth=1
[Info   :ComfyNetworkSense] [07/31/2026 07:06:19] LUMBERJACKS_SESSION state=ownership_frame_sent run_id=native-20260731-c8-full28 client=i5 action=none detail=sequence=2640_connection_id=122c07eb24644bdb89dbebca949a708a_type=valheim_ownership_lease_request
[Info   :ComfyNetworkSense] [07/31/2026 07:06:19] LUMBERJACKS_SESSION state=ownership_frame_queued run_id=native-20260731-c8-full28 client=i5 action=none detail=sequence=2643_connection_id=122c07eb24644bdb89dbebca949a708a_type=valheim_ownership_lease_request_queue_depth=1
[Info   :ComfyNetworkSense] [07/31/2026 07:06:19] LUMBERJACKS_SESSION state=ownership_frame_sent run_id=native-20260731-c8-full28 client=i5 action=none detail=sequence=2643_connection_id=122c07eb24644bdb89dbebca949a708a_type=valheim_ownership_lease_request
[Info   :ComfyNetworkSense] [07/31/2026 07:06:20] LUMBERJACKS_SESSION state=ownership_frame_queued run_id=native-20260731-c8-full28 client=i5 action=none detail=sequence=2645_connection_id=122c07eb24644bdb89dbebca949a708a_type=valheim_ownership_lease_request_queue_depth=1
[Info   :ComfyNetworkSense] [07/31/2026 07:06:20] LUMBERJACKS_SESSION state=ownership_frame_sent run_id=native-20260731-c8-full28 client=i5 action=none detail=sequence=2645_connection_id=122c07eb24644bdb89dbebca949a708a_type=valheim_ownership_lease_request
[Info   :ComfyNetworkSense] [07/31/2026 07:06:21] LUMBERJACKS_SESSION state=ownership_frame_queued run_id=native-20260731-c8-full28 client=i5 action=none detail=sequence=2647_connection_id=122c07eb24644bdb89dbebca949a708a_type=valheim_ownership_lease_request_queue_depth=1
[Info   :ComfyNetworkSense] [07/31/2026 07:06:21] LUMBERJACKS_SESSION state=ownership_frame_sent run_id=native-20260731-c8-full28 client=i5 action=none detail=sequence=2647_connection_id=122c07eb24644bdb89dbebca949a708a_type=valheim_ownership_lease_request
[Info   :ComfyNetworkSense] [07/31/2026 07:06:21] LUMBERJACKS_SESSION state=ownership_frame_queued run_id=native-20260731-c8-full28 client=i5 action=none detail=sequence=2649_connection_id=122c07eb24644bdb89dbebca949a708a_type=valheim_ownership_lease_request_queue_depth=1
[Info   :ComfyNetworkSense] [07/31/2026 07:06:21] LUMBERJACKS_SESSION state=ownership_frame_sent run_id=native-20260731-c8-full28 client=i5 action=none detail=sequence=2649_connection_id=122c07eb24644bdb89dbebca949a708a_type=valheim_ownership_lease_request
[Info   :ComfyNetworkSense] [07/31/2026 07:06:22] LUMBERJACKS_SESSION state=ownership_frame_queued run_id=native-20260731-c8-full28 client=i5 action=none detail=sequence=2652_connection_id=122c07eb24644bdb89dbebca949a708a_type=valheim_ownership_lease_request_queue_depth=1
[Info   :ComfyNetworkSense] [07/31/2026 07:06:22] LUMBERJACKS_SESSION state=ownership_frame_sent run_id=native-20260731-c8-full28 client=i5 action=none detail=sequence=2652_connection_id=122c07eb24644bdb89dbebca949a708a_type=valheim_ownership_lease_request
[Info   :ComfyNetworkSense] [07/31/2026 07:06:22] LUMBERJACKS_SESSION state=ownership_frame_queued run_id=native-20260731-c8-full28 client=i5 action=none detail=sequence=2654_connection_id=122c07eb24644bdb89dbebca949a708a_type=valheim_ownership_lease_request_queue_depth=1
[Info   :ComfyNetworkSense] [07/31/2026 07:06:22] LUMBERJACKS_SESSION state=ownership_frame_sent run_id=native-20260731-c8-full28 client=i5 action=none detail=sequence=2654_connection_id=122c07eb24644bdb89dbebca949a708a_type=valheim_ownership_lease_request
[Info   :ComfyNetworkSense] [07/31/2026 07:06:23] LUMBERJACKS_SESSION state=ownership_frame_queued run_id=native-20260731-c8-full28 client=i5 action=none detail=sequence=2656_connection_id=122c07eb24644bdb89dbebca949a708a_type=valheim_ownership_lease_request_queue_depth=1
[Info   :ComfyNetworkSense] [07/31/2026 07:06:23] LUMBERJACKS_SESSION state=ownership_frame_sent run_id=native-20260731-c8-full28 client=i5 action=none detail=sequence=2656_connection_id=122c07eb24644bdb89dbebca949a708a_type=valheim_ownership_lease_request
[Info   :ComfyNetworkSense] [07/31/2026 07:06:23] LUMBERJACKS_SESSION state=ownership_frame_queued run_id=native-20260731-c8-full28 client=i5 action=none detail=sequence=2658_connection_id=122c07eb24644bdb89dbebca949a708a_type=valheim_ownership_lease_request_queue_depth=1
[Info   :ComfyNetworkSense] [07/31/2026 07:06:23] LUMBERJACKS_SESSION state=ownership_frame_sent run_id=native-20260731-c8-full28 client=i5 action=none detail=sequence=2658_connection_id=122c07eb24644bdb89dbebca949a708a_type=valheim_ownership_lease_request
[Info   :ComfyNetworkSense] [07/31/2026 07:06:24] LUMBERJACKS_SESSION state=ownership_frame_queued run_id=native-20260731-c8-full28 client=i5 action=none detail=sequence=2661_connection_id=122c07eb24644bdb89dbebca949a708a_type=valheim_ownership_lease_request_queue_depth=1
[Info   :ComfyNetworkSense] [07/31/2026 07:06:24] LUMBERJACKS_SESSION state=ownership_frame_sent run_id=native-20260731-c8-full28 client=i5 action=none detail=sequence=2661_connection_id=122c07eb24644bdb89dbebca949a708a_type=valheim_ownership_lease_request
[Info   :ComfyNetworkSense] [07/31/2026 07:06:24] LUMBERJACKS_SESSION state=ownership_frame_queued run_id=native-20260731-c8-full28 client=i5 action=none detail=sequence=2663_connection_id=122c07eb24644bdb89dbebca949a708a_type=valheim_ownership_lease_request_queue_depth=1
[Info   :ComfyNetworkSense] [07/31/2026 07:06:24] LUMBERJACKS_SESSION state=ownership_frame_sent run_id=native-20260731-c8-full28 client=i5 action=none detail=sequence=2663_connection_id=122c07eb24644bdb89dbebca949a708a_type=valheim_ownership_lease_request
[Info   :ComfyNetworkSense] [07/31/2026 07:06:25] LUMBERJACKS_SESSION state=ownership_frame_queued run_id=native-20260731-c8-full28 client=i5 action=none detail=sequence=2665_connection_id=122c07eb24644bdb89dbebca949a708a_type=valheim_ownership_lease_request_queue_depth=1
[Info   :ComfyNetworkSense] [07/31/2026 07:06:25] LUMBERJACKS_SESSION state=ownership_frame_sent run_id=native-20260731-c8-full28 client=i5 action=none detail=sequence=2665_connection_id=122c07eb24644bdb89dbebca949a708a_type=valheim_ownership_lease_request
[Info   :ComfyNetworkSense] [07/31/2026 07:06:26] LUMBERJACKS_SESSION state=ownership_frame_queued run_id=native-20260731-c8-full28 client=i5 action=none detail=sequence=2668_connection_id=122c07eb24644bdb89dbebca949a708a_type=valheim_ownership_lease_request_queue_depth=1
[Info   :ComfyNetworkSense] [07/31/2026 07:06:26] LUMBERJACKS_SESSION state=ownership_frame_sent run_id=native-20260731-c8-full28 client=i5 action=none detail=sequence=2668_connection_id=122c07eb24644bdb89dbebca949a708a_type=valheim_ownership_lease_request
[Info   :ComfyNetworkSense] [07/31/2026 07:06:26] LUMBERJACKS_SESSION state=ownership_frame_queued run_id=native-20260731-c8-full28 client=i5 action=none detail=sequence=2670_connection_id=122c07eb24644bdb89dbebca949a708a_type=valheim_ownership_lease_request_queue_depth=1
[Info   :ComfyNetworkSense] [07/31/2026 07:06:26] LUMBERJACKS_SESSION state=ownership_frame_sent run_id=native-20260731-c8-full28 client=i5 action=none detail=sequence=2670_connection_id=122c07eb24644bdb89dbebca949a708a_type=valheim_ownership_lease_request
[Info   :ComfyNetworkSense] [07/31/2026 07:06:27] LUMBERJACKS_SESSION state=ownership_frame_queued run_id=native-20260731-c8-full28 client=i5 action=none detail=sequence=2672_connection_id=122c07eb24644bdb89dbebca949a708a_type=valheim_ownership_lease_request_queue_depth=1
[Info   :ComfyNetworkSense] [07/31/2026 07:06:27] LUMBERJACKS_SESSION state=ownership_frame_sent run_id=native-20260731-c8-full28 client=i5 action=none detail=sequence=2672_connection_id=122c07eb24644bdb89dbebca949a708a_type=valheim_ownership_lease_request
[Info   :ComfyNetworkSense] [07/31/2026 07:06:27] LUMBERJACKS_SESSION state=ownership_frame_queued run_id=native-20260731-c8-full28 client=i5 action=none detail=sequence=2674_connection_id=122c07eb24644bdb89dbebca949a708a_type=valheim_ownership_lease_request_queue_depth=1
[Info   :ComfyNetworkSense] [07/31/2026 07:06:27] LUMBERJACKS_SESSION state=ownership_frame_sent run_id=native-20260731-c8-full28 client=i5 action=none detail=sequence=2674_connection_id=122c07eb24644bdb89dbebca949a708a_type=valheim_ownership_lease_request
[Warning:ComfyNetworkSense] [07/31/2026 07:06:27] Authoritative consumer poll failed: TimeoutException: connect timeout to 8.231.129.249:42317
[Info   :ComfyNetworkSense] [07/31/2026 07:06:28] LUMBERJACKS_SESSION state=ownership_frame_queued run_id=native-20260731-c8-full28 client=i5 action=none detail=sequence=2677_connection_id=122c07eb24644bdb89dbebca949a708a_type=valheim_ownership_lease_request_queue_depth=1
[Info   :ComfyNetworkSense] [07/31/2026 07:06:28] LUMBERJACKS_SESSION state=ownership_frame_sent run_id=native-20260731-c8-full28 client=i5 action=none detail=sequence=2677_connection_id=122c07eb24644bdb89dbebca949a708a_type=valheim_ownership_lease_request
[Info   :ComfyNetworkSense] [07/31/2026 07:06:28] LUMBERJACKS_SESSION state=ownership_frame_queued run_id=native-20260731-c8-full28 client=i5 action=none detail=sequence=2679_connection_id=122c07eb24644bdb89dbebca949a708a_type=valheim_ownership_lease_request_queue_depth=1
[Info   :ComfyNetworkSense] [07/31/2026 07:06:28] LUMBERJACKS_SESSION state=ownership_frame_sent run_id=native-20260731-c8-full28 client=i5 action=none detail=sequence=2679_connection_id=122c07eb24644bdb89dbebca949a708a_type=valheim_ownership_lease_request
[Info   :ComfyNetworkSense] [07/31/2026 07:06:29] LUMBERJACKS_SESSION state=ownership_frame_queued run_id=native-20260731-c8-full28 client=i5 action=none detail=sequence=2681_connection_id=122c07eb24644bdb89dbebca949a708a_type=valheim_ownership_lease_request_queue_depth=1
[Info   :ComfyNetworkSense] [07/31/2026 07:06:29] LUMBERJACKS_SESSION state=ownership_frame_sent run_id=native-20260731-c8-full28 client=i5 action=none detail=sequence=2681_connection_id=122c07eb24644bdb89dbebca949a708a_type=valheim_ownership_lease_request
[Info   :ComfyNetworkSense] [07/31/2026 07:06:29] LUMBERJACKS_SESSION state=ownership_frame_queued run_id=native-20260731-c8-full28 client=i5 action=none detail=sequence=2683_connection_id=122c07eb24644bdb89dbebca949a708a_type=valheim_ownership_lease_request_queue_depth=1
[Info   :ComfyNetworkSense] [07/31/2026 07:06:29] LUMBERJACKS_SESSION state=ownership_frame_sent run_id=native-20260731-c8-full28 client=i5 action=none detail=sequence=2683_connection_id=122c07eb24644bdb89dbebca949a708a_type=valheim_ownership_lease_request
[Info   :ComfyNetworkSense] [07/31/2026 07:06:30] LUMBERJACKS_SESSION state=ownership_frame_queued run_id=native-20260731-c8-full28 client=i5 action=none detail=sequence=2686_connection_id=122c07eb24644bdb89dbebca949a708a_type=valheim_ownership_lease_request_queue_depth=1
[Info   :ComfyNetworkSense] [07/31/2026 07:06:30] LUMBERJACKS_SESSION state=ownership_frame_sent run_id=native-20260731-c8-full28 client=i5 action=none detail=sequence=2686_connection_id=122c07eb24644bdb89dbebca949a708a_type=valheim_ownership_lease_request
[Info   :ComfyNetworkSense] [07/31/2026 07:06:30] LUMBERJACKS_SESSION state=ownership_frame_queued run_id=native-20260731-c8-full28 client=i5 action=none detail=sequence=2688_connection_id=122c07eb24644bdb89dbebca949a708a_type=valheim_ownership_lease_request_queue_depth=1
[Info   :ComfyNetworkSense] [07/31/2026 07:06:30] LUMBERJACKS_SESSION state=ownership_frame_sent run_id=native-20260731-c8-full28 client=i5 action=none detail=sequence=2688_connection_id=122c07eb24644bdb89dbebca949a708a_type=valheim_ownership_lease_request
[Info   :ComfyNetworkSense] [07/31/2026 07:06:31] LUMBERJACKS_SESSION state=ownership_frame_queued run_id=native-20260731-c8-full28 client=i5 action=none detail=sequence=2690_connection_id=122c07eb24644bdb89dbebca949a708a_type=valheim_ownership_lease_request_queue_depth=1
[Info   :ComfyNetworkSense] [07/31/2026 07:06:31] LUMBERJACKS_SESSION state=ownership_frame_sent run_id=native-20260731-c8-full28 client=i5 action=none detail=sequence=2690_connection_id=122c07eb24644bdb89dbebca949a708a_type=valheim_ownership_lease_request
[Info   :ComfyNetworkSense] [07/31/2026 07:06:32] LUMBERJACKS_SESSION state=ownership_frame_queued run_id=native-20260731-c8-full28 client=i5 action=none detail=sequence=2693_connection_id=122c07eb24644bdb89dbebca949a708a_type=valheim_ownership_lease_request_queue_depth=1
[Info   :ComfyNetworkSense] [07/31/2026 07:06:32] LUMBERJACKS_SESSION state=ownership_frame_sent run_id=native-20260731-c8-full28 client=i5 action=none detail=sequence=2693_connection_id=122c07eb24644bdb89dbebca949a708a_type=valheim_ownership_lease_request
[Info   :ComfyNetworkSense] [07/31/2026 07:06:32] LUMBERJACKS_SESSION state=ownership_frame_queued run_id=native-20260731-c8-full28 client=i5 action=none detail=sequence=2695_connection_id=122c07eb24644bdb89dbebca949a708a_type=valheim_ownership_lease_request_queue_depth=1
[Info   :ComfyNetworkSense] [07/31/2026 07:06:32] LUMBERJACKS_SESSION state=ownership_frame_sent run_id=native-20260731-c8-full28 client=i5 action=none detail=sequence=2695_connection_id=122c07eb24644bdb89dbebca949a708a_type=valheim_ownership_lease_request
[Info   :ComfyNetworkSense] [07/31/2026 07:06:32] MOTION_AUTHORITY state=native_transform_writer_suppressed run_id=native-20260731-c8-full28 client=i5 action=i5-c8-motion-observe-gap detail=count=8192_writer=ZSyncTransform.CustomFixedUpdate
[Info   :ComfyNetworkSense] [07/31/2026 07:06:33] LUMBERJACKS_SESSION state=ownership_frame_queued run_id=native-20260731-c8-full28 client=i5 action=none detail=sequence=2697_connection_id=122c07eb24644bdb89dbebca949a708a_type=valheim_ownership_lease_request_queue_depth=1
[Info   :ComfyNetworkSense] [07/31/2026 07:06:33] LUMBERJACKS_SESSION state=ownership_frame_sent run_id=native-20260731-c8-full28 client=i5 action=none detail=sequence=2697_connection_id=122c07eb24644bdb89dbebca949a708a_type=valheim_ownership_lease_request
[Info   :ComfyNetworkSense] [07/31/2026 07:06:33] LUMBERJACKS_SESSION state=ownership_frame_queued run_id=native-20260731-c8-full28 client=i5 action=none detail=sequence=2699_connection_id=122c07eb24644bdb89dbebca949a708a_type=valheim_ownership_lease_request_queue_depth=1
[Info   :ComfyNetworkSense] [07/31/2026 07:06:33] LUMBERJACKS_SESSION state=ownership_frame_sent run_id=native-20260731-c8-full28 client=i5 action=none detail=sequence=2699_connection_id=122c07eb24644bdb89dbebca949a708a_type=valheim_ownership_lease_request
[Info   :ComfyNetworkSense] [07/31/2026 07:06:34] LUMBERJACKS_SESSION state=ownership_frame_queued run_id=native-20260731-c8-full28 client=i5 action=none detail=sequence=2702_connection_id=122c07eb24644bdb89dbebca949a708a_type=valheim_ownership_lease_request_queue_depth=1
[Info   :ComfyNetworkSense] [07/31/2026 07:06:34] LUMBERJACKS_SESSION state=ownership_frame_sent run_id=native-20260731-c8-full28 client=i5 action=none detail=sequence=2702_connection_id=122c07eb24644bdb89dbebca949a708a_type=valheim_ownership_lease_request
[Info   :ComfyNetworkSense] [07/31/2026 07:06:34] LUMBERJACKS_SESSION state=ownership_frame_queued run_id=native-20260731-c8-full28 client=i5 action=none detail=sequence=2704_connection_id=122c07eb24644bdb89dbebca949a708a_type=valheim_ownership_lease_request_queue_depth=1
[Info   :ComfyNetworkSense] [07/31/2026 07:06:34] LUMBERJACKS_SESSION state=ownership_frame_sent run_id=native-20260731-c8-full28 client=i5 action=none detail=sequence=2704_connection_id=122c07eb24644bdb89dbebca949a708a_type=valheim_ownership_lease_request
[Info   :ComfyNetworkSense] [07/31/2026 07:06:35] LUMBERJACKS_SESSION state=ownership_frame_queued run_id=native-20260731-c8-full28 client=i5 action=none detail=sequence=2706_connection_id=122c07eb24644bdb89dbebca949a708a_type=valheim_ownership_lease_request_queue_depth=1
[Info   :ComfyNetworkSense] [07/31/2026 07:06:35] LUMBERJACKS_SESSION state=ownership_frame_sent run_id=native-20260731-c8-full28 client=i5 action=none detail=sequence=2706_connection_id=122c07eb24644bdb89dbebca949a708a_type=valheim_ownership_lease_request
[Info   :ComfyNetworkSense] [07/31/2026 07:06:35] LUMBERJACKS_SESSION state=ownership_frame_queued run_id=native-20260731-c8-full28 client=i5 action=none detail=sequence=2708_connection_id=122c07eb24644bdb89dbebca949a708a_type=valheim_ownership_lease_request_queue_depth=1
[Info   :ComfyNetworkSense] [07/31/2026 07:06:35] LUMBERJACKS_SESSION state=ownership_frame_sent run_id=native-20260731-c8-full28 client=i5 action=none detail=sequence=2708_connection_id=122c07eb24644bdb89dbebca949a708a_type=valheim_ownership_lease_request
[Info   :ComfyNetworkSense] [07/31/2026 07:06:36] LUMBERJACKS_SESSION state=ownership_frame_queued run_id=native-20260731-c8-full28 client=i5 action=none detail=sequence=2711_connection_id=122c07eb24644bdb89dbebca949a708a_type=valheim_ownership_lease_request_queue_depth=1
[Info   :ComfyNetworkSense] [07/31/2026 07:06:36] LUMBERJACKS_SESSION state=ownership_frame_sent run_id=native-20260731-c8-full28 client=i5 action=none detail=sequence=2711_connection_id=122c07eb24644bdb89dbebca949a708a_type=valheim_ownership_lease_request
[Info   :ComfyNetworkSense] [07/31/2026 07:06:37] LUMBERJACKS_SESSION state=ownership_frame_queued run_id=native-20260731-c8-full28 client=i5 action=none detail=sequence=2713_connection_id=122c07eb24644bdb89dbebca949a708a_type=valheim_ownership_lease_request_queue_depth=1
[Info   :ComfyNetworkSense] [07/31/2026 07:06:37] LUMBERJACKS_SESSION state=ownership_frame_sent run_id=native-20260731-c8-full28 client=i5 action=none detail=sequence=2713_connection_id=122c07eb24644bdb89dbebca949a708a_type=valheim_ownership_lease_request
[Info   :ComfyNetworkSense] [07/31/2026 07:06:37] LUMBERJACKS_SESSION state=ownership_frame_queued run_id=native-20260731-c8-full28 client=i5 action=none detail=sequence=2715_connection_id=122c07eb24644bdb89dbebca949a708a_type=valheim_ownership_lease_request_queue_depth=1
[Info   :ComfyNetworkSense] [07/31/2026 07:06:37] LUMBERJACKS_SESSION state=ownership_frame_sent run_id=native-20260731-c8-full28 client=i5 action=none detail=sequence=2715_connection_id=122c07eb24644bdb89dbebca949a708a_type=valheim_ownership_lease_request
[Warning:ComfyNetworkSense] [07/31/2026 07:06:37] Authoritative consumer poll failed: TimeoutException: connect timeout to 8.231.129.249:42317
[Info   :ComfyNetworkSense] [07/31/2026 07:06:38] LUMBERJACKS_SESSION state=ownership_frame_queued run_id=native-20260731-c8-full28 client=i5 action=none detail=sequence=2718_connection_id=122c07eb24644bdb89dbebca949a708a_type=valheim_ownership_lease_request_queue_depth=1
[Info   :ComfyNetworkSense] [07/31/2026 07:06:38] LUMBERJACKS_SESSION state=ownership_frame_sent run_id=native-20260731-c8-full28 client=i5 action=none detail=sequence=2718_connection_id=122c07eb24644bdb89dbebca949a708a_type=valheim_ownership_lease_request
[Info   :ComfyNetworkSense] [07/31/2026 07:06:38] LUMBERJACKS_SESSION state=ownership_frame_queued run_id=native-20260731-c8-full28 client=i5 action=none detail=sequence=2720_connection_id=122c07eb24644bdb89dbebca949a708a_type=valheim_ownership_lease_request_queue_depth=1
[Info   :ComfyNetworkSense] [07/31/2026 07:06:38] LUMBERJACKS_SESSION state=ownership_frame_sent run_id=native-20260731-c8-full28 client=i5 action=none detail=sequence=2720_connection_id=122c07eb24644bdb89dbebca949a708a_type=valheim_ownership_lease_request
[Info   :ComfyNetworkSense] [07/31/2026 07:06:39] LUMBERJACKS_SESSION state=ownership_frame_queued run_id=native-20260731-c8-full28 client=i5 action=none detail=sequence=2722_connection_id=122c07eb24644bdb89dbebca949a708a_type=valheim_ownership_lease_request_queue_depth=1
[Info   :ComfyNetworkSense] [07/31/2026 07:06:39] LUMBERJACKS_SESSION state=ownership_frame_sent run_id=native-20260731-c8-full28 client=i5 action=none detail=sequence=2722_connection_id=122c07eb24644bdb89dbebca949a708a_type=valheim_ownership_lease_request
[Info   :ComfyNetworkSense] [07/31/2026 07:06:39] LUMBERJACKS_SESSION state=ownership_frame_queued run_id=native-20260731-c8-full28 client=i5 action=none detail=sequence=2724_connection_id=122c07eb24644bdb89dbebca949a708a_type=valheim_ownership_lease_request_queue_depth=1
[Info   :ComfyNetworkSense] [07/31/2026 07:06:39] LUMBERJACKS_SESSION state=ownership_frame_sent run_id=native-20260731-c8-full28 client=i5 action=none detail=sequence=2724_connection_id=122c07eb24644bdb89dbebca949a708a_type=valheim_ownership_lease_request
[Info   :ComfyNetworkSense] [07/31/2026 07:06:40] LUMBERJACKS_SESSION state=ownership_frame_queued run_id=native-20260731-c8-full28 client=i5 action=none detail=sequence=2727_connection_id=122c07eb24644bdb89dbebca949a708a_type=valheim_ownership_lease_request_queue_depth=1
[Info   :ComfyNetworkSense] [07/31/2026 07:06:40] LUMBERJACKS_SESSION state=ownership_frame_sent run_id=native-20260731-c8-full28 client=i5 action=none detail=sequence=2727_connection_id=122c07eb24644bdb89dbebca949a708a_type=valheim_ownership_lease_request
[Info   :ComfyNetworkSense] [07/31/2026 07:06:40] LUMBERJACKS_SESSION state=ownership_frame_queued run_id=native-20260731-c8-full28 client=i5 action=none detail=sequence=2729_connection_id=122c07eb24644bdb89dbebca949a708a_type=valheim_ownership_lease_request_queue_depth=1
[Info   :ComfyNetworkSense] [07/31/2026 07:06:40] LUMBERJACKS_SESSION state=ownership_frame_sent run_id=native-20260731-c8-full28 client=i5 action=none detail=sequence=2729_connection_id=122c07eb24644bdb89dbebca949a708a_type=valheim_ownership_lease_request
[Info   :ComfyNetworkSense] [07/31/2026 07:06:41] LUMBERJACKS_SESSION state=ownership_frame_queued run_id=native-20260731-c8-full28 client=i5 action=none detail=sequence=2731_connection_id=122c07eb24644bdb89dbebca949a708a_type=valheim_ownership_lease_request_queue_depth=1
[Info   :ComfyNetworkSense] [07/31/2026 07:06:41] LUMBERJACKS_SESSION state=ownership_frame_sent run_id=native-20260731-c8-full28 client=i5 action=none detail=sequence=2731_connection_id=122c07eb24644bdb89dbebca949a708a_type=valheim_ownership_lease_request
[Info   :ComfyNetworkSense] [07/31/2026 07:06:42] LUMBERJACKS_SESSION state=ownership_frame_queued run_id=native-20260731-c8-full28 client=i5 action=none detail=sequence=2734_connection_id=122c07eb24644bdb89dbebca949a708a_type=valheim_ownership_lease_request_queue_depth=1
[Info   :ComfyNetworkSense] [07/31/2026 07:06:42] LUMBERJACKS_SESSION state=ownership_frame_sent run_id=native-20260731-c8-full28 client=i5 action=none detail=sequence=2734_connection_id=122c07eb24644bdb89dbebca949a708a_type=valheim_ownership_lease_request
[Info   :ComfyNetworkSense] [07/31/2026 07:06:42] LUMBERJACKS_SESSION state=ownership_frame_queued run_id=native-20260731-c8-full28 client=i5 action=none detail=sequence=2736_connection_id=122c07eb24644bdb89dbebca949a708a_type=valheim_ownership_lease_request_queue_depth=1
[Info   :ComfyNetworkSense] [07/31/2026 07:06:42] LUMBERJACKS_SESSION state=ownership_frame_sent run_id=native-20260731-c8-full28 client=i5 action=none detail=sequence=2736_connection_id=122c07eb24644bdb89dbebca949a708a_type=valheim_ownership_lease_request
[Info   :ComfyNetworkSense] [07/31/2026 07:06:43] LUMBERJACKS_SESSION state=ownership_frame_queued run_id=native-20260731-c8-full28 client=i5 action=none detail=sequence=2738_connection_id=122c07eb24644bdb89dbebca949a708a_type=valheim_ownership_lease_request_queue_depth=1
[Info   :ComfyNetworkSense] [07/31/2026 07:06:43] LUMBERJACKS_SESSION state=ownership_frame_sent run_id=native-20260731-c8-full28 client=i5 action=none detail=sequence=2738_connection_id=122c07eb24644bdb89dbebca949a708a_type=valheim_ownership_lease_request
[Info   :ComfyNetworkSense] [07/31/2026 07:06:43] LUMBERJACKS_SESSION state=ownership_frame_queued run_id=native-20260731-c8-full28 client=i5 action=none detail=sequence=2740_connection_id=122c07eb24644bdb89dbebca949a708a_type=valheim_ownership_lease_request_queue_depth=1
[Info   :ComfyNetworkSense] [07/31/2026 07:06:43] LUMBERJACKS_SESSION state=ownership_frame_sent run_id=native-20260731-c8-full28 client=i5 action=none detail=sequence=2740_connection_id=122c07eb24644bdb89dbebca949a708a_type=valheim_ownership_lease_request
[Info   :ComfyNetworkSense] [07/31/2026 07:06:44] LUMBERJACKS_SESSION state=ownership_frame_queued run_id=native-20260731-c8-full28 client=i5 action=none detail=sequence=2743_connection_id=122c07eb24644bdb89dbebca949a708a_type=valheim_ownership_lease_request_queue_depth=1
[Info   :ComfyNetworkSense] [07/31/2026 07:06:44] LUMBERJACKS_SESSION state=ownership_frame_sent run_id=native-20260731-c8-full28 client=i5 action=none detail=sequence=2743_connection_id=122c07eb24644bdb89dbebca949a708a_type=valheim_ownership_lease_request
[Info   :ComfyNetworkSense] [07/31/2026 07:06:44] LUMBERJACKS_SESSION state=ownership_frame_queued run_id=native-20260731-c8-full28 client=i5 action=none detail=sequence=2745_connection_id=122c07eb24644bdb89dbebca949a708a_type=valheim_ownership_lease_request_queue_depth=1
[Info   :ComfyNetworkSense] [07/31/2026 07:06:44] LUMBERJACKS_SESSION state=ownership_frame_sent run_id=native-20260731-c8-full28 client=i5 action=none detail=sequence=2745_connection_id=122c07eb24644bdb89dbebca949a708a_type=valheim_ownership_lease_request
[Info   :ComfyNetworkSense] [07/31/2026 07:06:45] LUMBERJACKS_SESSION state=ownership_frame_queued run_id=native-20260731-c8-full28 client=i5 action=none detail=sequence=2747_connection_id=122c07eb24644bdb89dbebca949a708a_type=valheim_ownership_lease_request_queue_depth=1
[Info   :ComfyNetworkSense] [07/31/2026 07:06:45] LUMBERJACKS_SESSION state=ownership_frame_sent run_id=native-20260731-c8-full28 client=i5 action=none detail=sequence=2747_connection_id=122c07eb24644bdb89dbebca949a708a_type=valheim_ownership_lease_request
[Info   :ComfyNetworkSense] [07/31/2026 07:06:45] LUMBERJACKS_SESSION state=ownership_frame_queued run_id=native-20260731-c8-full28 client=i5 action=none detail=sequence=2749_connection_id=122c07eb24644bdb89dbebca949a708a_type=valheim_ownership_lease_request_queue_depth=1
[Info   :ComfyNetworkSense] [07/31/2026 07:06:45] LUMBERJACKS_SESSION state=ownership_frame_sent run_id=native-20260731-c8-full28 client=i5 action=none detail=sequence=2749_connection_id=122c07eb24644bdb89dbebca949a708a_type=valheim_ownership_lease_request
[Info   :ComfyNetworkSense] [07/31/2026 07:06:46] LUMBERJACKS_SESSION state=ownership_frame_queued run_id=native-20260731-c8-full28 client=i5 action=none detail=sequence=2752_connection_id=122c07eb24644bdb89dbebca949a708a_type=valheim_ownership_lease_request_queue_depth=1
[Info   :ComfyNetworkSense] [07/31/2026 07:06:46] LUMBERJACKS_SESSION state=ownership_frame_sent run_id=native-20260731-c8-full28 client=i5 action=none detail=sequence=2752_connection_id=122c07eb24644bdb89dbebca949a708a_type=valheim_ownership_lease_request
[Info   :ComfyNetworkSense] [07/31/2026 07:06:46] LUMBERJACKS_SESSION state=ownership_frame_queued run_id=native-20260731-c8-full28 client=i5 action=none detail=sequence=2754_connection_id=122c07eb24644bdb89dbebca949a708a_type=valheim_ownership_lease_request_queue_depth=1
[Info   :ComfyNetworkSense] [07/31/2026 07:06:46] LUMBERJACKS_SESSION state=ownership_frame_sent run_id=native-20260731-c8-full28 client=i5 action=none detail=sequence=2754_connection_id=122c07eb24644bdb89dbebca949a708a_type=valheim_ownership_lease_request
[Info   :ComfyNetworkSense] [07/31/2026 07:06:47] LUMBERJACKS_SESSION state=ownership_frame_queued run_id=native-20260731-c8-full28 client=i5 action=none detail=sequence=2756_connection_id=122c07eb24644bdb89dbebca949a708a_type=valheim_ownership_lease_request_queue_depth=1
[Info   :ComfyNetworkSense] [07/31/2026 07:06:47] LUMBERJACKS_SESSION state=ownership_frame_sent run_id=native-20260731-c8-full28 client=i5 action=none detail=sequence=2756_connection_id=122c07eb24644bdb89dbebca949a708a_type=valheim_ownership_lease_request
[Warning:ComfyNetworkSense] [07/31/2026 07:06:47] Authoritative consumer poll failed: TimeoutException: connect timeout to 8.231.129.249:42317
[Info   :ComfyNetworkSense] [07/31/2026 07:06:48] LUMBERJACKS_SESSION state=ownership_frame_queued run_id=native-20260731-c8-full28 client=i5 action=none detail=sequence=2759_connection_id=122c07eb24644bdb89dbebca949a708a_type=valheim_ownership_lease_request_queue_depth=2
[Info   :ComfyNetworkSense] [07/31/2026 07:06:48] LUMBERJACKS_SESSION state=ownership_frame_sent run_id=native-20260731-c8-full28 client=i5 action=none detail=sequence=2759_connection_id=122c07eb24644bdb89dbebca949a708a_type=valheim_ownership_lease_request
[Info   :ComfyNetworkSense] [07/31/2026 07:06:48] LUMBERJACKS_SESSION state=ownership_frame_queued run_id=native-20260731-c8-full28 client=i5 action=none detail=sequence=2761_connection_id=122c07eb24644bdb89dbebca949a708a_type=valheim_ownership_lease_request_queue_depth=1
[Info   :ComfyNetworkSense] [07/31/2026 07:06:48] LUMBERJACKS_SESSION state=ownership_frame_sent run_id=native-20260731-c8-full28 client=i5 action=none detail=sequence=2761_connection_id=122c07eb24644bdb89dbebca949a708a_type=valheim_ownership_lease_request
[Info   :ComfyNetworkSense] [07/31/2026 07:06:49] LUMBERJACKS_SESSION state=ownership_frame_queued run_id=native-20260731-c8-full28 client=i5 action=none detail=sequence=2763_connection_id=122c07eb24644bdb89dbebca949a708a_type=valheim_ownership_lease_request_queue_depth=1
[Info   :ComfyNetworkSense] [07/31/2026 07:06:49] LUMBERJACKS_SESSION state=ownership_frame_sent run_id=native-20260731-c8-full28 client=i5 action=none detail=sequence=2763_connection_id=122c07eb24644bdb89dbebca949a708a_type=valheim_ownership_lease_request
[Info   :ComfyNetworkSense] [07/31/2026 07:06:49] LUMBERJACKS_SESSION state=ownership_frame_queued run_id=native-20260731-c8-full28 client=i5 action=none detail=sequence=2765_connection_id=122c07eb24644bdb89dbebca949a708a_type=valheim_ownership_lease_request_queue_depth=1
[Info   :ComfyNetworkSense] [07/31/2026 07:06:49] LUMBERJACKS_SESSION state=ownership_frame_sent run_id=native-20260731-c8-full28 client=i5 action=none detail=sequence=2765_connection_id=122c07eb24644bdb89dbebca949a708a_type=valheim_ownership_lease_request
[Info   :ComfyNetworkSense] [07/31/2026 07:06:50] LUMBERJACKS_SESSION state=ownership_frame_queued run_id=native-20260731-c8-full28 client=i5 action=none detail=sequence=2768_connection_id=122c07eb24644bdb89dbebca949a708a_type=valheim_ownership_lease_request_queue_depth=1
[Info   :ComfyNetworkSense] [07/31/2026 07:06:50] LUMBERJACKS_SESSION state=ownership_frame_sent run_id=native-20260731-c8-full28 client=i5 action=none detail=sequence=2768_connection_id=122c07eb24644bdb89dbebca949a708a_type=valheim_ownership_lease_request
[Info   :ComfyNetworkSense] [07/31/2026 07:06:50] LUMBERJACKS_SESSION state=ownership_frame_queued run_id=native-20260731-c8-full28 client=i5 action=none detail=sequence=2770_connection_id=122c07eb24644bdb89dbebca949a708a_type=valheim_ownership_lease_request_queue_depth=1
[Info   :ComfyNetworkSense] [07/31/2026 07:06:50] LUMBERJACKS_SESSION state=ownership_frame_sent run_id=native-20260731-c8-full28 client=i5 action=none detail=sequence=2770_connection_id=122c07eb24644bdb89dbebca949a708a_type=valheim_ownership_lease_request
[Info   :ComfyNetworkSense] [07/31/2026 07:06:51] LUMBERJACKS_SESSION state=ownership_frame_queued run_id=native-20260731-c8-full28 client=i5 action=none detail=sequence=2772_connection_id=122c07eb24644bdb89dbebca949a708a_type=valheim_ownership_lease_request_queue_depth=1
[Info   :ComfyNetworkSense] [07/31/2026 07:06:51] LUMBERJACKS_SESSION state=ownership_frame_sent run_id=native-20260731-c8-full28 client=i5 action=none detail=sequence=2772_connection_id=122c07eb24644bdb89dbebca949a708a_type=valheim_ownership_lease_request
[Info   :ComfyNetworkSense] [07/31/2026 07:06:51] LUMBERJACKS_SESSION state=ownership_frame_queued run_id=native-20260731-c8-full28 client=i5 action=none detail=sequence=2774_connection_id=122c07eb24644bdb89dbebca949a708a_type=valheim_ownership_lease_request_queue_depth=1
[Info   :ComfyNetworkSense] [07/31/2026 07:06:51] LUMBERJACKS_SESSION state=ownership_frame_sent run_id=native-20260731-c8-full28 client=i5 action=none detail=sequence=2774_connection_id=122c07eb24644bdb89dbebca949a708a_type=valheim_ownership_lease_request
[Info   :ComfyNetworkSense] [07/31/2026 07:06:52] LUMBERJACKS_SESSION state=ownership_frame_queued run_id=native-20260731-c8-full28 client=i5 action=none detail=sequence=2777_connection_id=122c07eb24644bdb89dbebca949a708a_type=valheim_ownership_lease_request_queue_depth=1
[Info   :ComfyNetworkSense] [07/31/2026 07:06:52] LUMBERJACKS_SESSION state=ownership_frame_sent run_id=native-20260731-c8-full28 client=i5 action=none detail=sequence=2777_connection_id=122c07eb24644bdb89dbebca949a708a_type=valheim_ownership_lease_request
[Info   :ComfyNetworkSense] [07/31/2026 07:06:53] LUMBERJACKS_SESSION state=ownership_frame_queued run_id=native-20260731-c8-full28 client=i5 action=none detail=sequence=2779_connection_id=122c07eb24644bdb89dbebca949a708a_type=valheim_ownership_lease_request_queue_depth=1
[Info   :ComfyNetworkSense] [07/31/2026 07:06:53] LUMBERJACKS_SESSION state=ownership_frame_sent run_id=native-20260731-c8-full28 client=i5 action=none detail=sequence=2779_connection_id=122c07eb24644bdb89dbebca949a708a_type=valheim_ownership_lease_request
[Info   :ComfyNetworkSense] [07/31/2026 07:06:53] LUMBERJACKS_SESSION state=ownership_frame_queued run_id=native-20260731-c8-full28 client=i5 action=none detail=sequence=2781_connection_id=122c07eb24644bdb89dbebca949a708a_type=valheim_ownership_lease_request_queue_depth=1
[Info   :ComfyNetworkSense] [07/31/2026 07:06:53] LUMBERJACKS_SESSION state=ownership_frame_sent run_id=native-20260731-c8-full28 client=i5 action=none detail=sequence=2781_connection_id=122c07eb24644bdb89dbebca949a708a_type=valheim_ownership_lease_request
[Info   :ComfyNetworkSense] [07/31/2026 07:06:54] LUMBERJACKS_SESSION state=ownership_frame_queued run_id=native-20260731-c8-full28 client=i5 action=none detail=sequence=2784_connection_id=122c07eb24644bdb89dbebca949a708a_type=valheim_ownership_lease_request_queue_depth=1
[Info   :ComfyNetworkSense] [07/31/2026 07:06:54] LUMBERJACKS_SESSION state=ownership_frame_sent run_id=native-20260731-c8-full28 client=i5 action=none detail=sequence=2784_connection_id=122c07eb24644bdb89dbebca949a708a_type=valheim_ownership_lease_request
[Info   :ComfyNetworkSense] [07/31/2026 07:06:54] LUMBERJACKS_SESSION state=ownership_frame_queued run_id=native-20260731-c8-full28 client=i5 action=none detail=sequence=2786_connection_id=122c07eb24644bdb89dbebca949a708a_type=valheim_ownership_lease_request_queue_depth=1
[Info   :ComfyNetworkSense] [07/31/2026 07:06:54] LUMBERJACKS_SESSION state=ownership_frame_sent run_id=native-20260731-c8-full28 client=i5 action=none detail=sequence=2786_connection_id=122c07eb24644bdb89dbebca949a708a_type=valheim_ownership_lease_request
[Info   :ComfyNetworkSense] [07/31/2026 07:06:55] LUMBERJACKS_SESSION state=ownership_frame_queued run_id=native-20260731-c8-full28 client=i5 action=none detail=sequence=2788_connection_id=122c07eb24644bdb89dbebca949a708a_type=valheim_ownership_lease_request_queue_depth=1
[Info   :ComfyNetworkSense] [07/31/2026 07:06:55] LUMBERJACKS_SESSION state=ownership_frame_sent run_id=native-20260731-c8-full28 client=i5 action=none detail=sequence=2788_connection_id=122c07eb24644bdb89dbebca949a708a_type=valheim_ownership_lease_request
[Info   :ComfyNetworkSense] [07/31/2026 07:06:55] LUMBERJACKS_SESSION state=ownership_frame_queued run_id=native-20260731-c8-full28 client=i5 action=none detail=sequence=2790_connection_id=122c07eb24644bdb89dbebca949a708a_type=valheim_ownership_lease_request_queue_depth=1
[Info   :ComfyNetworkSense] [07/31/2026 07:06:55] LUMBERJACKS_SESSION state=ownership_frame_sent run_id=native-20260731-c8-full28 client=i5 action=none detail=sequence=2790_connection_id=122c07eb24644bdb89dbebca949a708a_type=valheim_ownership_lease_request
[Info   :ComfyNetworkSense] [07/31/2026 07:06:56] LUMBERJACKS_SESSION state=ownership_frame_queued run_id=native-20260731-c8-full28 client=i5 action=none detail=sequence=2793_connection_id=122c07eb24644bdb89dbebca949a708a_type=valheim_ownership_lease_request_queue_depth=1
[Info   :ComfyNetworkSense] [07/31/2026 07:06:56] LUMBERJACKS_SESSION state=ownership_frame_sent run_id=native-20260731-c8-full28 client=i5 action=none detail=sequence=2793_connection_id=122c07eb24644bdb89dbebca949a708a_type=valheim_ownership_lease_request
[Info   :ComfyNetworkSense] [07/31/2026 07:06:56] LUMBERJACKS_SESSION state=ownership_frame_queued run_id=native-20260731-c8-full28 client=i5 action=none detail=sequence=2795_connection_id=122c07eb24644bdb89dbebca949a708a_type=valheim_ownership_lease_request_queue_depth=1
[Info   :ComfyNetworkSense] [07/31/2026 07:06:56] LUMBERJACKS_SESSION state=ownership_frame_sent run_id=native-20260731-c8-full28 client=i5 action=none detail=sequence=2795_connection_id=122c07eb24644bdb89dbebca949a708a_type=valheim_ownership_lease_request
[Info   :ComfyNetworkSense] [07/31/2026 07:06:57] LUMBERJACKS_SESSION state=ownership_frame_queued run_id=native-20260731-c8-full28 client=i5 action=none detail=sequence=2797_connection_id=122c07eb24644bdb89dbebca949a708a_type=valheim_ownership_lease_request_queue_depth=1
[Info   :ComfyNetworkSense] [07/31/2026 07:06:57] LUMBERJACKS_SESSION state=ownership_frame_sent run_id=native-20260731-c8-full28 client=i5 action=none detail=sequence=2797_connection_id=122c07eb24644bdb89dbebca949a708a_type=valheim_ownership_lease_request
[Warning:ComfyNetworkSense] [07/31/2026 07:06:57] Authoritative consumer poll failed: TimeoutException: connect timeout to 8.231.129.249:42317
[Info   :ComfyNetworkSense] [07/31/2026 07:06:57] LUMBERJACKS_SESSION state=ownership_frame_queued run_id=native-20260731-c8-full28 client=i5 action=none detail=sequence=2799_connection_id=122c07eb24644bdb89dbebca949a708a_type=valheim_ownership_lease_request_queue_depth=1
[Info   :ComfyNetworkSense] [07/31/2026 07:06:57] LUMBERJACKS_SESSION state=ownership_frame_sent run_id=native-20260731-c8-full28 client=i5 action=none detail=sequence=2799_connection_id=122c07eb24644bdb89dbebca949a708a_type=valheim_ownership_lease_request
[Info   :ComfyNetworkSense] [07/31/2026 07:06:58] LUMBERJACKS_SESSION state=ownership_frame_queued run_id=native-20260731-c8-full28 client=i5 action=none detail=sequence=2802_connection_id=122c07eb24644bdb89dbebca949a708a_type=valheim_ownership_lease_request_queue_depth=1
[Info   :ComfyNetworkSense] [07/31/2026 07:06:58] LUMBERJACKS_SESSION state=ownership_frame_sent run_id=native-20260731-c8-full28 client=i5 action=none detail=sequence=2802_connection_id=122c07eb24644bdb89dbebca949a708a_type=valheim_ownership_lease_request
[Info   :ComfyNetworkSense] [07/31/2026 07:06:59] LUMBERJACKS_SESSION state=ownership_frame_queued run_id=native-20260731-c8-full28 client=i5 action=none detail=sequence=2804_connection_id=122c07eb24644bdb89dbebca949a708a_type=valheim_ownership_lease_request_queue_depth=1
[Info   :ComfyNetworkSense] [07/31/2026 07:06:59] LUMBERJACKS_SESSION state=ownership_frame_sent run_id=native-20260731-c8-full28 client=i5 action=none detail=sequence=2804_connection_id=122c07eb24644bdb89dbebca949a708a_type=valheim_ownership_lease_request
[Info   :ComfyNetworkSense] [07/31/2026 07:06:59] LUMBERJACKS_SESSION state=ownership_frame_queued run_id=native-20260731-c8-full28 client=i5 action=none detail=sequence=2806_connection_id=122c07eb24644bdb89dbebca949a708a_type=valheim_ownership_lease_request_queue_depth=1
[Info   :ComfyNetworkSense] [07/31/2026 07:06:59] LUMBERJACKS_SESSION state=ownership_frame_sent run_id=native-20260731-c8-full28 client=i5 action=none detail=sequence=2806_connection_id=122c07eb24644bdb89dbebca949a708a_type=valheim_ownership_lease_request
[Info   :ComfyNetworkSense] [07/31/2026 07:07:00] LUMBERJACKS_SESSION state=ownership_frame_queued run_id=native-20260731-c8-full28 client=i5 action=none detail=sequence=2809_connection_id=122c07eb24644bdb89dbebca949a708a_type=valheim_ownership_lease_request_queue_depth=1
[Info   :ComfyNetworkSense] [07/31/2026 07:07:00] LUMBERJACKS_SESSION state=ownership_frame_sent run_id=native-20260731-c8-full28 client=i5 action=none detail=sequence=2809_connection_id=122c07eb24644bdb89dbebca949a708a_type=valheim_ownership_lease_request
[Info   :ComfyNetworkSense] [07/31/2026 07:07:00] LUMBERJACKS_SESSION state=ownership_frame_queued run_id=native-20260731-c8-full28 client=i5 action=none detail=sequence=2811_connection_id=122c07eb24644bdb89dbebca949a708a_type=valheim_ownership_lease_request_queue_depth=1
[Info   :ComfyNetworkSense] [07/31/2026 07:07:00] LUMBERJACKS_SESSION state=ownership_frame_sent run_id=native-20260731-c8-full28 client=i5 action=none detail=sequence=2811_connection_id=122c07eb24644bdb89dbebca949a708a_type=valheim_ownership_lease_request
[Info   :ComfyNetworkSense] [07/31/2026 07:07:01] LUMBERJACKS_SESSION state=ownership_frame_queued run_id=native-20260731-c8-full28 client=i5 action=none detail=sequence=2813_connection_id=122c07eb24644bdb89dbebca949a708a_type=valheim_ownership_lease_request_queue_depth=1
[Info   :ComfyNetworkSense] [07/31/2026 07:07:01] LUMBERJACKS_SESSION state=ownership_frame_sent run_id=native-20260731-c8-full28 client=i5 action=none detail=sequence=2813_connection_id=122c07eb24644bdb89dbebca949a708a_type=valheim_ownership_lease_request
[Info   :ComfyNetworkSense] [07/31/2026 07:07:01] LUMBERJACKS_SESSION state=ownership_frame_queued run_id=native-20260731-c8-full28 client=i5 action=none detail=sequence=2815_connection_id=122c07eb24644bdb89dbebca949a708a_type=valheim_ownership_lease_request_queue_depth=1
[Info   :ComfyNetworkSense] [07/31/2026 07:07:01] LUMBERJACKS_SESSION state=ownership_frame_sent run_id=native-20260731-c8-full28 client=i5 action=none detail=sequence=2815_connection_id=122c07eb24644bdb89dbebca949a708a_type=valheim_ownership_lease_request
[Info   :ComfyNetworkSense] [07/31/2026 07:07:02] LUMBERJACKS_SESSION state=ownership_frame_queued run_id=native-20260731-c8-full28 client=i5 action=none detail=sequence=2818_connection_id=122c07eb24644bdb89dbebca949a708a_type=valheim_ownership_lease_request_queue_depth=1
[Info   :ComfyNetworkSense] [07/31/2026 07:07:02] LUMBERJACKS_SESSION state=ownership_frame_sent run_id=native-20260731-c8-full28 client=i5 action=none detail=sequence=2818_connection_id=122c07eb24644bdb89dbebca949a708a_type=valheim_ownership_lease_request
[Info   :ComfyNetworkSense] [07/31/2026 07:07:03] LUMBERJACKS_SESSION state=ownership_frame_queued run_id=native-20260731-c8-full28 client=i5 action=none detail=sequence=2820_connection_id=122c07eb24644bdb89dbebca949a708a_type=valheim_ownership_lease_request_queue_depth=1
[Info   :ComfyNetworkSense] [07/31/2026 07:07:03] LUMBERJACKS_SESSION state=ownership_frame_sent run_id=native-20260731-c8-full28 client=i5 action=none detail=sequence=2820_connection_id=122c07eb24644bdb89dbebca949a708a_type=valheim_ownership_lease_request
[Info   :ComfyNetworkSense] [07/31/2026 07:07:03] LUMBERJACKS_SESSION state=ownership_frame_queued run_id=native-20260731-c8-full28 client=i5 action=none detail=sequence=2822_connection_id=122c07eb24644bdb89dbebca949a708a_type=valheim_ownership_lease_request_queue_depth=1
[Info   :ComfyNetworkSense] [07/31/2026 07:07:03] LUMBERJACKS_SESSION state=ownership_frame_sent run_id=native-20260731-c8-full28 client=i5 action=none detail=sequence=2822_connection_id=122c07eb24644bdb89dbebca949a708a_type=valheim_ownership_lease_request
[Info   :ComfyNetworkSense] [07/31/2026 07:07:04] LUMBERJACKS_SESSION state=ownership_frame_queued run_id=native-20260731-c8-full28 client=i5 action=none detail=sequence=2825_connection_id=122c07eb24644bdb89dbebca949a708a_type=valheim_ownership_lease_request_queue_depth=1
[Info   :ComfyNetworkSense] [07/31/2026 07:07:04] LUMBERJACKS_SESSION state=ownership_frame_sent run_id=native-20260731-c8-full28 client=i5 action=none detail=sequence=2825_connection_id=122c07eb24644bdb89dbebca949a708a_type=valheim_ownership_lease_request
[Info   :ComfyNetworkSense] [07/31/2026 07:07:04] LUMBERJACKS_SESSION state=ownership_frame_queued run_id=native-20260731-c8-full28 client=i5 action=none detail=sequence=2827_connection_id=122c07eb24644bdb89dbebca949a708a_type=valheim_ownership_lease_request_queue_depth=1
[Info   :ComfyNetworkSense] [07/31/2026 07:07:04] LUMBERJACKS_SESSION state=ownership_frame_sent run_id=native-20260731-c8-full28 client=i5 action=none detail=sequence=2827_connection_id=122c07eb24644bdb89dbebca949a708a_type=valheim_ownership_lease_request
[Info   :ComfyNetworkSense] [07/31/2026 07:07:05] LUMBERJACKS_SESSION state=ownership_frame_queued run_id=native-20260731-c8-full28 client=i5 action=none detail=sequence=2829_connection_id=122c07eb24644bdb89dbebca949a708a_type=valheim_ownership_lease_request_queue_depth=1
[Info   :ComfyNetworkSense] [07/31/2026 07:07:05] LUMBERJACKS_SESSION state=ownership_frame_sent run_id=native-20260731-c8-full28 client=i5 action=none detail=sequence=2829_connection_id=122c07eb24644bdb89dbebca949a708a_type=valheim_ownership_lease_request
[Info   :ComfyNetworkSense] [07/31/2026 07:07:05] LUMBERJACKS_SESSION state=ownership_frame_queued run_id=native-20260731-c8-full28 client=i5 action=none detail=sequence=2831_connection_id=122c07eb24644bdb89dbebca949a708a_type=valheim_ownership_lease_request_queue_depth=1
[Info   :ComfyNetworkSense] [07/31/2026 07:07:05] LUMBERJACKS_SESSION state=ownership_frame_sent run_id=native-20260731-c8-full28 client=i5 action=none detail=sequence=2831_connection_id=122c07eb24644bdb89dbebca949a708a_type=valheim_ownership_lease_request
[Info   :ComfyNetworkSense] [07/31/2026 07:07:06] LUMBERJACKS_SESSION state=ownership_frame_queued run_id=native-20260731-c8-full28 client=i5 action=none detail=sequence=2834_connection_id=122c07eb24644bdb89dbebca949a708a_type=valheim_ownership_lease_request_queue_depth=1
[Info   :ComfyNetworkSense] [07/31/2026 07:07:06] LUMBERJACKS_SESSION state=ownership_frame_sent run_id=native-20260731-c8-full28 client=i5 action=none detail=sequence=2834_connection_id=122c07eb24644bdb89dbebca949a708a_type=valheim_ownership_lease_request
[Info   :ComfyNetworkSense] [07/31/2026 07:07:06] LUMBERJACKS_SESSION state=ownership_frame_queued run_id=native-20260731-c8-full28 client=i5 action=none detail=sequence=2836_connection_id=122c07eb24644bdb89dbebca949a708a_type=valheim_ownership_lease_request_queue_depth=1
[Info   :ComfyNetworkSense] [07/31/2026 07:07:06] LUMBERJACKS_SESSION state=ownership_frame_sent run_id=native-20260731-c8-full28 client=i5 action=none detail=sequence=2836_connection_id=122c07eb24644bdb89dbebca949a708a_type=valheim_ownership_lease_request
[Info   :ComfyNetworkSense] [07/31/2026 07:07:07] LUMBERJACKS_SESSION state=ownership_frame_queued run_id=native-20260731-c8-full28 client=i5 action=none detail=sequence=2838_connection_id=122c07eb24644bdb89dbebca949a708a_type=valheim_ownership_lease_request_queue_depth=1
[Info   :ComfyNetworkSense] [07/31/2026 07:07:07] LUMBERJACKS_SESSION state=ownership_frame_sent run_id=native-20260731-c8-full28 client=i5 action=none detail=sequence=2838_connection_id=122c07eb24644bdb89dbebca949a708a_type=valheim_ownership_lease_request
[Warning:ComfyNetworkSense] [07/31/2026 07:07:07] Authoritative consumer poll failed: TimeoutException: connect timeout to 8.231.129.249:42317
[Info   :ComfyNetworkSense] [07/31/2026 07:07:10] CUTOVER_SCENARIO state=failed run_id=native-20260731-c8-full28 client=i5 action=c8-ownership-contended detail=ownership_probe_deadline_state=await_contention_reject
[Info   :ComfyNetworkSense] [07/31/2026 07:07:12] LOGICAL_PEER_CUTOVER state=disconnect_queued run_id=native-20260731-c8-full28 detail=target_logical_peer_id=lp_c9b96e29024c30948164b6025b7d6b67ef3e40eb243b767a108cf27e4657b0da
